series_id,station_id,station,river,var_id,network,lat,lon,cat_start,cat_end
1,1,Ruta Provincial nº 39,GUALEGUAYCHU,2,alturas_bdhi,-32.4451666666667,-58.5548888888889,2001-05-01T09:00:00,2026-04-30T20:00:00
29862,5,Paso Medina,FELICIANO,39,alturas_bdhi,-30.9236944444444,-59.5512222222222,2001-05-01T00:00:00,2026-04-30T00:00:00
8,8,Andresito,IGUAZU,2,alturas_prefe,-25.5833333333333,-53.9833333333333,1984-01-01T06:00:00,2026-08-30T00:00:00
26605,8,Andresito,IGUAZU,40,alturas_prefe,-25.5833333333333,-53.9833333333333,2006-01-01T00:00:00,2026-08-29T00:00:00
26251,9,Puerto Iguazú,PARANAMED,39,alturas_prefe,-25.5833333333333,-54.5666666666667,1976-01-01T00:00:00,2026-08-29T00:00:00
26606,9,Puerto Iguazú,PARANAMED,40,alturas_prefe,-25.5833333333333,-54.5666666666667,1994-01-01T00:00:00,2020-10-06T00:00:00
10,10,Libertad,PARANAMED,2,alturas_prefe,-25.916679,-54.621134,1931-01-01T07:00:00,2026-08-30T00:00:00
859,10,Libertad,PARANAMED,4,alturas_prefe,-25.916679,-54.621134,2015-07-21T04:00:00,2022-02-14T12:00:00
26607,10,Libertad,PARANAMED,40,alturas_prefe,-25.916679,-54.621134,2015-07-21T00:00:00,2022-02-14T00:00:00
11,11,El Dorado,PARANAMED,2,alturas_prefe,-26.3833333333333,-54.7,1931-03-01T07:00:00,2026-08-30T00:00:00
12,12,Libertador,PARANAMED,2,alturas_prefe,-26.8,-55.0333333333333,1956-03-01T07:00:00,2026-08-30T00:00:00
14,14,Posadas,PARANAMED,2,alturas_prefe,-27.3666666666667,-55.8833333333333,1901-01-02T07:00:00,2026-08-30T00:00:00
863,14,Posadas,PARANAMED,4,alturas_prefe,-27.3666666666667,-55.8833333333333,1901-01-02T07:00:00,2017-09-08T00:00:00
15,15,Ituzaingó,PARANAMED,2,alturas_prefe,-27.5833333333333,-56.7,1910-03-16T07:00:00,2026-08-30T00:00:00
26258,16,Itá Ibaté,PARANAMED,39,alturas_prefe,-27.42336098,-57.33326783,1912-01-01T00:00:00,2026-08-29T00:00:00
26259,17,Itatí,PARANAMED,39,alturas_prefe,-27.26677773,-58.24407387,1912-01-01T00:00:00,2026-08-29T00:00:00
26260,18,Paso de la Patria,PARANAMED,39,alturas_prefe,-27.3333333333333,-58.5833333333333,1970-01-01T00:00:00,2026-08-29T00:00:00
19,19,Corrientes,PARANAMED,2,alturas_prefe,-27.46364349,-58.8388696,1901-01-02T07:00:00,2026-08-30T00:00:00
26261,19,Corrientes,PARANAMED,39,alturas_prefe,-27.46364349,-58.8388696,1901-01-01T00:00:00,2026-08-29T00:00:00
20,20,Barranqueras,BARRANQUERAS,2,alturas_prefe,-27.4833333333333,-58.9333333333333,1906-03-02T07:00:00,2026-08-30T00:00:00
869,20,Barranqueras,BARRANQUERAS,4,alturas_prefe,-27.4833333333333,-58.9333333333333,1985-01-01T06:00:00,2026-07-10T00:00:00
26262,20,Barranqueras,BARRANQUERAS,39,alturas_prefe,-27.4833333333333,-58.9333333333333,1970-01-01T00:00:00,2026-08-29T00:00:00
26617,20,Barranqueras,BARRANQUERAS,40,alturas_prefe,-27.4833333333333,-58.9333333333333,1985-01-01T00:00:00,2026-07-10T00:00:00
21,21,Empedrado,PARANAINF,2,alturas_prefe,-27.95412346,-58.81852419,1912-01-02T07:00:00,2026-08-30T00:00:00
26263,21,Empedrado,PARANAINF,39,alturas_prefe,-27.95412346,-58.81852419,1912-01-01T00:00:00,2026-08-29T00:00:00
26264,22,Bella Vista,PARANAINF,39,alturas_prefe,-28.51840072,-59.05931723,1970-01-01T00:00:00,2026-08-29T00:00:00
26266,24,Reconquista,SANJAVIER,39,alturas_prefe,-29.23756092,-59.58115833,1970-01-01T00:00:00,2026-08-29T00:00:00
25,25,Esquina,PARANAINF,2,alturas_prefe,-30.01924089,-59.53663483,1903-09-04T07:00:00,2026-08-30T00:00:00
26267,25,Esquina,PARANAINF,39,alturas_prefe,-30.01924089,-59.53663483,1970-01-01T00:00:00,2026-08-29T00:00:00
26268,26,La Paz,PARANAINF,39,alturas_prefe,-30.73419972,-59.6381167,1903-05-15T00:00:00,2026-08-29T00:00:00
28,28,Hernandarias,PARANAINF,2,alturas_prefe,-31.22650904,-59.99193936,1912-01-02T07:00:00,2026-08-30T00:00:00
26270,28,Hernandarias,PARANAINF,39,alturas_prefe,-31.22650904,-59.99193936,1970-01-01T00:00:00,2026-08-29T00:00:00
31,31,Diamante,PARANAINF,2,alturas_prefe,-32.0715615377843,-60.6432219715378,1902-04-25T07:00:00,2026-08-30T00:00:00
26273,31,Diamante,PARANAINF,39,alturas_prefe,-32.0715615377843,-60.6432219715378,1902-04-24T00:00:00,2026-08-29T00:00:00
32,32,Victoria,VICTORIA,2,alturas_prefe,-32.6558456373673,-60.2195849446607,1964-01-01T09:00:00,2026-08-30T00:00:00
33,33,San Lorenzo (San Martín),PARANAINF,2,alturas_prefe,-32.7336256031375,-60.7256705696322,1909-01-02T07:00:00,2026-08-30T00:00:00
26275,33,San Lorenzo (San Martín),PARANAINF,39,alturas_prefe,-32.7336256031375,-60.7256705696322,1970-01-01T00:00:00,2026-08-29T00:00:00
26631,34,Rosario,PARANAINF,40,alturas_prefe,-32.9432699442268,-60.6308206029857,2015-07-21T00:00:00,2026-08-29T00:00:00
35,35,Villa Constitución,PARANAINF,2,alturas_prefe,-33.2354221667103,-60.3091044341421,1974-01-01T07:00:00,2026-08-30T00:00:00
38,38,San Pedro,PARANAINF,2,alturas_prefe,-33.6745267329027,-59.6497183332918,1901-01-02T07:00:00,2026-08-30T00:00:00
887,38,San Pedro,PARANAINF,4,alturas_prefe,-33.6745267329027,-59.6497183332918,1901-01-02T07:00:00,2020-10-06T00:00:00
26281,39,Baradero,BARADERO,39,alturas_prefe,-33.8006916108445,-59.4955962110789,1976-01-01T00:00:00,2026-08-29T00:00:00
26282,40,Zárate,PARANADELASPALMAS,39,alturas_prefe,-34.0987818311696,-59.0108657589595,1978-01-01T00:00:00,2026-08-29T00:00:00
41,41,Campana,PARANADELASPALMAS,2,alturas_prefe,-34.1555854281116,-58.9581750062675,1977-10-24T07:00:00,2026-08-30T00:00:00
26287,45,Ibicuy,PARANAIBICUY,39,alturas_prefe,-33.7619777376355,-59.1800594404244,1983-01-01T00:00:00,2026-08-29T00:00:00
47,47,Martín García,RIODELAPLATA,2,alturas_prefe,-34.1902896924007,-58.2530455191105,2006-01-01T04:00:00,2026-08-30T00:00:00
48,48,Guazucito,PARANAGUAZU,2,alturas_prefe,-34.0166666667,-58.4,2006-01-01T04:00:00,2026-08-30T00:00:00
49,49,Tigre,LUJAN,2,alturas_prefe,-34.4159316389634,-58.5779747237367,2006-01-01T04:00:00,2026-08-30T00:00:00
26291,49,Tigre,LUJAN,39,alturas_prefe,-34.4159316389634,-58.5779747237367,2006-01-01T00:00:00,2026-08-29T00:00:00
51,51,Chaná Miní,CHANA,2,alturas_prefe,-34.2,-58.4833333333,2006-01-01T04:00:00,2026-08-30T00:00:00
52,52,San Fernando,LUJAN,2,alturas_prefe,-34.4333333333,-58.55,2006-01-01T04:00:00,2026-08-30T20:45:00
54,54,Olivos,RIODELAPLATA,2,alturas_prefe,-34.506666,-58.475863,1999-01-01T04:00:00,2026-08-30T00:00:00
26296,54,Olivos,RIODELAPLATA,39,alturas_prefe,-34.506666,-58.475863,1999-01-01T00:00:00,2026-08-29T00:00:00
26652,55,Puerto Pilcomayo,PARAGUAY,40,alturas_prefe,-25.3666666666667,-57.65,1970-01-01T00:00:00,2026-08-29T00:00:00
58,58,Bermejo,PARAGUAY,2,alturas_prefe,-26.92629,-58.506205,1957-02-16T07:00:00,2026-08-30T00:00:00
26300,58,Bermejo,PARAGUAY,39,alturas_prefe,-26.92629,-58.506205,1970-01-01T00:00:00,2026-08-29T00:00:00
60,60,Pepirí Miní,URUGUAY,2,alturas_prefe,-27.153744,-53.933149,1984-01-03T06:00:00,2026-08-30T00:00:00
26658,61,El Soberbio,URUGUAY,40,alturas_prefe,-27.3,-54.2,1980-04-25T00:00:00,2026-08-29T00:00:00
64,64,Panambí,URUGUAY,2,alturas_prefe,-27.730627,-54.91305,1984-01-03T06:00:00,2026-08-30T00:00:00
26306,64,Panambí,URUGUAY,39,alturas_prefe,-27.730627,-54.91305,1984-01-03T00:00:00,2026-08-29T00:00:00
914,65,San Javier,URUGUAY,4,alturas_prefe,-27.8833333333333,-55.1333333333333,1923-10-02T07:00:00,2026-08-30T00:00:00
26307,65,San Javier,URUGUAY,39,alturas_prefe,-27.8833333333333,-55.1333333333333,1970-01-01T00:00:00,2026-08-29T00:00:00
26662,65,San Javier,URUGUAY,40,alturas_prefe,-27.8833333333333,-55.1333333333333,1970-01-01T00:00:00,2026-08-29T00:00:00
66,66,Puerto Concepción,URUGUAY,2,alturas_prefe,-28.119193,-55.581369,2006-01-02T04:00:00,2026-08-30T00:00:00
26308,66,Puerto Concepción,URUGUAY,39,alturas_prefe,-28.119193,-55.581369,2006-01-02T00:00:00,2026-08-29T00:00:00
67,67,Garruchos,URUGUAY,2,alturas_prefe,-28.1833333333333,-55.65,1931-01-01T09:00:00,2026-08-30T00:00:00
26309,67,Garruchos,URUGUAY,39,alturas_prefe,-28.1833333333333,-55.65,1970-01-01T00:00:00,2026-08-29T00:00:00
26664,67,Garruchos,URUGUAY,40,alturas_prefe,-28.1833333333333,-55.65,1970-01-01T00:00:00,2026-08-29T00:00:00
68,68,Santo Tomé,URUGUAY,2,alturas_prefe,-28.55,-56.0333333333333,1907-12-02T07:00:00,2026-08-30T00:00:00
70,70,La Cruz,URUGUAY,2,alturas_prefe,-29.18062,-56.633977,2006-01-01T04:00:00,2026-08-30T00:00:00
71,71,Yapeyú,URUGUAY,2,alturas_prefe,-29.470031,-56.810674,2006-01-01T04:00:00,2026-08-30T00:00:00
921,72,Paso de los Libres,URUGUAY,4,alturas_prefe,-29.7166666666667,-57.0833333333333,1908-03-08T07:00:00,2026-08-30T00:00:00
73,73,Bompland,URUGUAY,2,alturas_prefe,-29.872652,-57.332887,2006-01-01T04:00:00,2026-08-30T00:00:00
74,74,Monte Caseros,URUGUAY,2,alturas_prefe,-30.25,-57.6333333333333,1905-03-14T07:00:00,2026-08-30T00:00:00
75,75,Mocoretá,URUGUAY,2,alturas_prefe,-30.715682,-57.81776,2006-01-01T04:00:00,2026-08-30T00:00:00
26318,76,Federación,URUGUAY,39,alturas_prefe,-30.993221,-57.914682,2006-01-01T00:00:00,2026-07-16T00:00:00
77,77,Salto Grande Arriba,URUGUAY,2,alturas_prefe,-31.27547,-57.936945,1995-05-01T06:00:00,2026-08-30T00:00:00
926,77,Salto Grande Arriba,URUGUAY,4,alturas_prefe,-31.27547,-57.936945,1995-05-01T06:00:00,2026-08-30T00:00:00
26674,77,Salto Grande Arriba,URUGUAY,40,alturas_prefe,-31.27547,-57.936945,1995-05-01T00:00:00,2026-08-29T00:00:00
78,78,Salto Grande Abajo,URUGUAY,2,alturas_prefe,-31.27547,-57.936945,2006-01-01T04:00:00,2026-08-30T00:00:00
26675,78,Salto Grande Abajo,URUGUAY,40,alturas_prefe,-31.27547,-57.936945,2006-01-01T00:00:00,2026-08-29T00:00:00
928,79,Concordia,URUGUAY,4,alturas_prefe,-31.4,-58.0166666666667,1931-01-01T07:00:00,2026-07-15T00:00:00
26321,79,Concordia,URUGUAY,39,alturas_prefe,-31.4,-58.0166666666667,1970-01-01T00:00:00,2026-08-29T00:00:00
26322,80,Colón,URUGUAY,39,alturas_prefe,-32.2333333333333,-58.1166666666667,1971-01-01T00:00:00,2026-08-29T00:00:00
26323,81,Concepción del Uruguay,URUGUAY,39,alturas_prefe,-32.4833333333333,-58.2333333333333,1971-01-01T00:00:00,2026-08-29T00:00:00
82,82,Campichuelo,URUGUAY,2,alturas_prefe,-32.70101,-58.1834,1996-03-06T06:00:00,2026-08-30T00:00:00
26325,83,Puerto Gualeguaychú,GUALEGUAYCHU,39,alturas_prefe,-33.0166666666667,-58.5,1976-01-01T00:00:00,2024-10-22T00:00:00
84,84,Boca Gualeguaychú,URUGUAY,2,alturas_prefe,-33.0666666666667,-58.4166666666667,1941-01-01T07:00:00,2026-08-30T00:00:00
26327,85,Buenos Aires,RIODELAPLATA,39,alturas_prefe,-34.56108,-58.399288,2006-01-01T00:00:00,2026-08-29T00:00:00
86,86,La Plata,RIODELAPLATA,2,alturas_prefe,-34.824196,-57.873546,2006-01-01T04:00:00,2026-08-30T00:00:00
26328,86,La Plata,RIODELAPLATA,39,alturas_prefe,-34.824196,-57.873546,2006-01-01T00:00:00,2026-08-29T00:00:00
26684,87,Yacyretá afluente,PARANAMED,40,alturas_prefe,-27.482557,-56.727244,2006-01-01T00:00:00,2026-08-29T00:00:00
937,88,Yacyretá efluente,PARANAMED,4,alturas_prefe,-27.482557,-56.727244,1994-07-24T06:00:00,2026-08-30T00:00:00
26685,88,Yacyretá efluente,PARANAMED,40,alturas_prefe,-27.482557,-56.727244,1994-07-24T00:00:00,2026-08-29T00:00:00
938,89,Aporte Salto Grande,URUGUAY,4,alturas_prefe,-31.273969,-57.938011,2020-08-06T00:00:00,2024-10-24T00:00:00
26687,90,Erogado Salto Grande,URUGUAY,40,alturas_prefe,-31.273969,-57.938011,2020-08-07T00:00:00,2020-08-31T00:00:00
942,93,Confluencia,PARANAMED,4,alturas_prefe,-25.592701,-54.593363,2006-01-01T04:00:00,2026-08-30T00:00:00
98,98,Virtuani,BRAZOLARGO,2,alturas_prefe,-33.7833333333,-58.6166666667,2009-10-19T04:00:00,2009-10-19T04:00:00
99,99,Gualeguaychú,URUGUAY,2,alturas_prefe,-33.0144444444444,-58.5041666666667,2006-01-01T04:00:00,2026-08-30T00:00:00
102,102,Ruta Nacional nº 130,GUALEGUAYCHU,2,alturas_bdhi,-32.1046111111111,-58.4904722222222,2001-05-01T16:00:00,2026-04-30T06:00:00
107,107,Santa Lucía,SANTALUCIA,2,alturas_bdhi,-28.9911111111111,-59.0982222222222,2001-05-01T10:00:00,2026-04-30T18:00:00
29868,107,Santa Lucía,SANTALUCIA,39,alturas_bdhi,-28.9911111111111,-59.0982222222222,2001-05-01T00:00:00,2026-04-30T00:00:00
108,108,San Roque,SANTALUCIA,2,alturas_bdhi,-28.5711388888889,-58.7214166666667,2009-01-01T18:00:00,2026-04-30T08:00:00
29869,108,San Roque,SANTALUCIA,39,alturas_bdhi,-28.5711388888889,-58.7214166666667,2009-01-01T00:00:00,2026-04-30T00:00:00
29870,109,Paso Lucero,CORRIENTE,39,alturas_bdhi,-28.9943611111111,-58.5593888888889,2001-05-01T00:00:00,2026-04-30T00:00:00
110,110,Segui,LASCONCHAS,2,alturas_bdhi,-31.95,-60.1263888888889,2019-08-07T09:00:00,2026-04-30T21:00:00
111,111,Límite con Entre Ríos – Ruta Provincial nº 28,GUAYQUIRARO,2,alturas_bdhi,-30.2166388888889,-58.7846388888889,2015-05-01T09:00:00,2025-11-30T12:00:00
29873,112,Nogoyá Ruta Provincial nº 11,NOGOYA,39,alturas_bdhi,-32.841975,-59.864625,2001-05-01T00:00:00,2026-04-30T00:00:00
29875,116,Ruta Nacional Nº 12,NOGOYA,39,alturas_bdhi,-32.3946388888889,-59.7638611111111,2009-03-16T00:00:00,2026-04-30T00:00:00
118,118,Pueblo Andino,CARCARAÑA,2,alturas_bdhi,-32.6733333333333,-60.8659444444444,2001-05-01T09:00:00,2026-04-30T23:00:00
119,119,Paso Juncué,GUAYQUIRARO,2,alturas_bdhi,-30.3616388888889,-59.2586944444444,2001-05-01T09:00:00,2012-05-20T04:00:00
29877,119,Paso Juncué,GUAYQUIRARO,39,alturas_bdhi,-30.3616388888889,-59.2586944444444,2001-05-01T00:00:00,2012-05-20T00:00:00
120,120,Paso Telégrafo,GUAYQUIRARO,2,alturas_bdhi,-30.34375,-59.5129722222222,2015-06-28T09:00:00,2016-07-30T12:00:00
121,121,Los Laureles,CORRIENTE,2,alturas_bdhi,-29.7571111111111,-59.2171666666667,2001-05-01T09:00:00,2026-03-31T12:00:00
29879,121,Los Laureles,CORRIENTE,39,alturas_bdhi,-29.7571111111111,-59.2171666666667,2001-05-01T00:00:00,2026-03-31T00:00:00
122,122,Ruta Nacional nº 168,COLASTINE,2,alturas_bdhi,-31.6611388888889,-60.6020555555556,2001-05-01T09:00:00,2026-04-30T23:00:00
123,123,Autopista,COLASTINE,2,alturas_bdhi,-32.0178611111111,-60.990275,2011-10-08T10:00:00,2017-12-30T10:00:00
124,124,Autopista,SALADILLO,2,alturas_bdhi,-33.0272222222222,-60.6635555555556,2016-01-01T00:00:00,2016-12-31T23:40:00
29884,126,Villa Ocampo (Ruta Prov. Nº 32),LOSAMORES,39,alturas_bdhi,-28.4912222222222,-59.3879444444444,2001-05-01T00:00:00,2026-04-30T00:00:00
127,127,Moussy,ELREY,2,alturas_bdhi,-28.9979166666667,-59.7526111111111,2001-05-01T09:00:00,2024-12-31T09:00:00
29885,127,Moussy,ELREY,39,alturas_bdhi,-28.9979166666667,-59.7526111111111,2001-05-01T00:00:00,2024-12-31T00:00:00
128,128,Fortín Olmos,GOLONDRINA,2,alturas_bdhi,-29.0655,-60.4971666666667,2001-05-01T09:00:00,2026-04-30T08:00:00
29886,128,Fortín Olmos,GOLONDRINA,39,alturas_bdhi,-29.0655,-60.4971666666667,2001-05-01T00:00:00,2026-04-30T00:00:00
130,130,Paso Ledesma,MIRIÑAY,2,alturas_bdhi,-29.8458,-57.6745111111111,2001-05-01T12:00:00,2026-04-30T12:00:00
29888,130,Paso Ledesma,MIRIÑAY,39,alturas_bdhi,-29.8458,-57.6745111111111,2001-05-01T00:00:00,2026-04-30T00:00:00
131,131,Puerto Maní,PARANAMED,2,alturas_prefe,-27.1063611111111,-55.5221666666667,2016-08-10T00:00:00,2024-10-24T02:00:00
26342,131,Puerto Maní,PARANAMED,39,alturas_prefe,-27.1063611111111,-55.5221666666667,2016-08-10T00:00:00,2024-10-22T00:00:00
133,133,La Emilia,DELMEDIO,2,alturas_bdhi,-33.3989194444444,-60.3346777777778,2001-05-01T09:00:00,2026-04-30T08:00:00
29889,133,La Emilia,DELMEDIO,39,alturas_bdhi,-33.3989194444444,-60.3346777777778,2001-05-01T00:00:00,2026-04-30T00:00:00
134,134,Ruta Nacional nº 12,SANLORENZO,2,alturas_bdhi,-28.1141666666667,-58.8086111111111,2009-05-01T06:00:00,2026-04-30T08:00:00
139,139,Ruta Provincial nº 18,SALADILLO,2,alturas_bdhi,-33.02925,-60.6820277777778,2001-05-01T14:00:00,2026-04-30T08:00:00
140,140,Cnel. Bogado,PAVON,2,alturas_bdhi,-33.3600611111111,-60.576775,2001-05-01T09:00:00,2026-04-30T08:00:00
29894,140,Cnel. Bogado,PAVON,39,alturas_bdhi,-33.3600611111111,-60.576775,2001-05-01T00:00:00,2026-04-30T00:00:00
147,147,Cachi,CALCHAQUI,2,alturas_bdhi,-25.123332,-66.156666,2009-02-01T09:00:00,2026-04-30T21:00:00
29897,147,Cachi,CALCHAQUI,39,alturas_bdhi,-25.123332,-66.156666,2009-02-01T00:00:00,2026-04-30T00:00:00
29898,148,Seminario Diocesano de Azul,AZUL,39,alturas_bdhi,-36.831082,-59.893888,2015-08-01T00:00:00,2026-04-30T00:00:00
170,170,Ruta Provincial Nº 044,Poncho Moro,2,alturas_bdhi,-43.6683333333333,-71.4061388888889,2001-05-01T09:00:00,2026-04-30T09:00:00
174,174,San Justo - Ruta Provincial nº 2,SALADOSANTAFE,2,alturas_bdhi,-30.744031,-60.624247,2017-01-05T00:00:00,2026-08-08T08:58:00
29902,174,San Justo - Ruta Provincial nº 2,SALADOSANTAFE,39,alturas_bdhi,-30.744031,-60.624247,2017-01-05T00:00:00,2026-08-05T00:00:00
29903,175,Emilia - Ruta Provincial nº 62,Salado Santafesino,39,alturas_bdhi,-31.042868,-60.841003,2015-10-24T00:00:00,2026-08-06T00:00:00
319,319,La Sirena,AGUAPEY,2,alturas_bdhi,-28.4166666666667,-56.5421666666667,2001-05-01T09:00:00,2019-05-30T12:00:00
29904,319,La Sirena,AGUAPEY,39,alturas_bdhi,-28.4166666666667,-56.5421666666667,2001-05-01T00:00:00,2019-05-30T00:00:00
29907,1091,Gral. Alvear,Arroyo Las Flores,39,alturas_bdhi,-35.987583333,-60.019236111,2015-04-01T00:00:00,2026-04-30T00:00:00
29908,1092,RN2,Canal 9,39,alturas_bdhi,-36.2803833333333,-57.6994916666667,2015-04-01T00:00:00,2026-04-30T00:00:00
26385,1257,Arroyo Borches,Arroyo Borches,39,ina_delta,-34.0752137139779,-58.4426647718186,2018-03-15T00:00:00,2025-09-23T00:00:00
29909,1678,Paso Duarte - RP 22,Gualeguay,39,alturas_bdhi,-31.1051388888889,-58.7711666666667,2015-05-01T00:00:00,2026-04-30T00:00:00
29911,1679,Santo Tomé,SALADOSANTAFE,39,alturas_bdhi,-31.667601,-60.752233,2018-02-05T00:00:00,2026-08-07T00:00:00
3045,1680,Cululú - RP50-s,SALADOSANTAFE,2,alturas_bdhi,-31.254531,-60.887765,2018-02-05T00:00:00,2026-08-08T08:59:00
29912,1680,Cululú - RP50-s,SALADOSANTAFE,39,alturas_bdhi,-31.254531,-60.887765,2018-02-05T00:00:00,2026-08-07T00:00:00
3280,1699,Nueva Palmira,Uruguay,2,alturas_varios,-33.878478,-58.422029,2026-05-24T00:30:00,2026-08-30T21:00:00
26390,1702,Braga,,39,estaciones_pvnymm,-34.3363990783691,-58.4844017028809,2017-01-01T00:00:00,2021-07-30T00:00:00
3311,1705,Brasileira,,2,estaciones_pvnymm,-35.1744003295898,-56.6105995178223,2017-01-01T00:00:00,2020-06-25T12:00:00
26393,1705,Brasileira,,39,estaciones_pvnymm,-35.1744003295898,-56.6105995178223,2017-01-01T00:00:00,2020-06-25T00:00:00
3312,1706,Oyarvide,,2,estaciones_pvnymm,-35.0999984741211,-57.13330078125,2012-02-12T18:45:00,2026-08-30T20:45:00
26394,1706,Oyarvide,,39,estaciones_pvnymm,-35.0999984741211,-57.13330078125,2012-02-12T00:00:00,2026-08-29T00:00:00
3313,1707,Magadalena,,2,estaciones_pvnymm,-34.9300003051758,-57.4617004394531,2017-01-01T00:00:00,2020-06-19T05:00:00
26396,1708,La Plata,,39,estaciones_pvnymm,-34.8339004516602,-57.8800010681152,2012-02-12T00:00:00,2026-08-29T00:00:00
3315,1709,Buenos Aires,,2,estaciones_pvnymm,-34.6305999755859,-58.3516998291016,2017-10-24T10:00:00,2021-07-30T08:40:00
26397,1709,Buenos Aires,,39,estaciones_pvnymm,-34.6305999755859,-58.3516998291016,2017-10-24T00:00:00,2021-07-30T00:00:00
3316,1710,Desembocadura,,2,estaciones_pvnymm,-33.997200012207,-58.4702987670898,2017-07-04T15:00:00,2020-07-20T08:30:00
3317,1711,Las Rosas,,2,estaciones_pvnymm,-34.1836013793945,-58.8894004821777,2017-06-28T00:00:00,2021-07-29T18:30:00
26399,1711,Las Rosas,,39,estaciones_pvnymm,-34.1836013793945,-58.8894004821777,2017-06-28T00:00:00,2021-07-29T00:00:00
3318,1712,Carabelitas,,2,estaciones_pvnymm,-33.9491996765137,-58.7689018249512,2017-07-04T00:00:00,2021-07-30T08:30:00
3319,1713,Zárate,,2,estaciones_pvnymm,-34.0918998718262,-59.0139007568359,2017-01-01T00:00:00,2021-07-29T21:30:00
26402,1714,Baradero,,39,estaciones_pvnymm,-33.9366989135742,-59.2578010559082,2017-02-09T00:00:00,2021-07-29T00:00:00
26403,1715,Brazo Largo,,39,estaciones_pvnymm,-33.8880996704102,-58.9166984558105,2017-07-03T00:00:00,2021-05-28T00:00:00
3322,1716,Ibicuy,,2,estaciones_pvnymm,-33.755298614502,-59.1786003112793,2017-01-01T00:00:00,2021-07-29T09:00:00
26404,1716,Ibicuy,,39,estaciones_pvnymm,-33.755298614502,-59.1786003112793,2017-01-01T00:00:00,2021-07-29T00:00:00
26405,1717,Bifurcación,,39,estaciones_pvnymm,-33.7224998474121,-59.2907981872559,2017-01-01T00:00:00,2021-07-29T00:00:00
3325,1719,Ramallo,,2,estaciones_pvnymm,-33.4766998291016,-59.997501373291,2017-09-27T00:00:00,2021-07-30T06:00:00
3326,1720,San Nicolas,,2,estaciones_pvnymm,-33.323600769043,-60.2181015014648,2017-01-01T00:00:00,2021-07-30T06:00:00
3327,1721,Villa Constitución,,2,estaciones_pvnymm,-33.2263984680176,-60.3213996887207,2000-01-01T00:00:00,2021-07-30T06:00:00
3328,1722,Rosario,,2,estaciones_pvnymm,-32.9730987548828,-60.6183013916016,2017-01-01T00:00:00,2021-07-30T06:00:00
3330,1724,Paraná,,2,estaciones_pvnymm,-31.7208003997803,-60.5155982971191,2017-01-01T00:00:00,2021-06-09T12:00:00
26412,1724,Paraná,,39,estaciones_pvnymm,-31.7208003997803,-60.5155982971191,2017-01-01T00:00:00,2021-06-09T00:00:00
26413,1725,Diamante,,39,estaciones_pvnymm,-32.0560989379883,-60.6439018249512,2017-01-01T00:00:00,2021-07-30T00:00:00
3333,1727,Hernandarias,,2,estaciones_pvnymm,-31.2299995422363,-59.9926986694336,2017-01-01T00:00:00,2020-07-15T12:00:00
26415,1727,Hernandarias,,39,estaciones_pvnymm,-31.2299995422363,-59.9926986694336,2017-01-01T00:00:00,2020-07-15T00:00:00
3334,1728,Santa Elena,,2,estaciones_pvnymm,-30.9685001373291,-59.8147010803223,2017-01-01T00:00:00,2021-07-30T06:00:00
26416,1728,Santa Elena,,39,estaciones_pvnymm,-30.9685001373291,-59.8147010803223,2017-01-01T00:00:00,2021-07-30T00:00:00
26417,1729,La Paz,,39,estaciones_pvnymm,-30.7325992584229,-59.6391983032227,2017-01-01T00:00:00,2021-07-30T00:00:00
3336,1730,Esquina,,2,estaciones_pvnymm,-30.0167007446289,-59.5368995666504,2017-01-01T00:00:00,2021-07-30T06:00:00
26418,1730,Esquina,,39,estaciones_pvnymm,-30.0167007446289,-59.5368995666504,2017-01-01T00:00:00,2021-07-30T00:00:00
3337,1731,Reconquista,,2,estaciones_pvnymm,-29.2353000640869,-59.5794982910156,2017-01-01T00:00:00,2021-07-30T06:00:00
3338,1732,Goya,,2,estaciones_pvnymm,-29.1431999206543,-59.2727012634277,2017-01-01T12:00:00,2021-07-30T06:00:00
3340,1734,Empedrado,,2,estaciones_pvnymm,-27.9589004516602,-58.8203010559082,2017-01-02T00:00:00,2021-07-30T00:00:00
3341,1735,Barranqueras,,2,estaciones_pvnymm,-27.4885005950928,-58.923900604248,2017-01-01T00:00:00,2020-03-11T06:00:00
26425,1737,Paso de la Patria,,39,estaciones_pvnymm,-27.3222999572754,-58.5824012756348,2017-01-02T00:00:00,2021-07-30T00:00:00
3344,1739,Atalaya,Río de la Plata,2,estaciones_shn,-35.015278,-57.536111,2018-05-02T19:45:00,2026-08-30T20:45:00
26427,1740,Pilote Norden,Río de la Plata,39,estaciones_shn,-34.62625,-57.927417,2012-02-12T00:00:00,2026-08-29T00:00:00
3346,1741,Santa Teresita,Mar Argentino,2,estaciones_shn,-36.541944,-56.686111,2018-11-10T07:45:00,2024-12-03T08:45:00
26428,1741,Santa Teresita,Mar Argentino,39,estaciones_shn,-36.541944,-56.686111,2018-11-10T00:00:00,2024-12-03T00:00:00
26429,1742,Mar del Plata,Mar Argentino,39,estaciones_shn,-38.035556,-57.531111,2012-02-12T00:00:00,2026-08-29T00:00:00
3348,1743,Arroyo Las Piedras - Rep. del Líbano,Cuenca Sarandí-Santo Domingo,2,ina_delta,-34.7383417,-58.3096056,2018-04-06T09:14:20,2026-08-30T21:15:00
26430,1743,Arroyo Las Piedras - Rep. del Líbano,Cuenca Sarandí-Santo Domingo,39,ina_delta,-34.7383417,-58.3096056,2018-04-06T00:00:00,2026-08-29T00:00:00
3349,1744,Arroyo San Francisco,Cuenca Sarandí-Santo Domingo,2,ina_delta,-34.7277556,-58.3200389,2018-04-17T09:36:37,2026-08-30T20:45:11
26431,1744,Arroyo San Francisco,Cuenca Sarandí-Santo Domingo,39,ina_delta,-34.7277556,-58.3200389,2018-04-17T00:00:00,2026-08-29T00:00:00
6060,1831,BarcaGrande,Río de la Plata,2,puntos_FDelta,-34.1624,-58.3756,2025-08-23T01:00:00,2026-09-03T03:00:00
6063,1834,Correntoso,Río de la Plata,2,puntos_FDelta,-34.1111,-58.3678,2025-08-23T01:00:00,2026-09-03T03:00:00
6065,1837,LaBarquita,Río de la Plata,2,puntos_FDelta,-34.2114,-58.3838,2025-08-23T01:00:00,2026-09-03T03:00:00
6066,1838,Lujan,Río de la Plata,2,puntos_FDelta,-34.4434,-58.5257,2025-08-23T01:00:00,2026-09-03T03:00:00
6067,1839,Mini,Río de la Plata,2,puntos_FDelta,-34.2289,-58.404,2025-08-23T01:00:00,2026-09-03T03:00:00
6069,1841,SanAntonio,Río de la Plata,2,puntos_FDelta,-34.4193,-58.5091,2025-08-23T01:00:00,2026-09-03T03:00:00
6070,1842,Sauce,Río de la Plata,2,puntos_FDelta,-33.9453,-58.4282,2025-08-23T01:00:00,2026-09-03T03:00:00
6071,1843,Uruguay,Río de la Plata,2,puntos_FDelta,-33.9017,-58.4268,2025-08-23T01:00:00,2026-09-03T03:00:00
26436,1877,Paraná Miní,Paraná Miní,39,ina_delta,-34.185121,-58.501874,2019-07-25T00:00:00,2023-05-30T00:00:00
6132,1879,LAGO VIEDMA - LAGO VIEDMA,Lago Viedma,2,alturas_bdhi,-49.3943333333333,-72.8693055555556,2019-08-07T18:00:00,2026-03-31T20:00:00
29919,1879,LAGO VIEDMA - LAGO VIEDMA,Lago Viedma,39,alturas_bdhi,-49.3943333333333,-72.8693055555556,2024-06-08T00:00:00,2026-03-31T00:00:00
6134,1880,LAGO SAN MARTIN - BRAZO CHACABUCO,Lago San Martin,2,alturas_bdhi,-49.1239444444444,-72.4856388888889,2019-08-07T09:00:00,2026-03-31T10:00:00
6139,1883,Oro - Camino a Ñires,Oro,2,alturas_bdhi,-47.4203722222222,-71.9429277777778,2013-03-20T15:00:00,2026-03-31T12:00:00
6141,1884,Deseado-Ruta Provincial Nº 039,Deseado,2,alturas_bdhi,-46.726525,-69.5937666666667,2019-08-07T12:00:00,2026-03-31T14:00:00
29916,1884,Deseado-Ruta Provincial Nº 039,Deseado,39,alturas_bdhi,-46.726525,-69.5937666666667,2007-12-31T00:00:00,2026-03-31T00:00:00
6144,1885,LAGO ARGENTINO - CALAFATE,Lago Argentino,2,alturas_bdhi,-50.32,-72.261,2019-08-07T09:00:00,2026-04-30T09:00:00
29917,1885,LAGO ARGENTINO - CALAFATE,Lago Argentino,39,alturas_bdhi,-50.32,-72.261,2007-12-31T00:00:00,2026-04-30T00:00:00
29922,1886,LAGO PUEYRREDON - LAGO PUEYRREDON,Lago Pueyrredón,39,alturas_bdhi,-47.3759166666667,-71.9675833333333,2024-06-08T00:00:00,2026-03-31T00:00:00
6146,1887,LAGO THAR - EA SANTA ANGELICA,Lago Thar,2,alturas_bdhi,-49.2693055555556,-71.9960833333333,2019-08-07T03:00:00,2026-03-31T10:00:00
6147,1888,Gallegos - Puente Blanco,Gallegos,2,alturas_bdhi,-51.8948055555556,-71.5975277777778,2019-08-07T03:00:00,2026-04-30T20:00:00
29924,1888,Gallegos - Puente Blanco,Gallegos,39,alturas_bdhi,-51.8948055555556,-71.5975277777778,2024-06-08T00:00:00,2026-04-30T00:00:00
6154,1891,Gallegos - Toma de Agua SP,Gallegos,2,alturas_bdhi,-51.6883444444444,-69.6554388888889,2015-05-18T14:00:00,2026-04-30T20:00:00
6157,1892,CENTINELA - RUTA PROVINCIAL Nº 070,Centinela,2,alturas_bdhi,-50.3519722222222,-72.5059444444444,2019-08-07T06:11:00,2026-04-30T20:00:00
29928,1892,CENTINELA - RUTA PROVINCIAL Nº 070,Centinela,39,alturas_bdhi,-50.3519722222222,-72.5059444444444,2007-12-31T00:00:00,2026-04-30T00:00:00
6167,1896,LA LEONA - LA LEONA,La Leona,2,alturas_bdhi,-49.7971944444444,-72.0640277777778,2001-05-01T01:00:00,2026-04-30T20:00:00
6170,1897,Vizcachas - Cerro Palique,Vizcachas,2,alturas_bdhi,-50.99605,-72.1065722222222,2010-03-01T14:00:00,2026-03-31T20:00:00
29934,1898,De las Vueltas - Parque Nac. los Glaciares,De las Vueltas,39,alturas_bdhi,-49.3432777777778,-72.8607222222222,2007-12-31T00:00:00,2026-03-31T00:00:00
29935,1899,Los Antiguos - Ruta Provincial Nº 043,Los Antiguos,39,alturas_bdhi,-46.554075,-71.6396138888889,2007-12-31T00:00:00,2026-03-31T00:00:00
6179,1900,LAGO BUENOS AIRES - LOS ANTIGUOS,Lago Buenos Aires,2,alturas_bdhi,-46.5387777777778,-71.6096944444444,2019-08-07T09:00:00,2026-03-31T09:00:00
29936,1900,LAGO BUENOS AIRES - LOS ANTIGUOS,Lago Buenos Aires,39,alturas_bdhi,-46.5387777777778,-71.6096944444444,2008-12-31T00:00:00,2026-03-31T00:00:00
29940,1904,Foyel - Ruta Nacional Nº 258,Foyel,39,alturas_bdhi,-41.7132777777778,-71.4414166666667,2007-12-31T00:00:00,2026-04-30T00:00:00
29941,1905,LAGO ESCONDIDO - EL FOYEL,Lago Escondido,39,alturas_bdhi,-41.6997222222222,-71.6172222222222,2007-12-31T00:00:00,2026-04-30T00:00:00
29942,1906,MANSO - MANSO INFERIOR,Manso,39,alturas_bdhi,-41.556,-71.7804166666667,2007-12-31T00:00:00,2026-04-30T00:00:00
29943,1907,Azul - El Azul,Quemquentreu ,39,alturas_bdhi,-41.9526805555556,-71.5392111111111,2007-12-31T00:00:00,2008-12-31T00:00:00
6197,1908,QUEMQUEMTREU - ESCUELA Nº 139,Quemquentreu ,2,alturas_bdhi,-41.89825,-71.5022222222222,2001-05-01T09:00:00,2026-04-30T10:00:00
6200,1909,FOYEL - CONFLUENCIA CON EL MANSO,Foyel,2,alturas_bdhi,-41.6008055555556,-71.7153888888889,2019-08-07T09:00:00,2026-04-30T10:00:00
29945,1909,FOYEL - CONFLUENCIA CON EL MANSO,Foyel,39,alturas_bdhi,-41.6008055555556,-71.7153888888889,2024-06-08T00:00:00,2026-04-30T00:00:00
6203,1910,Manso - Lago Steffen,Manso,2,alturas_bdhi,-41.5159361111111,-71.5364027777778,2019-08-07T16:00:00,2026-04-30T20:00:00
29946,1910,Manso - Lago Steffen,Manso,39,alturas_bdhi,-41.5159361111111,-71.5364027777778,2007-12-31T00:00:00,2026-04-30T00:00:00
6206,1911,Villegas - Ruta Nacional Nº 258,Villegas,2,alturas_bdhi,-41.5800833333333,-71.4999444444445,2019-08-07T09:00:00,2026-04-30T09:00:00
29947,1911,Villegas - Ruta Nacional Nº 258,Villegas,39,alturas_bdhi,-41.5800833333333,-71.4999444444445,2007-12-31T00:00:00,2026-04-30T00:00:00
6209,1912,AZUL - PUESTO 1,Azul,2,alturas_bdhi,-41.9588333333333,-71.5659722222222,2019-08-07T09:00:00,2026-04-30T20:00:00
29949,1913,RAQUEL - EL AZUL,Raquel,39,alturas_bdhi,-41.9258333333333,-71.5580555555556,2007-12-31T00:00:00,2026-04-30T00:00:00
29950,1914,EL TERNERO - CUESTA DEL TERNERO,El Ternero,39,alturas_bdhi,-41.9532222222222,-71.3819166666667,2024-06-08T00:00:00,2026-04-30T00:00:00
29951,1915,Escondido - El Foyel,Escondido,39,alturas_bdhi,-41.6797777777778,-71.5652777777778,2024-06-08T00:00:00,2026-04-30T00:00:00
6218,1916,MANSO - POBLADOR TURRA,Manso,2,alturas_bdhi,-41.5935277777778,-71.5208888888889,2019-08-07T09:00:00,2026-04-30T09:00:00
6220,1917,Paraguay - Isla del Cerrito,Paraguay,2,alturas_bdhi,-27.2890194444444,-58.6096333333333,2016-09-06T12:00:00,2026-04-30T12:00:00
29955,1922,Los Amores - Ruta Nacional Nº 011,Los Amores,39,alturas_bdhi,-28.5559444444444,-59.3558055555556,2001-05-01T00:00:00,2026-04-30T00:00:00
29956,1923,LEYES - RUTA PROVINCIAL Nº 001,Leyes,39,alturas_bdhi,-31.4948055555556,-60.4251111111111,2001-05-01T00:00:00,2026-04-30T00:00:00
6235,1924,Saladillo Amargo - Vera Mujica (RP 281),Saladillo Amargo,2,alturas_bdhi,-30.8419444444444,-60.4116388888889,2001-05-01T09:00:00,2026-04-30T20:00:00
29957,1924,Saladillo Amargo - Vera Mujica (RP 281),Saladillo Amargo,39,alturas_bdhi,-30.8419444444444,-60.4116388888889,2001-05-01T00:00:00,2026-04-30T00:00:00
6244,1927,San Javier - Romang,San Javier,2,alturas_bdhi,-29.5051111111111,-59.7397222222222,2001-05-01T09:00:00,2026-04-30T08:00:00
29958,1927,San Javier - Romang,San Javier,39,alturas_bdhi,-29.5051111111111,-59.7397222222222,2001-05-01T00:00:00,2026-04-30T00:00:00
6252,1931,El Rey - Ruta Nacional Nº 011,El Rey,2,alturas_bdhi,-29.1333333333333,-59.6546944444444,2001-05-01T12:00:00,2026-04-30T23:00:00
29963,1932,Coronda - Batallón 601,Coronda,39,alturas_bdhi,-31.6940555555556,-60.7459722222222,2001-05-01T00:00:00,2026-04-30T00:00:00
6254,1933,Tapenagá - Florencia,Tapenagá,2,alturas_bdhi,-28.029,-59.2250277777778,2001-05-01T08:00:00,2024-12-31T10:00:00
29964,1933,Tapenagá - Florencia,Tapenagá,39,alturas_bdhi,-28.029,-59.2250277777778,2001-05-01T00:00:00,2024-12-31T00:00:00
6260,1935,SAN JAVIER - CAYASTÁ,San Javier,2,alturas_bdhi,-31.1981944444444,-60.1568611111111,2001-05-01T09:00:00,2026-04-30T20:00:00
29966,1939,San Javier - Helvecia,San Javier,39,alturas_bdhi,-31.1041666666667,-60.0835277777778,2001-05-01T00:00:00,2026-04-30T00:00:00
29967,1940,Saladillo Dulce - La Noria (RP 281),Saladillo Dulce,39,alturas_bdhi,-30.8548333333333,-60.2821944444444,2001-05-01T00:00:00,2026-04-30T00:00:00
6277,1942,Paraná - Timbúes,Paraná,2,alturas_bdhi,-32.6583333333333,-60.7305555555556,2001-05-01T06:00:00,2021-07-02T12:00:00
29969,1942,Paraná - Timbúes,Paraná,39,alturas_bdhi,-32.6583333333333,-60.7305555555556,2001-05-01T00:00:00,2018-07-24T00:00:00
6280,1943,Laguna La Picasa - RN33,Laguna La Picasa,2,alturas_bdhi,-34.3268111111111,-62.8114583333333,2017-10-01T09:00:00,2020-03-31T09:00:00
6285,1945,Canal Línea Paraná - Rp Nº 3,Canal lí­nea Paraná,2,alturas_bdhi,-28.1103888888889,-59.9758055555556,2010-04-01T08:00:00,2026-04-30T08:00:00
29972,1947,SAN JAVIER - SANTA ROSA,San Javier,39,alturas_bdhi,-31.4176111111111,-60.3294444444444,2001-05-01T00:00:00,2026-04-30T00:00:00
29973,1948,EL MONJE - ZONA RURAL,El Monje,39,alturas_bdhi,-32.384,-60.9087777777778,2001-05-01T00:00:00,2026-04-30T00:00:00
6297,1951,San Javier - Saladero Cabal,San Javier,2,alturas_bdhi,-30.8805833333333,-60.0343888888889,2001-05-01T20:00:00,2026-04-30T18:00:00
6298,1952,SANTA RITA - RUTA PROVINCIAL Nº 001,Santa Rita,2,alturas_bdhi,-31.4945,-60.4409166666667,2001-05-01T10:00:00,2026-04-30T08:00:00
29975,1952,SANTA RITA - RUTA PROVINCIAL Nº 001,Santa Rita,39,alturas_bdhi,-31.4945,-60.4409166666667,2001-05-01T00:00:00,2026-04-30T00:00:00
6301,1953,Salado - Agua Abajo Azud Colonia Dora,Salado,2,alturas_bdhi,-28.5583833333333,-62.8868472222222,2015-02-01T09:00:00,2026-04-30T12:00:00
6302,1954,Salado - Suncho Corral,Salado,2,alturas_bdhi,-27.940175,-63.4397944444444,2004-05-30T09:00:00,2026-04-30T12:00:00
29977,1954,Salado - Suncho Corral,Salado,39,alturas_bdhi,-27.940175,-63.4397944444444,2004-05-30T00:00:00,2026-04-30T00:00:00
6308,1956,Dulce - Dique los Quiroga,Dulce,2,alturas_bdhi,-27.651,-64.3626138888889,2015-05-06T09:00:00,2026-04-30T21:00:00
6309,1957,Salado - El Arenal,Salado,2,alturas_bdhi,-26.3742194444444,-63.7244055555556,2010-04-01T09:00:00,2026-04-30T21:00:00
6312,1958,Canal de Dios - Canal de Dios,Canal de Dios,2,alturas_bdhi,-25.6107777777778,-63.9480583333333,2009-06-01T09:00:00,2026-04-30T20:00:00
6315,1959,Dulce - Tuhama,Dulce,2,alturas_bdhi,-28.0147222222222,-64.0979166666667,2010-05-01T09:00:00,2026-04-30T21:00:00
6324,1963,Miraflores - Sayate,Miraflores,2,alturas_bdhi,-22.9008333333333,-65.8494444444444,2009-08-01T09:00:00,2011-02-02T21:00:00
6326,1964,San Francisco - Caimancito,San Francisco,2,alturas_bdhi,-23.7120555555556,-64.5395833333333,2019-08-07T09:00:00,2026-04-30T21:00:00
29685,1966,Bermejo - Aguas Blancas,Bermejo,39,alturas_bdhi,-22.7249,-64.3646055555556,2001-05-01T00:00:00,2026-04-30T00:00:00
6340,1969,BERMEJO - POZO SARMIENTO,Bermejo,2,alturas_bdhi,-23.2166666666667,-64.2,2001-05-01T21:00:00,2026-04-30T21:00:00
6343,1970,Bermejo - Balapuca,Bermejo,2,alturas_bdhi,-22.4924722222222,-64.4635555555556,2001-05-01T00:00:00,2026-04-30T21:00:00
6350,1973,PESCADO - CUATRO CEDROS,Pescado,2,alturas_bdhi,-22.8,-64.4833333333333,2001-05-01T21:00:00,2026-04-30T21:00:00
6351,1974,Arenales - El Encon,Arenales,2,alturas_bdhi,-24.8423055555556,-65.59325,2009-05-01T09:00:00,2026-04-30T20:00:00
6353,1975,Canal Finca Agropecuaria - Finca Agropecuaria,Canal Finca Agropecuaria,2,alturas_bdhi,-25.1608111111111,-64.1060111111111,2009-06-01T09:00:00,2026-04-30T21:00:00
6356,1976,TARIJA - SAN TELMO,Tarija,2,alturas_bdhi,-22.5711111111111,-64.24,2009-01-01T08:00:00,2026-04-30T21:00:00
6363,1978,Pilcomayo - La Paz,Pilcomayo,40,alturas_bdhi,-22.3775,-62.5234722222222,1941-12-01T00:00:00,2025-12-31T00:00:00
6365,1979,De las Conchas - La Punilla,De las Conchas,2,alturas_bdhi,-26.0119194444444,-65.8231138888889,2009-02-01T09:00:00,2026-04-30T21:00:00
6371,1981,Senguerr - Facundo,Senguerr,2,alturas_bdhi,-45.3192777777778,-69.9477694444444,2013-06-13T10:00:00,2026-04-30T09:00:00
6385,1987,GUALJAINA - GUALJAINA,Gualjaina,2,alturas_bdhi,-42.6534444444444,-70.4387777777778,2019-08-07T09:00:00,2026-04-30T20:00:00
6389,1989,ARRAYANES - LAGO VERDE,Arrayanes,2,alturas_bdhi,-42.7441666666667,-71.7416666666667,2019-08-07T10:00:00,2026-04-30T09:00:00
6392,1990,SITUACIÓN - ESCUELA Nº 90,Situación,2,alturas_bdhi,-43.1325,-71.5547222222222,2019-08-07T09:00:00,2026-04-30T09:00:00
6401,1993,FONTANA - ESTANCIA AMANCAY,Fontana,2,alturas_bdhi,-42.9913888888889,-71.5586111111111,2019-08-07T09:00:00,2026-04-30T09:00:00
6404,1994,MENENDEZ - PUERTO CHUCAO,Menendez,2,alturas_bdhi,-42.7308333333333,-71.7580555555556,2019-08-07T12:00:00,2026-04-30T09:00:00
6405,1995,NAHUEL PAN - BOQUETE NAHUEL PAN,Nahuel Pan,2,alturas_bdhi,-43.0838888888889,-71.2541944444445,2019-08-07T09:00:00,2026-04-30T09:00:00
6406,1996,LAGO PUELO - LAGO PUELO,Puelo,2,alturas_bdhi,-42.0983333333333,-71.6161111111111,2019-08-07T09:00:00,2026-04-30T10:00:00
6408,1997,HUEMUL - CORCOVADO,Huemul,2,alturas_bdhi,-43.5366666666667,-71.4738888888889,2019-08-07T09:00:00,2026-04-30T09:00:00
6411,1998,CARRENLEUFÚ - PUENTE DE HIERRO,Carrenleufú,2,alturas_bdhi,-43.5441111111111,-71.4861388888889,2019-08-07T09:00:00,2026-04-30T20:00:00
6426,2003,PUELO - HITO FRONTERIZO,Puelo,2,alturas_bdhi,-42.1055555555556,-71.7247222222222,2019-08-07T12:00:00,2026-04-30T15:00:00
6429,2004,NANTY FALL - RUTA A CHILE,Nanty Fall,2,alturas_bdhi,-43.1655555555556,-71.5142777777778,2019-08-07T09:00:00,2026-04-30T09:00:00
6432,2005,EPUYÉN - MUELLE,Epuyén,2,alturas_bdhi,-42.2088888888889,-71.4275,2019-08-07T10:00:00,2026-04-30T09:00:00
6438,2008,LAGO MUSTERS - EL FORTÍN,Lago Musters,2,alturas_bdhi,-45.5766666666667,-69.2716666666667,2019-08-07T09:00:00,2026-04-30T10:00:00
6439,2009,SENGUERR - PUENTE CAMINO BUEN PASTO,Senguerr,2,alturas_bdhi,-45.5638888888889,-69.0627777777778,2019-08-07T09:00:00,2026-04-30T09:00:00
6445,2011,Chubut - Paso del Sapo,Chubut,2,alturas_bdhi,-42.7408055555556,-69.5948055555556,2019-08-07T09:00:00,2026-04-30T23:00:00
6448,2012,Chubut - Los Altares,Chubut,2,alturas_bdhi,-43.8883805555556,-68.3993916666667,2019-08-07T09:00:00,2026-04-30T21:00:00
6453,2014,CARRENLEUFÚ - LAGO VINTER,Carrenleufú,2,alturas_bdhi,-43.8995277777778,-71.4188888888889,2019-08-07T09:00:00,2026-04-30T21:00:00
6467,2020,Senguerr-Los Molinos,Senguerr,2,alturas_bdhi,-45.9861,-69.4748944444444,2019-08-07T20:00:00,2026-04-30T20:00:00
6470,2021,COHIHUES - PARQUE NAC. LOS ALERCES,Cohihues,2,alturas_bdhi,-42.9719444444444,-71.5788888888889,2019-08-07T09:00:00,2026-04-30T09:00:00
6473,2022,EPUYÉN - LA ANGOSTURA,Epuyén,2,alturas_bdhi,-42.1888888888889,-71.4,2019-08-07T18:00:00,2026-04-30T09:00:00
6481,2025,Piray Miní - Valle Hermoso,Piray Miní,2,alturas_bdhi,-26.355,-54.4982222222222,2001-05-01T12:00:00,2026-04-30T08:00:00
6484,2026,Piray Guazú - Pinar Ciba,Piray Guazú,2,alturas_bdhi,-26.512,-54.4538333333333,2001-05-01T12:00:00,2026-04-30T12:00:00
6487,2027,Paraná - Puerto Rico,Paraná,2,alturas_bdhi,-26.7917222222222,-55.0240833333333,2008-05-01T08:00:00,2026-04-30T12:00:00
6493,2030,Iguazú - Puerto Iguazú,Iguazú,2,alturas_bdhi,-25.59325,-54.5798611111111,2001-05-01T08:00:00,2026-04-30T12:00:00
6497,2032,Piray Guazú - Puente Viejo- RN 12,Piray Guazú,2,alturas_bdhi,-26.4860833333333,-54.5888333333333,2001-05-01T08:00:00,2026-04-30T08:00:00
6503,2036,Paraná - Puerto Libertad,Paraná,2,alturas_bdhi,-25.9165833333333,-54.62075,2015-04-01T00:00:00,2026-04-30T12:00:00
6510,2039,Uruguay - Pepirí Miní­,Uruguay,2,alturas_bdhi,-27.1535555555556,-53.9329166666667,2001-05-01T08:00:00,2026-04-30T07:00:00
6512,2041,Paraguay - Puerto Formosa,Paraguay,2,alturas_bdhi,-26.1831944444444,-58.1620277777778,2009-06-01T02:00:00,2026-04-30T16:00:00
6520,2045,Pilcomayo - Puesto Jerez,Pilcomayo,2,alturas_bdhi,-22.7281111111111,-62.2133888888889,2015-05-08T20:00:00,2026-04-30T20:00:00
6521,2046,El Colorado,Bermejo,2,alturas_bdhi,-26.3342777777778,-59.3624166666667,2001-05-01T22:00:00,2026-04-30T12:00:00
6529,2049,Paraná - Tunel Subfluvial,Paraná,2,alturas_bdhi,-31.7198611111111,-60.5175277777778,2001-05-01T06:00:00,2020-12-31T12:00:00
6543,2055,Aº Estacas - Ex RP 50,Arroyo Estacas,2,alturas_bdhi,-30.7666944444444,-59.4706388888889,2015-05-01T09:00:00,2018-05-30T10:00:00
6547,2058,Feliciano - Paso Quebracho,Feliciano,2,alturas_bdhi,-30.9915833333333,-59.6614166666667,2001-05-01T08:00:00,2026-04-30T16:00:00
6568,2068,Mocoretá - Rnnº 014,Mocoretá,2,alturas_bdhi,-30.6279444444444,-57.9831666666667,2010-05-01T14:00:00,2026-04-30T12:00:00
6574,2071,Uruguay - Paso de los Libres,Uruguay,2,alturas_bdhi,-29.7193611111111,-57.084,2001-05-01T00:00:00,2026-04-30T12:00:00
6577,2072,Batel - Paso Cerrito,Batel,2,alturas_bdhi,-29.0311111111111,-58.7883333333333,2001-05-01T14:00:00,2026-04-30T16:00:00
6586,2075,Miriñay - Paso Mesa,Miriñay,2,alturas_bdhi,-28.9178333333333,-57.2355277777778,2010-12-01T12:00:00,2026-04-30T12:00:00
6589,2077,Sistema Iberá - Estancia Palo Pirú,Sistema Iberá,2,alturas_bdhi,-28.2525555555556,-57.6351666666667,2002-09-05T15:00:00,2014-09-29T19:55:00
6590,2078,Chimiray - Colonia Liebig,Chimiray,2,alturas_bdhi,-27.9121388888889,-55.8174444444444,2010-05-01T09:00:00,2026-04-30T23:00:00
29588,2082,Paraná - Itatí,Paraná,40,alturas_bdhi,-27.26625,-58.2443055555556,1910-07-01T00:00:00,2025-08-31T00:00:00
6608,2084,Batel - Rnnº 123,Batel,2,alturas_bdhi,-28.8997222222222,-58.6749444444444,2010-04-01T08:00:00,2026-04-30T16:00:00
6611,2085,Paraná - Corrientes,Paraná,2,alturas_bdhi,-27.4597222222222,-58.8333333333333,2001-05-01T00:00:00,2026-04-30T12:00:00
6618,2088,Riachuelo - Rp Nº 5,Riachuelo,2,alturas_bdhi,-27.5104722222222,-58.56975,2009-01-01T12:00:00,2026-04-30T07:00:00
6621,2089,Paraná - Empedrado,Paraná,2,alturas_bdhi,-27.9588055555556,-58.8199444444444,2011-02-01T02:00:00,2020-03-31T12:00:00
6624,2091,Corriente - Estancia Santa Irene - Perugorria,Corriente,2,alturas_bdhi,-29.2736166666667,-58.7961138888889,2014-03-12T12:00:00,2016-03-18T00:00:00
6633,2095,Miriñay - San Roquito,Miriñay,2,alturas_bdhi,-29.2968333333333,-57.5651666666667,2001-05-01T16:00:00,2026-04-30T16:00:00
6856,2113,Aº Colastiné - Autopista - A01,,2,sat2,-32.0177777777778,-60.9902777777778,2019-03-28T16:00:00,2026-08-30T18:00:00
26439,2113,Aº Colastiné - Autopista - A01,,39,sat2,-32.0177777777778,-60.9902777777778,2019-03-28T00:00:00,2026-08-29T00:00:00
26440,2114,Aº Del Medio en La Emilia,,39,sat2,-33.3988888888889,-60.3347222222222,2019-02-08T00:00:00,2019-09-11T00:00:00
6764,2115,Paraná - Corrientes,,2,sat2,-27.4597222222222,-58.8333333333333,2019-01-25T20:15:00,2026-08-30T21:00:00
26441,2115,Paraná - Corrientes,,39,sat2,-27.4597222222222,-58.8333333333333,2019-01-25T00:00:00,2026-08-29T00:00:00
26442,2116,Paraguay - Pto. Formosa,,39,sat2,-26.1830555555556,-58.1619444444444,2019-01-25T00:00:00,2026-08-29T00:00:00
26444,2118,Río Primero (Suquía) Camino Se,,39,sat2,-30.9641666666667,-62.9961111111111,2019-01-09T00:00:00,2021-07-19T00:00:00
6955,2119,Segundo (Plujunta) - RP Nº 17,,2,sat2,-31.0105555555556,-62.7883333333333,2019-01-09T14:00:00,2026-08-30T21:00:00
26445,2119,Segundo (Plujunta) - RP Nº 17,,39,sat2,-31.0105555555556,-62.7883333333333,2019-01-09T00:00:00,2026-08-29T00:00:00
26446,2120,Laguna Mar Chiquita - Miramar,,39,sat2,-30.9119444444444,-62.6777777777778,2019-01-09T00:00:00,2023-01-17T00:00:00
6857,2121,Aº El Monje - Autopista A01,,2,sat2,-32.3922222222222,-60.9408333333333,2019-05-07T12:00:00,2026-08-30T20:00:00
26448,2122,Atuel - Paso Maroma,,39,sat2,-36.8425,-66.9952777777778,2019-07-24T00:00:00,2026-08-29T00:00:00
6746,2123,Atuel - Algarrobo del Águila,,2,sat2,-36.3977777777778,-67.1402777777778,2021-09-01T00:00:00,2026-08-30T20:00:00
6846,2127,Salado - Santa Isabel,,2,sat2,-36.2911111111111,-66.8291666666667,2021-08-31T22:00:00,2026-06-02T23:00:00
26453,2127,Salado - Santa Isabel,,39,sat2,-36.2911111111111,-66.8291666666667,2019-02-26T00:00:00,2026-06-02T00:00:00
6936,2128,Lujan - Lujan,,2,sat2,-34.5894444444444,-59.1783333333333,2019-03-21T20:30:00,2026-08-30T21:00:00
26454,2128,Lujan - Lujan,,39,sat2,-34.5894444444444,-59.1783333333333,2019-03-21T00:00:00,2026-08-29T00:00:00
6745,2129,Arrecifes - Arrecifes,,2,sat2,-34.0866666666667,-60.0072222222222,2019-03-20T10:45:00,2026-08-30T21:00:00
6711,2131,Paraná - Itatí,,2,sat2,-27.2663888888889,-58.2444444444444,2019-03-19T18:30:00,2026-08-30T21:00:00
6844,2132,Río Paraná - Goya,,2,sat2,-29.165,-59.3283333333333,2019-03-21T11:45:00,2022-12-25T09:00:00
26459,2133,Paraguay - Pto. Pilcomayo,,39,sat2,-25.3719444444444,-57.6502777777778,2019-05-26T00:00:00,2026-08-29T00:00:00
6935,2134,Río Juramento - El Tunal,,2,sat2,-25.2497222222222,-64.3902777777778,2019-03-28T19:00:00,2021-12-23T17:00:00
26460,2134,Río Juramento - El Tunal,,39,sat2,-25.2497222222222,-64.3902777777778,2019-03-28T00:00:00,2021-12-23T00:00:00
6929,2135,De los Patos - La Plateada,,2,sat2,-31.8552777777778,-69.6605555555556,2021-09-01T00:00:00,2026-08-30T20:00:00
26461,2135,De los Patos - La Plateada,,39,sat2,-31.8552777777778,-69.6605555555556,2019-04-11T00:00:00,2026-08-29T00:00:00
6845,2136,Salado - Cañada Ancha,,2,sat2,-35.1975,-69.7672222222222,2021-09-01T00:00:00,2026-08-30T16:00:00
26462,2136,Salado - Cañada Ancha,,39,sat2,-35.1975,-69.7672222222222,2019-04-11T00:00:00,2026-08-29T00:00:00
6952,2137,Poti Malal - Gendarmería,,2,sat2,-35.8711111111111,-69.9502777777778,2021-09-01T00:00:00,2026-08-30T16:00:00
26463,2137,Poti Malal - Gendarmería,,39,sat2,-35.8711111111111,-69.9502777777778,2019-04-11T00:00:00,2026-08-29T00:00:00
26464,2138,Río Grande en La Gotera,,39,sat2,-35.8716666666667,-69.8919444444444,2019-04-11T00:00:00,2020-07-18T00:00:00
6712,2140,Rio Quinto - Justo Daract,,2,sat2,-33.92,-65.1522222222222,2019-04-11T09:45:00,2020-01-17T13:00:00
6820,2142,HUA HUM - San Martin,,2,sat2,-40.1197222222222,-71.6619444444444,2021-08-31T23:00:00,2026-08-10T01:00:00
26469,2143,Senguer - LOS MOLINOS,,39,sat2,-45.9861111111111,-69.475,2019-04-18T00:00:00,2022-03-29T00:00:00
6953,2144,Quemquemtreu - Escuela,,2,sat2,-41.8986111111111,-71.5025,2021-09-01T00:00:00,2026-08-30T20:00:00
26474,2148,Gallegos - Toma SP,,39,sat2,-51.6883333333333,-69.6555555555556,2019-04-18T00:00:00,2025-03-28T00:00:00
26475,2149,Iguazú - Perfil Tipo,,39,sat2,-25.6766666666667,-54.4213888888889,2019-04-18T00:00:00,2026-08-29T00:00:00
26476,2150,Miriñay - Paso Ledesma,,39,sat2,-29.8458333333333,-57.675,2019-06-01T00:00:00,2026-08-29T00:00:00
6903,2151,Quequen Grande - Necochea,,2,sat2,-38.4625,-58.7588888888889,2019-04-18T20:00:00,2026-08-30T16:00:00
26478,2152,RIO CHUBUT EN TRELEW,,39,sat2,-43.2761111111111,-65.2733333333333,2019-05-07T00:00:00,2022-09-11T00:00:00
6892,2153,Lago Argentino - Calafate,,2,sat2,-50.32,-72.2611111111111,2021-08-31T22:00:00,2021-12-31T21:00:00
26479,2153,Lago Argentino - Calafate,,39,sat2,-50.32,-72.2611111111111,2019-05-01T00:00:00,2022-01-11T00:00:00
6786,2154,Bermejo - Pozo Sarmiento,,2,sat2,-23.1405555555556,-64.1969444444445,2019-07-13T01:00:00,2025-06-19T08:00:00
26480,2154,Bermejo - Pozo Sarmiento,,39,sat2,-23.1405555555556,-64.1969444444445,2019-07-13T00:00:00,2025-06-19T00:00:00
26481,2155,Neuquén - Chos Malal,,39,sat2,-37.3755555555556,-70.27,2019-06-19T00:00:00,2021-09-27T00:00:00
26483,2157,Río Chubut en los Altares,,39,sat2,-43.8886111111111,-68.3983333333333,2019-05-17T00:00:00,2022-04-13T00:00:00
6940,2159,Manso - Confluencia,,2,sat2,-41.5869444444444,-71.6836111111111,2021-09-01T00:00:00,2023-05-16T12:00:00
26485,2159,Manso - Confluencia,,39,sat2,-41.5869444444444,-71.6836111111111,2019-08-04T00:00:00,2023-05-16T00:00:00
26486,2160,Colorado - Pichi Mahuida,,39,sat2,-38.8216666666667,-64.9813888888889,2019-05-22T00:00:00,2026-08-29T00:00:00
6943,2161,Mayo - Paso Mayo,,2,sat2,-45.6836111111111,-70.2522222222222,2021-09-01T00:00:00,2026-08-28T16:00:00
6735,2163,La Paulina - Aserradero,,2,sat2,-45.0016666666667,-71.1680555555556,2021-09-01T00:00:00,2025-08-14T16:00:00
6821,2164,La Leona,,2,sat2,-49.7972222222222,-72.0641666666667,2021-09-21T20:00:00,2026-08-30T20:00:00
26491,2165,Charles Fhur,,39,sat2,-50.2522222222222,-71.9077777777778,2019-06-10T00:00:00,2026-08-29T00:00:00
6896,2166,Los Sosa - RP30 km19,,2,sat2,-27.1008333333333,-65.6361111111111,2019-05-08T16:00:00,2026-08-30T16:00:00
26492,2166,Los Sosa - RP30 km19,,39,sat2,-27.1008333333333,-65.6361111111111,2019-05-08T00:00:00,2026-08-29T00:00:00
26493,2167,Lules - Potrero de las Tablas,,39,sat2,-26.8519444444444,-65.4316666666667,2019-05-22T00:00:00,2021-06-17T00:00:00
26494,2175,Canal Macapillo,,39,sat2,-25.4136111111111,-63.9761111111111,2019-05-31T00:00:00,2026-08-29T00:00:00
26495,2176,Canal de Dios	,,39,sat2,-25.6108333333333,-63.9480555555556,2019-08-07T00:00:00,2019-10-23T00:00:00
26496,2177,Canal Liag - Quebrachal,,39,sat2,-25.3452777777778,-64.045,2019-06-20T00:00:00,2026-08-29T00:00:00
26497,2178,Iguazú - Puerto Andresito,,39,sat2,-25.5905555555556,-53.995,2019-05-24T00:00:00,2026-08-29T00:00:00
18612,2178,Iguazú - Puerto Andresito,,40,sat2,-25.5905555555556,-53.995,2021-11-01T00:00:00,2026-08-29T00:00:00
6789,2179,Carrenleufú - Poncho Moro,,2,sat2,-43.6716666666667,-71.4016666666667,2021-09-22T12:00:00,2026-08-30T16:00:00
6876,2180,Desaguadero - Canalejas,,2,sat2,-35.1686111111111,-66.4963888888889,2021-09-01T00:00:00,2026-08-30T16:00:00
26499,2180,Desaguadero - Canalejas,,39,sat2,-35.1686111111111,-66.4963888888889,2019-05-24T00:00:00,2026-08-29T00:00:00
6924,2181,Chubut - Ameghino,,2,sat2,-43.6983333333333,-66.475,2021-09-01T00:00:00,2026-08-30T20:00:00
26500,2181,Chubut - Ameghino,,39,sat2,-43.6983333333333,-66.475,2019-06-04T00:00:00,2026-08-29T00:00:00
6840,2183,Mendoza - Guido,,2,sat2,-32.9152777777778,-69.2377777777778,2021-09-01T00:00:00,2026-08-30T16:00:00
26501,2183,Mendoza - Guido,,39,sat2,-32.9152777777778,-69.2377777777778,2019-04-27T00:00:00,2026-08-29T00:00:00
26503,2185,Dulce - Paso de la Cina,,39,sat2,-29.795,-62.8061111111111,2019-06-19T00:00:00,2026-08-29T00:00:00
26504,2186,Bermejo - Balapuca,,39,sat2,-22.4919444444444,-64.4694444444444,2019-07-15T00:00:00,2021-01-13T00:00:00
26505,2187,Grande Tarija - El Cajón,,39,sat2,-22.3266666666667,-64.1263888888889,2019-09-12T00:00:00,2023-07-09T00:00:00
31610,2188,Bermejo - El Colorado,,4,sat2,-26.3341666666667,-59.3625,2024-07-01T01:00:00,2024-09-17T13:00:00
26506,2188,Bermejo - El Colorado,,39,sat2,-26.3341666666667,-59.3625,2019-07-15T00:00:00,2026-08-29T00:00:00
6787,2190,Bermejo - Finca Jujeños,,2,sat2,-23.1352777777778,-64.2047222222222,2019-07-15T01:00:00,2020-02-24T13:00:00
26508,2190,Bermejo - Finca Jujeños,,39,sat2,-23.1352777777778,-64.2047222222222,2019-07-15T00:00:00,2020-02-24T00:00:00
6847,2192,San Francisco - Puente RP 1,,2,sat2,-23.7108333333333,-64.5369444444444,2026-04-27T14:00:00,2026-06-15T15:00:00
6918,2194,Bermejo - Puerto Velaz,,2,sat2,-26.6605555555556,-58.6338888888889,2019-07-15T01:00:00,2026-08-29T20:00:00
26515,2197,Salado - Pinto,,39,sat2,-29.1058333333333,-62.5761111111111,2019-07-03T00:00:00,2026-08-29T00:00:00
6806,2198,Aº Batel - Paso Cerrito,,2,sat2,-29.0311111111111,-58.7883333333333,2019-07-03T09:00:00,2026-08-30T12:00:00
26516,2198,Aº Batel - Paso Cerrito,,39,sat2,-29.0311111111111,-58.7883333333333,2019-07-03T00:00:00,2026-08-29T00:00:00
26517,2199,Corrientes - Los Laureles,,39,sat2,-29.7572222222222,-59.2172222222222,2019-07-02T00:00:00,2026-08-29T00:00:00
6775,2201,A° El Soberbio - Pje La Lechuz,,2,sat2,-27.2572222222222,-54.2355555555556,2019-08-23T20:00:00,2026-08-30T20:00:00
7806,2203,Gualeguay - Rosario del Tala,,4,sat2,-32.3086111111111,-59.0769444444445,2024-07-01T00:00:00,2024-09-17T13:00:00
6829,2204,Carcarañá - Pueblo Andino,,2,sat2,-32.6733333333333,-60.8658333333333,2019-07-05T12:00:00,2026-08-30T21:00:00
9637,2205,Gualeguay - Villaguay,,4,sat2,-31.8016666666667,-59.1261111111111,2024-07-01T00:00:00,2024-09-17T13:00:00
26523,2205,Gualeguay - Villaguay,,39,sat2,-31.8016666666667,-59.1261111111111,2019-07-05T00:00:00,2026-08-29T00:00:00
18610,2205,Gualeguay - Villaguay,,40,sat2,-31.8016666666667,-59.1261111111111,2021-11-01T00:00:00,2026-08-29T00:00:00
26525,2207,Seminario Diocesano de Azul,,39,sat2,-36.8311111111111,-59.8938888888889,2019-07-14T00:00:00,2022-10-09T00:00:00
6725,2212,Compuerta Alternativa Norte AD,,2,sat2,-34.2419444444444,-62.1211111111111,2019-08-01T03:00:00,2022-12-30T08:01:00
26530,2213,Canal Regulador N°4 - La Pantanosa,,39,sat2,-34.2580555555556,-61.6386111111111,2019-07-24T00:00:00,2026-08-29T00:00:00
6906,2215,Río Areco - San Antonio de Are,,2,sat2,-34.2405555555556,-59.4994444444444,2019-07-27T05:00:00,2026-08-30T20:00:00
26532,2215,Río Areco - San Antonio de Are,,39,sat2,-34.2405555555556,-59.4994444444444,2019-07-27T00:00:00,2026-08-29T00:00:00
26533,2216,Olivia - Olivia,,39,sat2,-54.7975,-68.2255555555556,2019-07-20T00:00:00,2026-08-29T00:00:00
6885,2219,Intersección Canales A22,,2,sat2,-34.4494444444444,-62.4133333333333,2019-07-24T11:00:00,2023-12-11T06:00:00
26536,2219,Intersección Canales A22,,39,sat2,-34.4494444444444,-62.4133333333333,2019-07-24T00:00:00,2023-12-11T00:00:00
26538,2221,Atuel - Puesto Ugalde,,39,sat2,-35.9994444444444,-67.1852777777778,2019-07-23T00:00:00,2026-08-29T00:00:00
6810,2222,Canal de Dios - Salado,,2,sat2,-25.6105555555556,-63.9488888888889,2019-08-07T00:00:00,2019-10-23T00:00:00
6715,2225,*Senguerr -Pte Camino B. Pasto,,2,sat2,-45.5644444444444,-69.0672222222222,2019-07-19T16:15:00,2024-09-15T20:00:00
26543,2227,Salado - RN Nº02,,39,sat2,-35.9622222222222,-57.8519444444444,2019-07-24T00:00:00,2026-08-29T00:00:00
6928,2228,De las Vueltas,,2,sat2,-49.3433333333333,-72.8608333333333,2021-08-31T23:00:00,2026-08-30T17:00:00
7058,2230,Arroyo San Juan - MeteoVARELA,Arroyo San Juan,2,ina_delta,-34.8074531496048,-58.2301426802177,2019-09-01T00:45:10,2026-05-20T10:45:10
26547,2355,Senguerr - Nacimiento,,39,sat2,-44.9583333333333,-71.3419444444444,2019-09-26T00:00:00,2026-08-29T00:00:00
7354,2356,Río Paraná Túnel,,2,sat2,-31.7197222222222,-60.5175,2019-09-19T00:00:00,2020-09-25T23:00:00
26548,2356,Río Paraná Túnel,,39,sat2,-31.7197222222222,-60.5175,2019-09-19T00:00:00,2020-09-25T00:00:00
7356,2357,Sistema Setúbal - Santa Fe - L,,2,sat2,-31.6302777777778,-60.6777777777778,2019-09-19T00:00:00,2023-09-18T19:00:00
26549,2357,Sistema Setúbal - Santa Fe - L,,39,sat2,-31.6302777777778,-60.6777777777778,2019-09-19T00:00:00,2023-09-18T00:00:00
26550,2593,Arenales - La Maroma,,39,sat2,-25.1538888888889,-65.42,2019-10-15T00:00:00,2026-08-29T00:00:00
8242,2606,Gualjaina - Gualjaina,,2,sat2,-42.6513888888889,-70.4355555555556,2021-09-01T00:00:00,2026-08-30T20:00:00
8233,2608,Diamante - La Jaula,,2,sat2,-34.6686111111111,-69.3163888888889,2021-09-01T00:00:00,2026-08-30T15:00:00
8312,2671,Canal Finca Agropecuaria,,2,sat2,-25.1608333333333,-64.1058333333333,2019-11-21T01:00:00,2026-08-30T20:00:00
26556,2671,Canal Finca Agropecuaria,,39,sat2,-25.1608333333333,-64.1058333333333,2019-11-21T00:00:00,2026-08-29T00:00:00
26557,2672,Juramento - Finca Agropecuari,,39,sat2,-25.1613888888889,-64.1061111111111,2019-11-21T00:00:00,2026-08-29T00:00:00
26559,2697,Prueba - GSM,,39,sat2,-34.0,-59.0,2020-03-12T00:00:00,2022-10-23T00:00:00
26561,2731,Aguapey - La Sirena,,39,sat2,-28.4166666666667,-56.5422222222222,2019-10-16T00:00:00,2026-08-29T00:00:00
9192,2732,Atuel - La Angostura,,2,sat2,-35.0986111111111,-68.8747222222222,2021-09-01T00:00:00,2026-08-30T20:00:00
26564,2762,Puelo - Hito fronterizo,,39,sat2,-42.1055555555556,-71.7247222222222,2019-11-18T00:00:00,2026-08-25T00:00:00
9547,2807,Salado - El Arenal,,2,sat2,-26.3741666666667,-63.7244444444444,2019-10-01T04:00:00,2026-08-30T16:00:00
9541,2808,Malargue - La Barda,,2,sat2,-35.5527777777778,-69.6825,2021-09-01T00:00:00,2024-07-12T12:00:00
26568,2808,Malargue - La Barda,,39,sat2,-35.5527777777778,-69.6825,2019-10-01T00:00:00,2024-07-12T00:00:00
9549,2809,Quinto - RP Nº26,,2,sat2,-34.7627777777778,-63.645,2019-10-01T04:00:00,2026-08-30T16:00:00
9196,2810,Río Juramento El Quebrachal,,2,sat2,-25.3441666666667,-64.0461111111111,2019-10-01T03:00:00,2023-01-04T18:00:00
9553,2812,Lago Viedma - Lago Viedma,,2,sat2,-49.3944444444444,-72.8694444444444,2021-09-01T00:00:00,2026-08-30T20:00:00
26572,2812,Lago Viedma - Lago Viedma,,39,sat2,-49.3944444444444,-72.8694444444444,2019-10-01T00:00:00,2026-08-29T00:00:00
9542,2813,Miriñay - Paso Mesa,,2,sat2,-28.9166666666667,-57.2363888888889,2019-10-01T04:00:00,2026-08-30T20:00:00
26573,2813,Miriñay - Paso Mesa,,39,sat2,-28.9166666666667,-57.2363888888889,2019-10-01T00:00:00,2026-08-29T00:00:00
9546,2814,Río Metan - Desembocadura,,2,sat2,-25.3933333333333,-64.5922222222222,2019-10-01T04:00:00,2021-12-31T20:00:00
26574,2814,Río Metan - Desembocadura,,39,sat2,-25.3933333333333,-64.5922222222222,2019-10-01T00:00:00,2022-03-11T00:00:00
9409,2821,Río Salado RP Nº 51 - Achupall,,2,sat2,-35.0880555555556,-60.1088888888889,2019-10-01T04:00:00,2021-12-31T20:00:00
26575,2821,Río Salado RP Nº 51 - Achupall,,39,sat2,-35.0880555555556,-60.1088888888889,2019-10-01T00:00:00,2022-08-18T00:00:00
9019,2822,Pilcomayo - El Raúl,,2,sat2,-22.65,-62.2163888888889,2019-10-17T16:00:00,2026-01-17T20:00:00
26576,2822,Pilcomayo - El Raúl,,39,sat2,-22.65,-62.2163888888889,2019-10-17T00:00:00,2026-01-17T00:00:00
9410,2823,Juramento - Cabra Corral,,2,sat2,-25.2677777777778,-65.2372222222222,2019-10-13T16:00:00,2026-08-30T16:00:00
9197,2824,Valenzuela - Valle Noble,,2,sat2,-35.3241666666667,-70.3111111111111,2021-09-01T00:00:00,2026-08-30T20:00:00
26578,2824,Valenzuela - Valle Noble,,39,sat2,-35.3241666666667,-70.3111111111111,2019-10-22T00:00:00,2026-08-29T00:00:00
9108,2825,Santa Lucia - Santa Lucia,,2,sat2,-28.9877777777778,-59.0905555555556,2019-10-24T17:00:00,2026-08-30T21:00:00
26579,2825,Santa Lucia - Santa Lucia,,39,sat2,-28.9877777777778,-59.0905555555556,2019-10-24T00:00:00,2026-08-29T00:00:00
26580,2826,Pilcomayo - Puesto Jerez,,39,sat2,-22.7280555555556,-62.2133333333333,2019-10-10T00:00:00,2026-08-29T00:00:00
9020,2828,Río Salado RN Nº 11,,2,sat2,-27.5413888888889,-59.1308333333333,2019-10-21T19:00:00,2022-12-07T13:00:00
26581,2828,Río Salado RN Nº 11,,39,sat2,-27.5413888888889,-59.1308333333333,2019-10-21T00:00:00,2022-12-07T00:00:00
9442,2830,Paraná Guazú - Brazo Largo,Paraná Guazú,2,sat2,-33.8830555555556,-58.9,2019-11-07T09:00:00,2026-08-30T21:00:00
9411,2831,Senguerr - Facundo,,2,sat2,-45.3191666666667,-69.9477777777778,2021-08-31T22:00:00,2026-07-19T10:00:00
26584,2831,Senguerr - Facundo,,39,sat2,-45.3191666666667,-69.9477777777778,2019-10-24T00:00:00,2026-07-19T00:00:00
9021,2832,Corriente - Paso Lucero,,2,sat2,-28.995,-58.5583333333333,2019-10-31T14:00:00,2026-08-30T21:00:00
26585,2832,Corriente - Paso Lucero,,39,sat2,-28.995,-58.5583333333333,2019-10-31T00:00:00,2026-08-29T00:00:00
9443,2834,Lago Epuyen - Muelle,,2,sat2,-42.2083333333333,-71.4227777777778,2021-08-31T22:00:00,2026-08-30T21:00:00
26587,2834,Lago Epuyen - Muelle,,39,sat2,-42.2083333333333,-71.4227777777778,2019-11-07T00:00:00,2026-08-29T00:00:00
9400,2835,Río Tercero - Villa María,,2,sat2,-32.4219444444444,-63.2447222222222,2019-10-31T22:00:00,2021-12-31T21:00:00
26588,2835,Río Tercero - Villa María,,39,sat2,-32.4219444444444,-63.2447222222222,2019-10-31T00:00:00,2022-10-24T00:00:00
9200,2836,Aº Barrancas - Paso La Llana,,2,sat2,-30.2172222222222,-59.3244444444444,2019-10-29T13:00:00,2026-08-30T20:00:00
26589,2836,Aº Barrancas - Paso La Llana,,39,sat2,-30.2172222222222,-59.3244444444444,2019-10-29T00:00:00,2026-08-29T00:00:00
9412,2837,Nogoya - RN Nº12,,2,sat2,-32.3947222222222,-59.7638888888889,2019-11-14T18:00:00,2026-08-30T21:00:00
26590,2837,Nogoya - RN Nº12,,39,sat2,-32.3947222222222,-59.7638888888889,2019-11-14T00:00:00,2026-08-29T00:00:00
9022,2838,Aº Saladillo - RN Nº205,,2,sat2,-35.4594444444445,-59.5747222222222,2019-10-24T18:00:00,2026-08-30T21:00:00
26591,2838,Aº Saladillo - RN Nº205,,39,sat2,-35.4594444444445,-59.5747222222222,2019-10-24T00:00:00,2026-08-29T00:00:00
9492,2842,Lago Posadas - Posadas,,2,sat2,-47.5113888888889,-71.8719444444444,2021-09-01T00:00:00,2026-08-30T20:00:00
9493,2843,Mitre - Ruta Prov. Nº11,,2,sat2,-50.3997222222222,-72.7338888888889,2021-09-01T04:00:00,2026-07-11T16:00:00
9494,2844,Lago Pueyrredón - Pueyrredón,,2,sat2,-47.3758333333333,-71.9680555555556,2021-09-01T16:00:00,2026-08-30T16:00:00
26596,2844,Lago Pueyrredón - Pueyrredón,,39,sat2,-47.3758333333333,-71.9680555555556,2019-11-01T00:00:00,2026-08-29T00:00:00
9495,2845,Lago San Martín - Brazo Chacab,,2,sat2,-49.1238888888889,-72.4855555555555,2021-09-01T00:00:00,2026-08-27T08:00:00
26597,2845,Lago San Martín - Brazo Chacab,,39,sat2,-49.1238888888889,-72.4855555555555,2019-10-30T00:00:00,2026-08-27T00:00:00
9550,2853,Gualeguay - Paso Alonso,,2,sat2,-33.1005555555556,-59.2702777777778,2019-10-01T03:00:00,2026-08-30T20:00:00
26598,2853,Gualeguay - Paso Alonso,,39,sat2,-33.1005555555556,-59.2702777777778,2019-10-01T00:00:00,2026-08-29T00:00:00
9551,2854,Aº Riachuelo - RP Nº5,,2,sat2,-27.5105555555556,-58.5697222222222,2019-10-01T03:00:00,2026-08-30T21:00:00
26599,2854,Aº Riachuelo - RP Nº5,,39,sat2,-27.5105555555556,-58.5697222222222,2019-10-01T00:00:00,2026-08-29T00:00:00
18621,5430,Federación Embalse,Uruguay,2,alturas_prefe,-30.994853,-57.899273,2020-08-05T16:00:00,2026-08-30T00:00:00
26601,5430,Federación Embalse,Uruguay,39,alturas_prefe,-30.994853,-57.899273,2020-08-05T00:00:00,2026-08-29T00:00:00
26201,5873,Arroyo Las Piedras - Gob. Monteverde,Cuenca Sarandí-Santo Domingo,2,ina_delta,-34.783421,-58.298648,2020-11-18T19:45:10,2026-05-20T09:45:11
26602,5873,Arroyo Las Piedras - Gob. Monteverde,Cuenca Sarandí-Santo Domingo,39,ina_delta,-34.783421,-58.298648,2020-11-18T00:00:00,2026-05-20T00:00:00
26603,5874,Arroyo San Francisco - Dr. Torre,Cuenca Sarandí-Santo Domingo,39,ina_delta,-34.7650541,-58.3234008,2020-12-21T00:00:00,2026-08-11T00:00:00
26206,5876,Carabelas,Carabelas,2,ina_delta,-34.05977,-58.835841,2020-12-24T21:00:10,2024-11-17T00:45:10
29393,5888,Sauzalito,Bermejo,2,alturas_bdhi,-24.4332722222222,-61.6563305555556,2019-01-02T01:00:00,2024-09-30T09:00:00
29519,5893,Paraná - Rosario,Paraná,39,sat2,-32.9513888888889,-60.6255555555556,2024-09-13T00:00:00,2026-08-29T00:00:00
29438,5894,Riacho Victoria - Victoria,Riacho Victoria,2,sat2,-32.6316666666667,-60.1652777777778,2020-06-05T19:00:00,2026-08-30T20:00:00
29517,5894,Riacho Victoria - Victoria,Riacho Victoria,39,sat2,-32.6316666666667,-60.1652777777778,2024-09-13T00:00:00,2026-08-29T00:00:00
29515,5900,Paraná - Diamante,Paraná,39,sat2,-32.0577777777778,-60.645,2024-09-13T00:00:00,2026-08-29T00:00:00
29441,5901,Paraná - Túnel subfluvial,Paraná,4,sat2,-31.72,-60.5175,2024-07-01T00:00:00,2024-09-17T13:00:00
29513,5901,Paraná - Túnel subfluvial,Paraná,39,sat2,-31.72,-60.5175,2020-12-31T00:00:00,2026-08-29T00:00:00
29511,5904,PN Ciervo de los Pantanos,null,39,sat2,-34.2255555555556,-58.8988888888889,2024-09-13T00:00:00,2024-09-20T00:00:00
29507,5907,Paraná Las Palmas - Zárate,Paraná de las Palmas,39,sat2,-34.1019444444444,-59.0088888888889,2024-09-13T00:00:00,2026-08-29T00:00:00
30125,5912,Paraná - Timbúes,,2,sat2,-32.7197222222222,-60.7261111111111,2021-11-27T00:00:00,2026-08-30T21:00:00
30127,5912,Paraná - Timbúes,,39,sat2,-32.7197222222222,-60.7261111111111,2022-02-18T00:00:00,2026-08-29T00:00:00
42624,3,Paso Alonso,GUALEGUAY,40,alturas_bdhi,-33.1006111111111,-59.2703333333333,2001-06-12T00:00:00,2025-05-06T00:00:00
43040,103,Recreo - Ruta Provincial nº 70,SALADOSANTAFE,40,alturas_bdhi,-31.4912222222222,-60.7805555555556,2001-05-01T00:00:00,2025-08-31T00:00:00
42633,121,Los Laureles,CORRIENTE,40,alturas_bdhi,-29.7571111111111,-59.2171666666667,2001-05-01T00:00:00,2023-08-31T00:00:00
30122,122,Ruta Nacional nº 168,COLASTINE,40,alturas_bdhi,-31.6611388888889,-60.6020555555556,2001-05-01T00:00:00,2024-08-31T00:00:00
43044,123,Autopista,COLASTINE,40,alturas_bdhi,-32.0178611111111,-60.990275,2017-09-01T00:00:00,2017-12-31T00:00:00
43043,126,Villa Ocampo (Ruta Prov. Nº 32),LOSAMORES,40,alturas_bdhi,-28.4912222222222,-59.3879444444444,2001-05-01T00:00:00,2021-08-31T00:00:00
43039,127,Moussy,ELREY,40,alturas_bdhi,-28.9979166666667,-59.7526111111111,2001-05-01T00:00:00,2022-08-31T00:00:00
43048,140,Cnel. Bogado,PAVON,40,alturas_bdhi,-33.3600611111111,-60.576775,2001-05-01T00:00:00,2024-08-31T00:00:00
39727,174,San Justo - Ruta Provincial nº 2,SALADOSANTAFE,40,alturas_bdhi,-30.744031,-60.624247,2001-05-01T00:00:00,2013-09-30T00:00:00
39728,175,Emilia - Ruta Provincial nº 62,Salado Santafesino,40,alturas_bdhi,-31.042868,-60.841003,2001-05-01T00:00:00,2022-12-31T00:00:00
29979,1956,Dulce - Dique los Quiroga,Dulce,39,alturas_bdhi,-27.651,-64.3626138888889,2015-05-06T00:00:00,2026-04-30T00:00:00
29980,1957,Salado - El Arenal,Salado,39,alturas_bdhi,-26.3742194444444,-63.7244055555556,2010-04-01T00:00:00,2026-04-30T00:00:00
29982,1959,Dulce - Tuhama,Dulce,39,alturas_bdhi,-28.0147222222222,-64.0979166666667,2010-05-01T00:00:00,2026-04-30T00:00:00
29984,1961,EL DURAZNO - LA FLORIDA,El durazno,39,alturas_bdhi,-32.2333333333333,-64.7833333333333,2001-05-05T00:00:00,2026-03-31T00:00:00
29986,1963,Miraflores - Sayate,Miraflores,39,alturas_bdhi,-22.9008333333333,-65.8494444444444,2009-08-01T00:00:00,2011-02-02T00:00:00
29987,1964,San Francisco - Caimancito,San Francisco,39,alturas_bdhi,-23.7120555555556,-64.5395833333333,2024-06-08T00:00:00,2026-04-30T00:00:00
35885,1964,San Francisco - Caimancito,San Francisco,40,alturas_bdhi,-23.7120555555556,-64.5395833333333,2001-05-01T00:00:00,2026-01-31T00:00:00
43052,1967,JURAMENTO - EL TUNAL,Juramento,40,alturas_bdhi,-25.2266666666667,-64.4769444444444,2008-03-01T00:00:00,2023-08-31T00:00:00
35884,1969,BERMEJO - POZO SARMIENTO,Bermejo,40,alturas_bdhi,-23.2166666666667,-64.2,2001-05-01T00:00:00,2023-08-31T00:00:00
29993,1971,Bermejo - Alarache,Bermejo,39,alturas_bdhi,-22.2492777777778,-64.58675,2011-03-01T00:00:00,2026-04-30T00:00:00
29994,1973,PESCADO - CUATRO CEDROS,Pescado,39,alturas_bdhi,-22.8,-64.4833333333333,2001-05-01T00:00:00,2026-04-30T00:00:00
29995,1974,Arenales - El Encon,Arenales,39,alturas_bdhi,-24.8423055555556,-65.59325,2009-05-01T00:00:00,2026-04-30T00:00:00
29998,1978,Pilcomayo - La Paz,Pilcomayo,39,alturas_bdhi,-22.3775,-62.5234722222222,2001-05-01T00:00:00,2026-04-30T00:00:00
29999,1979,De las Conchas - La Punilla,De las Conchas,39,alturas_bdhi,-26.0119194444444,-65.8231138888889,2009-02-01T00:00:00,2026-04-30T00:00:00
30001,1981,Senguerr - Facundo,Senguerr,39,alturas_bdhi,-45.3192777777778,-69.9477694444444,2013-06-13T00:00:00,2026-04-30T00:00:00
30003,1983,CHUBUT - EL MAITÉN,Chubut,39,alturas_bdhi,-42.0997222222222,-71.1699444444445,2007-12-31T00:00:00,2026-03-31T00:00:00
30005,1985,CHUBUT - TRELEW,Chubut,39,alturas_bdhi,-43.2760194444444,-65.2734305555555,2024-06-08T00:00:00,2026-04-30T00:00:00
30006,1986,CHUBUT - GUALJAINA,Chubut,39,alturas_bdhi,-42.6097222222222,-70.3844444444445,2007-12-31T00:00:00,2026-04-30T00:00:00
30009,1989,ARRAYANES - LAGO VERDE,Arrayanes,39,alturas_bdhi,-42.7441666666667,-71.7416666666667,2007-12-31T00:00:00,2026-04-30T00:00:00
30012,1992,LAGO VINTER - VINTER,Lago Vinter,39,alturas_bdhi,-43.9195,-71.4284444444445,2007-12-31T00:00:00,2026-04-30T00:00:00
30013,1993,FONTANA - ESTANCIA AMANCAY,Fontana,39,alturas_bdhi,-42.9913888888889,-71.5586111111111,2007-12-31T00:00:00,2026-04-30T00:00:00
30014,1994,MENENDEZ - PUERTO CHUCAO,Menendez,39,alturas_bdhi,-42.7308333333333,-71.7580555555556,2007-12-31T00:00:00,2026-04-30T00:00:00
30015,1995,NAHUEL PAN - BOQUETE NAHUEL PAN,Nahuel Pan,39,alturas_bdhi,-43.0838888888889,-71.2541944444445,2007-12-31T00:00:00,2026-04-30T00:00:00
30016,1996,LAGO PUELO - LAGO PUELO,Puelo,39,alturas_bdhi,-42.0983333333333,-71.6161111111111,2007-12-31T00:00:00,2026-04-30T00:00:00
30017,1997,HUEMUL - CORCOVADO,Huemul,39,alturas_bdhi,-43.5366666666667,-71.4738888888889,2007-12-31T00:00:00,2026-04-30T00:00:00
30019,1999,LEPÁ - GUALJAINA,Lepá,39,alturas_bdhi,-42.7323888888889,-70.5477833333333,2007-12-31T00:00:00,2026-04-30T00:00:00
30023,2003,PUELO - HITO FRONTERIZO,Puelo,39,alturas_bdhi,-42.1055555555556,-71.7247222222222,2024-06-08T00:00:00,2026-04-30T00:00:00
30025,2005,EPUYÉN - MUELLE,Epuyén,39,alturas_bdhi,-42.2088888888889,-71.4275,2007-12-31T00:00:00,2026-04-30T00:00:00
30026,2006,FUTALEUFÚ - EMBALSE,Futaleufú,39,alturas_bdhi,-43.1094444444444,-71.6541944444445,2007-12-31T00:00:00,2026-04-30T00:00:00
30028,2008,LAGO MUSTERS - EL FORTÍN,Lago Musters,39,alturas_bdhi,-45.5766666666667,-69.2716666666667,2024-06-08T00:00:00,2026-04-30T00:00:00
30030,2010,MAYO - PASO RIO MAYO,RÃ­o Mayo,39,alturas_bdhi,-45.6815888888889,-70.2536166666667,2007-12-31T00:00:00,2026-04-30T00:00:00
30032,2012,Chubut - Los Altares,Chubut,39,alturas_bdhi,-43.8883805555556,-68.3993916666667,2007-12-31T00:00:00,2026-04-30T00:00:00
30033,2013,Carrenleufú - Jaramillo,Carrenleufú,39,alturas_bdhi,-43.8423888888889,-71.2339444444444,2007-12-31T00:00:00,2026-04-30T00:00:00
30034,2014,CARRENLEUFÚ - LAGO VINTER,Carrenleufú,39,alturas_bdhi,-43.8995277777778,-71.4188888888889,2007-12-31T00:00:00,2026-04-30T00:00:00
30035,2015,Pico - Frontera,Río Pico,39,alturas_bdhi,-44.2403611111111,-71.6599444444444,2024-06-08T00:00:00,2026-04-30T00:00:00
30036,2016,ESQUEL - ESTANCIA EL PRINCIPIO,Esquel,39,alturas_bdhi,-42.9582027777778,-71.3844444444445,2024-06-08T00:00:00,2026-04-30T00:00:00
30037,2017,BAGGLITS - RUTA A CHILE,BAGGLITS ,39,alturas_bdhi,-43.1989444444444,-71.5678055555556,2007-12-31T00:00:00,2026-04-30T00:00:00
30040,2020,Senguerr-Los Molinos,Senguerr,39,alturas_bdhi,-45.9861,-69.4748944444444,2024-06-08T00:00:00,2026-04-30T00:00:00
30043,2023,CARRENLEUFÚ - LA ELENA,Carrenleufú,39,alturas_bdhi,-43.6838888888889,-71.3008611111111,2007-12-31T00:00:00,2026-04-30T00:00:00
30044,2024,Chubut - Valle Inferior,Chubut,39,alturas_bdhi,-43.2930916666667,-65.4985333333333,2007-12-31T00:00:00,2026-04-30T00:00:00
30045,2025,Piray Miní - Valle Hermoso,Piray Miní,39,alturas_bdhi,-26.355,-54.4982222222222,2001-05-01T00:00:00,2026-04-30T00:00:00
35452,2025,Piray Miní - Valle Hermoso,Piray Miní,40,alturas_bdhi,-26.355,-54.4982222222222,2001-05-01T00:00:00,2024-02-29T00:00:00
30046,2026,Piray Guazú - Pinar Ciba,Piray Guazú,39,alturas_bdhi,-26.512,-54.4538333333333,2001-05-01T00:00:00,2026-04-30T00:00:00
35454,2026,Piray Guazú - Pinar Ciba,Piray Guazú,40,alturas_bdhi,-26.512,-54.4538333333333,2001-05-01T00:00:00,2024-02-29T00:00:00
30047,2027,Paraná - Puerto Rico,Paraná,39,alturas_bdhi,-26.7917222222222,-55.0240833333333,2008-05-01T00:00:00,2026-04-30T00:00:00
30048,2028,Paraná - Puerto Maní,Paraná,39,alturas_bdhi,-27.1063611111111,-55.5221666666667,2015-04-01T00:00:00,2026-01-31T00:00:00
30049,2029,Uruguay - El Soberbio,Uruguay,39,alturas_bdhi,-27.2985833333333,-54.1935833333333,2001-05-01T00:00:00,2026-04-30T00:00:00
30050,2030,Iguazú - Puerto Iguazú,Iguazú,39,alturas_bdhi,-25.59325,-54.5798611111111,2001-05-01T00:00:00,2026-04-30T00:00:00
30051,2031,Yabebiry - Colonia Mártires,Yabebiry,39,alturas_bdhi,-27.4011944444444,-55.3349722222222,2001-05-01T00:00:00,2026-04-30T00:00:00
30053,2033,Uruguay - Puerto Concepción,Uruguay,39,alturas_bdhi,-28.1187777777778,-55.581,2024-06-08T00:00:00,2026-04-30T00:00:00
30056,2036,Paraná - Puerto Libertad,Paraná,39,alturas_bdhi,-25.9165833333333,-54.62075,2024-06-08T00:00:00,2026-04-30T00:00:00
35456,2038,Paranay - El Alcazar,Paranay,40,alturas_bdhi,-26.75075,-54.7563333333333,2001-05-01T00:00:00,2024-02-29T00:00:00
30060,2040,Iguazú - Perfil Tipo,Iguazú,39,alturas_bdhi,-25.6766666666667,-54.4214444444444,2024-06-08T00:00:00,2026-01-31T00:00:00
30061,2041,Paraguay - Puerto Formosa,Paraguay,39,alturas_bdhi,-26.1831944444444,-58.1620277777778,2024-06-08T00:00:00,2026-04-30T00:00:00
30063,2043,Paraguay - La Herradura,Paraguay,39,alturas_bdhi,-26.5366055555556,-58.2296555555556,2025-02-15T00:00:00,2025-03-31T00:00:00
30064,2044,Bermejo - Puerto Velaz,Bermejo,39,alturas_bdhi,-26.6604444444444,-58.6339444444444,2024-06-08T00:00:00,2026-04-30T00:00:00
30065,2045,Pilcomayo - Puesto Jerez,Pilcomayo,39,alturas_bdhi,-22.7281111111111,-62.2133888888889,2024-06-08T00:00:00,2026-04-30T00:00:00
35886,2046,El Colorado,Bermejo,40,alturas_bdhi,-26.3342777777778,-59.3624166666667,2001-05-01T00:00:00,2025-08-31T00:00:00
30067,2047,Pilcomayo - Puerto Pilcomayo,Pilcomayo,39,alturas_bdhi,-25.372,-57.6503055555556,2024-06-08T00:00:00,2026-04-30T00:00:00
35888,2047,Pilcomayo - Puerto Pilcomayo,Pilcomayo,40,alturas_bdhi,-25.372,-57.6503055555556,1910-01-01T00:00:00,2025-08-31T00:00:00
30068,2049,Paraná - Tunel Subfluvial,Paraná,39,alturas_bdhi,-31.7198611111111,-60.5175277777778,2001-05-01T00:00:00,2020-12-31T00:00:00
30123,2049,Paraná - Tunel Subfluvial,Paraná,40,alturas_bdhi,-31.7198611111111,-60.5175277777778,2001-05-01T00:00:00,2024-08-31T00:00:00
30072,2058,Feliciano - Paso Quebracho,Feliciano,39,alturas_bdhi,-30.9915833333333,-59.6614166666667,2024-06-08T00:00:00,2026-04-30T00:00:00
30073,2061,PARANA - CHAPETON,Paraná,39,alturas_bdhi,-31.57425,-60.2833333333333,2024-06-08T00:00:00,2026-04-30T00:00:00
30074,2062,DEL DOLL - RUTA PROVINCIAL Nº 011,Del Doll,39,alturas_bdhi,-32.3058333333333,-60.4265277777778,2024-06-08T00:00:00,2026-04-30T00:00:00
42625,2062,DEL DOLL - RUTA PROVINCIAL Nº 011,Del Doll,40,alturas_bdhi,-32.3058333333333,-60.4265277777778,2001-06-11T00:00:00,2025-05-12T00:00:00
30077,2067,Uruguay - Garruchos,Uruguay,39,alturas_bdhi,-28.1755555555556,-55.6434722222222,2024-06-08T00:00:00,2026-04-30T00:00:00
30097,2070,Aguapey - Caa Caraí,Aguapey,39,alturas_bdhi,-27.824527778,-56.258444444,2024-06-08T00:00:00,2026-04-30T00:00:00
30089,2088,Riachuelo - Rp Nº 5,Riachuelo,39,alturas_bdhi,-27.5104722222222,-58.56975,2024-06-08T00:00:00,2026-04-30T00:00:00
42627,2088,Riachuelo - Rp Nº 5,Riachuelo,40,alturas_bdhi,-27.5104722222222,-58.56975,2016-09-01T00:00:00,2025-08-31T00:00:00
30091,2090,Guayquiraró- La Grela,Guayquiraró,39,alturas_bdhi,-30.346475,-59.3004333333333,2024-06-08T00:00:00,2026-04-30T00:00:00
42630,2094,Empedrado - Rp Nº 6,Empedrado,40,alturas_bdhi,-27.8011111111111,-58.505,2016-01-01T00:00:00,2025-08-31T00:00:00
30096,2095,Miriñay - San Roquito,Miriñay,39,alturas_bdhi,-29.2968333333333,-57.5651666666667,2024-06-08T00:00:00,2026-04-30T00:00:00
43035,2099,Riacho Palometa - Puente Ruta Provincial Nº 13,Riacho Palometa,40,alturas_bdhi,-27.5581666666667,-59.3938611111111,2016-01-01T00:00:00,2022-11-30T00:00:00
43036,2100,Salado - Rn Nº 11,Salado,40,alturas_bdhi,-27.5412777777778,-59.1309166666667,2016-01-02T00:00:00,2025-04-06T00:00:00
35887,2101,Paraguay - Puerto Bermejo,Paraguay,40,alturas_bdhi,-26.9258888888889,-58.5070277777778,1910-01-01T00:00:00,2025-08-31T00:00:00
6680,2145,Carrenleufú - Carrenleufú,,2,sat2,-43.5280555555556,-71.6002777777778,2021-09-01T00:00:00,2023-11-15T00:00:00
6705,2185,Dulce - Paso de la Cina,,2,sat2,-29.795,-62.8061111111111,2019-06-19T12:00:00,2026-08-30T20:00:00
6697,2188,Bermejo - El Colorado,,2,sat2,-26.3341666666667,-59.3625,2019-07-15T01:00:00,2026-08-30T17:00:00
6704,2202,Cuarto - RN Nº 8,,2,sat2,-33.1605555555556,-64.26,2019-07-04T17:00:00,2026-08-30T21:00:00
6706,2203,Gualeguay - Rosario del Tala,,2,sat2,-32.3086111111111,-59.0769444444445,2019-07-06T03:00:00,2026-08-30T21:00:00
34887,2215,Río Areco - San Antonio de Are,,40,sat2,-34.2405555555556,-59.4994444444444,2024-09-24T00:00:00,2026-08-29T00:00:00
6691,2216,Olivia - Olivia,,2,sat2,-54.7975,-68.2255555555556,2021-09-01T00:00:00,2026-08-30T20:00:00
32025,2846,Pilcomayo - Misión La Paz,,2,sat2,-22.3775,-62.5236111111111,2023-02-07T20:00:00,2026-08-30T20:00:00
30098,5888,Sauzalito,Bermejo,39,alturas_bdhi,-24.4332722222222,-61.6563305555556,2024-06-08T00:00:00,2024-09-30T00:00:00
34357,5904,PN Ciervo de los Pantanos,null,2,sat2,-34.2255555555556,-58.8988888888889,2023-02-07T16:01:00,2024-09-20T08:00:00
30115,5910,SANTA FE - LA GUARDIA,SISTEMA SETÚBAL,2,alturas_bdhi,-31.6301388888889,-60.6779722222222,2001-05-01T14:00:00,2026-04-30T08:00:00
30117,5910,SANTA FE - LA GUARDIA,SISTEMA SETÚBAL,39,alturas_bdhi,-31.6301388888889,-60.6779722222222,2001-05-01T00:00:00,2026-04-30T00:00:00
30121,5910,SANTA FE - LA GUARDIA,SISTEMA SETÚBAL,40,alturas_bdhi,-31.6301388888889,-60.6779722222222,2001-05-01T00:00:00,2024-08-31T00:00:00
31866,6163,INTA Delta,Paraná de las Palmas,2,ina_delta,-34.17675,-58.8643,2022-12-23T10:45:10,2026-05-14T06:45:11
32675,6263,Primero (Suquía) Camino Secund,,2,sat2,-30.9641666666667,-62.9961111111111,2023-02-07T17:00:00,2026-08-30T21:00:00
32631,6354,Paraná - La Paz,,2,sat2,-30.7325,-59.6386111111111,2023-02-07T17:00:00,2026-08-30T21:00:00
34342,6357,Carcarañá - Cruz Alta,,2,sat2,-33.0063888888889,-61.7875,2023-02-07T16:01:00,2026-08-30T21:00:00
34343,6359,Salado - Puente Carretero,,2,sat2,-34.6113888888889,-60.9572222222222,2023-02-07T17:00:00,2026-08-30T21:00:00
34344,6360,Saladillo - Dique Aforador,,2,sat2,-32.9316666666667,-62.3322222222222,2023-02-07T17:00:00,2026-08-30T21:00:00
34346,6362,Neuquén - Neuquén,,2,sat2,-38.9497222222222,-68.0227777777778,2023-02-07T17:00:00,2026-08-30T20:00:00
34354,6376,Chubut - Gualjaina,,2,sat2,-42.6097222222222,-70.3844444444445,2023-02-07T20:00:00,2026-08-30T16:00:00
33433,6382,Chico - Las Loicas,,2,sat2,-35.7925,-70.1419444444444,2023-02-07T20:00:00,2026-08-30T20:00:00
32923,6384,Chubut-Alto Chubut(Nacimiento),,2,sat2,-41.8341666666667,-71.1083333333333,2023-02-07T20:00:00,2026-06-29T17:00:00
33839,6388,Grande - La Gotera,,2,sat2,-35.8716666666667,-69.8919444444444,2023-02-07T20:00:00,2026-08-30T20:00:00
32016,6393,Aº Las Flores - Gral. Alvear,,2,sat2,-35.9875,-60.0194444444444,2023-02-07T17:00:00,2026-08-30T21:00:00
33257,6395,Paraná - Vuelta de Obligado,,2,sat2,-33.5941666666667,-59.8130555555556,2023-02-07T16:01:00,2026-08-30T21:00:00
31982,6397,Aº Pergamino - Pergamino,,2,sat2,-33.9041666666667,-60.5702777777778,2023-02-07T17:00:00,2026-08-30T21:00:00
31956,6401,Aº Del Medio - Motomel,,2,sat2,-33.3505555555556,-60.3230555555556,2023-02-07T17:00:00,2026-08-30T21:00:00
32251,6420,Lago Buenos Aires-Los Antiguos,,2,sat2,-46.5391666666667,-71.6094444444444,2023-02-07T17:00:00,2023-12-20T10:00:00
32008,6421,Atuel - Paso de Loro,,2,sat2,-35.6361111111111,-67.4261111111111,2023-02-07T20:00:00,2026-08-30T20:00:00
33259,6422,Mocoretá - RN Nº 127,,2,sat2,-30.1083333333333,-58.0588888888889,2023-02-07T20:00:00,2026-08-30T20:00:00
32027,6423,Aº Del Doll - RN 11,,2,sat2,-32.3058333333333,-60.4261111111111,2023-02-07T20:00:00,2026-08-30T20:00:00
31981,6426,Sauce Grande - RN Nº3,,2,sat2,-38.7608333333333,-61.6969444444444,2023-02-07T20:00:00,2026-08-30T20:00:00
32656,6428,Salado -A.Ab. Azud Cruz Bajada,,2,sat2,-25.7166666666667,-63.8916666666667,2023-02-07T16:01:00,2026-08-30T20:00:00
32666,6430,Colorado - Paso Alsina,,2,sat2,-39.3669444444444,-63.2375,2023-02-07T16:01:00,2026-08-30T18:00:00
33681,6432,Negro - Laguna Blanca,,2,sat2,-27.2633333333333,-59.1961111111111,2023-02-07T17:00:00,2026-08-30T21:00:00
34033,6441,Quinto - Dique Villa Mercedes,,2,sat2,-33.6538888888889,-65.5336111111111,2023-02-07T16:01:00,2026-08-30T21:00:00
32633,6454,Negro-Obra de Ctrl. Agua Abajo,,2,sat2,-27.4563888888889,-58.8988888888889,2023-02-07T17:00:00,2026-08-30T21:00:00
33461,6457,Embalse Cruz Bajada,,2,sat2,-25.7158333333333,-63.8916666666667,2023-02-07T16:01:00,2026-08-30T20:00:00
33696,6458,Paraná - Puerto Libertad,,2,sat2,-25.9166666666667,-54.6205555555556,2024-07-01T12:00:00,2026-08-30T16:00:00
32024,6459,Canal de Dios - Cruz Bajada,,2,sat2,-25.7163888888889,-63.8905555555556,2023-02-07T16:01:00,2026-08-30T20:00:00
32023,6461,Aº Las Garzas - RN Nº 11,,2,sat2,-28.7766666666667,-59.4738888888889,2023-02-07T20:00:00,2026-08-30T16:00:00
33117,6463,Ledesma -Fraile Pintado-RN 34 ,,2,sat2,-23.9094444444444,-64.8080555555556,2023-02-07T16:01:00,2026-08-30T21:00:00
32777,6464,San Pedro - Ledesma - RN 34,,2,sat2,-24.2644444444444,-64.8986111111111,2023-02-07T17:00:00,2026-08-30T21:00:00
33281,6466,Vinchina - Los Palacios -RN 40,,2,sat2,-29.3488888888889,-68.2411111111111,2023-02-07T16:01:00,2026-08-30T21:00:00
32844,6472,Quinto -Av Circunvalación,,2,sat2,-33.7391666666667,-65.3769444444444,2026-04-01T05:00:00,2026-08-30T21:00:00
32654,6474,Lago Muster - Fortín,,2,sat2,-45.5802777777778,-69.2763888888889,2023-02-07T20:00:00,2023-09-28T04:00:00
33357,6483,Desaguadero - Salto de la Tosc,,2,sat2,-34.0869444444444,-66.71,2023-02-07T20:00:00,2026-08-30T16:00:00
32815,6490,Arrayanes - Lago Verde,,2,sat2,-42.7436111111111,-71.7430555555556,2023-03-09T20:00:00,2025-06-18T08:00:00
32820,6498,Urueña -7 de Abril - RN34,,2,sat2,-26.2188888888889,-64.5119444444444,2024-09-11T16:00:00,2026-08-30T20:00:00
32679,6504,Seco - RN Nº 157,,2,sat2,-27.3361111111111,-65.3175,2023-02-07T17:00:00,2026-08-30T20:00:00
33966,6506,Salí - Alta Gracia,,2,sat2,-26.7191666666667,-65.1619444444444,2023-02-07T16:01:00,2026-08-30T21:00:00
32997,6507,Neuquén - Chos Malal -RN40,,2,sat2,-37.4063888888889,-70.2291666666667,2023-02-12T17:00:00,2026-08-30T21:00:00
32862,6516,Vizcachas - Cerro Palique,,2,sat2,-50.9961111111111,-72.1063888888889,2023-02-07T20:00:00,2026-08-30T16:00:00
33886,6519,Aº Trabunco -S.M. de Los Andes,,2,sat2,-40.1530555555556,-71.3347222222222,2023-02-07T17:00:00,2026-08-30T20:00:00
33564,6522,Pepirí Guazú-Pte.Int.P.Rosales,,2,sat2,-26.6133333333333,-53.7347222222222,2023-02-10T20:00:00,2026-08-30T00:00:00
33490,6528,Desaguadero - El Encón,,2,sat2,-32.2247222222222,-67.8069444444444,2023-02-08T01:00:00,2024-11-27T01:00:00
33887,6529,L. Lacar - S.M. de Los Andes,,2,sat2,-40.1616666666667,-71.3586111111111,2023-02-07T16:01:00,2026-07-30T20:00:00
34051,6530,Agrio - Bajada del Agrio,,2,sat2,-38.3658333333333,-70.0325,2023-02-18T01:01:00,2023-09-13T08:00:00
32838,6532,Manso - Los Alerces HID,,2,sat2,-41.3736111111111,-71.7458333333333,2023-02-16T16:00:00,2026-03-03T16:00:00
33331,6533,Gallegos Chico - Bella Vista,,2,sat2,-51.865,-70.5616666666667,2023-02-07T16:01:00,2026-08-30T00:00:00
33009,6534,San Juan - Km 101 LIM,,2,sat2,-31.2522222222222,-69.1775,2023-02-07T20:00:00,2026-08-30T16:00:00
32711,6544,Areco - Carmen de Areco,,2,sat2,-34.3519444444444,-59.8169444444444,2023-02-07T20:00:00,2026-08-30T20:00:00
32851,6548,Bermejo - Aguas Blancas LIM,,2,sat2,-22.7263888888889,-64.3691666666667,2023-02-07T17:00:00,2026-08-30T20:00:00
32882,6549,Juramento - El Tunal,,2,sat2,-25.2497222222222,-64.3902777777778,2023-02-07T17:00:00,2026-08-30T21:00:00
33230,6551,Uruguay - Monte Caseros,,2,sat2,-30.2516666666667,-57.6216666666667,2023-02-09T01:01:00,2026-08-30T21:00:00
34065,6553,Bañado La Estrella - RP Nº28,,2,sat2,-24.4086111111111,-60.3341666666667,2023-02-07T20:00:00,2026-08-30T20:00:00
33974,6555,Santa Maria - Pie de Medano,,2,sat2,-26.9955555555556,-66.2175,2023-02-07T20:00:00,2026-08-30T16:00:00
33241,6578,Uruguay - El Soberbio,,2,sat2,-27.2922222222222,-54.1955555555556,2023-02-07T20:00:00,2026-08-30T20:00:00
33062,6582,Senguerr - Los Molinos,,2,sat2,-45.9861111111111,-69.475,2023-02-08T08:00:00,2026-08-30T20:00:00
33192,6592,A° Saltito - El Saltito,,2,sat2,-27.4405555555556,-54.5766666666667,2023-02-07T16:01:00,2026-08-30T16:00:00
34145,6595,Lag. La Picasa-Inter. Can. A22,,2,sat2,-34.4494444444444,-62.4133333333333,2023-02-07T20:00:00,2026-08-30T16:00:00
33064,6608,Chubut - Los Altares,,2,sat2,-43.8886111111111,-68.3983333333333,2023-02-07T20:00:00,2026-08-30T20:00:00
33231,6615,Uruguay - Garruchos,,2,sat2,-28.1772222222222,-55.6422222222222,2023-02-07T20:00:00,2026-08-30T16:00:00
33056,6616,Dique Belén - Aguas Abajo,,2,sat2,-27.6155555555556,-67.0163888888889,2024-09-13T16:00:00,2026-08-30T20:00:00
32883,6617,Aº Yabotí  Guazú,,2,sat2,-27.0694444444444,-53.8938888888889,2023-02-07T20:00:00,2023-05-29T20:00:00
33988,6621,Uruguay - Paso de los Libres,,2,sat2,-29.7219444444444,-57.0830555555556,2024-11-01T20:00:00,2026-08-30T08:00:00
33059,6625,Chico - Chico 2,,2,sat2,-53.5480555555556,-68.3769444444444,2024-09-13T16:00:00,2026-08-30T16:00:00
34086,6626,Guayquiraró - RN 12 - A°Curupí,,2,sat2,-30.3511111111111,-59.5147222222222,2024-09-21T12:00:00,2026-08-30T20:00:00
34147,6631,Dique Sotomayor - Aguas abajo,,2,sat2,-28.5911111111111,-65.2877777777778,2024-09-13T16:00:00,2026-08-30T20:00:00
33393,6637,Bermejo - Azud los Colorados,,2,sat2,-29.2580555555556,-68.2525,2024-09-13T16:00:00,2026-08-30T16:00:00
33927,6638,Dique Belén - Embalse,,2,sat2,-27.615,-67.0163888888889,2024-09-13T16:00:00,2026-08-30T20:00:00
33058,6639,Afluente Río Grande       ,,2,sat2,-53.8416666666667,-68.5313888888889,2024-09-13T16:00:00,2026-08-30T16:00:00
33516,6640,Ñorquinco - Ñorquinco,,2,sat2,-41.8419444444444,-70.8913888888889,2024-09-13T16:00:00,2026-08-30T16:00:00
33394,6649,Lago Puelo - Lago Puelo,,2,sat2,-42.0972222222222,-71.6194444444444,2024-09-13T16:00:00,2026-08-30T21:00:00
33520,6650,Salí - RP Nº323,,2,sat2,-27.1333333333333,-65.3155555555555,2023-02-07T20:00:00,2026-08-30T21:00:00
33395,6654,Carreras - Frontera,,2,sat2,-48.2061111111111,-72.2838888888889,2024-09-13T16:00:00,2026-08-30T20:00:00
34000,6655,Aº Azul - Seminario Diocesano,,2,sat2,-36.8311111111111,-59.8938888888889,2023-02-15T16:00:00,2026-08-30T21:00:00
33522,6656,Chico - Cerro Mesa,,2,sat2,-41.7063888888889,-70.4825,2023-02-07T20:00:00,2026-02-08T16:00:00
34088,6657,Vinchina - Vinchina,,2,sat2,-28.7436111111111,-68.2205555555556,2025-01-22T16:00:00,2026-08-30T20:00:00
34001,6658,Paraguay - Puerto Dalmacia,,2,sat2,-25.875,-57.8730555555556,2023-02-13T12:00:00,2026-08-30T20:00:00
33061,6659,Riacho Salado - Tatané - RN 11,,2,sat2,-26.4077777777778,-58.3591666666667,2023-02-07T20:00:00,2026-08-30T20:00:00
33396,6660,Pilcomayo - Villa Gral. Güemes,,2,sat2,-24.7469444444444,-59.4997222222222,2023-02-08T16:00:00,2026-08-30T20:00:00
33523,6661,Abaucán - Limite con La Rioja,,2,sat2,-28.2613888888889,-67.0208333333333,2024-09-13T16:00:00,2026-08-30T20:00:00
33216,6664,Aº Mocoretá - RN Nº 14,,2,sat2,-30.6275,-57.9827777777778,2023-02-09T08:00:00,2026-08-30T20:00:00
33066,6667,Vizcachas - Limite con Chile,,2,sat2,-51.0297222222222,-72.3111111111111,2024-09-13T16:00:00,2026-08-30T16:00:00
33531,6669,San Javier - Cayastá,,2,sat2,-31.1933333333333,-60.1530555555556,2024-09-13T16:00:00,2026-08-30T16:00:00
34148,6671,Vizcachas - Nacimiento,,2,sat2,-50.87,-71.965,2024-09-13T16:00:00,2026-08-30T16:00:00
33067,6672,Ona - Ona - RP B,,2,sat2,-53.9288888888889,-68.1177777777778,2025-02-13T20:00:00,2026-08-30T20:00:00
33399,6678,Bermejo - Alarache,,2,sat2,-22.1902777777778,-64.6527777777778,2024-09-13T16:00:00,2026-08-30T20:00:00
34093,6685,Sis. Setúbal-Sta. Fé-La Guard.,,2,sat2,-31.6302777777778,-60.6777777777778,2024-09-13T16:00:00,2026-08-30T21:00:00
34115,6698,Salado RP Nº 51 - Achupallas,,2,sat2,-35.0880555555556,-60.1088888888889,2023-02-07T20:00:00,2026-08-30T16:00:00
33400,6706,Los Antiguos - Los Antiguos,,2,sat2,-46.5541666666667,-71.6397222222222,2023-02-07T18:00:00,2026-08-30T19:00:00
33793,6707,Juramento - El Quebrachal,,2,sat2,-25.3441666666667,-64.0461111111111,2024-09-13T16:00:00,2026-08-30T21:00:00
33250,6718,Lago Fagnano – Puerto Tolhuin ,,2,sat2,-54.5269444444444,-67.2327777777778,2024-09-22T01:00:00,2026-08-30T21:00:00
33424,6719,Grande - Planta Potabilizadora,,2,sat2,-53.8297222222222,-67.8422222222222,2025-02-13T19:00:00,2026-08-20T13:00:00
34219,6722,Laguna Melincué - RP Nº 90,,2,sat2,-33.6680555555556,-61.4722222222222,2024-12-22T13:00:00,2026-08-30T21:00:00
34118,6726,Bella Vista -  Radman,,2,sat2,-53.9983333333333,-68.5947222222222,2025-02-13T16:00:00,2026-08-30T20:00:00
33251,6730,Coronda - Puerto Gaboto,,2,sat2,-32.4275,-60.8158333333333,2024-09-13T16:00:00,2026-08-30T16:00:00
34121,6735,Miriñay - San Roquito,,2,sat2,-29.2969444444444,-57.5655555555556,2024-09-13T16:00:00,2026-08-30T20:00:00
33426,6738,Miraflores - Sayate,,2,sat2,-22.9008333333333,-65.8494444444444,2024-09-13T16:00:00,2026-08-30T16:00:00
33811,6739,Mayo - Paso Río Mayo - HID,,2,sat2,-45.6836111111111,-70.2480555555556,2024-09-13T16:00:00,2025-10-08T08:00:00
33252,6740,Carrileufú - Cholila,,2,sat2,-42.4955555555556,-71.5411111111111,2025-08-13T20:00:00,2026-08-30T16:00:00
33813,6741,Chico - Gregores,,2,sat2,-48.7522222222222,-70.3216666666667,2023-02-07T20:00:00,2023-08-13T16:00:00
33952,6744,Del Campo - Cabo San Miguel,,2,sat2,-27.4333333333333,-65.9977777777778,2025-05-23T16:00:00,2026-08-30T04:00:00
33948,6745,Guanasacate - Jesús Maria,,2,sat2,-30.9702777777778,-64.0911111111111,2024-09-13T16:00:00,2026-08-30T21:00:00
34178,6746,Canal San Antonio- RP Nº66,,2,sat2,-31.9905555555556,-62.1688888888889,2024-09-13T16:00:00,2026-08-30T21:00:00
34847,6831,Arroyo Toro,Arroyo Toro,2,ina_delta,-34.322529,-58.596012,2023-06-26T00:45:10,2023-12-30T09:45:10
35405,6949,Finky,,2,prevenir,-34.786209,-58.397766,2024-07-07T09:45:00,2026-08-30T21:15:00
35407,6950,LP_Libano,Arroyo Las Piedras,2,prevenir,-34.738069,-58.30934,2024-07-07T09:45:00,2026-08-30T20:45:11
35411,6952,SD_Olmos,Canal Santo Domingo,2,prevenir,-34.687629,-58.323275,2024-07-07T09:45:00,2026-08-30T21:10:00
36689,7162,Aº El Rey - RN Nº11,,2,sat2,-29.1333333333333,-59.6547222222222,2024-07-01T00:00:00,2026-08-30T21:00:00
36695,7168,San Javier - Alejandra,,2,sat2,-29.9122222222222,-59.8169444444444,2025-01-17T10:00:00,2025-05-08T08:00:00
36724,7185,CIRHBAS - LIM  LAGUNA EL BONETE,,2,sat2,-29.3880555555556,-60.5469444444444,2024-09-14T09:00:00,2026-08-30T16:00:00
36725,7186,CIRHBAS - LIM RUTA PCIAL 40 - CL HIDROVIAL R920,,2,sat2,-29.1247222222222,-60.8397222222222,2024-09-14T09:00:00,2025-05-23T09:00:00
36727,7188,CIRHBAS - LIM BAJO CHOROTIS-RN 95,,2,sat2,-28.0886111111111,-61.3519444444444,2024-09-14T03:00:00,2026-08-30T15:00:00
36728,7189,CIRHBAS - LIM CANAL INTERLAGOS-CANAL INTERLAGOS,,2,sat2,-28.9947222222222,-60.5691666666667,2024-09-14T09:00:00,2026-08-30T15:00:00
36729,7190,CIRHBAS - LIM CANAL LINEA PARANA TRAMO IV,,2,sat2,-27.9977777777778,-60.7155555555556,2024-09-14T03:00:00,2026-08-30T15:00:00
36730,7191,CIRHBAS - LIM LAGUNAS SALADAS- RP 77,,2,sat2,-28.2908333333333,-61.1952777777778,2024-09-14T03:00:00,2026-03-16T09:00:00
36732,7193,CIRHBAS - LIM LOS AMORES - CAN,,2,sat2,-28.1102777777778,-59.9755555555556,2024-09-13T16:00:00,2026-08-30T21:00:00
36735,7196,CIRHBAS - LIM VILLA GUILLERMINA-ARROYO LOS AMORES,,2,sat2,-28.2744444444444,-59.4216666666667,2024-09-14T03:00:00,2026-08-30T15:00:00
36786,7204,CIRHBAS - PF EL AGUARA,,2,sat2,-27.0722222222222,-60.0758333333333,2024-09-14T09:00:00,2026-08-30T20:00:00
36827,7230,Aguapey - Caá Caraí,,2,sat2,-27.8244444444444,-56.2583333333333,2024-09-13T16:00:00,2026-08-30T20:00:00
36832,7234,Aº Feliciano - Paso Correa RP2,,2,sat2,-30.3930555555556,-58.7075,2024-09-13T16:00:00,2026-08-30T21:00:00
36835,7236,Aº Los Amores - RN Nº11,,2,sat2,-28.5558333333333,-59.3558333333333,2024-09-13T16:00:00,2026-08-30T20:00:00
36837,7237,Aº Medrano Reser. - Tecnópolis,,2,sat2,-34.5611111111111,-58.5077777777778,2024-09-13T15:15:00,2026-08-30T21:00:00
36838,7238,Aº Pavón - Cnel. Bogado,,2,sat2,-33.36,-60.5766666666667,2024-09-13T16:00:00,2026-08-30T21:00:00
36844,7242,Aº Tapalqué - Av de los Trabaj,,2,sat2,-36.8791666666667,-60.3108333333333,2024-09-13T16:00:00,2026-08-30T18:00:00
36845,7243,Aº Vallimanca - RN 226,,2,sat2,-36.3711111111111,-60.9555555555556,2024-09-13T16:00:00,2026-08-30T16:00:00
36848,7245,Azul - Puesto 1,,2,sat2,-41.9588888888889,-71.5661111111111,2024-09-13T16:00:00,2026-08-30T16:00:00
36849,7246,Barrancas - Barrancas,,2,sat2,-36.8136111111111,-69.8730555555556,2025-04-01T16:00:00,2026-08-03T08:00:00
36858,7247,Bermejo - Balapuca MET,,2,sat2,-22.4925,-64.4636111111111,2024-09-24T16:00:00,2026-08-28T16:00:00
36859,7248,Bermejo - P. Sarmiento,,2,sat2,-23.1438888888889,-64.1947222222222,2024-09-13T16:00:00,2026-08-30T20:00:00
36860,7249,Bermejo - Santa Victoria Oeste,,2,sat2,-22.2486111111111,-64.9613888888889,2024-09-13T16:00:00,2026-08-30T20:00:00
36862,7250,Blanco - Angualasto,,2,sat2,-30.0505555555556,-69.17,2024-09-13T16:00:00,2026-08-30T16:00:00
36871,7252,Canal 9 - Autovia 2,,2,sat2,-36.2811111111111,-57.7038888888889,2024-09-13T16:00:00,2026-08-30T21:00:00
36886,7258,Chubut - Las Plumas,,2,sat2,-43.7233333333333,-67.2866666666667,2024-09-13T16:00:00,2026-08-30T21:00:00
36905,7260,Diamante - Monte Comán,,2,sat2,-34.5705555555556,-67.865,2024-09-13T16:00:00,2026-08-30T21:00:00
36906,7261,Dique Paso de Las Carretas,,2,sat2,-33.3336111111111,-65.8669444444444,2024-09-13T20:00:00,2026-08-30T16:00:00
36917,7264,Dulce III – Los Quiroga,,2,sat2,-27.6058333333333,-64.4075,2024-09-13T16:00:00,2026-08-30T20:00:00
36920,7266,Empedrado-Ruta Provincial Nº6,,2,sat2,-27.8013888888889,-58.5052777777778,2024-10-07T12:00:00,2026-08-30T16:00:00
36950,7270,Grande - Ume Pay,,2,sat2,-32.2183333333333,-64.7513888888889,2024-09-13T16:00:00,2026-08-30T20:00:00
36960,7274,Gualeguaychú - RN Nº 39,,2,sat2,-32.445,-58.5547222222222,2024-10-09T12:00:00,2026-08-30T16:00:00
36964,7277,Iguazú - Pto. Iguazú,,2,sat2,-25.5933333333333,-54.58,2024-09-13T15:30:00,2026-08-30T18:30:00
37020,7289,Manso - Steffen,,2,sat2,-41.5158333333333,-71.5361111111111,2024-09-13T16:00:00,2026-08-30T16:00:00
37029,7291,Marapa - RN Nº 157 Lamadrid,,2,sat2,-27.6572222222222,-65.2447222222222,2024-09-13T16:00:00,2026-08-30T21:00:00
37038,7293,Negro - Isla Jordán,,2,sat2,-38.9961111111111,-67.9733333333333,2024-09-13T18:00:00,2026-08-30T20:00:00
37040,7294,Negro - Paso Cordova,,2,sat2,-39.1125,-67.6230555555556,2025-07-17T17:00:00,2026-08-30T21:00:00
37041,7295,Negro - Philipon,,2,sat2,-27.1741666666667,-59.2613888888889,2025-02-05T00:00:00,2026-08-17T04:00:00
37042,7296,Negro - San Fernando,,2,sat2,-27.4355555555556,-58.9822222222222,2024-09-19T04:00:00,2026-08-30T21:00:00
37043,7297,Neuquén - Dique Ballester,,2,sat2,-38.7247222222222,-68.1705555555556,2024-09-13T16:00:00,2026-08-30T20:00:00
37055,7301,Nogoya - RP Nº 11,,2,sat2,-32.8419444444444,-59.8647222222222,2024-10-08T16:00:00,2026-08-30T16:00:00
37064,7302,Paraná - HID Chapetón,,2,sat2,-31.5741666666667,-60.2833333333333,2024-09-13T16:00:00,2026-08-30T16:00:00
37065,7303,Paraná - Ita Cajón,,2,sat2,-25.6047222222222,-54.5941666666667,2024-09-13T17:00:00,2026-08-30T20:30:00
37066,7304,Paranay - El Alcázar,,2,sat2,-26.7508333333333,-54.7558333333333,2024-09-13T16:00:00,2026-08-30T20:00:00
37076,7306,Pico - Frontera,,2,sat2,-44.2402777777778,-71.66,2024-09-13T20:00:00,2026-08-30T20:00:00
39718,7396,Puerto Belgrano,,2,estaciones_shn,-38.89583333,-62.10138889,2026-03-11T11:45:00,2026-08-30T20:45:00
43581,8318,NIV -  Sierras Campo Negro,,2,sat2,-27.4608333333333,-68.6133333333333,2026-02-05T18:00:00,2026-04-01T19:00:00
43925,8325,Lago Muster - Fortín,,2,sat2,-45.4797222222222,-69.2588888888889,2026-03-09T02:00:00,2026-08-30T21:00:00
30114,19,Corrientes,PARANAMED,40,alturas_prefe,-27.46364349,-58.8388696,,
30111,29,Paraná,PARANAINF,40,alturas_prefe,-31.7182378629681,-60.5225697750899,,
882,33,San Lorenzo (San Martín),PARANAINF,4,alturas_prefe,-32.7336256031375,-60.7256705696322,,
26636,39,Baradero,BARADERO,40,alturas_prefe,-33.8006916108445,-59.4955962110789,,
3510,40,Zárate,PARANADELASPALMAS,2,alturas_prefe,-34.0987818311696,-59.0108657589595,,
26673,76,Federación,URUGUAY,40,alturas_prefe,-30.993221,-57.914682,,
3159,93,Confluencia,PARANAMED,2,alturas_prefe,-25.592701,-54.593363,,
1521,103,Recreo - Ruta Provincial nº 70,SALADOSANTAFE,2,alturas_bdhi,-31.4912222222222,-60.7805555555556,,
968,119,Paso Juncué,GUAYQUIRARO,4,alturas_bdhi,-30.3616388888889,-59.2586944444444,,
988,139,Ruta Provincial nº 18,SALADILLO,4,alturas_bdhi,-33.02925,-60.6820277777778,,
26722,1702,Braga,,40,estaciones_pvnymm,-34.3363990783691,-58.4844017028809,,
3505,1712,Carabelitas,,4,estaciones_pvnymm,-33.9491996765137,-58.7689018249512,,
6168,1896,LA LEONA - LA LEONA,La Leona,4,alturas_bdhi,-49.7971944444444,-72.0640277777778,,
6174,1898,De las Vueltas - Parque Nac. los Glaciares,De las Vueltas,4,alturas_bdhi,-49.3432777777778,-72.8607222222222,,
6222,1918,POTRERO-RUTA PROVINCIAL Nº 001,Potrero,4,alturas_bdhi,-31.5123333333333,-60.4624166666667,,
38398,2112,Gualeguaychú - RN Nº 14,,101,sat2,-32.7680555555556,-58.4983333333333,2024-10-07T16:00:00,2025-05-30T00:00:00
38369,2113,Aº Colastiné - Autopista - A01,,101,sat2,-32.0177777777778,-60.9902777777778,2024-09-16T20:00:00,2026-08-30T16:00:00
38370,2121,Aº El Monje - Autopista A01,,101,sat2,-32.3922222222222,-60.9408333333333,2024-09-16T20:00:00,2026-08-30T16:00:00
38364,2127,Salado - Santa Isabel,,101,sat2,-36.2911111111111,-66.8291666666667,2024-09-16T20:00:00,2026-02-27T08:00:00
38328,2129,Arrecifes - Arrecifes,,101,sat2,-34.0866666666667,-60.0072222222222,2024-09-16T20:00:00,2026-08-30T16:00:00
38388,2130,Atuel - El Sosneado,,101,sat2,-35.0833333333333,-69.6041666666667,2024-09-16T20:00:00,2026-08-30T16:00:00
38404,2133,Paraguay - Pto. Pilcomayo,,101,sat2,-25.3719444444444,-57.6502777777778,2024-09-16T20:00:00,2026-08-30T12:00:00
38397,2135,De los Patos - La Plateada,,101,sat2,-31.8552777777778,-69.6605555555556,2024-09-16T20:00:00,2026-08-30T12:00:00
38332,2139,Coronda - Coronda,,101,sat2,-31.9741666666667,-60.9138888888889,2024-09-16T20:00:00,2026-08-30T16:00:00
38355,2142,HUA HUM - San Martin,,101,sat2,-40.1197222222222,-71.6619444444444,2024-09-17T00:00:00,2026-08-10T00:00:00
38407,2144,Quemquemtreu - Escuela,,101,sat2,-41.8986111111111,-71.5025,2025-02-11T20:00:00,2026-08-30T12:00:00
38378,2148,Gallegos - Toma SP,,101,sat2,-51.6883333333333,-69.6555555555556,2024-09-17T20:00:00,2025-03-28T16:00:00
38323,2149,Iguazú - Perfil Tipo,,101,sat2,-25.6766666666667,-54.4213888888889,2024-09-16T20:00:00,2026-08-30T12:00:00
38383,2150,Miriñay - Paso Ledesma,,101,sat2,-29.8458333333333,-57.675,2024-09-16T20:00:00,2026-08-30T16:00:00
38385,2151,Quequen Grande - Necochea,,101,sat2,-38.4625,-58.7588888888889,2024-09-16T20:00:00,2026-08-30T16:00:00
38343,2154,Bermejo - Pozo Sarmiento,,101,sat2,-23.1405555555556,-64.1969444444445,2024-09-16T20:00:00,2025-06-19T08:00:00
38381,2156,Laguna Iberá - Carlos Pellegri,,101,sat2,-28.5380555555556,-57.1869444444444,2024-09-16T20:00:00,2026-08-30T16:00:00
38375,2160,Colorado - Pichi Mahuida,,101,sat2,-38.8216666666667,-64.9813888888889,2024-09-16T20:00:00,2026-08-30T16:00:00
38341,2165,Charles Fhur,,101,sat2,-50.2522222222222,-71.9077777777778,2024-09-16T20:00:00,2026-08-30T12:00:00
38473,2172,Desaguadero - Arco de Desaguad,,101,sat2,-33.4041666666667,-67.1516666666667,2026-08-12T16:00:00,2026-08-12T16:00:00
38372,2175,Canal Macapillo,,101,sat2,-25.4136111111111,-63.9761111111111,2024-09-16T20:00:00,2026-08-30T12:00:00
38303,2177,Canal Liag - Quebrachal,,101,sat2,-25.3452777777778,-64.045,2024-09-16T20:00:00,2026-08-30T16:00:00
38345,2179,Carrenleufú - Poncho Moro,,101,sat2,-43.6716666666667,-71.4016666666667,2024-09-16T20:00:00,2026-08-30T16:00:00
38394,2181,Chubut - Ameghino,,101,sat2,-43.6983333333333,-66.475,2024-09-16T20:00:00,2026-08-30T12:00:00
38361,2183,Mendoza - Guido,,101,sat2,-32.9152777777778,-69.2377777777778,2024-09-16T20:00:00,2026-08-30T16:00:00
38310,2188,Bermejo - El Colorado,,101,sat2,-26.3341666666667,-59.3625,2024-09-16T20:00:00,2026-08-30T12:00:00
38391,2193,Bermejo - Puerto Lavalle,,101,sat2,-25.6511111111111,-60.1280555555556,2024-09-17T08:00:00,2026-08-30T12:00:00
38319,2196,Abaucán - Tinogasta,,101,sat2,-27.9930555555556,-67.6269444444444,2024-09-16T20:00:00,2026-08-30T16:00:00
35427,2199,Corrientes - Los Laureles,,4,sat2,-29.7572222222222,-59.2172222222222,,
38312,2202,Cuarto - RN Nº 8,,101,sat2,-33.1605555555556,-64.26,2024-09-16T20:00:00,2026-08-30T16:00:00
38314,2203,Gualeguay - Rosario del Tala,,101,sat2,-32.3086111111111,-59.0769444444445,2024-09-16T20:00:00,2026-08-30T16:00:00
38326,2208,PN - Los Glaciares,,101,sat2,-50.4261111111111,-72.7477777777778,2024-09-16T20:00:00,2026-08-30T16:00:00
38384,2210,Neuquen - Paso de Indios,,101,sat2,-38.5302777777778,-69.4022222222222,2024-09-16T20:00:00,2026-08-30T12:00:00
34889,2215,Río Areco - San Antonio de Are,,39,sat2,-34.2405555555556,-59.4994444444444,,
38387,2215,Río Areco - San Antonio de Are,,101,sat2,-34.2405555555556,-59.4994444444444,2024-09-24T12:00:00,2026-08-30T16:00:00
38373,2220,Atuel - Carmensa,,101,sat2,-35.1844444444444,-67.7269444444444,2024-09-16T20:00:00,2026-08-30T16:00:00
38350,2223,Salado - Suncho Corral,,101,sat2,-27.9402777777778,-63.4397222222222,2024-09-16T20:00:00,2026-07-15T08:00:00
38337,2227,Salado - RN Nº02,,101,sat2,-35.9622222222222,-57.8519444444444,2024-09-16T20:00:00,2026-08-30T16:00:00
38396,2228,De las Vueltas,,101,sat2,-49.3433333333333,-72.8608333333333,2024-09-16T20:00:00,2026-08-30T12:00:00
38413,2355,Senguerr - Nacimiento,,101,sat2,-44.9583333333333,-71.3419444444444,2024-09-16T20:00:00,2026-08-30T16:00:00
38415,2593,Arenales - La Maroma,,101,sat2,-25.1538888888889,-65.42,2024-09-16T20:00:00,2026-08-30T16:00:00
38301,2606,Gualjaina - Gualjaina,,101,sat2,-42.6513888888889,-70.4355555555556,2024-09-16T20:00:00,2026-08-30T16:00:00
38298,2607,Atuel - Loma Negra,,101,sat2,-35.2641666666667,-69.2497222222222,2024-09-16T20:00:00,2026-08-30T16:00:00
38300,2608,Diamante - La Jaula,,101,sat2,-34.6686111111111,-69.3163888888889,2024-09-16T20:00:00,2026-08-30T16:00:00
38418,2672,Juramento - Finca Agropecuari,,101,sat2,-25.1613888888889,-64.1061111111111,2024-09-16T20:00:00,2026-08-30T16:00:00
38428,2732,Atuel - La Angostura,,101,sat2,-35.0986111111111,-68.8747222222222,2024-09-16T20:00:00,2026-08-30T12:00:00
26565,2776,PN Trinidad - Condorito ,,39,sat2,-31.6911111111111,-64.8527777777778,,
38456,2809,Quinto - RP Nº26,,101,sat2,-34.7627777777778,-63.645,2024-09-16T20:00:00,2026-08-30T16:00:00
38453,2813,Miriñay - Paso Mesa,,101,sat2,-28.9166666666667,-57.2363888888889,2024-09-16T20:00:00,2026-08-30T12:00:00
38431,2826,Pilcomayo - Puesto Jerez,,101,sat2,-22.7280555555556,-62.2133333333333,2024-09-16T20:00:00,2026-08-30T16:00:00
38441,2830,Paraná Guazú - Brazo Largo,Paraná Guazú,101,sat2,-33.8830555555556,-58.9,2024-09-16T20:00:00,2026-08-30T16:00:00
38438,2831,Senguerr - Facundo,,101,sat2,-45.3191666666667,-69.9477777777778,2024-09-16T20:00:00,2026-07-19T08:00:00
38433,2836,Aº Barrancas - Paso La Llana,,101,sat2,-30.2172222222222,-59.3244444444444,2024-09-16T20:00:00,2026-08-30T16:00:00
38439,2837,Nogoya - RN Nº12,,101,sat2,-32.3947222222222,-59.7638888888889,2024-09-16T20:00:00,2026-08-30T16:00:00
38426,2838,Aº Saladillo - RN Nº205,,101,sat2,-35.4594444444445,-59.5747222222222,2024-09-16T20:00:00,2026-08-30T16:00:00
38448,2843,Mitre - Ruta Prov. Nº11,,101,sat2,-50.3997222222222,-72.7338888888889,2024-09-16T20:00:00,2026-07-11T16:00:00
38450,2845,Lago San Martín - Brazo Chacab,,101,sat2,-49.1238888888889,-72.4855555555555,2024-09-20T16:00:00,2026-08-27T08:00:00
37849,2846,Pilcomayo - Misión La Paz,,39,sat2,-22.3775,-62.5236111111111,2024-09-14T00:00:00,2026-08-29T00:00:00
38458,2854,Aº Riachuelo - RP Nº5,,101,sat2,-27.5105555555556,-58.5697222222222,2024-09-16T20:00:00,2026-08-30T16:00:00
38459,2855,Salado - RP Nº 41,,101,sat2,-35.7263888888889,-58.5363888888889,2024-09-16T20:00:00,2026-08-30T16:00:00
9616,2868,Campichuelo,URUGUAY,2,alturas_varios,-32.70101,-58.1834,,
38461,5893,Paraná - Rosario,Paraná,101,sat2,-32.9513888888889,-60.6255555555556,2024-09-16T20:00:00,2026-08-30T16:00:00
38464,5894,Riacho Victoria - Victoria,Riacho Victoria,101,sat2,-32.6316666666667,-60.1652777777778,2024-09-16T20:00:00,2026-08-30T16:00:00
29545,5901,Paraná - Túnel subfluvial,Paraná,4,sat2,-31.72,-60.5175,,
38466,5901,Paraná - Túnel subfluvial,Paraná,101,sat2,-31.72,-60.5175,2024-09-16T20:00:00,2026-08-30T16:00:00
38721,5904,PN Ciervo de los Pantanos,null,101,sat2,-34.2255555555556,-58.8988888888889,2024-09-16T20:00:00,2024-09-20T08:00:00
38463,5907,Paraná Las Palmas - Zárate,Paraná de las Palmas,101,sat2,-34.1019444444444,-59.0088888888889,2024-09-16T20:00:00,2026-08-30T16:00:00
37883,6263,Primero (Suquía) Camino Secund,,39,sat2,-30.9641666666667,-62.9961111111111,2024-09-14T00:00:00,2026-08-29T00:00:00
38514,6263,Primero (Suquía) Camino Secund,,101,sat2,-30.9641666666667,-62.9961111111111,2024-09-16T20:00:00,2026-08-30T16:00:00
38529,6301,Chubut - Valle Inferior,,101,sat2,-43.2908333333333,-65.5052777777778,2024-09-16T20:00:00,2026-08-30T16:00:00
37873,6354,Paraná - La Paz,,39,sat2,-30.7325,-59.6386111111111,2024-10-11T00:00:00,2026-08-29T00:00:00
38506,6354,Paraná - La Paz,,101,sat2,-30.7325,-59.6386111111111,2024-10-11T12:00:00,2026-08-30T16:00:00
38712,6357,Carcarañá - Cruz Alta,,101,sat2,-33.0063888888889,-61.7875,2024-09-16T20:00:00,2026-08-30T16:00:00
38187,6361,Tercero - Piedras Moras,,39,sat2,-32.1694444444444,-64.2327777777778,2024-09-14T00:00:00,2026-08-29T00:00:00
38715,6361,Tercero - Piedras Moras,,101,sat2,-32.1694444444444,-64.2327777777778,2024-09-16T20:00:00,2026-08-30T16:00:00
38188,6362,Neuquén - Neuquén,,39,sat2,-38.9497222222222,-68.0227777777778,2025-08-01T00:00:00,2026-08-29T00:00:00
38716,6362,Neuquén - Neuquén,,101,sat2,-38.9497222222222,-68.0227777777778,2025-08-01T16:00:00,2026-08-30T16:00:00
37936,6365,Mojotoro - Güemes,,39,sat2,-24.7316666666667,-65.0288888888889,2024-09-14T00:00:00,2026-08-29T00:00:00
38551,6365,Mojotoro - Güemes,,101,sat2,-24.7316666666667,-65.0288888888889,2024-09-16T20:00:00,2026-08-30T16:00:00
37840,6374,Dulce - Dique Los Quiroga,,39,sat2,-27.6511111111111,-64.3616666666667,2025-06-17T00:00:00,2026-08-07T00:00:00
38719,6376,Chubut - Gualjaina,,101,sat2,-42.6097222222222,-70.3844444444445,2024-09-17T12:00:00,2026-08-30T12:00:00
38503,6380,Aº De las Chañaritas,,101,sat2,-34.2797222222222,-59.5894444444444,2024-09-16T20:00:00,2026-08-30T16:00:00
38028,6382,Chico - Las Loicas,,39,sat2,-35.7925,-70.1419444444444,2024-09-14T00:00:00,2026-08-29T00:00:00
38616,6382,Chico - Las Loicas,,101,sat2,-35.7925,-70.1419444444444,2024-09-16T20:00:00,2026-08-30T16:00:00
37932,6384,Chubut-Alto Chubut(Nacimiento),,39,sat2,-41.8341666666667,-71.1083333333333,2025-06-19T00:00:00,2026-06-29T00:00:00
38547,6384,Chubut-Alto Chubut(Nacimiento),,101,sat2,-41.8341666666667,-71.1083333333333,2025-06-19T12:00:00,2026-06-29T16:00:00
38087,6388,Grande - La Gotera,,39,sat2,-35.8716666666667,-69.8919444444444,2024-09-14T00:00:00,2026-08-29T00:00:00
38655,6388,Grande - La Gotera,,101,sat2,-35.8716666666667,-69.8919444444444,2024-09-16T20:00:00,2026-08-30T12:00:00
37993,6389,Las Tapias - Las Tapias,,39,sat2,-32.8036111111111,-64.7763888888889,2024-12-19T00:00:00,2026-08-29T00:00:00
38594,6389,Las Tapias - Las Tapias,,101,sat2,-32.8036111111111,-64.7763888888889,2024-12-19T20:00:00,2026-08-30T16:00:00
37846,6393,Aº Las Flores - Gral. Alvear,,39,sat2,-35.9875,-60.0194444444444,2024-09-14T00:00:00,2026-08-29T00:00:00
38481,6393,Aº Las Flores - Gral. Alvear,,101,sat2,-35.9875,-60.0194444444444,2024-09-16T20:00:00,2026-08-30T16:00:00
37964,6394,Colorado - Pedro Luro,,39,sat2,-39.5247222222222,-62.6755555555556,2024-09-14T00:00:00,2026-08-29T00:00:00
37994,6395,Paraná - Vuelta de Obligado,,39,sat2,-33.5941666666667,-59.8130555555556,2024-09-14T00:00:00,2026-08-29T00:00:00
38635,6396,Cuarto - La Carlota LIM,,101,sat2,-33.4075,-63.2941666666667,2024-09-16T20:00:00,2026-08-30T16:00:00
38469,6400,Paraná - Bella Vista,,101,sat2,-28.5052777777778,-59.0497222222222,2024-09-16T20:00:00,2026-08-30T16:00:00
37838,6401,Aº Del Medio - Motomel,,39,sat2,-33.3505555555556,-60.3230555555556,2024-09-14T00:00:00,2026-08-29T00:00:00
37850,6403,Uruguay - Corralito,,39,sat2,-31.4847222222222,-58.0847222222222,2025-01-30T00:00:00,2025-04-15T00:00:00
37934,6405,Uruguay - Concep. del Uruguay,,39,sat2,-32.4775,-58.2208333333333,2024-09-14T00:00:00,2026-08-29T00:00:00
38470,6406,Grande - La Estrechura,,101,sat2,-35.3194444444444,-70.2886111111111,2024-09-16T20:00:00,2026-08-30T12:00:00
32731,6408,NIV Jáchal - Cerro Negro,,2,sat2,-29.8905555555556,-69.5580555555556,,
38057,6411,NIV Grande - Paso Pehuenche,,39,sat2,-35.98,-70.3941666666667,,
32244,6412,NIV Grande - Valle Hermoso,,2,sat2,-35.1422222222222,-70.2016666666667,,
37843,6421,Atuel - Paso de Loro,,39,sat2,-35.6361111111111,-67.4261111111111,2024-09-14T00:00:00,2026-08-29T00:00:00
38479,6421,Atuel - Paso de Loro,,101,sat2,-35.6361111111111,-67.4261111111111,2024-09-16T20:00:00,2026-08-30T16:00:00
37996,6422,Mocoretá - RN Nº 127,,39,sat2,-30.1083333333333,-58.0588888888889,2024-09-14T00:00:00,2026-08-29T00:00:00
37851,6423,Aº Del Doll - RN 11,,39,sat2,-32.3058333333333,-60.4261111111111,2024-09-14T00:00:00,2026-08-29T00:00:00
37899,6424,Cuarto - Tincunaco,,39,sat2,-32.9033333333333,-64.7161111111111,2024-12-19T00:00:00,2026-08-29T00:00:00
38525,6424,Cuarto - Tincunaco,,101,sat2,-32.9033333333333,-64.7161111111111,2024-12-19T20:00:00,2026-08-30T08:00:00
37841,6426,Sauce Grande - RN Nº3,,39,sat2,-38.7608333333333,-61.6969444444444,2024-09-14T00:00:00,2026-08-29T00:00:00
37900,6427,Aº De los Huesos - RN 226,,39,sat2,-37.0811111111111,-59.5388888888889,2024-09-14T00:00:00,2026-08-29T00:00:00
38526,6427,Aº De los Huesos - RN 226,,101,sat2,-37.0811111111111,-59.5388888888889,2024-09-16T20:00:00,2026-08-30T16:00:00
38511,6428,Salado -A.Ab. Azud Cruz Bajada,,101,sat2,-25.7166666666667,-63.8916666666667,2024-09-16T20:00:00,2026-08-30T16:00:00
37876,6429,Blanco - Calingasta - RP 142,,39,sat2,-31.3319444444444,-69.4138888888889,2024-09-14T00:00:00,2026-08-29T00:00:00
38509,6429,Blanco - Calingasta - RP 142,,101,sat2,-31.3319444444444,-69.4138888888889,2024-09-16T20:00:00,2026-08-30T12:00:00
37881,6430,Colorado - Paso Alsina,,39,sat2,-39.3669444444444,-63.2375,2024-09-14T00:00:00,2026-08-29T00:00:00
38058,6432,Negro - Laguna Blanca,,39,sat2,-27.2633333333333,-59.1961111111111,2024-09-14T00:00:00,2026-08-29T00:00:00
37858,6435,Piray Guazú - R. Nac. 12 Vieja,,39,sat2,-26.4858333333333,-54.5883333333333,2024-09-20T00:00:00,2026-08-29T00:00:00
38492,6435,Piray Guazú - R. Nac. 12 Vieja,,101,sat2,-26.4858333333333,-54.5883333333333,2024-09-20T12:00:00,2026-08-30T16:00:00
38540,6439,Piray Mini - Valle Hermoso,,101,sat2,-26.355,-54.4983333333333,2024-09-16T20:00:00,2026-08-30T16:00:00
38680,6441,Quinto - Dique Villa Mercedes,,101,sat2,-33.6538888888889,-65.5336111111111,2024-10-07T00:00:00,2026-08-30T16:00:00
37864,6444,Trapiche - Hosteria El Trapich,,39,sat2,-33.1058333333333,-66.0633333333333,2024-09-14T00:00:00,2026-08-29T00:00:00
38169,6445,Quinto - Justo Daract,,39,sat2,-33.9186111111111,-65.1516666666667,2024-09-14T00:00:00,2026-08-29T00:00:00
38706,6445,Quinto - Justo Daract,,101,sat2,-33.9186111111111,-65.1516666666667,2024-09-16T20:00:00,2026-08-30T16:00:00
37965,6446,De Las Barrancas-A.Corral RP23,,39,sat2,-32.6894444444444,-64.7202777777778,2024-09-14T00:00:00,2026-08-29T00:00:00
38573,6446,De Las Barrancas-A.Corral RP23,,101,sat2,-32.6894444444444,-64.7202777777778,2024-09-16T20:00:00,2026-08-30T16:00:00
38496,6447,Dulce - La Escuela - Río Hondo,,101,sat2,-27.5033333333333,-64.8558333333333,2024-09-16T20:00:00,2026-08-30T16:00:00
38130,6449,Paraguay - Isla del Cerrito,,39,sat2,-27.2891666666667,-58.61,2024-09-14T00:00:00,2026-08-29T00:00:00
38128,6450,Nuevo - Ruta Nac. Nº 8,,39,sat2,-33.6366666666667,-65.3636111111111,,
38508,6454,Negro-Obra de Ctrl. Agua Abajo,,101,sat2,-27.4563888888889,-58.8988888888889,2024-09-16T20:00:00,2026-08-30T16:00:00
38618,6457,Embalse Cruz Bajada,,101,sat2,-25.7158333333333,-63.8916666666667,2024-09-16T20:00:00,2026-08-30T16:00:00
37848,6459,Canal de Dios - Cruz Bajada,,39,sat2,-25.7163888888889,-63.8905555555556,2024-09-14T00:00:00,2026-08-29T00:00:00
37861,6460,Gastona - Atahona RN Nº157,,39,sat2,-27.4325,-65.2713888888889,2026-04-16T00:00:00,2026-08-29T00:00:00
38495,6460,Gastona - Atahona RN Nº157,,101,sat2,-27.4325,-65.2713888888889,2026-06-05T20:00:00,2026-08-30T16:00:00
38576,6463,Ledesma -Fraile Pintado-RN 34 ,,101,sat2,-23.9094444444444,-64.8080555555556,2024-09-16T20:00:00,2026-08-30T16:00:00
38527,6464,San Pedro - Ledesma - RN 34,,101,sat2,-24.2644444444444,-64.8986111111111,2024-09-16T20:00:00,2026-08-30T16:00:00
38497,6465,San Juan - Dique de la Rosa,,101,sat2,-31.5025,-68.6425,2024-09-16T20:00:00,2026-08-30T16:00:00
37998,6466,Vinchina - Los Palacios -RN 40,,39,sat2,-29.3488888888889,-68.2411111111111,2024-09-14T00:00:00,2026-08-29T00:00:00
38598,6466,Vinchina - Los Palacios -RN 40,,101,sat2,-29.3488888888889,-68.2411111111111,2024-09-16T20:00:00,2026-08-30T16:00:00
43134,6467,Malargue - La Barda,,2,sat2,-35.5527777777778,-69.6825,2025-11-27T12:00:00,2026-08-30T16:00:00
37852,6469,Vipos - Toma Obras Sanitarias,,39,sat2,-26.4775,-65.3163888888889,2024-09-14T00:00:00,2026-08-29T00:00:00
37867,6478,Turbio - Turbio Viejo,,39,sat2,-51.6808333333333,-72.0783333333333,2024-09-18T00:00:00,2026-08-29T00:00:00
38501,6478,Turbio - Turbio Viejo,,101,sat2,-51.6808333333333,-72.0783333333333,2024-09-18T04:00:00,2026-08-30T16:00:00
38577,6479,El Tala - El Brete,,101,sat2,-26.0658333333333,-65.3411111111111,2024-09-16T20:00:00,2026-08-30T16:00:00
37868,6480,Canal - Jume Esquina,,39,sat2,-27.6966666666667,-63.9333333333333,2024-09-14T00:00:00,2026-08-29T00:00:00
38502,6480,Canal - Jume Esquina,,101,sat2,-27.6966666666667,-63.9333333333333,2024-09-16T20:00:00,2026-08-30T16:00:00
37944,6481,Grande - Ruta Provincia Nº 9,,39,sat2,-32.9019444444444,-66.1055555555556,2024-09-14T00:00:00,2026-08-29T00:00:00
38556,6481,Grande - Ruta Provincia Nº 9,,101,sat2,-32.9019444444444,-66.1055555555556,2024-09-16T20:00:00,2026-08-30T16:00:00
38003,6483,Desaguadero - Salto de la Tosc,,39,sat2,-34.0869444444444,-66.71,2024-09-14T00:00:00,2026-08-29T00:00:00
38602,6483,Desaguadero - Salto de la Tosc,,101,sat2,-34.0869444444444,-66.71,2024-09-16T20:00:00,2026-08-30T16:00:00
38530,6490,Arrayanes - Lago Verde,,101,sat2,-42.7436111111111,-71.7430555555556,2025-06-17T20:00:00,2025-06-18T08:00:00
37910,6495,ZPrueba_INA_13882,,39,sat2,-34.5,-58.3333333333333,,
44940,6500,Senguerr -Pte. Cno. Buen Pasto,,2,sat2,-45.5644444444444,-69.0672222222222,2026-07-20T02:00:00,2026-08-30T21:00:00
38091,6505,Chico - RN Nº157 Monteagudo,,39,sat2,-27.5211111111111,-65.2663888888889,2024-09-14T00:00:00,2026-08-29T00:00:00
37941,6507,Neuquén - Chos Malal -RN40,,39,sat2,-37.4063888888889,-70.2291666666667,2024-09-14T00:00:00,2026-08-29T00:00:00
38533,6508,Paraná - Puerto Rico,,101,sat2,-26.7916666666667,-55.025,2024-09-16T20:00:00,2026-08-30T16:00:00
37942,6511,Paraguay - Las Palmas,,39,sat2,-27.1180555555556,-58.6427777777778,2024-09-14T00:00:00,2026-08-29T00:00:00
38554,6511,Paraguay - Las Palmas,,101,sat2,-27.1180555555556,-58.6427777777778,2024-09-16T20:00:00,2026-08-30T16:00:00
38063,6513,Aº Calbuco - S.M. de Los Andes,,39,sat2,-40.1469444444444,-71.3266666666667,2024-09-14T00:00:00,2025-04-27T00:00:00
38641,6513,Aº Calbuco - S.M. de Los Andes,,101,sat2,-40.1469444444444,-71.3266666666667,2024-09-16T20:00:00,2025-04-27T04:00:00
37924,6516,Vizcachas - Cerro Palique,,39,sat2,-50.9961111111111,-72.1063888888889,2024-09-14T00:00:00,2026-08-29T00:00:00
38539,6516,Vizcachas - Cerro Palique,,101,sat2,-50.9961111111111,-72.1063888888889,2024-09-16T20:00:00,2026-08-30T16:00:00
38111,6518,Atuel - La Puntilla,,39,sat2,-36.2413888888889,-67.1866666666667,2024-09-14T00:00:00,2026-08-29T00:00:00
38669,6518,Atuel - La Puntilla,,101,sat2,-36.2413888888889,-67.1866666666667,2024-09-16T20:00:00,2026-08-30T12:00:00
38659,6519,Aº Trabunco -S.M. de Los Andes,,101,sat2,-40.1530555555556,-71.3347222222222,2024-09-16T20:00:00,2026-08-30T16:00:00
38632,6522,Pepirí Guazú-Pte.Int.P.Rosales,,101,sat2,-26.6133333333333,-53.7347222222222,2024-09-16T20:00:00,2026-08-30T00:00:00
37885,6523,Laguna El Uncal - AM20,,39,sat2,-36.6852777777778,-67.1,2025-04-27T00:00:00,2026-08-29T00:00:00
38033,6528,Desaguadero - El Encón,,39,sat2,-32.2247222222222,-67.8069444444444,2024-09-14T00:00:00,2024-11-27T00:00:00
38093,6529,L. Lacar - S.M. de Los Andes,,39,sat2,-40.1616666666667,-71.3586111111111,2024-09-14T00:00:00,2026-07-30T00:00:00
37914,6532,Manso - Los Alerces HID,,39,sat2,-41.3736111111111,-71.7458333333333,2026-03-03T00:00:00,2026-03-03T00:00:00
38002,6533,Gallegos Chico - Bella Vista,,39,sat2,-51.865,-70.5616666666667,2024-09-18T00:00:00,2026-08-29T00:00:00
38601,6533,Gallegos Chico - Bella Vista,,101,sat2,-51.865,-70.5616666666667,2024-09-18T16:00:00,2026-08-30T00:00:00
38555,6534,San Juan - Km 101 LIM,,101,sat2,-31.2522222222222,-69.1775,2024-09-16T20:00:00,2026-08-30T16:00:00
38034,6535,Chico - Ruta Nac. Nº 3,,39,sat2,-49.7769444444444,-68.6405555555556,2024-09-14T00:00:00,2026-08-29T00:00:00
38621,6535,Chico - Ruta Nac. Nº 3,,101,sat2,-49.7769444444444,-68.6405555555556,2024-09-16T20:00:00,2026-08-30T16:00:00
37892,6539,Ventisquero Negro - Lago Manso,,39,sat2,-41.2016666666667,-71.8333333333333,2024-09-14T00:00:00,2026-08-28T00:00:00
38518,6540,Salado - Icaño,,101,sat2,-28.6152777777778,-62.7786111111111,2024-09-16T20:00:00,2026-08-30T12:00:00
38521,6544,Areco - Carmen de Areco,,101,sat2,-34.3519444444444,-59.8169444444444,2024-09-16T20:00:00,2026-08-30T12:00:00
37917,6548,Bermejo - Aguas Blancas LIM,,39,sat2,-22.7263888888889,-64.3691666666667,2024-09-14T00:00:00,2026-08-29T00:00:00
37928,6549,Juramento - El Tunal,,39,sat2,-25.2497222222222,-64.3902777777778,2024-09-14T00:00:00,2026-08-29T00:00:00
38133,6553,Bañado La Estrella - RP Nº28,,39,sat2,-24.4086111111111,-60.3341666666667,2024-09-17T00:00:00,2026-08-29T00:00:00
38112,6555,Santa Maria - Pie de Medano,,39,sat2,-26.9955555555556,-66.2175,2024-09-14T00:00:00,2026-08-29T00:00:00
38670,6555,Santa Maria - Pie de Medano,,101,sat2,-26.9955555555556,-66.2175,2024-09-16T20:00:00,2026-08-30T16:00:00
33909,6556,Pilcomayo - Tigra Norte,,2,sat2,-23.1397222222222,-61.9638888888889,,
37921,6560,ZPrueba_INA_21ra_GSM_13888,,39,sat2,-34.3333333333333,-58.3333333333333,,
37893,6569,Paraná - Goya,,39,sat2,-29.165,-59.3283333333333,2025-03-17T00:00:00,2026-08-29T00:00:00
38036,6570,Chubut - Trelew,,39,sat2,-43.2761111111111,-65.2733333333333,2024-09-14T00:00:00,2026-08-29T00:00:00
38067,6574,Sierra Grande - Aeródromo,,39,sat2,-41.5916666666667,-65.3433333333333,,
38008,6575,Chimiray - Colonia Liebig,,39,sat2,-27.9122222222222,-55.8177777777778,2024-12-13T00:00:00,2026-07-02T00:00:00
38604,6575,Chimiray - Colonia Liebig,,101,sat2,-27.9122222222222,-55.8177777777778,2024-12-13T16:00:00,2026-07-02T20:00:00
38580,6577,Las Conchas - Coropampa,,101,sat2,-25.5091666666667,-65.5238888888889,2024-09-16T20:00:00,2026-08-30T16:00:00
37948,6579,Yabebiry - Colonia Martires,,39,sat2,-27.4011111111111,-55.335,,
37956,6582,Senguerr - Los Molinos,,39,sat2,-45.9861111111111,-69.475,2024-09-17T00:00:00,2026-08-29T00:00:00
38565,6582,Senguerr - Los Molinos,,101,sat2,-45.9861111111111,-69.475,2024-09-17T16:00:00,2026-08-30T16:00:00
38589,6586,Metán - Desembocadura,,101,sat2,-25.3933333333333,-64.5922222222222,2024-09-16T20:00:00,2026-08-30T16:00:00
37976,6587,Uruguay - Santo Tomé,,39,sat2,-28.545,-56.0288888888889,2024-09-19T00:00:00,2026-08-29T00:00:00
38581,6587,Uruguay - Santo Tomé,,101,sat2,-28.545,-56.0288888888889,2024-09-18T16:00:00,2026-08-30T16:00:00
37926,6591,Lago Vinter - Vinter,,39,sat2,-43.9194444444444,-71.4283333333333,2025-01-22T00:00:00,2026-08-29T00:00:00
38068,6593,Negro - Primera Angostura,,39,sat2,-40.4555555555556,-63.7897222222222,2024-09-14T00:00:00,2026-08-29T00:00:00
38645,6593,Negro - Primera Angostura,,101,sat2,-40.4555555555556,-63.7897222222222,2024-09-17T12:00:00,2026-08-30T16:00:00
38699,6595,Lag. La Picasa-Inter. Can. A22,,101,sat2,-34.4494444444444,-62.4133333333333,2024-09-16T20:00:00,2026-08-30T16:00:00
37927,6604,Areco - Puente Quemado,,39,sat2,-34.2880555555556,-59.7027777777778,2024-09-14T00:00:00,2026-08-29T00:00:00
38542,6604,Areco - Puente Quemado,,101,sat2,-34.2880555555556,-59.7027777777778,2024-09-16T20:00:00,2026-08-30T16:00:00
38566,6608,Chubut - Los Altares,,101,sat2,-43.8886111111111,-68.3983333333333,2024-09-16T20:00:00,2026-08-30T16:00:00
38115,6612,Niv. Cerro Polleras,,39,sat2,-33.1475,-69.8519444444444,,
37950,6616,Dique Belén - Aguas Abajo,,39,sat2,-27.6155555555556,-67.0163888888889,2024-09-14T00:00:00,2026-08-29T00:00:00
38686,6618,Yabebiry - Colonia Martires,,101,sat2,-27.4011111111111,-55.335,2025-01-15T16:00:00,2026-08-30T12:00:00
38673,6621,Uruguay - Paso de los Libres,,101,sat2,-29.7219444444444,-57.0830555555556,2024-11-01T20:00:00,2026-08-30T08:00:00
38824,6622,Quinto - R.N. 35,,101,sat2,-34.2163888888889,-64.3861111111111,2024-09-16T20:00:00,2026-08-30T16:00:00
37596,6623,Quinto - Canal Devoto RP 4,,2,sat2,-33.9330555555556,-63.4491666666667,2024-09-23T08:00:00,2026-08-30T16:00:00
38296,6623,Quinto - Canal Devoto RP 4,,39,sat2,-33.9330555555556,-63.4491666666667,2024-09-14T00:00:00,2026-08-29T00:00:00
38295,6624,Aº El Aji - RN Nº35 y RN Nº7,,39,sat2,-33.9311111111111,-64.3963888888889,2024-09-14T00:00:00,2026-08-29T00:00:00
38563,6625,Chico - Chico 2,,101,sat2,-53.5480555555556,-68.3769444444444,2024-09-16T20:00:00,2026-08-30T12:00:00
38687,6626,Guayquiraró - RN 12 - A°Curupí,,101,sat2,-30.3511111111111,-59.5147222222222,2024-09-21T12:00:00,2026-08-30T16:00:00
38040,6627,Compuerta Alternativa Norte AD,,39,sat2,-34.2419444444444,-62.1211111111111,2024-09-14T00:00:00,2026-08-29T00:00:00
38624,6627,Compuerta Alternativa Norte AD,,101,sat2,-34.2419444444444,-62.1211111111111,2024-09-16T20:00:00,2026-08-30T16:00:00
38158,6631,Dique Sotomayor - Aguas abajo,,39,sat2,-28.5911111111111,-65.2877777777778,2024-09-14T00:00:00,2026-08-29T00:00:00
38041,6633,Salado - RN Nº 11,,39,sat2,-27.5413888888889,-59.1308333333333,2024-09-20T00:00:00,2026-08-20T00:00:00
38625,6633,Salado - RN Nº 11,,101,sat2,-27.5413888888889,-59.1308333333333,2024-09-20T12:00:00,2026-08-20T20:00:00
38607,6637,Bermejo - Azud los Colorados,,101,sat2,-29.2580555555556,-68.2525,2024-09-16T20:00:00,2026-08-30T16:00:00
37952,6639,Afluente Río Grande       ,,39,sat2,-53.8416666666667,-68.5313888888889,2024-09-14T00:00:00,2026-08-29T00:00:00
38562,6639,Afluente Río Grande       ,,101,sat2,-53.8416666666667,-68.5313888888889,2024-09-16T20:00:00,2026-08-30T12:00:00
38039,6640,Ñorquinco - Ñorquinco,,39,sat2,-41.8419444444444,-70.8913888888889,2024-09-14T00:00:00,2026-08-29T00:00:00
38623,6640,Ñorquinco - Ñorquinco,,101,sat2,-41.8419444444444,-70.8913888888889,2024-09-16T20:00:00,2026-08-30T16:00:00
38043,6650,Salí - RP Nº323,,39,sat2,-27.1333333333333,-65.3155555555555,2024-09-14T00:00:00,2026-08-29T00:00:00
38139,6651,Dulce - Tuhama,,39,sat2,-28.0144444444444,-64.0980555555555,2024-09-14T00:00:00,2026-08-29T00:00:00
38688,6651,Dulce - Tuhama,,101,sat2,-28.0144444444444,-64.0980555555555,2024-09-16T20:00:00,2026-08-30T12:00:00
38027,6652,Lipeo - Puente Colgante,,39,sat2,-22.4311111111111,-64.7372222222222,2024-09-14T00:00:00,2026-08-29T00:00:00
38615,6652,Lipeo - Puente Colgante,,101,sat2,-22.4311111111111,-64.7372222222222,2024-09-16T20:00:00,2026-08-30T16:00:00
38609,6654,Carreras - Frontera,,101,sat2,-48.2061111111111,-72.2838888888889,2024-09-16T20:00:00,2026-08-30T12:00:00
38117,6655,Aº Azul - Seminario Diocesano,,39,sat2,-36.8311111111111,-59.8938888888889,2024-09-14T00:00:00,2026-08-29T00:00:00
38674,6655,Aº Azul - Seminario Diocesano,,101,sat2,-36.8311111111111,-59.8938888888889,2024-09-16T20:00:00,2026-08-30T16:00:00
38044,6656,Chico - Cerro Mesa,,39,sat2,-41.7063888888889,-70.4825,2024-09-14T00:00:00,2026-02-08T00:00:00
38689,6657,Vinchina - Vinchina,,101,sat2,-28.7436111111111,-68.2205555555556,2025-01-22T16:00:00,2026-08-30T12:00:00
38118,6658,Paraguay - Puerto Dalmacia,,39,sat2,-25.875,-57.8730555555556,2024-09-20T00:00:00,2026-08-29T00:00:00
37955,6659,Riacho Salado - Tatané - RN 11,,39,sat2,-26.4077777777778,-58.3591666666667,2024-09-14T00:00:00,2026-08-29T00:00:00
38564,6659,Riacho Salado - Tatané - RN 11,,101,sat2,-26.4077777777778,-58.3591666666667,2024-09-16T20:00:00,2026-08-30T16:00:00
38045,6661,Abaucán - Limite con La Rioja,,39,sat2,-28.2613888888889,-67.0208333333333,2024-09-14T00:00:00,2026-08-29T00:00:00
38585,6664,Aº Mocoretá - RN Nº 14,,101,sat2,-30.6275,-57.9827777777778,2024-09-16T20:00:00,2026-08-30T16:00:00
38119,6666,ZPrueba_INA_26ta_15215 ,,39,sat2,-34.3333333333333,-58.3333333333333,,
38567,6667,Vizcachas - Limite con Chile,,101,sat2,-51.0297222222222,-72.3111111111111,2024-09-16T20:00:00,2026-08-30T16:00:00
38047,6669,San Javier - Cayastá,,39,sat2,-31.1933333333333,-60.1530555555556,2024-09-14T00:00:00,2026-08-29T00:00:00
38631,6669,San Javier - Cayastá,,101,sat2,-31.1933333333333,-60.1530555555556,2024-09-16T20:00:00,2026-08-30T16:00:00
38701,6671,Vizcachas - Nacimiento,,101,sat2,-50.87,-71.965,2024-09-16T20:00:00,2026-08-30T16:00:00
37959,6672,Ona - Ona - RP B,,39,sat2,-53.9288888888889,-68.1177777777778,2025-02-13T00:00:00,2026-08-29T00:00:00
38568,6672,Ona - Ona - RP B,,101,sat2,-53.9288888888889,-68.1177777777778,2025-02-13T20:00:00,2026-08-30T16:00:00
38611,6678,Bermejo - Alarache,,101,sat2,-22.1902777777778,-64.6527777777778,2024-09-16T20:00:00,2026-08-30T16:00:00
38569,6681,Rio Hondo - HID - Sitio 2,,101,sat2,-27.6669444444444,-67.1658333333333,2024-09-16T20:00:00,2026-08-30T16:00:00
38702,6684,Piedra Larga - HID - Sitio 1,,101,sat2,-27.6125,-67.1947222222222,2024-09-16T20:00:00,2026-08-30T16:00:00
38144,6685,Sis. Setúbal-Sta. Fé-La Guard.,,39,sat2,-31.6302777777778,-60.6777777777778,2024-09-14T00:00:00,2026-08-29T00:00:00
38690,6685,Sis. Setúbal-Sta. Fé-La Guard.,,101,sat2,-31.6302777777778,-60.6777777777778,2024-09-16T20:00:00,2026-08-30T16:00:00
43972,6696,Río Villegas- Ruta Nac. 258,,2,sat2,-41.58,-71.5,2026-04-20T04:00:00,2026-08-30T16:00:00
38145,6698,Salado RP Nº 51 - Achupallas,,39,sat2,-35.0880555555556,-60.1088888888889,2024-09-14T00:00:00,2026-08-29T00:00:00
38691,6698,Salado RP Nº 51 - Achupallas,,101,sat2,-35.0880555555556,-60.1088888888889,2024-09-16T20:00:00,2026-08-30T16:00:00
38586,6701,Santa Rosa - Meteorológica,,101,sat2,-36.6213888888889,-64.3219444444444,,
38650,6707,Juramento - El Quebrachal,,101,sat2,-25.3441666666667,-64.0461111111111,2024-09-16T20:00:00,2026-08-30T16:00:00
43100,6712,Gallego-Toma SP,,2,sat2,-51.6883333333333,-69.6555555555556,2025-11-26T16:00:00,2026-08-30T16:00:00
37990,6718,Lago Fagnano – Puerto Tolhuin ,,39,sat2,-54.5269444444444,-67.2327777777778,2024-09-22T00:00:00,2026-08-29T00:00:00
38613,6719,Grande - Planta Potabilizadora,,101,sat2,-53.8297222222222,-67.8422222222222,2025-02-13T20:00:00,2026-08-20T12:00:00
38123,6721,Colorado - Pata Mora,,39,sat2,-37.2083333333333,-69.1138888888889,2024-09-14T00:00:00,2026-08-29T00:00:00
38175,6722,Laguna Melincué - RP Nº 90,,39,sat2,-33.6680555555556,-61.4722222222222,2024-12-22T00:00:00,2026-08-29T00:00:00
38707,6722,Laguna Melincué - RP Nº 90,,101,sat2,-33.6680555555556,-61.4722222222222,2024-12-22T12:00:00,2026-08-30T16:00:00
38025,6724,Zprueba_INA_31ra_16395,,39,sat2,-34.3333333333333,-58.3333333333333,,
38693,6726,Bella Vista -  Radman,,101,sat2,-53.9983333333333,-68.5947222222222,2025-02-13T16:00:00,2026-08-30T16:00:00
37991,6730,Coronda - Puerto Gaboto,,39,sat2,-32.4275,-60.8158333333333,2024-09-14T00:00:00,2026-08-29T00:00:00
38592,6730,Coronda - Puerto Gaboto,,101,sat2,-32.4275,-60.8158333333333,2024-09-16T20:00:00,2026-08-30T16:00:00
38694,6732,Sauce Chico - RN Nº35-Nva Roma,,101,sat2,-38.4975,-62.6458333333333,2024-09-16T20:00:00,2024-09-21T08:00:00
38150,6735,Miriñay - San Roquito,,39,sat2,-29.2969444444444,-57.5655555555556,2024-09-14T00:00:00,2026-08-29T00:00:00
38695,6735,Miriñay - San Roquito,,101,sat2,-29.2969444444444,-57.5655555555556,2024-09-16T20:00:00,2026-08-30T16:00:00
38026,6738,Miraflores - Sayate,,39,sat2,-22.9008333333333,-65.8494444444444,2024-09-14T00:00:00,2026-08-29T00:00:00
38614,6738,Miraflores - Sayate,,101,sat2,-22.9008333333333,-65.8494444444444,2024-09-16T20:00:00,2026-08-30T16:00:00
38651,6739,Mayo - Paso Río Mayo - HID,,101,sat2,-45.6836111111111,-70.2480555555556,2024-09-16T20:00:00,2025-10-08T08:00:00
37992,6740,Carrileufú - Cholila,,39,sat2,-42.4955555555556,-71.5411111111111,2025-08-13T00:00:00,2026-08-29T00:00:00
38593,6740,Carrileufú - Cholila,,101,sat2,-42.4955555555556,-71.5411111111111,2025-08-13T20:00:00,2026-08-30T16:00:00
38667,6744,Del Campo - Cabo San Miguel,,101,sat2,-27.4333333333333,-65.9977777777778,2025-05-23T16:00:00,2026-08-30T00:00:00
38105,6745,Guanasacate - Jesús Maria,,39,sat2,-30.9702777777778,-64.0911111111111,2024-09-14T00:00:00,2026-08-29T00:00:00
38164,6746,Canal San Antonio- RP Nº66,,39,sat2,-31.9905555555556,-62.1688888888889,2024-09-14T00:00:00,2026-08-29T00:00:00
38703,6746,Canal San Antonio- RP Nº66,,101,sat2,-31.9905555555556,-62.1688888888889,2024-09-16T20:00:00,2026-08-30T16:00:00
38177,6747,Areco - San Antonio de Areco,,39,sat2,-34.2405555555556,-59.4994444444444,2024-09-14T00:00:00,2026-08-29T00:00:00
38180,6748,Lag. La Picasa - Escollera FFC,,39,sat2,-34.3372222222222,-62.3247222222222,2024-09-14T00:00:00,2026-08-29T00:00:00
38709,6748,Lag. La Picasa - Escollera FFC,,101,sat2,-34.3372222222222,-62.3247222222222,2024-09-16T20:00:00,2026-08-30T16:00:00
38086,6763,Del Valle - Huaycama,,39,sat2,-28.1202777777778,-65.7980555555555,2024-09-14T00:00:00,2026-08-29T00:00:00
38654,6763,Del Valle - Huaycama,,101,sat2,-28.1202777777778,-65.7980555555555,2024-09-16T20:00:00,2026-08-30T12:00:00
38724,7161,Piray Guazú - Pinar Ciba,,101,sat2,-26.5119444444444,-54.4536111111111,2024-09-16T20:00:00,2026-08-30T16:00:00
38198,7162,Aº El Rey - RN Nº11,,39,sat2,-29.1333333333333,-59.6547222222222,2024-09-14T00:00:00,2026-08-29T00:00:00
36690,7163,Laguna Maria Cristina,,2,sat2,-27.4788888888889,-58.9208333333333,2024-09-18T13:00:00,2026-08-30T21:00:00
38199,7163,Laguna Maria Cristina,,39,sat2,-27.4788888888889,-58.9208333333333,2024-09-19T00:00:00,2026-08-29T00:00:00
38726,7163,Laguna Maria Cristina,,101,sat2,-27.4788888888889,-58.9208333333333,2024-09-18T16:00:00,2026-08-30T16:00:00
38200,7164,Canal Soberanía - Obra Control,,39,sat2,-27.5272222222222,-58.9427777777778,2024-09-14T00:00:00,2026-08-29T00:00:00
38727,7164,Canal Soberanía - Obra Control,,101,sat2,-27.5272222222222,-58.9427777777778,2024-09-16T20:00:00,2026-08-30T16:00:00
36692,7165,Batel -RN Nº123,,2,sat2,-28.8994444444444,-58.6747222222222,2024-09-18T16:00:00,2026-08-30T20:00:00
38728,7165,Batel -RN Nº123,,101,sat2,-28.8994444444444,-58.6747222222222,2024-09-18T16:00:00,2026-08-30T16:00:00
38204,7168,San Javier - Alejandra,,39,sat2,-29.9122222222222,-59.8169444444444,2025-01-17T00:00:00,2025-05-08T00:00:00
38731,7168,San Javier - Alejandra,,101,sat2,-29.9122222222222,-59.8169444444444,2025-01-17T12:00:00,2025-05-08T08:00:00
38205,7184,CIRHBAS - LIM  Aº TAPENAGA - ESTANCIA TAPENAGA,,39,sat2,-27.5672222222222,-59.6588888888889,2024-09-14T00:00:00,2026-08-29T00:00:00
38733,7185,CIRHBAS - LIM  LAGUNA EL BONETE,,101,sat2,-29.3880555555556,-60.5469444444444,2024-09-17T04:00:00,2026-08-30T12:00:00
38207,7186,CIRHBAS - LIM RUTA PCIAL 40 - CL HIDROVIAL R920,,39,sat2,-29.1247222222222,-60.8397222222222,2024-09-14T00:00:00,2025-05-23T00:00:00
38734,7186,CIRHBAS - LIM RUTA PCIAL 40 - CL HIDROVIAL R920,,101,sat2,-29.1247222222222,-60.8397222222222,2024-09-17T04:00:00,2025-05-23T08:00:00
38208,7187,CIRHBAS - LIM Aº RETOBADO - CRESPO,,39,sat2,-30.3375,-60.6288888888889,2024-09-14T00:00:00,2026-08-29T00:00:00
38735,7187,CIRHBAS - LIM Aº RETOBADO - CRESPO,,101,sat2,-30.3375,-60.6288888888889,2024-09-17T04:00:00,2026-08-30T16:00:00
38737,7189,CIRHBAS - LIM CANAL INTERLAGOS-CANAL INTERLAGOS,,101,sat2,-28.9947222222222,-60.5691666666667,2024-09-17T04:00:00,2026-08-30T16:00:00
38738,7190,CIRHBAS - LIM CANAL LINEA PARANA TRAMO IV,,101,sat2,-27.9977777777778,-60.7155555555556,2024-09-17T04:00:00,2026-08-30T16:00:00
38739,7191,CIRHBAS - LIM LAGUNAS SALADAS- RP 77,,101,sat2,-28.2908333333333,-61.1952777777778,2024-09-17T08:00:00,2026-02-27T04:00:00
38740,7192,CIRHBAS - LIM LIMITE CHACO STA,,101,sat2,-28.0011111111111,-60.1161111111111,2024-09-17T04:00:00,2025-01-04T08:00:00
38741,7193,CIRHBAS - LIM LOS AMORES - CAN,,101,sat2,-28.1102777777778,-59.9755555555556,2024-09-16T20:00:00,2026-08-30T16:00:00
38742,7194,CIRHBAS - LIM MOJON DE FIERRO-CANAL INTERPROVINCIA,,101,sat2,-29.1316666666667,-61.9016666666667,2024-09-17T04:00:00,2026-08-30T16:00:00
36734,7195,CIRHBAS - LIM RUTA PCIAL 13 - CANAL EL BARRIDO,,2,sat2,-28.8813888888889,-60.9477777777778,,
38744,7196,CIRHBAS - LIM VILLA GUILLERMINA-ARROYO LOS AMORES,,101,sat2,-28.2744444444444,-59.4216666666667,2024-09-17T04:00:00,2026-08-30T16:00:00
38218,7204,CIRHBAS - PF EL AGUARA,,39,sat2,-27.0722222222222,-60.0758333333333,2024-09-14T00:00:00,2026-08-29T00:00:00
38745,7204,CIRHBAS - PF EL AGUARA,,101,sat2,-27.0722222222222,-60.0758333333333,2024-09-17T08:00:00,2026-08-30T16:00:00
38746,7230,Aguapey - Caá Caraí,,101,sat2,-27.8244444444444,-56.2583333333333,2024-09-16T20:00:00,2026-08-30T16:00:00
38220,7231,Anizacate - Santa Ana,,39,sat2,-31.6908333333333,-64.5375,2024-09-14T00:00:00,2026-08-29T00:00:00
38749,7233,Aº Esquel - Ea El Principio,,101,sat2,-42.9583333333333,-71.3844444444445,2024-09-16T20:00:00,2026-08-30T16:00:00
38223,7234,Aº Feliciano - Paso Correa RP2,,39,sat2,-30.3930555555556,-58.7075,2024-09-14T00:00:00,2026-08-29T00:00:00
38750,7234,Aº Feliciano - Paso Correa RP2,,101,sat2,-30.3930555555556,-58.7075,2024-09-16T20:00:00,2026-08-30T16:00:00
38751,7235,Aº Golondrina - Fortín Olmos,,101,sat2,-29.0655555555556,-60.4969444444444,2024-12-17T20:00:00,2026-08-30T16:00:00
38226,7237,Aº Medrano Reser. - Tecnópolis,,39,sat2,-34.5611111111111,-58.5077777777778,2024-09-14T00:00:00,2026-08-29T00:00:00
38227,7238,Aº Pavón - Cnel. Bogado,,39,sat2,-33.36,-60.5766666666667,2024-09-14T00:00:00,2026-08-29T00:00:00
38229,7240,Aº Saladillo Amargo - RP Nº 81,,39,sat2,-30.8402777777778,-60.4127777777778,2024-09-14T00:00:00,2026-08-25T00:00:00
38756,7240,Aº Saladillo Amargo - RP Nº 81,,101,sat2,-30.8402777777778,-60.4127777777778,2024-09-16T20:00:00,2026-08-25T04:00:00
38230,7241,Aº Saladillo Dulce - RP Nº 81,,39,sat2,-30.8547222222222,-60.2822222222222,2024-09-14T00:00:00,2026-08-29T00:00:00
38231,7242,Aº Tapalqué - Av de los Trabaj,,39,sat2,-36.8791666666667,-60.3108333333333,2024-09-14T00:00:00,2026-08-29T00:00:00
38759,7243,Aº Vallimanca - RN 226,,101,sat2,-36.3711111111111,-60.9555555555556,2024-09-16T20:00:00,2026-08-30T16:00:00
38233,7245,Azul - Puesto 1,,39,sat2,-41.9588888888889,-71.5661111111111,2024-09-14T00:00:00,2026-08-29T00:00:00
38760,7245,Azul - Puesto 1,,101,sat2,-41.9588888888889,-71.5661111111111,2024-09-16T20:00:00,2026-08-30T16:00:00
38761,7246,Barrancas - Barrancas,,101,sat2,-36.8136111111111,-69.8730555555556,2025-04-01T16:00:00,2026-08-03T08:00:00
38235,7247,Bermejo - Balapuca MET,,39,sat2,-22.4925,-64.4636111111111,2024-09-24T00:00:00,2026-08-28T00:00:00
38762,7247,Bermejo - Balapuca MET,,101,sat2,-22.4925,-64.4636111111111,2024-09-24T16:00:00,2026-08-28T16:00:00
38236,7248,Bermejo - P. Sarmiento,,39,sat2,-23.1438888888889,-64.1947222222222,2024-09-14T00:00:00,2026-08-29T00:00:00
38764,7249,Bermejo - Santa Victoria Oeste,,101,sat2,-22.2486111111111,-64.9613888888889,2024-09-16T20:00:00,2026-08-30T12:00:00
38765,7250,Blanco - Angualasto,,101,sat2,-30.0505555555556,-69.17,2024-09-16T20:00:00,2026-08-30T16:00:00
38240,7252,Canal 9 - Autovia 2,,39,sat2,-36.2811111111111,-57.7038888888889,2024-09-14T00:00:00,2026-08-29T00:00:00
38767,7252,Canal 9 - Autovia 2,,101,sat2,-36.2811111111111,-57.7038888888889,2024-09-16T20:00:00,2026-08-30T16:00:00
38244,7257,Chico - Ameghino,,39,sat2,-44.4769444444444,-66.9116666666667,2025-06-05T00:00:00,2025-06-10T00:00:00
38245,7258,Chubut - Las Plumas,,39,sat2,-43.7233333333333,-67.2866666666667,2024-09-14T00:00:00,2026-08-29T00:00:00
38772,7258,Chubut - Las Plumas,,101,sat2,-43.7233333333333,-67.2866666666667,2024-09-16T20:00:00,2026-08-30T16:00:00
38774,7260,Diamante - Monte Comán,,101,sat2,-34.5705555555556,-67.865,2024-09-16T20:00:00,2026-08-30T16:00:00
38248,7261,Dique Paso de Las Carretas,,39,sat2,-33.3336111111111,-65.8669444444444,2024-09-14T00:00:00,2026-08-29T00:00:00
38775,7261,Dique Paso de Las Carretas,,101,sat2,-33.3336111111111,-65.8669444444444,2024-09-20T20:00:00,2026-08-30T16:00:00
38250,7263,Dulce - Paso de Oscares,,39,sat2,-29.2533333333333,-63.2069444444444,2024-09-14T00:00:00,2026-08-29T00:00:00
38777,7263,Dulce - Paso de Oscares,,101,sat2,-29.2533333333333,-63.2069444444444,2024-09-16T20:00:00,2026-08-30T16:00:00
38251,7264,Dulce III – Los Quiroga,,39,sat2,-27.6058333333333,-64.4075,2024-09-14T00:00:00,2026-08-29T00:00:00
38779,7265,Durazno - La Florida,,101,sat2,-32.2158333333333,-64.7658333333333,2024-12-20T12:00:00,2026-08-30T16:00:00
38253,7266,Empedrado-Ruta Provincial Nº6,,39,sat2,-27.8013888888889,-58.5052777777778,2024-10-07T00:00:00,2026-08-29T00:00:00
38780,7266,Empedrado-Ruta Provincial Nº6,,101,sat2,-27.8013888888889,-58.5052777777778,2024-10-07T12:00:00,2026-08-30T16:00:00
38256,7270,Grande - Ume Pay,,39,sat2,-32.2183333333333,-64.7513888888889,2024-09-14T00:00:00,2026-08-29T00:00:00
38783,7270,Grande - Ume Pay,,101,sat2,-32.2183333333333,-64.7513888888889,2024-09-16T20:00:00,2026-08-30T16:00:00
38785,7273,Gualeguaychú - RN Nº 130,,101,sat2,-32.1047222222222,-58.4905555555556,2025-03-13T20:00:00,2026-08-30T12:00:00
38786,7274,Gualeguaychú - RN Nº 39,,101,sat2,-32.445,-58.5547222222222,2024-10-09T12:00:00,2026-08-30T16:00:00
38787,7275,Guayquiraró - La Grela,,101,sat2,-30.3463888888889,-59.3005555555556,2024-09-16T20:00:00,2026-08-30T16:00:00
38261,7276,Hielo - Confluencia,,39,sat2,-43.5166666666667,-71.6091666666667,2025-08-20T00:00:00,2026-08-29T00:00:00
38788,7276,Hielo - Confluencia,,101,sat2,-43.5166666666667,-71.6091666666667,2025-08-20T16:00:00,2026-08-30T12:00:00
38791,7281,Lag. La Picasa-Aguas AbajoRN33,,101,sat2,-34.3619444444444,-62.7386111111111,2024-09-16T20:00:00,2026-08-30T16:00:00
38795,7286,Las Conchas - La Punilla RP44,,101,sat2,-26.0119444444444,-65.8230555555556,2024-09-16T20:00:00,2026-08-30T16:00:00
38270,7288,Manso - Los Moscos,,39,sat2,-41.3533333333333,-71.6413888888889,2024-09-14T00:00:00,2026-07-16T00:00:00
38797,7288,Manso - Los Moscos,,101,sat2,-41.3533333333333,-71.6413888888889,2024-09-16T20:00:00,2026-07-16T04:00:00
38271,7289,Manso - Steffen,,39,sat2,-41.5158333333333,-71.5361111111111,2024-09-14T00:00:00,2026-08-29T00:00:00
38274,7293,Negro - Isla Jordán,,39,sat2,-38.9961111111111,-67.9733333333333,2024-09-14T00:00:00,2026-08-29T00:00:00
38803,7295,Negro - Philipon,,101,sat2,-27.1741666666667,-59.2613888888889,2025-02-05T00:00:00,2026-08-17T04:00:00
38277,7296,Negro - San Fernando,,39,sat2,-27.4355555555556,-58.9822222222222,2024-09-19T00:00:00,2026-08-29T00:00:00
38804,7296,Negro - San Fernando,,101,sat2,-27.4355555555556,-58.9822222222222,2024-09-19T04:00:00,2026-08-30T16:00:00
38805,7297,Neuquén - Dique Ballester,,101,sat2,-38.7247222222222,-68.1705555555556,2024-09-16T20:00:00,2026-08-30T16:00:00
38806,7301,Nogoya - RP Nº 11,,101,sat2,-32.8419444444444,-59.8647222222222,2024-10-08T16:00:00,2026-08-30T16:00:00
38807,7302,Paraná - HID Chapetón,,101,sat2,-31.5741666666667,-60.2833333333333,2024-09-16T20:00:00,2026-08-30T16:00:00
38808,7303,Paraná - Ita Cajón,,101,sat2,-25.6047222222222,-54.5941666666667,2024-09-16T20:00:00,2026-08-30T16:00:00
38810,7306,Pico - Frontera,,101,sat2,-44.2402777777778,-71.66,2024-09-17T00:00:00,2026-08-30T16:00:00
37530,7378,Salí - Simoca,,2,sat2,-27.3186111111111,-65.2277777777778,2024-09-13T16:00:00,2026-08-30T20:00:00
37531,7379,Salto - Salto,,2,sat2,-34.2861111111111,-60.2591666666667,2024-12-22T18:00:00,2025-02-25T04:00:00
38286,7381,Santa Catalina - Catalina 630,,39,sat2,-33.2844444444444,-64.3536111111111,2024-09-14T00:00:00,2026-08-29T00:00:00
38814,7382,Santa Catalina - Colonia Hogar,,101,sat2,-30.8491666666667,-64.2738888888889,2024-09-26T04:00:00,2026-08-30T16:00:00
38288,7384,Segundo - Despeñaderos RN Nº 3,,39,sat2,-31.8033333333333,-64.3088888888889,2024-09-14T00:00:00,2026-07-30T00:00:00
37577,7385,Tecka - Estancia Niedo,,2,sat2,-43.3497222222222,-70.8797222222222,2024-09-13T16:00:00,2026-08-30T16:00:00
38290,7386,Tercero - Villa María,,39,sat2,-32.4219444444444,-63.2447222222222,2024-09-14T00:00:00,2026-08-29T00:00:00
38817,7386,Tercero - Villa María,,101,sat2,-32.4219444444444,-63.2447222222222,2024-09-16T20:00:00,2026-08-30T16:00:00
37580,7387,Ternero - Cuesta del Ternero,,2,sat2,-41.9505555555556,-71.3752777777778,2025-06-12T16:00:00,2026-08-30T20:00:00
37581,7388,Tunuyán - Las Catitas,,2,sat2,-33.3072222222222,-68.0613888888889,2024-09-13T16:00:00,2026-08-30T20:00:00
38819,7388,Tunuyán - Las Catitas,,101,sat2,-33.3072222222222,-68.0613888888889,2024-09-16T20:00:00,2026-08-30T16:00:00
37593,7391,Utis - RP Nº 13,,2,sat2,-29.2425,-63.1269444444444,2024-09-18T16:00:00,2025-06-24T20:00:00
43123,8223,Lago Buenos Aires - Los Antigu,,2,sat2,-46.5391666666667,-71.6094444444444,2025-11-26T15:00:00,2026-08-30T21:00:00
43142,8226,NIV-Meseta La Torre -Sta. Cruz,,2,sat2,-51.51,-72.0277777777778,2026-04-23T12:00:00,2026-05-08T08:00:00
44130,8407,Can. Cuero de Zorro-Hinojo-RN5,,2,sat2,-35.9283333333333,-62.5763888888889,2026-06-01T02:00:00,2026-08-30T21:00:00
44132,8409,Canal Mercante - RP N°65,,2,sat2,-35.4327777777778,-60.9427777777778,2026-06-01T02:00:00,2026-08-30T21:00:00
44133,8410,NIV - Alto Chubut,,2,sat2,-41.6730555555555,-71.1141666666667,2026-06-01T04:00:00,2026-08-30T20:00:00
44137,8411,NIV - Cerro Pilquitron,,2,sat2,-41.9688888888889,-71.4697222222222,2026-06-01T04:00:00,2026-06-12T12:00:00
44138,8412,Salado - RP Nº50,,2,sat2,-34.3225,-61.3513888888889,2026-06-01T02:00:00,2026-08-30T21:00:00
44198,8413,QUIL-RDLP,Río de la Plata,2,quilmes,-34.7086875,-58.2213125,2026-06-28T10:45:10,2026-08-30T20:45:10
44200,8415,SFranTOR,San Francisco,2,quilmes,-34.765609361,-58.323057477,2026-06-28T10:45:11,2026-08-30T20:45:10
44207,8418,Agrio - Bajada del Agrio,,2,sat2,-38.3658333333333,-70.0325,2026-07-31T16:00:00,2026-08-30T20:00:00
851,2,Rosario del Tala,GUALEGUAY,4,alturas_bdhi,-32.3085,-59.0768055555556,,
31534,2,Rosario del Tala,GUALEGUAY,4,alturas_bdhi,-32.3085,-59.0768055555556,,
855,6,Puerto Ruiz,GUALEGUAY,4,alturas_bdhi,-33.222327,-59.365098,,
29863,6,Puerto Ruiz,GUALEGUAY,39,alturas_bdhi,-33.222327,-59.365098,,
29864,7,Puente Jáuregui,LUJAN,39,alturas_bdhi,-34.589146,-59.178504,,
3051,9,Puerto Iguazú,PARANAMED,2,alturas_prefe,-25.5833333333333,-54.5666666666667,,
26608,11,El Dorado,PARANAMED,40,alturas_prefe,-26.3833333333333,-54.7,,
26615,18,Paso de la Patria,PARANAMED,40,alturas_prefe,-27.3333333333333,-58.5833333333333,,
1540,19,Corrientes,PARANAMED,2,alturas_prefe,-27.46364349,-58.8388696,,
872,23,Goya,PARANAINF,4,alturas_prefe,-29.14376844,-59.27303952,,
26620,23,Goya,PARANAINF,40,alturas_prefe,-29.14376844,-59.27303952,,
873,24,Reconquista,SANJAVIER,4,alturas_prefe,-29.23756092,-59.58115833,,
26621,24,Reconquista,SANJAVIER,40,alturas_prefe,-29.23756092,-59.58115833,,
26623,26,La Paz,PARANAINF,40,alturas_prefe,-30.73419972,-59.6381167,,
26624,27,Santa Elena,PARANAINF,40,alturas_prefe,-30.95,-59.7833333333333,,
26625,28,Hernandarias,PARANAINF,40,alturas_prefe,-31.22650904,-59.99193936,,
3385,29,Paraná,PARANAINF,2,alturas_prefe,-31.7182378629681,-60.5225697750899,,
3462,29,Paraná,PARANAINF,4,alturas_prefe,-31.7182378629681,-60.5225697750899,,
3446,32,Victoria,VICTORIA,2,alturas_prefe,-32.6558456373673,-60.2195849446607,,
3465,33,San Lorenzo (San Martín),PARANAINF,4,alturas_prefe,-32.7336256031375,-60.7256705696322,,
26630,33,San Lorenzo (San Martín),PARANAINF,40,alturas_prefe,-32.7336256031375,-60.7256705696322,,
3440,35,Villa Constitución,PARANAINF,2,alturas_prefe,-33.2354221667103,-60.3091044341421,,
3468,36,San Nicolás,PARANAINF,4,alturas_prefe,-33.3420008188866,-60.1895279977149,,
3495,36,San Nicolás,PARANAINF,4,alturas_prefe,-33.3420008188866,-60.1895279977149,,
3470,38,San Pedro,PARANAINF,4,alturas_prefe,-33.6745267329027,-59.6497183332918,,
3418,39,Baradero,BARADERO,2,alturas_prefe,-33.8006916108445,-59.4955962110789,,
3445,39,Baradero,BARADERO,2,alturas_prefe,-33.8006916108445,-59.4955962110789,,
3499,39,Baradero,BARADERO,4,alturas_prefe,-33.8006916108445,-59.4955962110789,,
26637,40,Zárate,PARANADELASPALMAS,40,alturas_prefe,-34.0987818311696,-59.0108657589595,,
891,42,Escobar,PARANADELASPALMAS,4,alturas_prefe,-34.3,-58.7333333333,,
5985,43,Villa Paranacito,LATINTA,2,alturas_prefe,-33.7,-58.65,,
3447,45,Ibicuy,PARANAIBICUY,2,alturas_prefe,-33.7619777376355,-59.1800594404244,,
5982,46,Puerto Ruiz,GUALEGUAY,2,alturas_prefe,-33.2166666667,-59.3666666667,,
5983,46,Puerto Ruiz,GUALEGUAY,2,alturas_prefe,-33.2166666667,-59.3666666667,,
5987,46,Puerto Ruiz,GUALEGUAY,4,alturas_prefe,-33.2166666667,-59.3666666667,,
897,48,Guazucito,PARANAGUAZU,4,alturas_prefe,-34.0166666667,-58.4,,
3400,49,Tigre,LUJAN,2,alturas_prefe,-34.4159316389634,-58.5779747237367,,
3399,50,Dique Luján,LUJAN,2,alturas_prefe,-34.351576,-58.686115,,
3426,50,Dique Luján,LUJAN,2,alturas_prefe,-34.351576,-58.686115,,
3480,50,Dique Luján,LUJAN,4,alturas_prefe,-34.351576,-58.686115,,
900,51,Chaná Miní,CHANA,4,alturas_prefe,-34.2,-58.4833333333,,
3455,51,Chaná Miní,CHANA,4,alturas_prefe,-34.2,-58.4833333333,,
26202,52,San Fernando,LUJAN,2,alturas_prefe,-34.4333333333,-58.55,,
31537,52,San Fernando,LUJAN,2,alturas_prefe,-34.4333333333,-58.55,,
907,58,Bermejo,PARAGUAY,4,alturas_prefe,-26.92629,-58.506205,,
3273,61,El Soberbio,URUGUAY,2,alturas_prefe,-27.3,-54.2,,
912,63,Alba Posse,URUGUAY,4,alturas_prefe,-27.572,-54.678494,,
26661,64,Panambí,URUGUAY,40,alturas_prefe,-27.730627,-54.91305,,
7828,65,San Javier,URUGUAY,2,alturas_prefe,-27.8833333333333,-55.1333333333333,,
919,70,La Cruz,URUGUAY,4,alturas_prefe,-29.18062,-56.633977,,
26667,70,La Cruz,URUGUAY,40,alturas_prefe,-29.18062,-56.633977,,
922,73,Bompland,URUGUAY,4,alturas_prefe,-29.872652,-57.332887,,
7836,79,Concordia,URUGUAY,2,alturas_prefe,-31.4,-58.0166666666667,,
7835,79,Concordia,URUGUAY,4,alturas_prefe,-31.4,-58.0166666666667,,
29580,85,Buenos Aires,RIODELAPLATA,2,alturas_prefe,-34.56108,-58.399288,,
26683,86,La Plata,RIODELAPLATA,40,alturas_prefe,-34.824196,-57.873546,,
3265,87,Yacyretá afluente,PARANAMED,2,alturas_prefe,-27.482557,-56.727244,,
26329,87,Yacyretá afluente,PARANAMED,39,alturas_prefe,-27.482557,-56.727244,,
88,88,Yacyretá efluente,PARANAMED,2,alturas_prefe,-27.482557,-56.727244,,
26332,90,Erogado Salto Grande,URUGUAY,39,alturas_prefe,-31.273969,-57.938011,,
26335,93,Confluencia,PARANAMED,39,alturas_prefe,-25.592701,-54.593363,,
947,98,Virtuani,BRAZOLARGO,4,alturas_prefe,-33.7833333333,-58.6166666667,,
26696,99,Gualeguaychú,URUGUAY,40,alturas_prefe,-33.0144444444444,-58.5041666666667,,
6659,103,Recreo - Ruta Provincial nº 70,SALADOSANTAFE,4,alturas_bdhi,-31.4912222222222,-60.7805555555556,,
957,108,San Roque,SANTALUCIA,4,alturas_bdhi,-28.5711388888889,-58.7214166666667,,
6650,109,Paso Lucero,CORRIENTE,4,alturas_bdhi,-28.9943611111111,-58.5593888888889,,
960,111,Límite con Entre Ríos – Ruta Provincial nº 28,GUAYQUIRARO,4,alturas_bdhi,-30.2166388888889,-58.7846388888889,,
967,118,Pueblo Andino,CARCARAÑA,4,alturas_bdhi,-32.6733333333333,-60.8659444444444,,
970,121,Los Laureles,CORRIENTE,4,alturas_bdhi,-29.7571111111111,-59.2171666666667,,
6663,123,Autopista,COLASTINE,4,alturas_bdhi,-32.0178611111111,-60.990275,,
129,129,Resistencia,NEGRO,2,alturas_bdhi,-27.4397222222222,-59.0,,
26697,131,Puerto Maní,PARANAMED,40,alturas_prefe,-27.1063611111111,-55.5221666666667,,
1515,134,Ruta Nacional nº 12,SANLORENZO,2,alturas_bdhi,-28.1141666666667,-58.8086111111111,,
29395,135,Autopista,ELMONJE,4,alturas_bdhi,-32.3929722222222,-60.9411111111111,,
6661,136,Ruta Nacional nº 11,MALABRIGO,4,alturas_bdhi,-29.2786666666667,-59.7856666666667,,
146,146,Roque Perez,SALADOBONAERENSE,2,alturas_bdhi,-35.372613,-59.280502,,
6395,170,Ruta Provincial Nº 044,Poncho Moro,4,alturas_bdhi,-43.6683333333333,-71.4061388888889,,
1019,170,Ruta Provincial Nº 044,Poncho Moro,4,alturas_bdhi,-43.6683333333333,-71.4061388888889,,
6072,319,La Sirena,AGUAPEY,4,alturas_bdhi,-28.4166666666667,-56.5421666666667,,
1369,1019,Alvear,,2,estaciones_salto_grande,-29.112957,-56.555522,,
1375,1035,Garruchos,,2,estaciones_salto_grande,-28.177515,-55.642269,,
26372,1036,Santo Tomé,,39,estaciones_salto_grande,-28.545073,-56.028995,,
18602,1036,Santo Tomé,,40,estaciones_salto_grande,-28.545073,-56.028995,,
1392,1037,San Javier,,4,estaciones_salto_grande,-27.869343,-55.129216,,
26373,1037,San Javier,,39,estaciones_salto_grande,-27.869343,-55.129216,,
26374,1038,El Soberbio,,39,estaciones_salto_grande,-27.298582,-54.193437,,
18604,1038,El Soberbio,,40,estaciones_salto_grande,-27.298582,-54.193437,,
1383,1063,Miriñay Río,,2,estaciones_salto_grande,-29.845637,-57.674446,,
3276,1695,General Belgrano,Salado_bonaerense,4,alturas_bdhi,-35.7246666666667,-58.5365277777778,,
29913,1695,General Belgrano,Salado_bonaerense,39,alturas_bdhi,-35.7246666666667,-58.5365277777778,,
3461,1702,Braga,,4,estaciones_pvnymm,-34.3363990783691,-58.4844017028809,,
3503,1710,Desembocadura,,4,estaciones_pvnymm,-33.997200012207,-58.4702987670898,,
3449,1710,Desembocadura,,4,estaciones_pvnymm,-33.997200012207,-58.4702987670898,,
26723,1710,Desembocadura,,40,estaciones_pvnymm,-33.997200012207,-58.4702987670898,,
3477,1712,Carabelitas,,4,estaciones_pvnymm,-33.9491996765137,-58.7689018249512,,
3404,1713,Zárate,,2,estaciones_pvnymm,-34.0918998718262,-59.0139007568359,,
3456,1714,Baradero,,4,estaciones_pvnymm,-33.9366989135742,-59.2578010559082,,
26726,1714,Baradero,,40,estaciones_pvnymm,-33.9366989135742,-59.2578010559082,,
3394,1715,Brazo Largo,,2,estaciones_pvnymm,-33.8880996704102,-58.9166984558105,,
3421,1715,Brazo Largo,,2,estaciones_pvnymm,-33.8880996704102,-58.9166984558105,,
3448,1715,Brazo Largo,,4,estaciones_pvnymm,-33.8880996704102,-58.9166984558105,,
26727,1715,Brazo Largo,,40,estaciones_pvnymm,-33.8880996704102,-58.9166984558105,,
26728,1717,Bifurcación,,40,estaciones_pvnymm,-33.7224998474121,-59.2907981872559,,
29639,1723,San Martín,,2,estaciones_pvnymm,-32.7071990966797,-60.7249984741211,,
29634,1725,Diamante,,2,estaciones_pvnymm,-32.0560989379883,-60.6439018249512,,
29560,1833,CanaldelEste,Río de la Plata,4,puntos_FDelta,-34.3764,-58.4975,,
29572,1836,Gutierrez,Río de la Plata,2,puntos_FDelta,-33.8245,-58.4715,,
29562,1838,Lujan,Río de la Plata,4,puntos_FDelta,-34.4434,-58.5257,,
29552,1841,SanAntonio,Río de la Plata,4,puntos_FDelta,-34.4193,-58.5091,,
25466,1843,Uruguay,Río de la Plata,2,puntos_FDelta,-33.9017,-58.4268,,
6136,1882,Deseado - Ruta Provincial Nº47,Deseado,2,alturas_bdhi,-47.8289916666667,-66.5928444444444,,
6142,1884,Deseado-Ruta Provincial Nº 039,Deseado,4,alturas_bdhi,-46.726525,-69.5937666666667,,
6161,1893,Chico - Gregores,Chico,4,alturas_bdhi,-48.7520083333333,-70.32075,,
6204,1910,Manso - Lago Steffen,Manso,4,alturas_bdhi,-41.5159361111111,-71.5364027777778,,
6216,1915,Escondido - El Foyel,Escondido,4,alturas_bdhi,-41.6797777777778,-71.5652777777778,,
6246,1928,MALABRIGO - RUTA PROVINCIAL Nº 088 S,Malabrigo,4,alturas_bdhi,-29.3649722222222,-59.7778888888889,,
6248,1929,El Toba - Margarita,El Toba,4,alturas_bdhi,-29.7300555555556,-60.0075833333333,,
6274,1940,Saladillo Dulce - La Noria (RP 281),Saladillo Dulce,4,alturas_bdhi,-30.8548333333333,-60.2821944444444,,
6318,1960,Carcaraña - Cruz Alta,Carcaraña,4,alturas_bdhi,-33.0056194444444,-61.787425,,
6329,1965,Iruya - San José,Iruya,4,alturas_bdhi,-22.8655,-64.7036388888889,,
6390,1989,ARRAYANES - LAGO VERDE,Arrayanes,4,alturas_bdhi,-42.7441666666667,-71.7416666666667,,
6398,1991,CARRILEUFÚ - CHOLILA,Carrileufú,4,alturas_bdhi,-42.4955555555556,-71.5411111111111,,
6412,1998,CARRENLEUFÚ - PUENTE DE HIERRO,Carrenleufú,4,alturas_bdhi,-43.5441111111111,-71.4861388888889,,
6449,2012,Chubut - Los Altares,Chubut,4,alturas_bdhi,-43.8883805555556,-68.3993916666667,,
6454,2014,CARRENLEUFÚ - LAGO VINTER,Carrenleufú,4,alturas_bdhi,-43.8995277777778,-71.4188888888889,,
6477,2023,CARRENLEUFÚ - LA ELENA,Carrenleufú,4,alturas_bdhi,-43.6838888888889,-71.3008611111111,,
6491,2029,Uruguay - El Soberbio,Uruguay,4,alturas_bdhi,-27.2985833333333,-54.1935833333333,,
29376,2037,Uruguay - San Javier,Uruguay,2,alturas_bdhi,-27.8690833333333,-55.13025,,
6516,2042,Pilagá - Rn Nº 11,Pilagá,4,alturas_bdhi,-25.9846944444444,-58.1631666666667,,
30071,2055,Aº Estacas - Ex RP 50,Arroyo Estacas,39,alturas_bdhi,-30.7666944444444,-59.4706388888889,,
6572,2070,Aguapey - Caa Caraí,Aguapey,4,alturas_bdhi,-27.824527778,-56.258444444,,
6575,2071,Uruguay - Paso de los Libres,Uruguay,4,alturas_bdhi,-29.7193611111111,-57.084,,
6578,2072,Batel - Paso Cerrito,Batel,4,alturas_bdhi,-29.0311111111111,-58.7883333333333,,
6603,2082,Paraná - Itatí,Paraná,4,alturas_bdhi,-27.26625,-58.2443055555556,,
6626,2092,Barrancas - Paso la Llana,Barrancas,4,alturas_bdhi,-30.2173333333333,-59.3243333333333,,
38340,2114,Aº Del Medio en La Emilia,,101,sat2,-33.3988888888889,-60.3347222222222,,
6831,2126,Río Chubut en Valle Inferior,,2,sat2,-43.2930555555556,-65.4986111111111,,
38336,2141,Percey - Ruta a Futalaufquen,,101,sat2,-43.0211111111111,-71.4555555555556,,
38367,2143,Senguer - LOS MOLINOS,,101,sat2,-45.9861111111111,-69.475,,
35855,2154,Bermejo - Pozo Sarmiento,,4,sat2,-23.1405555555556,-64.1969444444445,,
38402,2159,Manso - Confluencia,,101,sat2,-41.5869444444444,-71.6836111111111,,
38371,2176,Canal de Dios	,,101,sat2,-25.6108333333333,-63.9480555555556,,
6919,2195,Bermejo - Sauzalito,,2,sat2,-24.4333333333333,-61.6563888888889,,
38308,2206,Río Areco - Puente Quemado,,101,sat2,-34.2880555555556,-59.7027777777778,,
26534,2217,Laguna La Picasa - RN33,,39,sat2,-34.3269444444445,-62.8113888888889,,
38368,2224,Salado - Añatuya RP Nº92,,101,sat2,-28.5033333333333,-62.8813888888889,,
7060,2232,Paysandú,Uruguay,2,alturas_varios,-32.313646,-58.102575,,
7061,2233,Concepción del Uruguay - CARU,Uruguay,2,alturas_varios,-32.477173,-58.221219,,
8891,2706,ZEstacion de prueba 9003,,2,sat2,-34.6130555555556,-58.3772222222222,,
9459,2811,Río Neuquén - Dique Ballester,,2,sat2,-38.7247222222222,-68.1705555555556,,
35948,2822,Pilcomayo - El Raúl,,40,sat2,-22.65,-62.2163888888889,,
38424,2828,Río Salado RN Nº 11,,101,sat2,-27.5413888888889,-59.1308333333333,,
29447,2830,Paraná Guazú - Brazo Largo,Paraná Guazú,4,sat2,-33.8830555555556,-58.9,,
38154,2848,Neuquén - Paso de Indios MET,,39,sat2,-38.5316666666667,-69.4122222222222,,
29446,5907,Paraná Las Palmas - Zárate,Paraná de las Palmas,4,sat2,-34.1019444444444,-59.0088888888889,,
30116,5910,SANTA FE - LA GUARDIA,SISTEMA SETÚBAL,2,alturas_bdhi,-31.6301388888889,-60.6779722222222,,
30126,5912,Paraná - Timbúes,,4,sat2,-32.7197222222222,-60.7261111111111,,
38488,6379,NIV - La Hoya,,101,sat2,-42.8325,-71.2536111111111,,
38468,6385,Chico - Cerro Mesa,,101,sat2,-41.7063888888889,-70.4825,,
38548,6387,Tupungato - Punta de Vacas LIM,,101,sat2,-32.8808333333333,-69.7683333333333,,
37844,6398,Salado - Colonia Dora,,39,sat2,-28.5597222222222,-62.8902777777778,,
38480,6398,Salado - Colonia Dora,,101,sat2,-28.5597222222222,-62.8902777777778,,
37935,6409,NIV Carrenleufú - Lago Guacho,,39,sat2,-43.8288888888889,-71.4055555555556,,
38523,6410,NIV Atuel - Laguna Atuel,,101,sat2,-34.5111111111111,-70.0458333333333,,
37871,6414,NIV Mendoza - Toscas,,39,sat2,-33.1641666666667,-69.8886111111111,,
31942,6415,NIV Aº de Las Leñas - Las Leña,,2,sat2,-35.1394444444444,-70.0916666666667,,
38089,6425,Miriñay - Paso Ledesma,,39,sat2,-29.8458333333333,-57.675,,
37898,6433,ZPrueba_INA_11679,,39,sat2,-34.5,-58.3333333333333,,
38552,6436,Iruya - Colanzulí,,101,sat2,-22.8716666666667,-65.2144444444445,,
38029,6437,Manso - Los Alerces,,39,sat2,-41.3783333333333,-71.7466666666667,,
38059,6440,ZPrueba_INA_10ma_13275,,39,sat2,-34.5,-58.3333333333333,,
32779,6443,Santa Rosa - Meteorológica,,2,sat2,-36.6213888888889,-64.3219444444444,,
38679,6450,Nuevo - Ruta Nac. Nº 8,,101,sat2,-33.6366666666667,-65.3636111111111,,
38579,6482,Desaguadero - Navia,,101,sat2,-34.7741666666667,-66.5886111111111,,
37906,6485,ZPrueba_Cañuelas_11141,,39,sat2,-34.5,-58.3333333333333,,
37907,6487,ZPrueba_Fabrica_12236,,39,sat2,-34.5,-58.3333333333333,,
38109,6491,ZPrueba_Cañuelas_10484,,39,sat2,-34.5,-58.3333333333333,,
38062,6502,ZPrueba_INA_13897,,39,sat2,-34.5,-58.3333333333333,,
38532,6509,El Rey - Moussy,,101,sat2,-28.9977777777778,-59.7530555555556,,
38642,6520,Aº Yaboti - San Pedro,,101,sat2,-26.6352777777778,-54.0897222222222,,
38578,6527,General Acha - La Pampa,,101,sat2,-37.3647222222222,-64.5919444444444,,
38570,6543,*Pepirí Guazú-Pte.Int.P.Rosale,,101,sat2,-26.6133333333333,-53.7347222222222,,
37915,6547,ZPrueba_Evarsa_11135,,39,sat2,-34.3333333333333,-58.3333333333333,,
33745,6552,Acaragua - Campo Grande,null,2,sat2,-27.2158333333333,-54.9725,,
38661,6556,Pilcomayo - Tigra Norte,,101,sat2,-23.1397222222222,-61.9638888888889,,
37920,6559,ZPrueba_INA_21ra_GSM_13883,,39,sat2,-34.3333333333333,-58.3333333333333,,
38037,6571,NIV Atuel - Laguna Atuel,,39,sat2,-34.5111111111111,-70.0458333333333,,
38557,6572,Aº El Quebrachal - RP Nº 33,,101,sat2,-33.5838888888889,-65.3980555555556,,
38537,6573,San Antonio Oeste - ET 132 KV,,101,sat2,-40.7566666666667,-65.03,,
38135,6580,ZPrueba_INA_22da_14505,,39,sat2,-34.3333333333333,-58.3333333333333,,
38157,6598,Carrenleufú - Frontera,,39,sat2,-43.5608333333333,-71.7288888888889,,
37949,6609,La Picasa - Obra Reg Nº1,,39,sat2,-34.2619444444444,-63.3816666666667,,
33987,6612,Niv. Cerro Polleras,,2,sat2,-33.1475,-69.8519444444444,,
38672,6612,Niv. Cerro Polleras,,101,sat2,-33.1475,-69.8519444444444,,
38136,6613,NIV - Picos de Barroso,,39,sat2,-34.3075,-69.9483333333333,,
38012,6619,ZPrueba_INA_24ta_14536,,39,sat2,-34.3333333333333,-58.3333333333333,,
38647,6620,L. Menéndez-Cisne Pto. Sagrado,,101,sat2,-42.6177777777778,-71.8880555555556,,
38071,6630,ZPrueba_INA_25ta_15186,,39,sat2,-34.3333333333333,-58.3333333333333,,
38072,6635,Nuevo - Ruta Nac. Nº 8,,39,sat2,-33.6366666666667,-65.3636111111111,,
38648,6635,Nuevo - Ruta Nac. Nº 8,,101,sat2,-33.6366666666667,-65.3636111111111,,
38013,6644,ZPrueba_INA_25ta_15179,,39,sat2,-34.3333333333333,-58.3333333333333,,
33924,6645,Esc. Prov. 355 - Piedra Larga,,2,sat2,-27.6022222222222,-67.1977777777778,,
38663,6645,Esc. Prov. 355 - Piedra Larga,,101,sat2,-27.6022222222222,-67.1977777777778,,
38019,6673,ZPrueba_INA_27ma_15232,,39,sat2,-34.3333333333333,-58.3333333333333,,
34004,6676,PN Trinidad - Condorito ,,2,sat2,-31.6911111111111,-64.8527777777778,,
38120,6676,PN Trinidad - Condorito ,,39,sat2,-31.6911111111111,-64.8527777777778,,
38160,6680,ZPrueba_INA_27ma_15239,,39,sat2,-34.3333333333333,-58.3333333333333,,
38075,6682,ZPrueba_INA_27ma_15241,,39,sat2,-34.3333333333333,-58.3333333333333,,
39606,6685,Sis. Setúbal-Sta. Fé-La Guard.,,40,sat2,-31.6302777777778,-60.6777777777778,,
38049,6686,ZPrueba_INA_27ma_15245,,39,sat2,-34.3333333333333,-58.3333333333333,,
37983,6687,ZPrueba_INA_28va_16047,,39,sat2,-34.3333333333333,-58.3333333333333,,
38101,6688,ZPrueba_INA_28va_16048,,39,sat2,-34.3333333333333,-58.3333333333333,,
38102,6691,Jáchal - Pachimoco,,39,sat2,-30.2230555555556,-68.9477777777778,,
38103,6697,ZPrueba_INA_29na_Orbcomm_16038,,39,sat2,-34.3333333333333,-58.3333333333333,,
38050,6700,ZPrueba_INA_29na_Orbcomm_16042,,39,sat2,-34.3333333333333,-58.3333333333333,,
33790,6702,Cuarto - La Carlota,,2,sat2,-33.4155555555556,-63.3086111111111,,
38078,6705,ZPrueba_INA_28va_16052,,39,sat2,-34.3333333333333,-58.3333333333333,,
38172,6733,Zprueba_INA_31ra_16404,,39,sat2,-34.3333333333333,-58.3333333333333,,
38678,6749,Sierra Grande - Aeródromo,,101,sat2,-41.5916666666667,-65.3433333333333,,
38125,6752,ZPrueba_Evarsa_12189,,39,sat2,-34.3333333333333,-58.3333333333333,,
38152,6753,ZPrueba_INA_33ra_16814,,39,sat2,-34.3333333333333,-58.3333333333333,,
38106,6762,RMA10_PA-Punta Alta,,39,sat2,-38.965,-61.91,,
35406,6950,LP_Libano,Arroyo Las Piedras,2,prevenir,-34.738069,-58.30934,,
36908,7262,Dulce – Los Quiroga Aa,,2,sat2,-27.6580555555556,-64.3586111111111,,
38255,7269,Foyel - RN 258,,39,sat2,-41.7133333333333,-71.4413888888889,,
38792,7282,Lago Gutierrez - Bariloche,,101,sat2,-41.1644444444444,-71.4147222222222,,
37011,7285,Las Cañas - Potrero del Clavil,,2,sat2,-27.4,-65.9747222222222,,
38794,7285,Las Cañas - Potrero del Clavil,,101,sat2,-27.4,-65.9747222222222,,
43998,8346,NIV - Lago Bagillt ,,2,sat2,-43.2641666666667,-71.7177777777778,,
38317,2117,Río Salto - Salto,,101,sat2,-34.2861111111111,-60.2591666666667,,
38348,2118,Río Primero (Suquía) Camino Se,,101,sat2,-30.9641666666667,-62.9961111111111,,
38358,2126,Río Chubut en Valle Inferior,,101,sat2,-43.2930555555556,-65.4986111111111,,
38362,2132,Río Paraná - Goya,,101,sat2,-29.165,-59.3283333333333,,
38359,2138,Río Grande en La Gotera,,101,sat2,-35.8716666666667,-69.8919444444444,,
38311,2152,RIO CHUBUT EN TRELEW,,101,sat2,-43.2761111111111,-65.2733333333333,,
38389,2186,Bermejo - Balapuca,,101,sat2,-22.4919444444444,-64.4694444444444,,
38399,2187,Grande Tarija - El Cajón,,101,sat2,-22.3266666666667,-64.1263888888889,,
38344,2190,Bermejo - Finca Jujeños,,101,sat2,-23.1352777777778,-64.2047222222222,,
38330,2191,Bermejo - Puente Internacion,,101,sat2,-22.7263888888889,-64.3694444444444,,
38393,2195,Bermejo - Sauzalito,,101,sat2,-24.4333333333333,-61.6563888888889,,
38411,2207,Seminario Diocesano de Azul,,101,sat2,-36.8311111111111,-59.8938888888889,,
38386,2214,Río Areco - Carmen de Areco,,101,sat2,-34.3519444444444,-59.8166666666667,,
38305,2217,Laguna La Picasa - RN33,,101,sat2,-34.3269444444445,-62.8113888888889,,
38379,2219,Intersección Canales A22,,101,sat2,-34.4494444444444,-62.4133333333333,,
38353,2222,Canal de Dios - Salado,,101,sat2,-25.6105555555556,-63.9488888888889,,
38419,2706,ZEstacion de prueba 9003,,101,sat2,-34.6130555555556,-58.3772222222222,,
37866,2749,Diamante - El Tigre,,39,sat2,-34.6613888888889,-68.595,,
38500,2749,Diamante - El Tigre,,101,sat2,-34.6613888888889,-68.595,,
38444,2776,PN Trinidad - Condorito ,,101,sat2,-31.6911111111111,-64.8527777777778,,
38452,2808,Malargue - La Barda,,101,sat2,-35.5527777777778,-69.6825,,
38454,2814,Río Metan - Desembocadura,,101,sat2,-25.3933333333333,-64.5922222222222,,
38436,2821,Río Salado RP Nº 51 - Achupall,,101,sat2,-35.0880555555556,-60.1088888888889,,
38697,2848,Neuquén - Paso de Indios MET,,101,sat2,-38.5316666666667,-69.4122222222222,,
38189,6363,Cuarto - Puente de Olmos,,39,sat2,-33.4555555555556,-63.1294444444444,,
38722,6375,Salado - Canal de Dios,,101,sat2,-25.6105555555556,-63.9486111111111,,
38720,6378,NIV- Túnel internacional,,101,sat2,-32.8130555555556,-70.0575,,
37895,6390,Ñorquinco - Ñorquinco,,39,sat2,-41.8419444444444,-70.8913888888889,,
38637,6411,NIV Grande - Paso Pehuenche,,101,sat2,-35.98,-70.3941666666667,,
37855,6412,NIV Grande - Valle Hermoso,,39,sat2,-35.1422222222222,-70.2016666666667,,
37836,6416,NIV - Alto Chubut,,39,sat2,-41.6730555555555,-71.1141666666667,,
37857,6420,Lago Buenos Aires-Los Antiguos,,39,sat2,-46.5391666666667,-71.6094444444444,,
38491,6420,Lago Buenos Aires-Los Antiguos,,101,sat2,-46.5391666666667,-71.6094444444444,,
38088,6431,PN  - Copo  - El Aibal ,,39,sat2,-25.9227777777778,-61.7138888888889,,
38656,6431,PN  - Copo  - El Aibal ,,101,sat2,-25.9227777777778,-61.7138888888889,,
37937,6436,Iruya - Colanzulí,,39,sat2,-22.8716666666667,-65.2144444444445,,
37903,6443,Santa Rosa - Meteorológica,,39,sat2,-36.6213888888889,-64.3219444444444,,
37859,6451,Laguna La Picasa - CR Nº7,,39,sat2,-34.3486111111111,-62.5419444444444,,
38507,6452,Chico - Cerro Mesa,,101,sat2,-41.7063888888889,-70.4825,,
37999,6468,Negro - Isla Jordan,,39,sat2,-38.995,-67.9730555555556,,
38599,6468,Negro - Isla Jordan,,101,sat2,-38.995,-67.9730555555556,,
38061,6477,NIV-C. Trona.-Otto Meiling MET,,39,sat2,-41.1911111111111,-71.7880555555556,,
37880,6492,Uspallata - Uspallata,,39,sat2,-32.5944444444444,-69.34,,
38512,6492,Uspallata - Uspallata,,101,sat2,-32.5944444444444,-69.34,,
38032,6512,INA - Ezeiza,null,39,sat2,-34.7972222222222,-58.5202777777778,,
37889,6526,Jesus Maria - MET,,39,sat2,-30.9769444444444,-64.1394444444445,,
38517,6526,Jesus Maria - MET,,101,sat2,-30.9769444444444,-64.1394444444445,,
38132,6530,Agrio - Bajada del Agrio,,39,sat2,-38.3658333333333,-70.0325,,
37946,6572,Aº El Quebrachal - RP Nº 33,,39,sat2,-33.5838888888889,-65.3980555555556,,
38114,6576,Laguna Yema,,39,sat2,-24.2563888888889,-61.2419444444444,,
38558,6583,Lago Mascardi - Central Frey,,101,sat2,-41.3572222222222,-71.5633333333333,,
38560,6609,La Picasa - Obra Reg Nº1,,101,sat2,-34.2619444444444,-63.3816666666667,,
37929,6617,Aº Yabotí  Guazú,,39,sat2,-27.0694444444444,-53.8938888888889,,
38546,6643,Gob. Costa - Chubut MET-FRE,,101,sat2,-44.0344444444444,-70.6458333333333,,
38676,6676,PN Trinidad - Condorito ,,101,sat2,-31.6911111111111,-64.8527777777778,,
33932,6691,Jáchal - Pachimoco,,2,sat2,-30.2230555555556,-68.9477777777778,,
38665,6691,Jáchal - Pachimoco,,101,sat2,-30.2230555555556,-68.9477777777778,,
37984,6701,Santa Rosa - Meteorológica,,39,sat2,-36.6213888888889,-64.3219444444444,,
38146,6725,La Picasa - Obra Reg Nº5,,39,sat2,-34.3044444444444,-62.8591666666667,,
38124,6749,Sierra Grande - Aeródromo,,39,sat2,-41.5916666666667,-65.3433333333333,,
38241,7253,Canal San Antonio- RP Nº2,,39,sat2,-32.4230555555555,-61.9569444444444,,
38768,7253,Canal San Antonio- RP Nº2,,101,sat2,-32.4230555555555,-61.9569444444444,,
38249,7262,Dulce – Los Quiroga Aa,,39,sat2,-27.6580555555556,-64.3586111111111,,
36987,7282,Lago Gutierrez - Bariloche,,2,sat2,-41.1644444444444,-71.4147222222222,,
38265,7282,Lago Gutierrez - Bariloche,,39,sat2,-41.1644444444444,-71.4147222222222,,
37021,7290,Manso Superior - Pampa Linda,,2,sat2,-41.2316666666667,-71.7713888888889,,
38272,7290,Manso Superior - Pampa Linda,,39,sat2,-41.2316666666667,-71.7713888888889,,
1519,1,Ruta Provincial nº 39,GUALEGUAYCHU,2,alturas_bdhi,-32.4451666666667,-58.5548888888889,,
850,1,Ruta Provincial nº 39,GUALEGUAYCHU,4,alturas_bdhi,-32.4451666666667,-58.5548888888889,,
1461,1,Ruta Provincial nº 39,GUALEGUAYCHU,4,alturas_bdhi,-32.4451666666667,-58.5548888888889,,
2,2,Rosario del Tala,GUALEGUAY,2,alturas_bdhi,-32.3085,-59.0768055555556,2001-05-01T04:00:00,2026-04-30T08:00:00
1520,2,Rosario del Tala,GUALEGUAY,2,alturas_bdhi,-32.3085,-59.0768055555556,,
1505,2,Rosario del Tala,GUALEGUAY,4,alturas_bdhi,-32.3085,-59.0768055555556,,
9634,2,Rosario del Tala,GUALEGUAY,39,alturas_bdhi,-32.3085,-59.0768055555556,2001-05-01T00:00:00,2026-04-30T00:00:00
9636,2,Rosario del Tala,GUALEGUAY,40,alturas_bdhi,-32.3085,-59.0768055555556,2001-05-01T00:00:00,2024-08-31T00:00:00
3,3,Paso Alonso,GUALEGUAY,2,alturas_bdhi,-33.1006111111111,-59.2703333333333,,
852,3,Paso Alonso,GUALEGUAY,4,alturas_bdhi,-33.1006111111111,-59.2703333333333,,
853,4,Villaguay,GUALEGUAY,4,alturas_bdhi,-31.8016111111111,-59.126,,
5,5,Paso Medina,FELICIANO,2,alturas_bdhi,-30.9236944444444,-59.5512222222222,2001-05-01T09:00:00,2026-04-30T20:00:00
1517,5,Paso Medina,FELICIANO,2,alturas_bdhi,-30.9236944444444,-59.5512222222222,,
1513,5,Paso Medina,FELICIANO,4,alturas_bdhi,-30.9236944444444,-59.5512222222222,,
6,6,Puerto Ruiz,GUALEGUAY,2,alturas_bdhi,-33.222327,-59.365098,,
7,7,Puente Jáuregui,LUJAN,2,alturas_bdhi,-34.589146,-59.178504,,
856,7,Puente Jáuregui,LUJAN,4,alturas_bdhi,-34.589146,-59.178504,,
857,8,Andresito,IGUAZU,4,alturas_prefe,-25.5833333333333,-53.9833333333333,2006-01-01T12:00:00,2026-08-30T00:00:00
9,9,Puerto Iguazú,PARANAMED,2,alturas_prefe,-25.5833333333333,-54.5666666666667,1966-01-01T07:00:00,2026-08-30T00:00:00
858,9,Puerto Iguazú,PARANAMED,4,alturas_prefe,-25.5833333333333,-54.5666666666667,1994-01-01T06:00:00,2020-10-06T00:00:00
860,11,El Dorado,PARANAMED,4,alturas_prefe,-26.3833333333333,-54.7,,
861,12,Libertador,PARANAMED,4,alturas_prefe,-26.8,-55.0333333333333,,
13,13,Santa Ana,PARANAMED,2,alturas_prefe,-27.33509,-55.588412,2006-01-01T04:00:00,2026-08-30T00:00:00
862,13,Santa Ana,PARANAMED,4,alturas_prefe,-27.33509,-55.588412,,
864,15,Ituzaingó,PARANAMED,4,alturas_prefe,-27.5833333333333,-56.7,,
16,16,Itá Ibaté,PARANAMED,2,alturas_prefe,-27.42336098,-57.33326783,1912-01-02T07:00:00,2026-08-30T00:00:00
865,16,Itá Ibaté,PARANAMED,4,alturas_prefe,-27.42336098,-57.33326783,,
17,17,Itatí,PARANAMED,2,alturas_prefe,-27.26677773,-58.24407387,1912-01-02T07:00:00,2026-08-30T00:00:00
866,17,Itatí,PARANAMED,4,alturas_prefe,-27.26677773,-58.24407387,2015-07-30T04:00:00,2021-11-18T12:00:00
18,18,Paso de la Patria,PARANAMED,2,alturas_prefe,-27.3333333333333,-58.5833333333333,1956-01-01T07:00:00,2026-08-30T00:00:00
1541,19,Corrientes,PARANAMED,2,alturas_prefe,-27.46364349,-58.8388696,,
868,19,Corrientes,PARANAMED,4,alturas_prefe,-27.46364349,-58.8388696,1910-01-02T07:00:00,2026-08-30T00:00:00
1539,19,Corrientes,PARANAMED,4,alturas_prefe,-27.46364349,-58.8388696,,
3523,20,Barranqueras,BARRANQUERAS,2,alturas_prefe,-27.4833333333333,-58.9333333333333,,
3381,20,Barranqueras,BARRANQUERAS,2,alturas_prefe,-27.4833333333333,-58.9333333333333,,
870,21,Empedrado,PARANAINF,4,alturas_prefe,-27.95412346,-58.81852419,,
22,22,Bella Vista,PARANAINF,2,alturas_prefe,-28.51840072,-59.05931723,1906-01-02T07:00:00,2026-08-30T00:00:00
23,23,Goya,PARANAINF,2,alturas_prefe,-29.14376844,-59.27303952,1903-06-17T07:00:00,2026-08-30T00:00:00
3382,23,Goya,PARANAINF,2,alturas_prefe,-29.14376844,-59.27303952,,
24,24,Reconquista,SANJAVIER,2,alturas_prefe,-29.23756092,-59.58115833,1908-04-26T07:00:00,2026-08-30T00:00:00
3526,24,Reconquista,SANJAVIER,2,alturas_prefe,-29.23756092,-59.58115833,,
3383,24,Reconquista,SANJAVIER,2,alturas_prefe,-29.23756092,-59.58115833,,
874,25,Esquina,PARANAINF,4,alturas_prefe,-30.01924089,-59.53663483,,
26,26,La Paz,PARANAINF,2,alturas_prefe,-30.73419972,-59.6381167,1903-05-16T07:00:00,2026-08-30T00:00:00
3384,26,La Paz,PARANAINF,2,alturas_prefe,-30.73419972,-59.6381167,,
875,26,La Paz,PARANAINF,4,alturas_prefe,-30.73419972,-59.6381167,,
27,27,Santa Elena,PARANAINF,2,alturas_prefe,-30.95,-59.7833333333333,1912-01-02T07:00:00,2026-08-30T00:00:00
877,28,Hernandarias,PARANAINF,4,alturas_prefe,-31.22650904,-59.99193936,,
29,29,Paraná,PARANAINF,2,alturas_prefe,-31.7182378629681,-60.5225697750899,1902-02-22T07:00:00,2026-08-30T00:00:00
3408,29,Paraná,PARANAINF,2,alturas_prefe,-31.7182378629681,-60.5225697750899,,
878,29,Paraná,PARANAINF,4,alturas_prefe,-31.7182378629681,-60.5225697750899,2015-07-21T04:00:00,2026-07-10T00:00:00
3489,29,Paraná,PARANAINF,4,alturas_prefe,-31.7182378629681,-60.5225697750899,,
30,30,Santa Fe,PARANAINF,2,alturas_prefe,-31.6514772196376,-60.7002319185745,1925-01-02T07:00:00,2026-08-30T00:00:00
1542,30,Santa Fe,PARANAINF,2,alturas_prefe,-31.6514772196376,-60.7002319185745,,
1543,30,Santa Fe,PARANAINF,2,alturas_prefe,-31.6514772196376,-60.7002319185745,,
879,30,Santa Fe,PARANAINF,4,alturas_prefe,-31.6514772196376,-60.7002319185745,1985-01-01T06:00:00,2026-08-30T00:00:00
1544,30,Santa Fe,PARANAINF,4,alturas_prefe,-31.6514772196376,-60.7002319185745,,
3409,31,Diamante,PARANAINF,2,alturas_prefe,-32.0715615377843,-60.6432219715378,,
3436,31,Diamante,PARANAINF,2,alturas_prefe,-32.0715615377843,-60.6432219715378,,
1459,32,Victoria,VICTORIA,4,alturas_prefe,-32.6558456373673,-60.2195849446607,,
3500,32,Victoria,VICTORIA,4,alturas_prefe,-32.6558456373673,-60.2195849446607,,
3411,33,San Lorenzo (San Martín),PARANAINF,2,alturas_prefe,-32.7336256031375,-60.7256705696322,,
3438,33,San Lorenzo (San Martín),PARANAINF,2,alturas_prefe,-32.7336256031375,-60.7256705696322,,
34,34,Rosario,PARANAINF,2,alturas_prefe,-32.9432699442268,-60.6308206029857,1884-01-02T07:00:00,2026-08-30T00:00:00
3387,34,Rosario,PARANAINF,2,alturas_prefe,-32.9432699442268,-60.6308206029857,,
883,34,Rosario,PARANAINF,4,alturas_prefe,-32.9432699442268,-60.6308206029857,2015-07-21T04:00:00,2026-07-10T12:00:00
884,35,Villa Constitución,PARANAINF,4,alturas_prefe,-33.2354221667103,-60.3091044341421,,
36,36,San Nicolás,PARANAINF,2,alturas_prefe,-33.3420008188866,-60.1895279977149,1904-01-02T07:00:00,2026-08-30T00:00:00
3414,36,San Nicolás,PARANAINF,2,alturas_prefe,-33.3420008188866,-60.1895279977149,,
3441,36,San Nicolás,PARANAINF,2,alturas_prefe,-33.3420008188866,-60.1895279977149,,
885,36,San Nicolás,PARANAINF,4,alturas_prefe,-33.3420008188866,-60.1895279977149,,
37,37,Ramallo,PARANAINF,2,alturas_prefe,-33.4780656197056,-59.9957013181522,1904-01-02T07:00:00,2026-08-30T00:00:00
3415,37,Ramallo,PARANAINF,2,alturas_prefe,-33.4780656197056,-59.9957013181522,,
886,37,Ramallo,PARANAINF,4,alturas_prefe,-33.4780656197056,-59.9957013181522,,
3469,37,Ramallo,PARANAINF,4,alturas_prefe,-33.4780656197056,-59.9957013181522,,
3416,38,San Pedro,PARANAINF,2,alturas_prefe,-33.6745267329027,-59.6497183332918,,
3497,38,San Pedro,PARANAINF,4,alturas_prefe,-33.6745267329027,-59.6497183332918,,
39,39,Baradero,BARADERO,2,alturas_prefe,-33.8006916108445,-59.4955962110789,1976-01-01T07:00:00,2026-08-30T00:00:00
40,40,Zárate,PARANADELASPALMAS,2,alturas_prefe,-34.0987818311696,-59.0108657589595,1978-01-01T07:00:00,2026-08-30T00:00:00
889,40,Zárate,PARANADELASPALMAS,4,alturas_prefe,-34.0987818311696,-59.0108657589595,,
3405,41,Campana,PARANADELASPALMAS,2,alturas_prefe,-34.1555854281116,-58.9581750062675,,
890,41,Campana,PARANADELASPALMAS,4,alturas_prefe,-34.1555854281116,-58.9581750062675,,
3459,41,Campana,PARANADELASPALMAS,4,alturas_prefe,-34.1555854281116,-58.9581750062675,,
3486,41,Campana,PARANADELASPALMAS,4,alturas_prefe,-34.1555854281116,-58.9581750062675,,
42,42,Escobar,PARANADELASPALMAS,2,alturas_prefe,-34.3,-58.7333333333,2006-01-01T04:00:00,2026-08-30T00:00:00
3425,42,Escobar,PARANADELASPALMAS,2,alturas_prefe,-34.3,-58.7333333333,,
43,43,Villa Paranacito,LATINTA,2,alturas_prefe,-33.7,-58.65,1983-01-01T06:00:00,2026-08-30T00:00:00
892,43,Villa Paranacito,LATINTA,4,alturas_prefe,-33.7,-58.65,,
44,44,Canal Nuevo,CANALGAFOTRE,2,alturas_prefe,-33.8627031166646,-58.6604197120006,2006-01-01T04:00:00,2026-08-30T00:00:00
3397,44,Canal Nuevo,CANALGAFOTRE,2,alturas_prefe,-33.8627031166646,-58.6604197120006,,
3424,44,Canal Nuevo,CANALGAFOTRE,2,alturas_prefe,-33.8627031166646,-58.6604197120006,,
3478,44,Canal Nuevo,CANALGAFOTRE,4,alturas_prefe,-33.8627031166646,-58.6604197120006,,
45,45,Ibicuy,PARANAIBICUY,2,alturas_prefe,-33.7619777376355,-59.1800594404244,1983-01-01T06:00:00,2026-08-30T00:00:00
894,45,Ibicuy,PARANAIBICUY,4,alturas_prefe,-33.7619777376355,-59.1800594404244,,
46,46,Puerto Ruiz,GUALEGUAY,2,alturas_prefe,-33.2166666667,-59.3666666667,2003-01-01T08:00:00,2026-08-30T00:00:00
895,46,Puerto Ruiz,GUALEGUAY,4,alturas_prefe,-33.2166666667,-59.3666666667,,
3427,49,Tigre,LUJAN,2,alturas_prefe,-34.4159316389634,-58.5779747237367,,
3454,49,Tigre,LUJAN,4,alturas_prefe,-34.4159316389634,-58.5779747237367,,
3481,49,Tigre,LUJAN,4,alturas_prefe,-34.4159316389634,-58.5779747237367,,
50,50,Dique Luján,LUJAN,2,alturas_prefe,-34.351576,-58.686115,2006-01-01T04:00:00,2026-08-30T00:00:00
901,52,San Fernando,LUJAN,4,alturas_prefe,-34.4333333333,-58.55,,
53,53,San Isidro,RIODELAPLATA,2,alturas_prefe,-34.457166,-58.507163,2006-01-01T04:00:00,2026-08-30T00:00:00
902,53,San Isidro,RIODELAPLATA,4,alturas_prefe,-34.457166,-58.507163,,
903,54,Olivos,RIODELAPLATA,4,alturas_prefe,-34.506666,-58.475863,,
55,55,Puerto Pilcomayo,PARAGUAY,2,alturas_prefe,-25.3666666666667,-57.65,1910-01-02T12:00:00,2026-08-30T00:00:00
1525,55,Puerto Pilcomayo,PARAGUAY,2,alturas_prefe,-25.3666666666667,-57.65,,
1523,55,Puerto Pilcomayo,PARAGUAY,2,alturas_prefe,-25.3666666666667,-57.65,,
904,55,Puerto Pilcomayo,PARAGUAY,4,alturas_prefe,-25.3666666666667,-57.65,1910-01-02T12:00:00,2026-08-30T00:00:00
1526,55,Puerto Pilcomayo,PARAGUAY,4,alturas_prefe,-25.3666666666667,-57.65,,
56,56,Bouvier,PARAGUAY,2,alturas_prefe,-25.451947,-57.568182,2006-01-01T04:00:00,2024-01-30T00:00:00
905,56,Bouvier,PARAGUAY,4,alturas_prefe,-25.451947,-57.568182,,
57,57,Puerto Formosa,PARAGUAY,2,alturas_prefe,-26.1833333333333,-58.1833333333333,2006-01-01T04:00:00,2026-08-30T00:00:00
906,57,Puerto Formosa,PARAGUAY,4,alturas_prefe,-26.1833333333333,-58.1833333333333,2006-01-01T04:00:00,2026-08-30T00:00:00
59,59,Isla del Cerrito,PARAGUAY,2,alturas_prefe,-27.3166666666667,-58.6166666666667,2006-06-11T04:00:00,2026-08-30T00:00:00
908,59,Isla del Cerrito,PARAGUAY,4,alturas_prefe,-27.3166666666667,-58.6166666666667,,
909,60,Pepirí Miní,URUGUAY,4,alturas_prefe,-27.153744,-53.933149,,
61,61,El Soberbio,URUGUAY,2,alturas_prefe,-27.3,-54.2,1980-04-25T07:00:00,2026-08-30T00:00:00
910,61,El Soberbio,URUGUAY,4,alturas_prefe,-27.3,-54.2,1980-04-25T07:00:00,2026-08-30T00:00:00
62,62,Alicia,URUGUAY,2,alturas_prefe,-27.4375,-54.3553,2006-04-12T04:00:00,2022-02-08T00:00:00
911,62,Alicia,URUGUAY,4,alturas_prefe,-27.4375,-54.3553,,
63,63,Alba Posse,URUGUAY,2,alturas_prefe,-27.572,-54.678494,1971-01-01T07:00:00,2026-08-30T00:00:00
913,64,Panambí,URUGUAY,4,alturas_prefe,-27.730627,-54.91305,,
65,65,San Javier,URUGUAY,2,alturas_prefe,-27.8833333333333,-55.1333333333333,1923-10-02T07:00:00,2026-08-30T00:00:00
9644,65,San Javier,URUGUAY,2,alturas_prefe,-27.8833333333333,-55.1333333333333,,
1509,65,San Javier,URUGUAY,4,alturas_prefe,-27.8833333333333,-55.1333333333333,,
915,66,Puerto Concepción,URUGUAY,4,alturas_prefe,-28.119193,-55.581369,,
916,67,Garruchos,URUGUAY,4,alturas_prefe,-28.1833333333333,-55.65,1931-01-01T09:00:00,2026-08-21T00:00:00
917,68,Santo Tomé,URUGUAY,4,alturas_prefe,-28.55,-56.0333333333333,1907-12-02T07:00:00,2026-08-30T00:00:00
69,69,Alvear,URUGUAY,2,alturas_prefe,-29.1,-56.55,2006-01-01T04:00:00,2026-08-30T00:00:00
918,69,Alvear,URUGUAY,4,alturas_prefe,-29.1,-56.55,2020-08-06T00:00:00,2026-07-16T00:00:00
920,71,Yapeyú,URUGUAY,4,alturas_prefe,-29.470031,-56.810674,,
72,72,Paso de los Libres,URUGUAY,2,alturas_prefe,-29.7166666666667,-57.0833333333333,1908-03-08T07:00:00,2026-08-30T00:00:00
923,74,Monte Caseros,URUGUAY,4,alturas_prefe,-30.25,-57.6333333333333,2006-01-01T04:00:00,2026-07-15T00:00:00
76,76,Federación,URUGUAY,2,alturas_prefe,-30.993221,-57.914682,2006-01-01T04:00:00,2026-07-16T00:00:00
927,78,Salto Grande Abajo,URUGUAY,4,alturas_prefe,-31.27547,-57.936945,2006-01-01T04:00:00,2026-08-30T00:00:00
79,79,Concordia,URUGUAY,2,alturas_prefe,-31.4,-58.0166666666667,1931-01-01T07:00:00,2026-08-30T00:00:00
80,80,Colón,URUGUAY,2,alturas_prefe,-32.2333333333333,-58.1166666666667,1931-01-01T07:00:00,2026-08-30T00:00:00
929,80,Colón,URUGUAY,4,alturas_prefe,-32.2333333333333,-58.1166666666667,,
81,81,Concepción del Uruguay,URUGUAY,2,alturas_prefe,-32.4833333333333,-58.2333333333333,1941-01-01T07:00:00,2026-08-30T00:00:00
930,81,Concepción del Uruguay,URUGUAY,4,alturas_prefe,-32.4833333333333,-58.2333333333333,,
931,82,Campichuelo,URUGUAY,4,alturas_prefe,-32.70101,-58.1834,,
83,83,Puerto Gualeguaychú,GUALEGUAYCHU,2,alturas_prefe,-33.0166666666667,-58.5,1941-01-01T07:00:00,2024-10-24T02:00:00
933,84,Boca Gualeguaychú,URUGUAY,4,alturas_prefe,-33.0666666666667,-58.4166666666667,,
85,85,Buenos Aires,RIODELAPLATA,2,alturas_prefe,-34.56108,-58.399288,2006-01-01T04:00:00,2026-08-30T20:45:00
934,85,Buenos Aires,RIODELAPLATA,4,alturas_prefe,-34.56108,-58.399288,,
935,86,La Plata,RIODELAPLATA,4,alturas_prefe,-34.824196,-57.873546,,
936,87,Yacyretá afluente,PARANAMED,4,alturas_prefe,-27.482557,-56.727244,2006-01-01T04:00:00,2026-08-30T00:00:00
1414,87,Yacyretá afluente,PARANAMED,4,alturas_prefe,-27.482557,-56.727244,,
1531,88,Yacyretá efluente,PARANAMED,2,alturas_prefe,-27.482557,-56.727244,,
1533,88,Yacyretá efluente,PARANAMED,4,alturas_prefe,-27.482557,-56.727244,,
1534,88,Yacyretá efluente,PARANAMED,4,alturas_prefe,-27.482557,-56.727244,,
90,90,Erogado Salto Grande,URUGUAY,2,alturas_prefe,-31.273969,-57.938011,,
939,90,Erogado Salto Grande,URUGUAY,4,alturas_prefe,-31.273969,-57.938011,2020-08-07T00:00:00,2024-10-24T00:00:00
93,93,Confluencia,PARANAMED,2,alturas_prefe,-25.592701,-54.593363,,
1415,93,Confluencia,PARANAMED,4,alturas_prefe,-25.592701,-54.593363,,
1418,93,Confluencia,PARANAMED,4,alturas_prefe,-25.592701,-54.593363,,
951,102,Ruta Nacional nº 130,GUALEGUAYCHU,4,alturas_bdhi,-32.1046111111111,-58.4904722222222,,
103,103,Recreo - Ruta Provincial nº 70,SALADOSANTAFE,2,alturas_bdhi,-31.4912222222222,-60.7805555555556,2001-05-01T09:00:00,2026-08-08T09:00:00
952,103,Recreo - Ruta Provincial nº 70,SALADOSANTAFE,4,alturas_bdhi,-31.4912222222222,-60.7805555555556,,
1480,103,Recreo - Ruta Provincial nº 70,SALADOSANTAFE,4,alturas_bdhi,-31.4912222222222,-60.7805555555556,,
105,105,Tostado,SALADOSANTAFE,2,alturas_bdhi,-29.2751666666667,-61.7439444444444,2004-06-01T09:00:00,2026-08-08T08:57:00
956,107,Santa Lucía,SANTALUCIA,4,alturas_bdhi,-28.9911111111111,-59.0982222222222,,
1489,107,Santa Lucía,SANTALUCIA,4,alturas_bdhi,-28.9911111111111,-59.0982222222222,,
109,109,Paso Lucero,CORRIENTE,2,alturas_bdhi,-28.9943611111111,-58.5593888888889,2001-05-01T16:00:00,2026-04-30T18:00:00
112,112,Nogoyá Ruta Provincial nº 11,NOGOYA,2,alturas_bdhi,-32.841975,-59.864625,2001-05-01T09:00:00,2026-04-30T20:00:00
114,114,Ruta Provincial nº 41,SALADOBONAERENSE,2,alturas_bdhi,-35.7246666667,-58.5365277778,2015-04-01T09:00:00,2026-04-30T09:00:00
963,114,Ruta Provincial nº 41,SALADOBONAERENSE,4,alturas_bdhi,-35.7246666667,-58.5365277778,,
116,116,Ruta Nacional Nº 12,NOGOYA,2,alturas_bdhi,-32.3946388888889,-59.7638611111111,2009-03-16T09:00:00,2026-04-30T22:00:00
965,116,Ruta Nacional Nº 12,NOGOYA,4,alturas_bdhi,-32.3946388888889,-59.7638611111111,,
969,120,Paso Telégrafo,GUAYQUIRARO,4,alturas_bdhi,-30.34375,-59.5129722222222,,
971,122,Ruta Nacional nº 168,COLASTINE,4,alturas_bdhi,-31.6611388888889,-60.6020555555556,,
972,123,Autopista,COLASTINE,4,alturas_bdhi,-32.0178611111111,-60.990275,,
973,124,Autopista,SALADILLO,4,alturas_bdhi,-33.0272222222222,-60.6635555555556,,
125,125,Ruta Provincial nº62,SALADILLO,2,alturas_bdhi,-31.1507777777778,-60.4043888888889,2001-05-01T09:00:00,2012-12-08T12:00:00
974,125,Ruta Provincial nº62,SALADILLO,4,alturas_bdhi,-31.1507777777778,-60.4043888888889,,
126,126,Villa Ocampo (Ruta Prov. Nº 32),LOSAMORES,2,alturas_bdhi,-28.4912222222222,-59.3879444444444,2001-05-01T09:00:00,2026-04-30T12:00:00
975,126,Villa Ocampo (Ruta Prov. Nº 32),LOSAMORES,4,alturas_bdhi,-28.4912222222222,-59.3879444444444,,
977,128,Fortín Olmos,GOLONDRINA,4,alturas_bdhi,-29.0655,-60.4971666666667,,
978,129,Resistencia,NEGRO,4,alturas_bdhi,-27.4397222222222,-59.0,,
980,131,Puerto Maní,PARANAMED,4,alturas_prefe,-27.1063611111111,-55.5221666666667,,
1467,134,Ruta Nacional nº 12,SANLORENZO,4,alturas_bdhi,-28.1141666666667,-58.8086111111111,,
135,135,Autopista,ELMONJE,2,alturas_bdhi,-32.3929722222222,-60.9411111111111,2001-05-01T08:00:00,2017-12-31T09:00:00
984,135,Autopista,ELMONJE,4,alturas_bdhi,-32.3929722222222,-60.9411111111111,,
136,136,Ruta Nacional nº 11,MALABRIGO,2,alturas_bdhi,-29.2786666666667,-59.7856666666667,2001-05-01T12:00:00,2026-04-30T12:00:00
989,140,Cnel. Bogado,PAVON,4,alturas_bdhi,-33.3600611111111,-60.576775,,
143,143,Bell Ville,TERCERO,2,alturas_bdhi,-32.61667,-62.68333,,
992,143,Bell Ville,TERCERO,4,alturas_bdhi,-32.61667,-62.68333,,
996,147,Cachi,CALCHAQUI,4,alturas_bdhi,-25.123332,-66.156666,,
148,148,Seminario Diocesano de Azul,AZUL,2,alturas_bdhi,-36.831082,-59.893888,2015-08-01T09:10:00,2026-04-30T09:00:00
149,149,Canal Seoane,Canal Seoane,2,ina_delta,-34.166861111,-58.638166667,2016-12-27T17:00:00,2026-08-30T20:45:10
150,150,J.M. García,LUJAN,2,alturas_bdhi,-34.702202778,-59.548977778,,
999,150,J.M. García,LUJAN,4,alturas_bdhi,-34.702202778,-59.548977778,,
1023,174,San Justo - Ruta Provincial nº 2,SALADOSANTAFE,4,alturas_bdhi,-30.744031,-60.624247,,
175,175,Emilia - Ruta Provincial nº 62,Salado Santafesino,2,alturas_bdhi,-31.042868,-60.841003,2015-10-24T00:00:00,2026-08-08T08:58:00
1366,1016,Puerto Concordia,null,2,estaciones_salto_grande,-31.404212,-58.002561,,
1367,1017,Yapeyú,,2,estaciones_salto_grande,-29.470444,-56.81167,,
1371,1021,Paso de los Libres,,2,estaciones_salto_grande,-29.721745,-57.082856,,
1372,1022,Federación,,2,estaciones_salto_grande,-30.992189,-57.913847,,
1390,1035,Garruchos,,4,estaciones_salto_grande,-28.177515,-55.642269,,
39625,1036,Santo Tomé,,39,estaciones_salto_grande,-28.545073,-56.028995,,
39623,1037,San Javier,,39,estaciones_salto_grande,-27.869343,-55.129216,,
1393,1038,El Soberbio,,4,estaciones_salto_grande,-27.298582,-54.193437,,
39622,1038,El Soberbio,,39,estaciones_salto_grande,-27.298582,-54.193437,,
1410,1091,Gral. Alvear,Arroyo Las Flores,2,alturas_bdhi,-35.987583333,-60.019236111,2015-04-01T09:05:00,2026-04-30T09:00:00
1411,1092,RN2,Canal 9,2,alturas_bdhi,-36.2803833333333,-57.6994916666667,2015-04-01T21:10:00,2026-04-30T09:00:00
2111,1257,Arroyo Borches,Arroyo Borches,2,ina_delta,-34.0752137139779,-58.4426647718186,2018-03-15T00:45:10,2025-09-23T20:45:11
26203,1699,Nueva Palmira,Uruguay,2,alturas_varios,-33.878478,-58.422029,,
3407,1702,Braga,,2,estaciones_pvnymm,-34.3363990783691,-58.4844017028809,,
3504,1702,Braga,,4,estaciones_pvnymm,-34.3363990783691,-58.4844017028809,,
3488,1702,Braga,,4,estaciones_pvnymm,-34.3363990783691,-58.4844017028809,,
3395,1710,Desembocadura,,2,estaciones_pvnymm,-33.997200012207,-58.4702987670898,,
3406,1711,Las Rosas,,2,estaciones_pvnymm,-34.1836013793945,-58.8894004821777,,
3507,1711,Las Rosas,,4,estaciones_pvnymm,-34.1836013793945,-58.8894004821777,,
3460,1711,Las Rosas,,4,estaciones_pvnymm,-34.1836013793945,-58.8894004821777,,
3487,1711,Las Rosas,,4,estaciones_pvnymm,-34.1836013793945,-58.8894004821777,,
3396,1712,Carabelitas,,2,estaciones_pvnymm,-33.9491996765137,-58.7689018249512,,
3450,1712,Carabelitas,,4,estaciones_pvnymm,-33.9491996765137,-58.7689018249512,,
3458,1713,Zárate,,4,estaciones_pvnymm,-34.0918998718262,-59.0139007568359,,
3485,1713,Zárate,,4,estaciones_pvnymm,-34.0918998718262,-59.0139007568359,,
3475,1715,Brazo Largo,,4,estaciones_pvnymm,-33.8880996704102,-58.9166984558105,,
3417,1717,Bifurcación,,2,estaciones_pvnymm,-33.7224998474121,-59.2907981872559,,
3471,1717,Bifurcación,,4,estaciones_pvnymm,-33.7224998474121,-59.2907981872559,,
3498,1717,Bifurcación,,4,estaciones_pvnymm,-33.7224998474121,-59.2907981872559,,
3354,1746,Arroyo Águila Negra,Delta del Paraná,2,alturas_varios,-33.964052,-58.95525,,
3355,1747,Pasaje Talavera c/ Canal Irigoyen,Delta del Paraná,2,alturas_varios,-33.923719,-58.965237,,
3357,1753,Coronel Bogardo,Pavon,2,alturas_bdhi,-33.3600611111111,-60.576775,,
3358,1758,San Javier (Santa Fe),San Javier,2,alturas_bdhi,-30.5803888888889,-59.9234444444444,2001-05-01T09:00:00,2020-04-20T00:00:00
44128,1922,Los Amores - Ruta Nacional Nº 011,Los Amores,40,alturas_bdhi,-28.5559444444444,-59.3558055555556,,
29375,2037,Uruguay - San Javier,Uruguay,4,alturas_bdhi,-27.8690833333333,-55.13025,,
29378,2070,Aguapey - Caa Caraí,Aguapey,40,alturas_bdhi,-27.824527778,-56.258444444,2001-05-01T00:00:00,2025-12-31T00:00:00
38299,2605,Río Cuarto - La Carlota RN8,,101,sat2,-33.4127777777778,-63.2561111111111,,
39607,2673,Colastiné - RN N° 168,,40,sat2,-31.6611111111111,-60.6019444444444,,
26204,5874,Arroyo San Francisco - Dr. Torre,Cuenca Sarandí-Santo Domingo,2,ina_delta,-34.7650541,-58.3234008,2020-12-21T11:24:04,2026-08-11T12:05:00
37902,6467,Malargue - La Barda,,39,sat2,-35.5527777777778,-69.6825,,
38000,6501,ZPrueba_INA_13896,,39,sat2,-34.5,-58.3333333333333,,
37888,6503,ZPrueba_INA_13898,,39,sat2,-34.5,-58.3333333333333,,
37890,6531,ZPrueba_INA_19na_10242,,39,sat2,-34.3333333333333,-58.3333333333333,,
38035,6550,ZPrueba_INA_20ma_14152,,39,sat2,-34.3333333333333,-58.3333333333333,,
38006,6563,ZPrueba_INA_21ra_GSM_13884,,39,sat2,-34.3333333333333,-58.3333333333333,,
38005,6564,ZPrueba_INA_21ra_GSM_13879,,39,sat2,-34.3333333333333,-58.3333333333333,,
37945,6566,ZPrueba_INA_21ra_GSM_13894,,39,sat2,-34.3333333333333,-58.3333333333333,,
38134,6584,ZPrueba_INA_22da_14497,,39,sat2,-34.3333333333333,-58.3333333333333,,
38097,6629,ZPrueba_INA_25ta_15185,,39,sat2,-34.3333333333333,-58.3333333333333,,
38073,6668,ZPrueba_INA_27ma_15227,,39,sat2,-34.3333333333333,-58.3333333333333,,
38141,6670,Base Glaciar Martial - T. del ,,39,sat2,-54.7897222222222,-68.3905555555556,,
38048,6675,NIV- Domuyo-Pampa Ferreira,,39,sat2,-36.7619444444444,-70.4769444444444,,
38143,6679,ZPrueba_INA_27ma_15238,,39,sat2,-34.3333333333333,-58.3333333333333,,
38162,6690,ZPrueba_INA_28va_16050,,39,sat2,-34.3333333333333,-58.3333333333333,,
38104,6693,RMET - Pali Aike - Santa Cruz,,39,sat2,-51.9413888888889,-69.6683333333333,,
38023,6717,ZPrueba_INA_12175,,39,sat2,-34.3333333333333,-58.3333333333333,,
38148,6727,Zprueba_INA_31ra_16398,,39,sat2,-34.3333333333333,-58.3333333333333,,
38176,6728,Zprueba_INA_31ra_16399,,39,sat2,-34.3333333333333,-58.3333333333333,,
38163,6734,Zprueba_INA_31ra_16405,,39,sat2,-34.3333333333333,-58.3333333333333,,
38085,6751,ZPrueba_Evarsa_10616,,39,sat2,-34.3333333333333,-58.3333333333333,,
38127,6758,Iberá- Aguapey- San Solano,,39,sat2,-28.3694444444444,-56.8452777777778,,
43092,8217,Faro - Punta Delgada,,2,sat2,-42.7658333333333,-63.6383333333333,,
5984,2,Rosario del Tala,GUALEGUAY,4,alturas_bdhi,-32.3085,-59.0768055555556,,
6653,5,Paso Medina,FELICIANO,4,alturas_bdhi,-30.9236944444444,-59.5512222222222,,
3050,9,Puerto Iguazú,PARANAMED,4,alturas_prefe,-25.5833333333333,-54.5666666666667,,
9618,22,Bella Vista,PARANAINF,2,alturas_prefe,-28.51840072,-59.05931723,,
3524,23,Goya,PARANAINF,2,alturas_prefe,-29.14376844,-59.27303952,,
3463,31,Diamante,PARANAINF,4,alturas_prefe,-32.0715615377843,-60.6432219715378,,
3492,33,San Lorenzo (San Martín),PARANAINF,4,alturas_prefe,-32.7336256031375,-60.7256705696322,,
3413,35,Villa Constitución,PARANAINF,2,alturas_prefe,-33.2354221667103,-60.3091044341421,,
3443,38,San Pedro,PARANAINF,2,alturas_prefe,-33.6745267329027,-59.6497183332918,,
3432,41,Campana,PARANADELASPALMAS,2,alturas_prefe,-34.1555854281116,-58.9581750062675,,
3452,42,Escobar,PARANADELASPALMAS,4,alturas_prefe,-34.3,-58.7333333333,,
5986,43,Villa Paranacito,LATINTA,2,alturas_prefe,-33.7,-58.65,,
3453,50,Dique Luján,LUJAN,4,alturas_prefe,-34.351576,-58.686115,,
3482,51,Chaná Miní,CHANA,4,alturas_prefe,-34.2,-58.4833333333,,
3129,57,Puerto Formosa,PARAGUAY,2,alturas_prefe,-26.1833333333333,-58.1833333333333,,
3126,57,Puerto Formosa,PARAGUAY,4,alturas_prefe,-26.1833333333333,-58.1833333333333,,
3128,57,Puerto Formosa,PARAGUAY,4,alturas_prefe,-26.1833333333333,-58.1833333333333,,
3272,67,Garruchos,URUGUAY,2,alturas_prefe,-28.1833333333333,-55.65,,
3267,67,Garruchos,URUGUAY,4,alturas_prefe,-28.1833333333333,-55.65,,
9645,68,Santo Tomé,URUGUAY,2,alturas_prefe,-28.55,-56.0333333333333,,
9646,72,Paso de los Libres,URUGUAY,2,alturas_prefe,-29.7166666666667,-57.0833333333333,,
6647,133,La Emilia,DELMEDIO,2,alturas_bdhi,-33.3989194444444,-60.3346777777778,,
6646,133,La Emilia,DELMEDIO,4,alturas_bdhi,-33.3989194444444,-60.3346777777778,,
3042,1094,RP38,Salado Santafesino,4,alturas_bdhi,-29.867045,-60.337943,,
3037,1678,Paso Duarte - RP 22,Gualeguay,2,alturas_bdhi,-31.1051388888889,-58.7711666666667,2015-05-01T12:00:00,2026-04-30T08:00:00
3038,1678,Paso Duarte - RP 22,Gualeguay,4,alturas_bdhi,-31.1051388888889,-58.7711666666667,,
3044,1679,Santo Tomé,SALADOSANTAFE,2,alturas_bdhi,-31.667601,-60.752233,2018-02-05T00:00:00,2026-08-08T09:00:00
3278,1696,Arroyo Martínez (Villa Paranacito),Arroyo Martínez,2,ina_delta,-33.6580427638889,-58.5811476,2018-07-07T00:45:10,2026-05-16T14:45:10
3279,1698,Arroyo Carapachay,Arroyo Carapachay,2,ina_delta,-34.356202,-58.633833,2018-07-11T13:05:44,2026-08-30T20:45:11
3307,1701,Gualeguaychú FdX,Uruguay,2,ina_delta,-33.0666666666667,-58.4166666666667,2018-07-01T00:00:10,2025-10-24T08:15:10
3308,1702,Braga,,2,estaciones_pvnymm,-34.3363990783691,-58.4844017028809,2017-01-01T00:00:00,2021-07-30T08:40:00
3309,1703,San Clemente,,2,estaciones_pvnymm,-36.3544006347656,-56.7153015136719,2012-02-12T18:45:00,2026-08-30T20:45:00
3310,1704,Punta Indio,,2,estaciones_pvnymm,-35.0780982971191,-55.9880981445312,2018-07-30T12:20:00,2020-06-24T11:40:00
3314,1708,La Plata,,2,estaciones_pvnymm,-34.8339004516602,-57.8800010681152,2012-02-12T18:45:00,2026-08-30T20:45:00
3422,1710,Desembocadura,,2,estaciones_pvnymm,-33.997200012207,-58.4702987670898,,
3433,1711,Las Rosas,,2,estaciones_pvnymm,-34.1836013793945,-58.8894004821777,,
3320,1714,Baradero,,2,estaciones_pvnymm,-33.9366989135742,-59.2578010559082,2017-02-09T09:30:00,2021-07-29T02:30:00
3321,1715,Brazo Largo,,2,estaciones_pvnymm,-33.8880996704102,-58.9166984558105,2017-07-03T13:00:00,2021-05-28T00:00:00
3323,1717,Bifurcación,,2,estaciones_pvnymm,-33.7224998474121,-59.2907981872559,2017-01-01T00:00:00,2021-07-29T19:00:00
3508,1717,Bifurcación,,4,estaciones_pvnymm,-33.7224998474121,-59.2907981872559,,
3324,1718,San Pedro,,2,estaciones_pvnymm,-33.6852989196777,-59.6411018371582,2017-06-15T16:00:00,2021-07-30T05:00:00
3329,1723,San Martín,,2,estaciones_pvnymm,-32.7071990966797,-60.7249984741211,2017-10-06T00:00:00,2021-07-30T00:00:00
3331,1725,Diamante,,2,estaciones_pvnymm,-32.0560989379883,-60.6439018249512,2017-01-01T00:00:00,2021-07-30T06:00:00
3332,1726,Santa Fé,,2,estaciones_pvnymm,-31.6513004302979,-60.703498840332,2017-01-01T00:00:00,2021-07-30T06:00:00
3335,1729,La Paz,,2,estaciones_pvnymm,-30.7325992584229,-59.6391983032227,2017-01-01T00:00:00,2021-07-30T06:00:00
3339,1733,Bella Vista,,2,estaciones_pvnymm,-28.503999710083,-59.048900604248,2017-01-01T00:00:00,2021-07-30T06:00:00
3342,1736,Corrientes,,2,estaciones_pvnymm,-27.4598999023438,-58.8333015441895,2017-01-01T00:00:00,2021-07-30T06:00:00
3343,1737,Paso de la Patria,,2,estaciones_pvnymm,-27.3222999572754,-58.5824012756348,2017-01-02T00:00:00,2021-07-30T00:00:00
3345,1740,Pilote Norden,Río de la Plata,2,estaciones_shn,-34.62625,-57.927417,2012-02-12T18:45:00,2026-08-30T20:45:00
3347,1742,Mar del Plata,Mar Argentino,2,estaciones_shn,-38.035556,-57.531111,2012-02-12T18:45:00,2026-08-30T20:45:00
6061,1832,Bravo,Río de la Plata,2,puntos_FDelta,-33.8976,-58.4588,2025-08-23T01:00:00,2026-09-03T03:00:00
6062,1833,CanaldelEste,Río de la Plata,2,puntos_FDelta,-34.3764,-58.4975,2025-08-23T01:00:00,2026-09-03T03:00:00
6064,1835,Guazu,Río de la Plata,2,puntos_FDelta,-34.0047,-58.421,2025-08-23T01:00:00,2026-09-03T03:00:00
6068,1840,Palmas,Río de la Plata,2,puntos_FDelta,-34.3814,-58.4556,2025-08-23T01:00:00,2026-09-03T03:00:00
6094,1877,Paraná Miní,Paraná Miní,2,ina_delta,-34.185121,-58.501874,2019-07-25T00:45:10,2023-05-30T08:45:11
6131,1878,Santa Cruz - Charles Fuhr,Santa Cruz,2,alturas_bdhi,-50.2521111111111,-71.9078055555556,2019-08-07T12:00:00,2026-04-30T20:00:00
6135,1881,Lago Rico - Parque Nac. Los Glaciares,Lago Rico,2,alturas_bdhi,-50.4261111111111,-72.7478333333333,2019-08-07T03:00:00,2026-04-30T10:00:00
6137,1882,Deseado - Ruta Provincial Nº47,Deseado,4,alturas_bdhi,-47.8289916666667,-66.5928444444444,,
6145,1886,LAGO PUEYRREDON - LAGO PUEYRREDON,Lago Pueyrredón,2,alturas_bdhi,-47.3759166666667,-71.9675833333333,2019-08-07T09:00:00,2026-03-31T16:00:00
6148,1889,MITRE - RUTA PROVINCIAL Nº 011,Mitre,2,alturas_bdhi,-50.3999444444444,-72.7324722222222,2019-08-07T04:06:00,2026-04-30T16:00:00
6149,1889,MITRE - RUTA PROVINCIAL Nº 011,Mitre,4,alturas_bdhi,-50.3999444444444,-72.7324722222222,,
6151,1890,Chico - Ruta Nacional Nº 3,Chico,2,alturas_bdhi,-49.7789972222222,-68.6391277777778,2019-08-07T03:00:00,2026-04-30T20:00:00
6152,1890,Chico - Ruta Nacional Nº 3,Chico,4,alturas_bdhi,-49.7789972222222,-68.6391277777778,,
6158,1892,CENTINELA - RUTA PROVINCIAL Nº 070,Centinela,4,alturas_bdhi,-50.3519722222222,-72.5059444444444,,
6160,1893,Chico - Gregores,Chico,2,alturas_bdhi,-48.7520083333333,-70.32075,2015-05-12T10:00:00,2026-04-30T16:00:00
6163,1894,LAGO POSADAS - LAGO POSADAS,Lago Posadas,2,alturas_bdhi,-47.51125,-71.8718888888889,2010-03-01T18:00:00,2026-03-31T16:00:00
6164,1895,CARRERAS - FRONTERA,Carreras,2,alturas_bdhi,-48.2063888888889,-72.2844444444444,2019-08-07T04:00:00,2026-03-31T20:00:00
6165,1895,CARRERAS - FRONTERA,Carreras,4,alturas_bdhi,-48.2063888888889,-72.2844444444444,,
6171,1897,Vizcachas - Cerro Palique,Vizcachas,4,alturas_bdhi,-50.99605,-72.1065722222222,,
6173,1898,De las Vueltas - Parque Nac. los Glaciares,De las Vueltas,2,alturas_bdhi,-49.3432777777778,-72.8607222222222,2019-08-07T03:00:00,2026-03-31T23:00:00
6176,1899,Los Antiguos - Ruta Provincial Nº 043,Los Antiguos,2,alturas_bdhi,-46.554075,-71.6396138888889,2019-08-07T03:00:00,2026-03-31T09:00:00
6180,1901,SHEHUEN-CHALIA - RUTA NACIONAL Nº 040,Shehuen-Chalia,2,alturas_bdhi,-49.5956111111111,-71.3869722222222,2019-08-07T09:00:00,2026-03-31T10:00:00
6181,1901,SHEHUEN-CHALIA - RUTA NACIONAL Nº 040,Shehuen-Chalia,4,alturas_bdhi,-49.5956111111111,-71.3869722222222,,
6183,1902,Penitentes - Rincón de los Morros,Penitentes,2,alturas_bdhi,-51.9215555555555,-71.49475,2019-08-07T04:00:00,2026-04-30T20:00:00
6184,1902,Penitentes - Rincón de los Morros,Penitentes,4,alturas_bdhi,-51.9215555555555,-71.49475,,
6186,1903,MANSO - CONFLUENCIA,Manso,2,alturas_bdhi,-41.5868333333333,-71.6836666666667,2019-08-07T12:00:00,2026-04-30T09:00:00
6187,1903,MANSO - CONFLUENCIA,Manso,4,alturas_bdhi,-41.5868333333333,-71.6836666666667,,
6189,1904,Foyel - Ruta Nacional Nº 258,Foyel,2,alturas_bdhi,-41.7132777777778,-71.4414166666667,2019-08-07T08:00:00,2026-04-30T09:00:00
6190,1904,Foyel - Ruta Nacional Nº 258,Foyel,4,alturas_bdhi,-41.7132777777778,-71.4414166666667,,
6192,1905,LAGO ESCONDIDO - EL FOYEL,Lago Escondido,2,alturas_bdhi,-41.6997222222222,-71.6172222222222,2019-08-07T04:00:00,2026-04-30T20:00:00
6193,1906,MANSO - MANSO INFERIOR,Manso,2,alturas_bdhi,-41.556,-71.7804166666667,2019-08-07T09:00:00,2026-04-30T09:00:00
6195,1907,Azul - El Azul,Quemquentreu ,4,alturas_bdhi,-41.9526805555556,-71.5392111111111,,
6198,1908,QUEMQUEMTREU - ESCUELA Nº 139,Quemquentreu ,4,alturas_bdhi,-41.89825,-71.5022222222222,,
6201,1909,FOYEL - CONFLUENCIA CON EL MANSO,Foyel,4,alturas_bdhi,-41.6008055555556,-71.7153888888889,,
6207,1911,Villegas - Ruta Nacional Nº 258,Villegas,4,alturas_bdhi,-41.5800833333333,-71.4999444444445,,
6211,1913,RAQUEL - EL AZUL,Raquel,2,alturas_bdhi,-41.9258333333333,-71.5580555555556,2019-08-07T05:23:00,2026-04-30T20:00:00
6212,1913,RAQUEL - EL AZUL,Raquel,4,alturas_bdhi,-41.9258333333333,-71.5580555555556,,
6214,1914,EL TERNERO - CUESTA DEL TERNERO,El Ternero,2,alturas_bdhi,-41.9532222222222,-71.3819166666667,2019-08-07T09:00:00,2026-04-30T09:00:00
6215,1915,Escondido - El Foyel,Escondido,2,alturas_bdhi,-41.6797777777778,-71.5652777777778,2019-08-07T03:00:00,2026-04-30T20:00:00
6221,1918,POTRERO-RUTA PROVINCIAL Nº 001,Potrero,2,alturas_bdhi,-31.5123333333333,-60.4624166666667,2001-05-01T10:00:00,2026-04-30T08:00:00
6230,1922,Los Amores - Ruta Nacional Nº 011,Los Amores,2,alturas_bdhi,-28.5559444444444,-59.3558055555556,2001-05-01T09:00:00,2026-04-30T20:00:00
6232,1923,LEYES - RUTA PROVINCIAL Nº 001,Leyes,2,alturas_bdhi,-31.4948055555556,-60.4251111111111,2001-05-01T10:00:00,2026-04-30T08:00:00
6233,1923,LEYES - RUTA PROVINCIAL Nº 001,Leyes,4,alturas_bdhi,-31.4948055555556,-60.4251111111111,,
6245,1928,MALABRIGO - RUTA PROVINCIAL Nº 088 S,Malabrigo,2,alturas_bdhi,-29.3649722222222,-59.7778888888889,2001-05-01T12:00:00,2026-04-30T10:00:00
6247,1929,El Toba - Margarita,El Toba,2,alturas_bdhi,-29.7300555555556,-60.0075833333333,2001-05-01T09:00:00,2026-04-30T08:00:00
6250,1930,Laguna la Picasa - Canal Regulador N° 7,Laguna La Picasa,2,alturas_bdhi,-34.3486861111111,-62.5418166666667,2018-01-01T09:00:00,2026-04-30T12:00:00
6253,1932,Coronda - Batallón 601,Coronda,2,alturas_bdhi,-31.6940555555556,-60.7459722222222,2001-05-01T09:00:00,2026-04-30T09:00:00
6255,1933,Tapenagá - Florencia,Tapenagá,4,alturas_bdhi,-28.029,-59.2250277777778,,
6270,1939,San Javier - Helvecia,San Javier,2,alturas_bdhi,-31.1041666666667,-60.0835277777778,2001-05-01T20:00:00,2026-04-30T12:00:00
6271,1939,San Javier - Helvecia,San Javier,4,alturas_bdhi,-31.1041666666667,-60.0835277777778,,
6273,1940,Saladillo Dulce - La Noria (RP 281),Saladillo Dulce,2,alturas_bdhi,-30.8548333333333,-60.2821944444444,2001-05-01T08:00:00,2026-04-30T20:00:00
6276,1941,CORONDA - PUERTO GABOTO,Coronda,2,alturas_bdhi,-32.4299444444444,-60.8136388888889,2001-05-01T09:00:00,2026-04-30T20:00:00
6278,1942,Paraná - Timbúes,Paraná,4,alturas_bdhi,-32.6583333333333,-60.7305555555556,,
6290,1947,SAN JAVIER - SANTA ROSA,San Javier,2,alturas_bdhi,-31.4176111111111,-60.3294444444444,2001-05-01T09:00:00,2026-04-30T12:00:00
6291,1948,EL MONJE - ZONA RURAL,El Monje,2,alturas_bdhi,-32.384,-60.9087777777778,2001-05-01T08:00:00,2026-04-30T12:00:00
6299,1952,SANTA RITA - RUTA PROVINCIAL Nº 001,Santa Rita,4,alturas_bdhi,-31.4945,-60.4409166666667,,
6303,1954,Salado - Suncho Corral,Salado,4,alturas_bdhi,-27.940175,-63.4397944444444,,
6305,1955,Salado - Ruta Provincial Nº 092,Salado,2,alturas_bdhi,-28.5034166666667,-62.8814027777778,2004-06-01T09:00:00,2026-04-30T12:00:00
6306,1955,Salado - Ruta Provincial Nº 092,Salado,4,alturas_bdhi,-28.5034166666667,-62.8814027777778,,
6313,1958,Canal de Dios - Canal de Dios,Canal de Dios,4,alturas_bdhi,-25.6107777777778,-63.9480583333333,,
6317,1960,Carcaraña - Cruz Alta,Carcaraña,2,alturas_bdhi,-33.0056194444444,-61.787425,2018-01-25T21:00:00,2026-04-30T09:00:00
6320,1961,EL DURAZNO - LA FLORIDA,El durazno,2,alturas_bdhi,-32.2333333333333,-64.7833333333333,2001-05-05T20:00:00,2026-03-31T20:00:00
6321,1962,GRANDE - UME PAY,Grande,2,alturas_bdhi,-32.2166666666667,-64.7333333333333,2001-05-01T00:00:00,2026-03-31T23:00:00
6322,1962,GRANDE - UME PAY,Grande,4,alturas_bdhi,-32.2166666666667,-64.7333333333333,,
6331,1966,Bermejo - Aguas Blancas,Bermejo,2,alturas_bdhi,-22.7249,-64.3646055555556,2001-05-01T21:00:00,2026-04-30T21:00:00
6332,1966,Bermejo - Aguas Blancas,Bermejo,4,alturas_bdhi,-22.7249,-64.3646055555556,,
6334,1967,JURAMENTO - EL TUNAL,Juramento,2,alturas_bdhi,-25.2266666666667,-64.4769444444444,2008-03-01T09:00:00,2026-04-30T21:00:00
6337,1968,Canal Macapillo - Macapillo,Canal Macapillo,2,alturas_bdhi,-25.4134805555556,-63.9761555555556,2009-06-01T09:00:00,2026-04-30T21:00:00
6346,1971,Bermejo - Alarache,Bermejo,2,alturas_bdhi,-22.2492777777778,-64.58675,2011-03-01T09:00:00,2026-04-30T20:00:00
6347,1971,Bermejo - Alarache,Bermejo,4,alturas_bdhi,-22.2492777777778,-64.58675,,
6362,1978,Pilcomayo - La Paz,Pilcomayo,2,alturas_bdhi,-22.3775,-62.5234722222222,2001-05-01T21:00:00,2026-04-30T21:00:00
6366,1979,De las Conchas - La Punilla,De las Conchas,4,alturas_bdhi,-26.0119194444444,-65.8231138888889,,
6368,1980,JURAMENTO - EL QUEBRACHAL,Juramento,2,alturas_bdhi,-25.3438888888889,-64.0455555555556,2001-10-01T09:00:00,2026-04-30T21:00:00
6373,1982,Lago Fontana - Gendarmeria,Lago Fontana,2,alturas_bdhi,-44.9800555555556,-71.39475,2019-08-07T03:00:00,2026-04-30T09:00:00
6374,1983,CHUBUT - EL MAITÉN,Chubut,2,alturas_bdhi,-42.0997222222222,-71.1699444444445,2019-08-07T03:00:00,2026-03-31T23:00:00
6377,1984,Chubut - Ameghino,Chubut,2,alturas_bdhi,-43.6982666666667,-66.4748611111111,2019-08-07T12:00:00,2026-04-30T23:00:00
6378,1984,Chubut - Ameghino,Chubut,4,alturas_bdhi,-43.6982666666667,-66.4748611111111,,
6380,1985,CHUBUT - TRELEW,Chubut,2,alturas_bdhi,-43.2760194444444,-65.2734305555555,2019-08-07T03:00:00,2026-04-30T23:00:00
6382,1986,CHUBUT - GUALJAINA,Chubut,2,alturas_bdhi,-42.6097222222222,-70.3844444444445,2019-08-07T09:00:00,2026-04-30T20:00:00
6383,1986,CHUBUT - GUALJAINA,Chubut,4,alturas_bdhi,-42.6097222222222,-70.3844444444445,,
6386,1987,GUALJAINA - GUALJAINA,Gualjaina,4,alturas_bdhi,-42.6534444444444,-70.4387777777778,,
6388,1988,Senguerr - La Paulina-Aserradero,Senguerr,2,alturas_bdhi,-45.0016083333333,-71.1681083333333,,
6393,1990,SITUACIÓN - ESCUELA Nº 90,Situación,4,alturas_bdhi,-43.1325,-71.5547222222222,,
6397,1991,CARRILEUFÚ - CHOLILA,Carrileufú,2,alturas_bdhi,-42.4955555555556,-71.5411111111111,2019-08-07T03:00:00,2026-04-30T20:00:00
6400,1992,LAGO VINTER - VINTER,Lago Vinter,2,alturas_bdhi,-43.9195,-71.4284444444445,2019-08-07T09:00:00,2026-04-30T20:00:00
6414,1999,LEPÁ - GUALJAINA,Lepá,2,alturas_bdhi,-42.7323888888889,-70.5477833333333,2019-08-07T09:00:00,2026-04-30T10:00:00
6415,1999,LEPÁ - GUALJAINA,Lepá,4,alturas_bdhi,-42.7323888888889,-70.5477833333333,,
6419,2000,AZUL - PUESTO 2,Azul,2,alturas_bdhi,-42.0897222222222,-71.6211111111111,2019-08-07T14:00:00,2026-04-30T16:00:00
6420,2000,AZUL - PUESTO 2,Azul,4,alturas_bdhi,-42.0897222222222,-71.6211111111111,,
6422,2001,LAGO ROSARIO - LAGO ROSARIO,Lago Rosario,2,alturas_bdhi,-43.2356111111111,-71.3615555555556,2019-08-07T09:00:00,2026-04-30T09:00:00
6423,2002,FUTALEUFÚ - PUESTO RIOS,Futaleufú,2,alturas_bdhi,-43.1747777777778,-71.6236944444444,2019-08-07T16:00:00,2026-04-30T09:00:00
6427,2003,PUELO - HITO FRONTERIZO,Puelo,4,alturas_bdhi,-42.1055555555556,-71.7247222222222,,
6433,2006,FUTALEUFÚ - EMBALSE,Futaleufú,2,alturas_bdhi,-43.1094444444444,-71.6541944444445,2019-08-07T09:00:00,2026-04-30T09:00:00
6434,2006,FUTALEUFÚ - EMBALSE,Futaleufú,4,alturas_bdhi,-43.1094444444444,-71.6541944444445,,
6435,2007,CARRENLEUFÚ - PONCHO MORO,Carrenleufú,2,alturas_bdhi,-43.7219444444444,-71.2339444444444,2019-08-07T04:00:00,2026-04-30T20:00:00
6436,2007,CARRENLEUFÚ - PONCHO MORO,Carrenleufú,4,alturas_bdhi,-43.7219444444444,-71.2339444444444,,
6440,2009,SENGUERR - PUENTE CAMINO BUEN PASTO,Senguerr,4,alturas_bdhi,-45.5638888888889,-69.0627777777778,,
6442,2010,MAYO - PASO RIO MAYO,RÃ­o Mayo,2,alturas_bdhi,-45.6815888888889,-70.2536166666667,2019-08-07T10:00:00,2026-04-30T09:00:00
6443,2010,MAYO - PASO RIO MAYO,RÃ­o Mayo,4,alturas_bdhi,-45.6815888888889,-70.2536166666667,,
6446,2011,Chubut - Paso del Sapo,Chubut,4,alturas_bdhi,-42.7408055555556,-69.5948055555556,,
6451,2013,Carrenleufú - Jaramillo,Carrenleufú,2,alturas_bdhi,-43.8423888888889,-71.2339444444444,2019-08-07T09:00:00,2026-04-30T09:00:00
6456,2015,Pico - Frontera,Río Pico,2,alturas_bdhi,-44.2403611111111,-71.6599444444444,2019-08-07T10:00:00,2026-04-30T09:00:00
6458,2016,ESQUEL - ESTANCIA EL PRINCIPIO,Esquel,2,alturas_bdhi,-42.9582027777778,-71.3844444444445,2019-08-07T09:00:00,2026-04-30T09:00:00
6460,2017,BAGGLITS - RUTA A CHILE,BAGGLITS ,2,alturas_bdhi,-43.1989444444444,-71.5678055555556,2019-08-07T10:00:00,2026-04-30T09:00:00
6463,2018,CARRENLEUFÚ - CARRENLEUFÚ,Carrenleufú,2,alturas_bdhi,-43.7083888888889,-71.5997416666667,2019-08-07T09:00:00,2026-04-30T09:00:00
6464,2018,CARRENLEUFÚ - CARRENLEUFÚ,Carrenleufú,4,alturas_bdhi,-43.7083888888889,-71.5997416666667,,
6466,2019,FUTALAUFQUEN - PUERTO BUSTILLO,Futalaufquen,2,alturas_bdhi,-42.8766666666667,-71.6216666666667,2019-08-07T09:00:00,2026-04-30T09:00:00
6471,2021,COHIHUES - PARQUE NAC. LOS ALERCES,Cohihues,4,alturas_bdhi,-42.9719444444444,-71.5788888888889,,
6474,2022,EPUYÉN - LA ANGOSTURA,Epuyén,4,alturas_bdhi,-42.1888888888889,-71.4,,
6476,2023,CARRENLEUFÚ - LA ELENA,Carrenleufú,2,alturas_bdhi,-43.6838888888889,-71.3008611111111,2019-08-07T09:00:00,2026-04-30T09:00:00
6479,2024,Chubut - Valle Inferior,Chubut,2,alturas_bdhi,-43.2930916666667,-65.4985333333333,2019-08-07T03:00:00,2026-04-30T23:00:00
6482,2025,Piray Miní - Valle Hermoso,Piray Miní,4,alturas_bdhi,-26.355,-54.4982222222222,,
6485,2026,Piray Guazú - Pinar Ciba,Piray Guazú,4,alturas_bdhi,-26.512,-54.4538333333333,,
6489,2028,Paraná - Puerto Maní,Paraná,2,alturas_bdhi,-27.1063611111111,-55.5221666666667,2015-04-01T00:00:00,2026-01-31T12:00:00
6490,2029,Uruguay - El Soberbio,Uruguay,2,alturas_bdhi,-27.2985833333333,-54.1935833333333,2001-05-01T08:00:00,2026-04-30T12:00:00
6495,2031,Yabebiry - Colonia Mártires,Yabebiry,2,alturas_bdhi,-27.4011944444444,-55.3349722222222,2001-05-01T14:00:00,2026-04-30T12:00:00
6498,2033,Uruguay - Puerto Concepción,Uruguay,2,alturas_bdhi,-28.1187777777778,-55.581,2001-05-01T00:00:00,2026-04-30T12:00:00
6499,2034,Paraná - Itá Cajón,Paraná,2,alturas_bdhi,-25.6041111111111,-54.5928611111111,2001-05-01T00:00:00,2014-06-09T00:00:00
6500,2035,Iguazú - Puerto Andresito,Iguazú,2,alturas_bdhi,-25.5905555555556,-53.995,2001-05-01T00:00:00,2026-04-30T18:00:00
6506,2037,Uruguay - San Javier,Uruguay,2,alturas_bdhi,-27.8690833333333,-55.13025,2001-05-01T00:00:00,2026-04-30T12:00:00
6507,2038,Paranay - El Alcazar,Paranay,2,alturas_bdhi,-26.75075,-54.7563333333333,2001-05-01T08:00:00,2026-04-30T20:00:00
6508,2038,Paranay - El Alcazar,Paranay,4,alturas_bdhi,-26.75075,-54.7563333333333,,
6511,2040,Iguazú - Perfil Tipo,Iguazú,2,alturas_bdhi,-25.6766666666667,-54.4214444444444,2001-05-01T00:00:00,2026-01-31T13:00:00
6515,2042,Pilagá - Rn Nº 11,Pilagá,2,alturas_bdhi,-25.9846944444444,-58.1631666666667,2010-12-06T16:00:00,2026-04-30T12:00:00
6518,2043,Paraguay - La Herradura,Paraguay,2,alturas_bdhi,-26.5366055555556,-58.2296555555556,2016-09-14T12:00:00,2025-03-31T07:00:00
6519,2044,Bermejo - Puerto Velaz,Bermejo,2,alturas_bdhi,-26.6604444444444,-58.6339444444444,2001-05-01T16:00:00,2026-04-30T16:00:00
6524,2047,Pilcomayo - Puerto Pilcomayo,Pilcomayo,2,alturas_bdhi,-25.372,-57.6503055555556,1910-01-02T08:00:00,2026-04-30T12:00:00
6525,2047,Pilcomayo - Puerto Pilcomayo,Pilcomayo,4,alturas_bdhi,-25.372,-57.6503055555556,,
6532,2050,Gualeguaychú - RN N° 136,Gualeguaychú,2,alturas_bdhi,-32.9796666666667,-58.5043888888889,2015-05-01T09:00:00,2018-05-30T09:00:00
6542,2054,Arroyo Feliciano - Rp Nº 2-Paso Correa,Arroyo Feliciano,2,alturas_bdhi,-30.3931666666667,-58.7074722222222,2015-05-01T09:00:00,2026-04-30T08:00:00
6552,2061,PARANA - CHAPETON,Paraná,2,alturas_bdhi,-31.57425,-60.2833333333333,2001-05-01T09:00:00,2026-04-30T12:00:00
6553,2061,PARANA - CHAPETON,Paraná,4,alturas_bdhi,-31.57425,-60.2833333333333,,
6555,2062,DEL DOLL - RUTA PROVINCIAL Nº 011,Del Doll,2,alturas_bdhi,-32.3058333333333,-60.4265277777778,2001-05-01T09:00:00,2026-04-30T12:00:00
6557,2063,Yuquerí Grande - Concordia,Yuquerí Grande,2,alturas_bdhi,-31.3557611111111,-58.0940833333333,2001-05-01T16:00:00,2018-05-30T18:00:00
6561,2065,Uruguay  - Concepción,Uruguay,2,alturas_bdhi,-32.4776944444444,-58.2207777777778,2001-05-01T06:00:00,2001-11-29T06:00:00
6565,2067,Uruguay - Garruchos,Uruguay,2,alturas_bdhi,-28.1755555555556,-55.6434722222222,2001-05-01T00:00:00,2026-04-30T12:00:00
6566,2067,Uruguay - Garruchos,Uruguay,4,alturas_bdhi,-28.1755555555556,-55.6434722222222,,
6580,2073,Mocoretá - Rnnº 127,Mocoretá,2,alturas_bdhi,-30.1077222222222,-58.0580555555556,2010-05-01T12:00:00,2026-04-30T10:00:00
6587,2075,Miriñay - Paso Mesa,Miriñay,4,alturas_bdhi,-28.9178333333333,-57.2355277777778,,
6588,2076,Laguna Galarza - Colonia Galarza,Laguna Galarza,2,alturas_bdhi,-28.0961111111111,-56.6855555555556,2002-09-06T08:00:00,2003-12-30T08:00:00
6591,2078,Chimiray - Colonia Liebig,Chimiray,4,alturas_bdhi,-27.9121388888889,-55.8174444444444,,
6602,2082,Paraná - Itatí,Paraná,2,alturas_bdhi,-27.26625,-58.2443055555556,2001-05-01T00:00:00,2026-04-30T12:00:00
6609,2084,Batel - Rnnº 123,Batel,4,alturas_bdhi,-28.8997222222222,-58.6749444444444,,
6612,2085,Paraná - Corrientes,Paraná,4,alturas_bdhi,-27.4597222222222,-58.8333333333333,,
6619,2088,Riachuelo - Rp Nº 5,Riachuelo,4,alturas_bdhi,-27.5104722222222,-58.56975,,
6622,2090,Guayquiraró- La Grela,Guayquiraró,2,alturas_bdhi,-30.346475,-59.3004333333333,2016-01-01T15:00:00,2026-04-30T20:00:00
6625,2092,Barrancas - Paso la Llana,Barrancas,2,alturas_bdhi,-30.2173333333333,-59.3243333333333,2001-05-01T09:00:00,2026-04-30T10:00:00
6628,2093,Uruguay - Santo Tomé,Uruguay,2,alturas_bdhi,-28.5454388888889,-56.0292222222222,2001-05-01T00:00:00,2026-04-30T12:00:00
6630,2094,Empedrado - Rp Nº 6,Empedrado,2,alturas_bdhi,-27.8011111111111,-58.505,2009-01-01T18:00:00,2026-04-30T12:00:00
6631,2094,Empedrado - Rp Nº 6,Empedrado,4,alturas_bdhi,-27.8011111111111,-58.505,,
6634,2095,Miriñay - San Roquito,Miriñay,4,alturas_bdhi,-29.2968333333333,-57.5651666666667,,
6713,2117,Río Salto - Salto,,2,sat2,-34.2861111111111,-60.2591666666667,2019-03-20T17:30:00,2022-11-27T23:00:00
6655,2,Rosario del Tala,GUALEGUAY,4,alturas_bdhi,-32.3085,-59.0768055555556,,
26250,8,Andresito,IGUAZU,39,alturas_prefe,-25.5833333333333,-53.9833333333333,1984-01-01T00:00:00,2026-08-29T00:00:00
26252,10,Libertad,PARANAMED,39,alturas_prefe,-25.916679,-54.621134,1970-01-01T00:00:00,2026-08-29T00:00:00
26253,11,El Dorado,PARANAMED,39,alturas_prefe,-26.3833333333333,-54.7,1970-01-01T00:00:00,2026-08-29T00:00:00
26254,12,Libertador,PARANAMED,39,alturas_prefe,-26.8,-55.0333333333333,1970-01-01T00:00:00,2026-08-29T00:00:00
26255,13,Santa Ana,PARANAMED,39,alturas_prefe,-27.33509,-55.588412,2006-01-01T00:00:00,2026-08-29T00:00:00
26256,14,Posadas,PARANAMED,39,alturas_prefe,-27.3666666666667,-55.8833333333333,1970-01-01T00:00:00,2026-08-29T00:00:00
26611,14,Posadas,PARANAMED,40,alturas_prefe,-27.3666666666667,-55.8833333333333,1970-01-01T00:00:00,2017-09-08T00:00:00
26257,15,Ituzaingó,PARANAMED,39,alturas_prefe,-27.5833333333333,-56.7,1970-01-01T00:00:00,2026-08-29T00:00:00
26612,15,Ituzaingó,PARANAMED,40,alturas_prefe,-27.5833333333333,-56.7,,
26613,16,Itá Ibaté,PARANAMED,40,alturas_prefe,-27.42336098,-57.33326783,,
26614,17,Itatí,PARANAMED,40,alturas_prefe,-27.26677773,-58.24407387,2015-07-30T00:00:00,2021-11-18T00:00:00
26616,19,Corrientes,PARANAMED,40,alturas_prefe,-27.46364349,-58.8388696,1904-01-01T00:00:00,2026-08-29T00:00:00
26265,23,Goya,PARANAINF,39,alturas_prefe,-29.14376844,-59.27303952,1903-06-16T00:00:00,2026-08-29T00:00:00
26269,27,Santa Elena,PARANAINF,39,alturas_prefe,-30.95,-59.7833333333333,1970-01-01T00:00:00,2026-08-29T00:00:00
26271,29,Paraná,PARANAINF,39,alturas_prefe,-31.7182378629681,-60.5225697750899,1902-12-31T00:00:00,2026-08-29T00:00:00
26626,29,Paraná,PARANAINF,40,alturas_prefe,-31.7182378629681,-60.5225697750899,2015-07-21T00:00:00,2026-08-29T00:00:00
26272,30,Santa Fe,PARANAINF,39,alturas_prefe,-31.6514772196376,-60.7002319185745,1970-01-01T00:00:00,2026-08-29T00:00:00
26627,30,Santa Fe,PARANAINF,40,alturas_prefe,-31.6514772196376,-60.7002319185745,1985-01-01T00:00:00,2026-08-29T00:00:00
26628,31,Diamante,PARANAINF,40,alturas_prefe,-32.0715615377843,-60.6432219715378,,
26274,32,Victoria,VICTORIA,39,alturas_prefe,-32.6558456373673,-60.2195849446607,1970-01-01T00:00:00,2026-08-29T00:00:00
26629,32,Victoria,VICTORIA,40,alturas_prefe,-32.6558456373673,-60.2195849446607,,
26276,34,Rosario,PARANAINF,39,alturas_prefe,-32.9432699442268,-60.6308206029857,1884-01-01T00:00:00,2026-08-29T00:00:00
26277,35,Villa Constitución,PARANAINF,39,alturas_prefe,-33.2354221667103,-60.3091044341421,1974-01-01T00:00:00,2026-08-29T00:00:00
26632,35,Villa Constitución,PARANAINF,40,alturas_prefe,-33.2354221667103,-60.3091044341421,,
26278,36,San Nicolás,PARANAINF,39,alturas_prefe,-33.3420008188866,-60.1895279977149,1970-01-01T00:00:00,2026-08-29T00:00:00
26279,37,Ramallo,PARANAINF,39,alturas_prefe,-33.4780656197056,-59.9957013181522,1970-01-01T00:00:00,2026-08-29T00:00:00
26634,37,Ramallo,PARANAINF,40,alturas_prefe,-33.4780656197056,-59.9957013181522,,
26280,38,San Pedro,PARANAINF,39,alturas_prefe,-33.6745267329027,-59.6497183332918,1970-01-01T00:00:00,2026-08-29T00:00:00
26635,38,San Pedro,PARANAINF,40,alturas_prefe,-33.6745267329027,-59.6497183332918,1970-01-01T00:00:00,2020-10-06T00:00:00
26283,41,Campana,PARANADELASPALMAS,39,alturas_prefe,-34.1555854281116,-58.9581750062675,1977-10-24T00:00:00,2026-08-29T00:00:00
26638,41,Campana,PARANADELASPALMAS,40,alturas_prefe,-34.1555854281116,-58.9581750062675,,
26284,42,Escobar,PARANADELASPALMAS,39,alturas_prefe,-34.3,-58.7333333333,2006-01-01T00:00:00,2026-08-29T00:00:00
26285,43,Villa Paranacito,LATINTA,39,alturas_prefe,-33.7,-58.65,1983-01-01T00:00:00,2026-08-29T00:00:00
26286,44,Canal Nuevo,CANALGAFOTRE,39,alturas_prefe,-33.8627031166646,-58.6604197120006,2006-01-01T00:00:00,2026-08-29T00:00:00
26641,44,Canal Nuevo,CANALGAFOTRE,40,alturas_prefe,-33.8627031166646,-58.6604197120006,,
26288,46,Puerto Ruiz,GUALEGUAY,39,alturas_prefe,-33.2166666667,-59.3666666667,2003-01-01T00:00:00,2026-08-29T00:00:00
26643,46,Puerto Ruiz,GUALEGUAY,40,alturas_prefe,-33.2166666667,-59.3666666667,,
26289,47,Martín García,RIODELAPLATA,39,alturas_prefe,-34.1902896924007,-58.2530455191105,2006-01-01T00:00:00,2026-08-29T00:00:00
26644,47,Martín García,RIODELAPLATA,40,alturas_prefe,-34.1902896924007,-58.2530455191105,,
26290,48,Guazucito,PARANAGUAZU,39,alturas_prefe,-34.0166666667,-58.4,2006-01-01T00:00:00,2026-08-29T00:00:00
26292,50,Dique Luján,LUJAN,39,alturas_prefe,-34.351576,-58.686115,2006-01-01T00:00:00,2026-08-29T00:00:00
26647,50,Dique Luján,LUJAN,40,alturas_prefe,-34.351576,-58.686115,,
26293,51,Chaná Miní,CHANA,39,alturas_prefe,-34.2,-58.4833333333,2006-01-01T00:00:00,2026-08-29T00:00:00
26648,51,Chaná Miní,CHANA,40,alturas_prefe,-34.2,-58.4833333333,,
26294,52,San Fernando,LUJAN,39,alturas_prefe,-34.4333333333,-58.55,2006-01-01T00:00:00,2026-08-29T00:00:00
26649,52,San Fernando,LUJAN,40,alturas_prefe,-34.4333333333,-58.55,,
26295,53,San Isidro,RIODELAPLATA,39,alturas_prefe,-34.457166,-58.507163,2006-01-01T00:00:00,2026-08-29T00:00:00
26650,53,San Isidro,RIODELAPLATA,40,alturas_prefe,-34.457166,-58.507163,,
26297,55,Puerto Pilcomayo,PARAGUAY,39,alturas_prefe,-25.3666666666667,-57.65,1970-01-01T00:00:00,2026-08-29T00:00:00
26298,56,Bouvier,PARAGUAY,39,alturas_prefe,-25.451947,-57.568182,2006-01-01T00:00:00,2024-01-30T00:00:00
26299,57,Puerto Formosa,PARAGUAY,39,alturas_prefe,-26.1833333333333,-58.1833333333333,2006-01-01T00:00:00,2026-08-29T00:00:00
26654,57,Puerto Formosa,PARAGUAY,40,alturas_prefe,-26.1833333333333,-58.1833333333333,2006-01-01T00:00:00,2026-08-29T00:00:00
26655,58,Bermejo,PARAGUAY,40,alturas_prefe,-26.92629,-58.506205,,
26301,59,Isla del Cerrito,PARAGUAY,39,alturas_prefe,-27.3166666666667,-58.6166666666667,2006-06-11T00:00:00,2026-08-29T00:00:00
26656,59,Isla del Cerrito,PARAGUAY,40,alturas_prefe,-27.3166666666667,-58.6166666666667,,
26302,60,Pepirí Miní,URUGUAY,39,alturas_prefe,-27.153744,-53.933149,1984-01-03T00:00:00,2026-08-29T00:00:00
26657,60,Pepirí Miní,URUGUAY,40,alturas_prefe,-27.153744,-53.933149,,
26303,61,El Soberbio,URUGUAY,39,alturas_prefe,-27.3,-54.2,1980-04-25T00:00:00,2026-08-29T00:00:00
26304,62,Alicia,URUGUAY,39,alturas_prefe,-27.4375,-54.3553,2006-04-12T00:00:00,2022-02-08T00:00:00
26305,63,Alba Posse,URUGUAY,39,alturas_prefe,-27.572,-54.678494,1971-01-01T00:00:00,2026-08-29T00:00:00
26660,63,Alba Posse,URUGUAY,40,alturas_prefe,-27.572,-54.678494,,
26663,66,Puerto Concepción,URUGUAY,40,alturas_prefe,-28.119193,-55.581369,,
7824,68,Santo Tomé,URUGUAY,2,alturas_prefe,-28.55,-56.0333333333333,,
26310,68,Santo Tomé,URUGUAY,39,alturas_prefe,-28.55,-56.0333333333333,1970-01-01T00:00:00,2026-08-29T00:00:00
26665,68,Santo Tomé,URUGUAY,40,alturas_prefe,-28.55,-56.0333333333333,1970-01-01T00:00:00,2026-08-29T00:00:00
26311,69,Alvear,URUGUAY,39,alturas_prefe,-29.1,-56.55,2006-01-01T00:00:00,2026-08-29T00:00:00
26666,69,Alvear,URUGUAY,40,alturas_prefe,-29.1,-56.55,2020-08-06T00:00:00,2026-07-16T00:00:00
26312,70,La Cruz,URUGUAY,39,alturas_prefe,-29.18062,-56.633977,2006-01-01T00:00:00,2026-08-29T00:00:00
26313,71,Yapeyú,URUGUAY,39,alturas_prefe,-29.470031,-56.810674,2006-01-01T00:00:00,2026-08-29T00:00:00
26668,71,Yapeyú,URUGUAY,40,alturas_prefe,-29.470031,-56.810674,,
26314,72,Paso de los Libres,URUGUAY,39,alturas_prefe,-29.7166666666667,-57.0833333333333,1970-01-01T00:00:00,2026-08-29T00:00:00
26669,72,Paso de los Libres,URUGUAY,40,alturas_prefe,-29.7166666666667,-57.0833333333333,1970-01-01T00:00:00,2026-08-29T00:00:00
26315,73,Bompland,URUGUAY,39,alturas_prefe,-29.872652,-57.332887,2006-01-01T00:00:00,2026-08-29T00:00:00
26316,74,Monte Caseros,URUGUAY,39,alturas_prefe,-30.25,-57.6333333333333,1970-01-01T00:00:00,2026-08-29T00:00:00
26671,74,Monte Caseros,URUGUAY,40,alturas_prefe,-30.25,-57.6333333333333,2006-01-01T00:00:00,2026-07-15T00:00:00
26317,75,Mocoretá,URUGUAY,39,alturas_prefe,-30.715682,-57.81776,2006-01-01T00:00:00,2026-08-29T00:00:00
26672,75,Mocoretá,URUGUAY,40,alturas_prefe,-30.715682,-57.81776,,
26319,77,Salto Grande Arriba,URUGUAY,39,alturas_prefe,-31.27547,-57.936945,1995-05-01T00:00:00,2026-08-29T00:00:00
7834,78,Salto Grande Abajo,URUGUAY,2,alturas_prefe,-31.27547,-57.936945,,
26320,78,Salto Grande Abajo,URUGUAY,39,alturas_prefe,-31.27547,-57.936945,2006-01-01T00:00:00,2026-08-29T00:00:00
26676,79,Concordia,URUGUAY,40,alturas_prefe,-31.4,-58.0166666666667,1971-01-01T00:00:00,2026-07-15T00:00:00
26678,81,Concepción del Uruguay,URUGUAY,40,alturas_prefe,-32.4833333333333,-58.2333333333333,,
26324,82,Campichuelo,URUGUAY,39,alturas_prefe,-32.70101,-58.1834,1996-03-06T00:00:00,2026-08-29T00:00:00
26679,82,Campichuelo,URUGUAY,40,alturas_prefe,-32.70101,-58.1834,,
26680,83,Puerto Gualeguaychú,GUALEGUAYCHU,40,alturas_prefe,-33.0166666666667,-58.5,,
26326,84,Boca Gualeguaychú,URUGUAY,39,alturas_prefe,-33.0666666666667,-58.4166666666667,1976-01-01T00:00:00,2026-08-29T00:00:00
26681,84,Boca Gualeguaychú,URUGUAY,40,alturas_prefe,-33.0666666666667,-58.4166666666667,,
26682,85,Buenos Aires,RIODELAPLATA,40,alturas_prefe,-34.56108,-58.399288,,
26331,89,Aporte Salto Grande,URUGUAY,39,alturas_prefe,-31.273969,-57.938011,,
26686,89,Aporte Salto Grande,URUGUAY,40,alturas_prefe,-31.273969,-57.938011,2020-08-06T00:00:00,2020-08-31T00:00:00
26690,93,Confluencia,PARANAMED,40,alturas_prefe,-25.592701,-54.593363,2006-01-01T00:00:00,2026-08-29T00:00:00
26339,97,Brazo Largo,PARANAGUAZU,39,alturas_prefe,-33.8833333333,-58.9,,
26694,97,Brazo Largo,PARANAGUAZU,40,alturas_prefe,-33.8833333333,-58.9,,
26340,98,Virtuani,BRAZOLARGO,39,alturas_prefe,-33.7833333333,-58.6166666667,2009-10-19T00:00:00,2009-10-19T00:00:00
26341,99,Gualeguaychú,URUGUAY,39,alturas_prefe,-33.0144444444444,-58.5041666666667,2006-01-01T00:00:00,2026-08-29T00:00:00
6658,107,Santa Lucía,SANTALUCIA,4,alturas_bdhi,-28.9911111111111,-59.0982222222222,,
6667,122,Ruta Nacional nº 168,COLASTINE,4,alturas_bdhi,-31.6611388888889,-60.6020555555556,,
6672,128,Fortín Olmos,GOLONDRINA,2,alturas_bdhi,-29.0655,-60.4971666666667,,
6662,133,La Emilia,DELMEDIO,4,alturas_bdhi,-33.3989194444444,-60.3346777777778,,
6669,135,Autopista,ELMONJE,4,alturas_bdhi,-32.3929722222222,-60.9411111111111,,
26362,1016,Puerto Concordia,null,39,estaciones_salto_grande,-31.404212,-58.002561,,
26363,1017,Yapeyú,,39,estaciones_salto_grande,-29.470444,-56.81167,,
26367,1021,Paso de los Libres,,39,estaciones_salto_grande,-29.721745,-57.082856,,
18601,1035,Garruchos,,40,estaciones_salto_grande,-28.177515,-55.642269,,
18603,1037,San Javier,,40,estaciones_salto_grande,-27.869343,-55.129216,,
26375,1039,Pepirí Miní,,39,estaciones_salto_grande,-27.153304,-53.933283,,
18607,1063,Miriñay Río,,40,estaciones_salto_grande,-29.845637,-57.674446,,
26381,1073,Mocoretá Lago,,39,estaciones_salto_grande,-30.690307,-57.820722,,
26382,1074,Monte Caseros,,39,estaciones_salto_grande,-30.249296,-57.622519,,
26384,1077,Mocoretá Río,,39,estaciones_salto_grande,-30.626772,-57.982836,,
26387,1696,Arroyo Martínez (Villa Paranacito),Arroyo Martínez,39,ina_delta,-33.6580427638889,-58.5811476,2018-07-07T00:00:00,2026-05-16T00:00:00
26388,1698,Arroyo Carapachay,Arroyo Carapachay,39,ina_delta,-34.356202,-58.633833,2018-07-11T00:00:00,2026-08-29T00:00:00
26389,1701,Gualeguaychú FdX,Uruguay,39,ina_delta,-33.0666666666667,-58.4166666666667,2018-07-01T00:00:00,2025-10-24T00:00:00
26391,1703,San Clemente,,39,estaciones_pvnymm,-36.3544006347656,-56.7153015136719,2012-02-12T00:00:00,2026-08-29T00:00:00
26392,1704,Punta Indio,,39,estaciones_pvnymm,-35.0780982971191,-55.9880981445312,2018-07-30T00:00:00,2020-06-24T00:00:00
26395,1707,Magadalena,,39,estaciones_pvnymm,-34.9300003051758,-57.4617004394531,2017-01-01T00:00:00,2020-06-19T00:00:00
26398,1710,Desembocadura,,39,estaciones_pvnymm,-33.997200012207,-58.4702987670898,2017-07-04T00:00:00,2020-07-20T00:00:00
26724,1711,Las Rosas,,40,estaciones_pvnymm,-34.1836013793945,-58.8894004821777,,
26400,1712,Carabelitas,,39,estaciones_pvnymm,-33.9491996765137,-58.7689018249512,2017-07-04T00:00:00,2021-07-30T00:00:00
26725,1712,Carabelitas,,40,estaciones_pvnymm,-33.9491996765137,-58.7689018249512,,
26401,1713,Zárate,,39,estaciones_pvnymm,-34.0918998718262,-59.0139007568359,2017-01-01T00:00:00,2021-07-29T00:00:00
26406,1718,San Pedro,,39,estaciones_pvnymm,-33.6852989196777,-59.6411018371582,2017-06-15T00:00:00,2021-07-30T00:00:00
26407,1719,Ramallo,,39,estaciones_pvnymm,-33.4766998291016,-59.997501373291,2017-09-27T00:00:00,2021-07-30T00:00:00
26408,1720,San Nicolas,,39,estaciones_pvnymm,-33.323600769043,-60.2181015014648,2017-01-01T00:00:00,2021-07-30T00:00:00
26409,1721,Villa Constitución,,39,estaciones_pvnymm,-33.2263984680176,-60.3213996887207,2000-01-01T00:00:00,2021-07-30T00:00:00
26410,1722,Rosario,,39,estaciones_pvnymm,-32.9730987548828,-60.6183013916016,2017-01-01T00:00:00,2021-07-30T00:00:00
26411,1723,San Martín,,39,estaciones_pvnymm,-32.7071990966797,-60.7249984741211,2017-10-06T00:00:00,2021-07-30T00:00:00
26414,1726,Santa Fé,,39,estaciones_pvnymm,-31.6513004302979,-60.703498840332,2017-01-01T00:00:00,2021-07-30T00:00:00
26419,1731,Reconquista,,39,estaciones_pvnymm,-29.2353000640869,-59.5794982910156,2017-01-01T00:00:00,2021-07-30T00:00:00
26420,1732,Goya,,39,estaciones_pvnymm,-29.1431999206543,-59.2727012634277,2017-01-01T00:00:00,2021-07-30T00:00:00
26421,1733,Bella Vista,,39,estaciones_pvnymm,-28.503999710083,-59.048900604248,2017-01-01T00:00:00,2021-07-30T00:00:00
26422,1734,Empedrado,,39,estaciones_pvnymm,-27.9589004516602,-58.8203010559082,2017-01-02T00:00:00,2021-07-30T00:00:00
26423,1735,Barranqueras,,39,estaciones_pvnymm,-27.4885005950928,-58.923900604248,2017-01-01T00:00:00,2020-03-11T00:00:00
26424,1736,Corrientes,,39,estaciones_pvnymm,-27.4598999023438,-58.8333015441895,2017-01-01T00:00:00,2021-07-30T00:00:00
26426,1739,Atalaya,Río de la Plata,39,estaciones_shn,-35.015278,-57.536111,2018-05-02T00:00:00,2026-08-29T00:00:00
25454,1831,BarcaGrande,Río de la Plata,2,puntos_FDelta,-34.1624,-58.3756,,
25455,1832,Bravo,Río de la Plata,2,puntos_FDelta,-33.8976,-58.4588,,
25456,1833,CanaldelEste,Río de la Plata,2,puntos_FDelta,-34.3764,-58.4975,,
25457,1834,Correntoso,Río de la Plata,2,puntos_FDelta,-34.1111,-58.3678,,
25458,1835,Guazu,Río de la Plata,2,puntos_FDelta,-34.0047,-58.421,,
25460,1837,LaBarquita,Río de la Plata,2,puntos_FDelta,-34.2114,-58.3838,,
25462,1839,Mini,Río de la Plata,2,puntos_FDelta,-34.2289,-58.404,,
25465,1842,Sauce,Río de la Plata,2,puntos_FDelta,-33.9453,-58.4282,,
6571,2070,Aguapey - Caa Caraí,Aguapey,2,alturas_bdhi,-27.824527778,-56.258444444,2001-05-01T18:00:00,2026-04-30T12:00:00
6954,2111,Río Salado – RP51 (Achupallas),,2,sat2,-35.0880555555556,-60.1088888888889,2019-07-05T00:15:00,2024-11-07T15:00:00
26437,2111,Río Salado – RP51 (Achupallas),,39,sat2,-35.0880555555556,-60.1088888888889,2019-07-05T00:00:00,2024-11-07T00:00:00
6931,2112,Gualeguaychú - RN Nº 14,,2,sat2,-32.7680555555556,-58.4983333333333,2019-01-09T00:00:00,2025-05-30T00:00:00
26438,2112,Gualeguaychú - RN Nº 14,,39,sat2,-32.7680555555556,-58.4983333333333,2019-01-09T00:00:00,2025-05-30T00:00:00
6776,2114,Aº Del Medio en La Emilia,,2,sat2,-33.3988888888889,-60.3347222222222,2019-02-08T01:00:00,2019-09-11T06:01:00
6951,2116,Paraguay - Pto. Formosa,,2,sat2,-26.1830555555556,-58.1619444444444,2019-01-25T17:00:00,2026-08-30T20:00:00
26443,2117,Río Salto - Salto,,39,sat2,-34.2861111111111,-60.2591666666667,2019-03-20T00:00:00,2022-11-27T00:00:00
6799,2118,Río Primero (Suquía) Camino Se,,2,sat2,-30.9641666666667,-62.9961111111111,2019-01-09T12:00:00,2021-07-19T15:00:00
6738,2120,Laguna Mar Chiquita - Miramar,,2,sat2,-30.9119444444444,-62.6777777777778,2019-01-09T14:00:00,2023-01-17T15:00:00
26447,2121,Aº El Monje - Autopista A01,,39,sat2,-32.3922222222222,-60.9408333333333,2019-05-07T00:00:00,2026-08-29T00:00:00
6785,2122,Atuel - Paso Maroma,,2,sat2,-36.8425,-66.9952777777778,2021-09-01T00:00:00,2026-08-30T20:00:00
26449,2123,Atuel - Algarrobo del Águila,,39,sat2,-36.3977777777778,-67.1402777777778,2019-07-24T00:00:00,2026-08-29T00:00:00
26450,2124,Río Santa Cruz en Comte Piedra,,39,sat2,-49.9986111111111,-68.9269444444444,2019-09-02T00:00:00,2021-02-20T00:00:00
6883,2125,Futaleufú - Puesto Ríos,,2,sat2,-43.1747222222222,-71.6236111111111,2021-09-01T00:00:00,2026-02-05T08:00:00
26451,2125,Futaleufú - Puesto Ríos,,39,sat2,-43.1747222222222,-71.6236111111111,2020-02-13T00:00:00,2026-02-05T00:00:00
26452,2126,Río Chubut en Valle Inferior,,39,sat2,-43.2930555555556,-65.4986111111111,2019-02-07T00:00:00,2021-03-25T00:00:00
26455,2129,Arrecifes - Arrecifes,,39,sat2,-34.0866666666667,-60.0072222222222,2019-03-20T00:00:00,2026-08-29T00:00:00
6908,2130,Atuel - El Sosneado,,2,sat2,-35.0833333333333,-69.6041666666667,2021-09-08T18:00:00,2026-08-30T21:00:00
26456,2130,Atuel - El Sosneado,,39,sat2,-35.0833333333333,-69.6041666666667,2019-11-27T00:00:00,2026-08-29T00:00:00
26457,2131,Paraná - Itatí,,39,sat2,-27.2663888888889,-58.2444444444444,2019-03-19T00:00:00,2026-08-28T00:00:00
26458,2132,Río Paraná - Goya,,39,sat2,-29.165,-59.3283333333333,2019-03-21T00:00:00,2022-12-25T00:00:00
6950,2133,Paraguay - Pto. Pilcomayo,,2,sat2,-25.3719444444444,-57.6502777777778,2019-05-26T20:00:00,2026-08-30T16:00:00
6832,2138,Río Grande en La Gotera,,2,sat2,-35.8716666666667,-69.8919444444444,,
6755,2139,Coronda - Coronda,,2,sat2,-31.9741666666667,-60.9138888888889,2019-04-10T20:00:00,2026-08-30T21:00:00
26465,2139,Coronda - Coronda,,39,sat2,-31.9741666666667,-60.9138888888889,2019-04-10T00:00:00,2026-08-29T00:00:00
26466,2140,Rio Quinto - Justo Daract,,39,sat2,-33.92,-65.1522222222222,2019-04-11T00:00:00,2020-01-17T00:00:00
6765,2141,Percey - Ruta a Futalaufquen,,2,sat2,-43.0211111111111,-71.4555555555556,2021-09-01T00:00:00,2024-07-01T08:00:00
26467,2141,Percey - Ruta a Futalaufquen,,39,sat2,-43.0211111111111,-71.4555555555556,2019-04-04T00:00:00,2024-07-01T00:00:00
26468,2142,HUA HUM - San Martin,,39,sat2,-40.1197222222222,-71.6619444444444,2019-04-23T00:00:00,2026-08-10T00:00:00
6853,2143,Senguer - LOS MOLINOS,,2,sat2,-45.9861111111111,-69.475,2021-09-02T08:00:00,2021-11-21T12:00:00
26470,2144,Quemquemtreu - Escuela,,39,sat2,-41.8986111111111,-71.5025,2019-04-18T00:00:00,2026-08-29T00:00:00
26471,2145,Carrenleufú - Carrenleufú,,39,sat2,-43.5280555555556,-71.6002777777778,2019-04-18T00:00:00,2023-11-15T00:00:00
6731,2146,Gallegos - Pte. Blanco,,2,sat2,-51.8947222222222,-71.5975,2021-09-01T00:00:00,2026-08-30T16:00:00
26472,2146,Gallegos - Pte. Blanco,,39,sat2,-51.8947222222222,-71.5975,2019-04-05T00:00:00,2026-08-29T00:00:00
26473,2147,Penitente - Rincón de los Morr,,39,sat2,-51.9216666666667,-71.4947222222222,2019-05-22T00:00:00,2026-08-29T00:00:00
6884,2148,Gallegos - Toma SP,,2,sat2,-51.6883333333333,-69.6555555555556,2021-09-01T00:00:00,2025-03-28T16:00:00
6732,2149,Iguazú - Perfil Tipo,,2,sat2,-25.6766666666667,-54.4213888888889,2019-04-18T20:00:00,2026-08-30T16:00:00
6897,2150,Miriñay - Paso Ledesma,,2,sat2,-29.8458333333333,-57.675,2019-06-01T00:00:00,2026-08-30T16:00:00
26477,2151,Quequen Grande - Necochea,,39,sat2,-38.4625,-58.7588888888889,2019-04-18T00:00:00,2026-08-29T00:00:00
6798,2155,Neuquén - Chos Malal,,2,sat2,-37.3755555555556,-70.27,2021-08-31T22:00:00,2021-09-27T10:00:00
6893,2156,Laguna Iberá - Carlos Pellegri,,2,sat2,-28.5380555555556,-57.1869444444444,2019-06-19T01:00:00,2026-08-30T16:00:00
26482,2156,Laguna Iberá - Carlos Pellegri,,39,sat2,-28.5380555555556,-57.1869444444444,2019-06-19T00:00:00,2026-08-29T00:00:00
6927,2157,Río Chubut en los Altares,,2,sat2,-43.8886111111111,-68.3983333333333,2021-08-31T22:00:00,2021-12-31T21:00:00
6807,2158,Aº Feliciano - Paso Medina,,2,sat2,-30.9236111111111,-59.5511111111111,2019-05-27T12:00:00,2026-08-30T16:00:00
26484,2158,Aº Feliciano - Paso Medina,,39,sat2,-30.9236111111111,-59.5511111111111,2019-05-27T00:00:00,2026-08-29T00:00:00
6874,2160,Colorado - Pichi Mahuida,,2,sat2,-38.8216666666667,-64.9813888888889,2021-09-01T00:00:00,2026-08-30T16:00:00
26487,2161,Mayo - Paso Mayo,,39,sat2,-45.6836111111111,-70.2522222222222,2019-05-16T00:00:00,2026-08-28T00:00:00
6870,2162,Carrenleufú - La Elena,,2,sat2,-43.7,-71.3044444444444,2021-09-01T00:00:00,2026-04-06T16:00:00
26488,2162,Carrenleufú - La Elena,,39,sat2,-43.7,-71.3044444444444,2019-05-17T00:00:00,2026-04-06T00:00:00
26489,2163,La Paulina - Aserradero,,39,sat2,-45.0016666666667,-71.1680555555556,2019-05-22T00:00:00,2025-08-14T00:00:00
26490,2164,La Leona,,39,sat2,-49.7972222222222,-72.0641666666667,2019-06-10T00:00:00,2026-08-29T00:00:00
6778,2165,Charles Fhur,,2,sat2,-50.2522222222222,-71.9077777777778,2021-09-01T00:00:00,2026-08-30T20:00:00
6759,2167,Lules - Potrero de las Tablas,,2,sat2,-26.8519444444444,-65.4316666666667,2019-05-22T16:00:00,2021-06-17T12:00:00
6865,2175,Canal Macapillo,,2,sat2,-25.4136111111111,-63.9761111111111,2019-05-31T20:00:00,2026-08-30T20:00:00
6864,2176,Canal de Dios	,,2,sat2,-25.6108333333333,-63.9480555555556,2019-08-07T00:00:00,2019-10-23T02:00:00
6794,2178,Iguazú - Puerto Andresito,,2,sat2,-25.5905555555556,-53.995,2019-05-24T20:00:00,2026-08-30T16:00:00
7822,2178,Iguazú - Puerto Andresito,,4,sat2,-25.5905555555556,-53.995,,
26498,2179,Carrenleufú - Poncho Moro,,39,sat2,-43.6716666666667,-71.4016666666667,2019-05-26T00:00:00,2026-08-29T00:00:00
26502,2184,Azul - El Azul,,39,sat2,-41.9425,-71.5605555555556,2019-06-11T00:00:00,2026-08-29T00:00:00
6910,2186,Bermejo - Balapuca,,2,sat2,-22.4919444444444,-64.4694444444444,2019-07-15T01:00:00,2021-01-13T09:00:00
6934,2187,Grande Tarija - El Cajón,,2,sat2,-22.3266666666667,-64.1263888888889,2019-09-12T13:23:00,2023-07-09T21:00:00
6915,2189,Bermejo - Embarcacion,,2,sat2,-23.2480555555556,-64.1380555555556,2026-04-29T11:00:00,2026-07-29T09:00:00
26507,2189,Bermejo - Embarcacion,,39,sat2,-23.2480555555556,-64.1380555555556,2026-04-29T00:00:00,2026-07-29T00:00:00
26509,2191,Bermejo - Puente Internacion,,39,sat2,-22.7263888888889,-64.3694444444444,,
26510,2192,San Francisco - Puente RP 1,,39,sat2,-23.7108333333333,-64.5369444444444,2026-04-27T00:00:00,2026-06-15T00:00:00
6917,2193,Bermejo - Puerto Lavalle,,2,sat2,-25.6511111111111,-60.1280555555556,2019-07-15T01:00:00,2026-08-30T20:00:00
26511,2193,Bermejo - Puerto Lavalle,,39,sat2,-25.6511111111111,-60.1280555555556,2019-07-15T00:00:00,2026-08-29T00:00:00
26512,2194,Bermejo - Puerto Velaz,,39,sat2,-26.6605555555556,-58.6338888888889,2019-07-15T00:00:00,2026-08-29T00:00:00
26513,2195,Bermejo - Sauzalito,,39,sat2,-24.4333333333333,-61.6563888888889,,
6718,2196,Abaucán - Tinogasta,,2,sat2,-27.9930555555556,-67.6269444444444,2019-07-02T14:00:00,2026-08-30T21:00:00
26514,2196,Abaucán - Tinogasta,,39,sat2,-27.9930555555556,-67.6269444444444,2019-07-02T00:00:00,2026-08-29T00:00:00
6800,2197,Salado - Pinto,,2,sat2,-29.1058333333333,-62.5761111111111,2019-07-03T11:00:00,2026-08-30T20:00:00
6756,2199,Corrientes - Los Laureles,,2,sat2,-29.7572222222222,-59.2172222222222,2019-07-02T11:00:00,2026-08-30T08:00:00
6961,2200,Tunuyan - Valle de Uco,,2,sat2,-33.7763888888889,-69.2725,2021-09-01T00:00:00,2021-12-31T20:00:00
26518,2200,Tunuyan - Valle de Uco,,39,sat2,-33.7763888888889,-69.2725,2019-07-04T00:00:00,2022-06-03T00:00:00
26519,2201,A° El Soberbio - Pje La Lechuz,,39,sat2,-27.2572222222222,-54.2355555555556,2019-08-23T00:00:00,2026-08-29T00:00:00
26520,2202,Cuarto - RN Nº 8,,39,sat2,-33.1605555555556,-64.26,2019-07-04T00:00:00,2026-08-29T00:00:00
26521,2203,Gualeguay - Rosario del Tala,,39,sat2,-32.3086111111111,-59.0769444444445,2019-07-06T00:00:00,2026-08-29T00:00:00
18611,2203,Gualeguay - Rosario del Tala,,40,sat2,-32.3086111111111,-59.0769444444445,2021-11-01T00:00:00,2026-08-29T00:00:00
26522,2204,Carcarañá - Pueblo Andino,,39,sat2,-32.6733333333333,-60.8658333333333,2019-07-05T00:00:00,2026-08-29T00:00:00
6833,2205,Gualeguay - Villaguay,,2,sat2,-31.8016666666667,-59.1261111111111,2019-07-05T12:00:00,2026-08-30T20:00:00
26524,2206,Río Areco - Puente Quemado,,39,sat2,-34.2880555555556,-59.7027777777778,2019-08-01T00:00:00,2022-03-17T00:00:00
6965,2207,Seminario Diocesano de Azul,,2,sat2,-36.8311111111111,-59.8938888888889,2019-07-14T03:00:00,2021-12-31T18:00:00
6741,2208,PN - Los Glaciares,,2,sat2,-50.4261111111111,-72.7477777777778,2021-08-31T22:00:00,2026-08-30T19:00:00
26526,2208,PN - Los Glaciares,,39,sat2,-50.4261111111111,-72.7477777777778,2019-07-26T00:00:00,2026-08-29T00:00:00
6898,2210,Neuquen - Paso de Indios,,2,sat2,-38.5302777777778,-69.4022222222222,2021-08-31T22:00:00,2026-08-30T20:00:00
26527,2210,Neuquen - Paso de Indios,,39,sat2,-38.5302777777778,-69.4022222222222,2019-07-26T00:00:00,2026-08-29T00:00:00
6852,2211,Salado - RP Nº50,,2,sat2,-34.3225,-61.3513888888889,2019-07-29T23:00:00,2026-08-30T21:00:00
26528,2211,Salado - RP Nº50,,39,sat2,-34.3225,-61.3513888888889,2019-07-29T00:00:00,2026-08-29T00:00:00
26529,2212,Compuerta Alternativa Norte AD,,39,sat2,-34.2419444444444,-62.1211111111111,2019-08-01T00:00:00,2022-12-30T00:00:00
6811,2213,Canal Regulador N°4 - La Pantanosa,,2,sat2,-34.2580555555556,-61.6386111111111,2019-07-24T09:00:00,2026-08-30T15:00:00
6904,2214,Río Areco - Carmen de Areco,,2,sat2,-34.3519444444444,-59.8166666666667,2019-08-01T03:00:00,2021-11-24T08:00:00
26531,2214,Río Areco - Carmen de Areco,,39,sat2,-34.3519444444444,-59.8166666666667,2019-08-01T00:00:00,2022-04-13T00:00:00
6726,2218,Cruz Alta,,2,sat2,-33.0063888888889,-61.7875,2019-07-10T08:00:00,2021-04-25T17:00:00
26535,2218,Cruz Alta,,39,sat2,-33.0063888888889,-61.7875,2019-07-10T00:00:00,2026-08-29T00:00:00
6866,2220,Atuel - Carmensa,,2,sat2,-35.1844444444444,-67.7269444444444,2021-09-01T00:00:00,2026-08-30T20:00:00
26537,2220,Atuel - Carmensa,,39,sat2,-35.1844444444444,-67.7269444444444,2019-07-24T00:00:00,2026-08-29T00:00:00
6744,2221,Atuel - Puesto Ugalde,,2,sat2,-35.9994444444444,-67.1852777777778,2021-09-01T00:00:00,2026-08-30T20:00:00
26539,2222,Canal de Dios - Salado,,39,sat2,-25.6105555555556,-63.9488888888889,2019-08-07T00:00:00,2019-10-23T00:00:00
6804,2223,Salado - Suncho Corral,,2,sat2,-27.9402777777778,-63.4397222222222,2019-07-26T10:00:00,2026-07-15T08:00:00
26540,2223,Salado - Suncho Corral,,39,sat2,-27.9402777777778,-63.4397222222222,2019-07-26T00:00:00,2026-07-15T00:00:00
6855,2224,Salado - Añatuya RP Nº92,,2,sat2,-28.5033333333333,-62.8813888888889,,
26541,2224,Salado - Añatuya RP Nº92,,39,sat2,-28.5033333333333,-62.8813888888889,,
26542,2225,*Senguerr -Pte Camino B. Pasto,,39,sat2,-45.5644444444444,-69.0672222222222,2019-07-19T00:00:00,2024-09-15T00:00:00
6766,2227,Salado - RN Nº02,,2,sat2,-35.9622222222222,-57.8519444444444,2019-07-24T04:00:00,2026-08-30T21:00:00
26544,2228,De las Vueltas,,39,sat2,-49.3433333333333,-72.8608333333333,2019-08-27T00:00:00,2026-08-29T00:00:00
6752,2229,Chubut - El Maitén,,2,sat2,-42.0997222222222,-71.17,2021-08-31T22:00:00,2026-08-30T20:00:00
26545,2229,Chubut - El Maitén,,39,sat2,-42.0997222222222,-71.17,2019-09-01T00:00:00,2026-08-29T00:00:00
26546,2230,Arroyo San Juan - MeteoVARELA,Arroyo San Juan,39,ina_delta,-34.8074531496048,-58.2301426802177,2019-09-01T00:00:00,2026-05-20T00:00:00
7062,2235,Fray Bentos - CARU,Uruguay,2,alturas_varios,-33.112132,-58.314443,,
7355,2355,Senguerr - Nacimiento,,2,sat2,-44.9583333333333,-71.3419444444444,2021-08-31T23:00:00,2026-08-30T16:00:00
8141,2593,Arenales - La Maroma,,2,sat2,-25.1538888888889,-65.42,2019-10-15T18:00:00,2026-08-30T20:00:00
8232,2605,Río Cuarto - La Carlota RN8,,2,sat2,-33.4127777777778,-63.2561111111111,2019-11-01T18:00:00,2021-06-17T22:00:00
26551,2605,Río Cuarto - La Carlota RN8,,39,sat2,-33.4127777777778,-63.2561111111111,2019-11-01T00:00:00,2021-06-17T00:00:00
26552,2606,Gualjaina - Gualjaina,,39,sat2,-42.6513888888889,-70.4355555555556,2019-11-04T00:00:00,2026-08-29T00:00:00
8230,2607,Atuel - Loma Negra,,2,sat2,-35.2641666666667,-69.2497222222222,2021-09-01T00:00:00,2026-08-30T15:00:00
26553,2607,Atuel - Loma Negra,,39,sat2,-35.2641666666667,-69.2497222222222,2019-11-04T00:00:00,2026-08-29T00:00:00
26554,2608,Diamante - La Jaula,,39,sat2,-34.6686111111111,-69.3163888888889,2020-01-09T00:00:00,2026-08-29T00:00:00
8244,2610,Río Carrileufú - Cholila,,2,sat2,-42.4955555555556,-71.5411111111111,2021-08-31T22:00:00,2022-12-06T02:00:00
26555,2610,Río Carrileufú - Cholila,,39,sat2,-42.4955555555556,-71.5411111111111,2019-11-06T00:00:00,2022-12-06T00:00:00
8314,2672,Juramento - Finca Agropecuari,,2,sat2,-25.1613888888889,-64.1061111111111,2019-11-21T00:00:00,2026-08-30T20:00:00
8313,2673,Colastiné - RN N° 168,,2,sat2,-31.6611111111111,-60.6019444444444,2019-11-27T14:00:00,2026-08-30T21:00:00
9273,2697,Prueba - GSM,,2,sat2,-34.0,-59.0,2020-03-12T16:00:00,2021-11-22T11:00:00
9018,2731,Aguapey - La Sirena,,2,sat2,-28.4166666666667,-56.5422222222222,2019-10-16T00:01:00,2026-08-30T20:00:00
9440,2741,Iruya - Tuc Tuca,,2,sat2,-22.4044444444444,-65.2675,,
8897,2762,Puelo - Hito fronterizo,,2,sat2,-42.1055555555556,-71.7247222222222,2021-09-01T12:00:00,2026-08-25T16:00:00
9461,2776,PN Trinidad - Condorito ,,2,sat2,-31.6911111111111,-64.8527777777778,,
9540,2806,Lago Muster - Fortín,,2,sat2,-45.4797222222222,-69.2588888888889,,
9198,2826,Pilcomayo - Puesto Jerez,,2,sat2,-22.7280555555556,-62.2133333333333,2019-10-10T16:00:00,2026-08-30T20:00:00
8898,2829,San Javier - San Javier,,2,sat2,-30.5802777777778,-59.9233333333333,2019-11-16T17:00:00,2025-10-23T13:00:00
9199,2833,Aº Leyes - RP Nº 1,,2,sat2,-31.4947222222222,-60.425,2019-11-15T18:00:00,2026-08-30T21:00:00
9479,2840,Río Cuarto - La Carlota,,2,sat2,-33.4155555555556,-63.3091666666667,2019-09-18T18:00:00,2021-01-28T14:00:00
9491,2841,Río Negro - Laguna Blanca,,2,sat2,-27.2633333333333,-59.1961111111111,2019-10-18T20:00:00,2021-02-21T08:00:00
9552,2855,Salado - RP Nº 41,,2,sat2,-35.7263888888889,-58.5363888888889,2019-10-01T03:00:00,2026-08-30T21:00:00
26604,5876,Carabelas,Carabelas,39,ina_delta,-34.05977,-58.835841,2020-12-24T00:00:00,2024-11-17T00:00:00
29858,1,Ruta Provincial nº 39,GUALEGUAYCHU,39,alturas_bdhi,-32.4451666666667,-58.5548888888889,2001-05-01T00:00:00,2026-04-30T00:00:00
42626,5,Paso Medina,FELICIANO,40,alturas_bdhi,-30.9236944444444,-59.5512222222222,2001-05-01T00:00:00,2024-08-31T00:00:00
31536,7,Puente Jáuregui,LUJAN,40,alturas_bdhi,-34.589146,-59.178504,,
31525,29,Paraná,PARANAINF,39,alturas_prefe,-31.7182378629681,-60.5225697750899,,
30112,29,Paraná,PARANAINF,40,alturas_prefe,-31.7182378629681,-60.5225697750899,,
35471,40,Zárate,PARANADELASPALMAS,39,alturas_prefe,-34.0987818311696,-59.0108657589595,,
29865,102,Ruta Nacional nº 130,GUALEGUAYCHU,39,alturas_bdhi,-32.1046111111111,-58.4904722222222,2001-05-01T00:00:00,2026-04-30T00:00:00
29866,103,Recreo - Ruta Provincial nº 70,SALADOSANTAFE,39,alturas_bdhi,-31.4912222222222,-60.7805555555556,2001-05-01T00:00:00,2026-08-07T00:00:00
29867,105,Tostado,SALADOSANTAFE,39,alturas_bdhi,-29.2751666666667,-61.7439444444444,2004-06-01T00:00:00,2026-08-07T00:00:00
42632,107,Santa Lucía,SANTALUCIA,40,alturas_bdhi,-28.9911111111111,-59.0982222222222,2001-05-01T00:00:00,2025-08-31T00:00:00
29871,110,Segui,LASCONCHAS,39,alturas_bdhi,-31.95,-60.1263888888889,2024-06-08T00:00:00,2026-04-30T00:00:00
29872,111,Límite con Entre Ríos – Ruta Provincial nº 28,GUAYQUIRARO,39,alturas_bdhi,-30.2166388888889,-58.7846388888889,2015-05-01T00:00:00,2025-11-30T00:00:00
35978,112,Nogoyá Ruta Provincial nº 11,NOGOYA,40,alturas_bdhi,-32.841975,-59.864625,2001-05-01T00:00:00,2024-08-31T00:00:00
29874,114,Ruta Provincial nº 41,SALADOBONAERENSE,39,alturas_bdhi,-35.7246666667,-58.5365277778,2015-04-01T00:00:00,2026-04-30T00:00:00
29876,118,Pueblo Andino,CARCARAÑA,39,alturas_bdhi,-32.6733333333333,-60.8659444444444,2001-05-01T00:00:00,2026-04-30T00:00:00
43041,118,Pueblo Andino,CARCARAÑA,40,alturas_bdhi,-32.6733333333333,-60.8659444444444,2001-05-01T00:00:00,2024-08-31T00:00:00
29878,120,Paso Telégrafo,GUAYQUIRARO,39,alturas_bdhi,-30.34375,-59.5129722222222,2015-06-28T00:00:00,2016-07-30T00:00:00
29880,122,Ruta Nacional nº 168,COLASTINE,39,alturas_bdhi,-31.6611388888889,-60.6020555555556,2001-05-01T00:00:00,2026-04-30T00:00:00
29881,123,Autopista,COLASTINE,39,alturas_bdhi,-32.0178611111111,-60.990275,2011-10-08T00:00:00,2017-12-30T00:00:00
29882,124,Autopista,SALADILLO,39,alturas_bdhi,-33.0272222222222,-60.6635555555556,2016-01-01T00:00:00,2016-12-31T00:00:00
29883,125,Ruta Provincial nº62,SALADILLO,39,alturas_bdhi,-31.1507777777778,-60.4043888888889,2001-05-01T00:00:00,2012-12-08T00:00:00
43045,133,La Emilia,DELMEDIO,40,alturas_bdhi,-33.3989194444444,-60.3346777777778,2001-05-01T00:00:00,2022-08-31T00:00:00
29890,134,Ruta Nacional nº 12,SANLORENZO,39,alturas_bdhi,-28.1141666666667,-58.8086111111111,2009-05-01T00:00:00,2026-04-30T00:00:00
42631,134,Ruta Nacional nº 12,SANLORENZO,40,alturas_bdhi,-28.1141666666667,-58.8086111111111,2016-01-01T00:00:00,2025-08-31T00:00:00
29396,135,Autopista,ELMONJE,2,alturas_bdhi,-32.3929722222222,-60.9411111111111,,
29891,135,Autopista,ELMONJE,39,alturas_bdhi,-32.3929722222222,-60.9411111111111,2001-05-01T00:00:00,2017-12-31T00:00:00
43046,135,Autopista,ELMONJE,40,alturas_bdhi,-32.3929722222222,-60.9411111111111,2017-09-01T00:00:00,2017-12-31T00:00:00
29892,136,Ruta Nacional nº 11,MALABRIGO,39,alturas_bdhi,-29.2786666666667,-59.7856666666667,2001-05-01T00:00:00,2026-04-30T00:00:00
29893,139,Ruta Provincial nº 18,SALADILLO,39,alturas_bdhi,-33.02925,-60.6820277777778,2001-05-01T00:00:00,2026-04-30T00:00:00
43047,139,Ruta Provincial nº 18,SALADILLO,40,alturas_bdhi,-33.02925,-60.6820277777778,2001-05-01T00:00:00,2025-07-31T00:00:00
29896,146,Roque Perez,SALADOBONAERENSE,39,alturas_bdhi,-35.372613,-59.280502,,
29901,170,Ruta Provincial Nº 044,Poncho Moro,39,alturas_bdhi,-43.6683333333333,-71.4061388888889,2001-05-01T00:00:00,2026-04-30T00:00:00
39725,170,Ruta Provincial Nº 044,Poncho Moro,40,alturas_bdhi,-43.6683333333333,-71.4061388888889,2001-05-01T00:00:00,2026-03-31T00:00:00
29910,1094,RP38,Salado Santafesino,39,alturas_bdhi,-29.867045,-60.337943,,
29663,1698,Arroyo Carapachay,Arroyo Carapachay,2,ina_delta,-34.356202,-58.633833,,
29906,1758,San Javier (Santa Fe),San Javier,39,alturas_bdhi,-30.5803888888889,-59.9234444444444,2001-05-01T00:00:00,2020-01-01T00:00:00
29548,1831,BarcaGrande,Río de la Plata,4,puntos_FDelta,-34.1624,-58.3756,,
29564,1832,Bravo,Río de la Plata,4,puntos_FDelta,-33.8976,-58.4588,,
29574,1834,Correntoso,Río de la Plata,4,puntos_FDelta,-34.1111,-58.3678,,
29575,1835,Guazu,Río de la Plata,4,puntos_FDelta,-34.0047,-58.421,,
29554,1836,Gutierrez,Río de la Plata,4,puntos_FDelta,-33.8245,-58.4715,,
29563,1836,Gutierrez,Río de la Plata,4,puntos_FDelta,-33.8245,-58.4715,,
29558,1837,LaBarquita,Río de la Plata,4,puntos_FDelta,-34.2114,-58.3838,,
29549,1837,LaBarquita,Río de la Plata,4,puntos_FDelta,-34.2114,-58.3838,,
29561,1841,SanAntonio,Río de la Plata,4,puntos_FDelta,-34.4193,-58.5091,,
29556,1842,Sauce,Río de la Plata,4,puntos_FDelta,-33.9453,-58.4282,,
29918,1878,Santa Cruz - Charles Fuhr,Santa Cruz,39,alturas_bdhi,-50.2521111111111,-71.9078055555556,2007-12-31T00:00:00,2026-04-30T00:00:00
29920,1880,LAGO SAN MARTIN - BRAZO CHACABUCO,Lago San Martin,39,alturas_bdhi,-49.1239444444444,-72.4856388888889,2024-06-08T00:00:00,2026-03-31T00:00:00
29914,1881,Lago Rico - Parque Nac. Los Glaciares,Lago Rico,39,alturas_bdhi,-50.4261111111111,-72.7478333333333,2007-12-31T00:00:00,2026-04-30T00:00:00
29921,1882,Deseado - Ruta Provincial Nº47,Deseado,39,alturas_bdhi,-47.8289916666667,-66.5928444444444,,
29915,1883,Oro - Camino a Ñires,Oro,39,alturas_bdhi,-47.4203722222222,-71.9429277777778,2013-03-20T00:00:00,2026-03-31T00:00:00
29923,1887,LAGO THAR - EA SANTA ANGELICA,Lago Thar,39,alturas_bdhi,-49.2693055555556,-71.9960833333333,2024-06-08T00:00:00,2026-03-31T00:00:00
29925,1889,MITRE - RUTA PROVINCIAL Nº 011,Mitre,39,alturas_bdhi,-50.3999444444444,-72.7324722222222,2007-12-31T00:00:00,2026-04-30T00:00:00
29926,1890,Chico - Ruta Nacional Nº 3,Chico,39,alturas_bdhi,-49.7789972222222,-68.6391277777778,2024-06-08T00:00:00,2026-04-30T00:00:00
29927,1891,Gallegos - Toma de Agua SP,Gallegos,39,alturas_bdhi,-51.6883444444444,-69.6554388888889,2015-05-18T00:00:00,2026-04-30T00:00:00
29929,1893,Chico - Gregores,Chico,39,alturas_bdhi,-48.7520083333333,-70.32075,2015-05-12T00:00:00,2026-04-30T00:00:00
29930,1894,LAGO POSADAS - LAGO POSADAS,Lago Posadas,39,alturas_bdhi,-47.51125,-71.8718888888889,2010-03-01T00:00:00,2026-03-31T00:00:00
29931,1895,CARRERAS - FRONTERA,Carreras,39,alturas_bdhi,-48.2063888888889,-72.2844444444444,2007-12-31T00:00:00,2026-03-31T00:00:00
29932,1896,LA LEONA - LA LEONA,La Leona,39,alturas_bdhi,-49.7971944444444,-72.0640277777778,2001-05-01T00:00:00,2026-04-30T00:00:00
29933,1897,Vizcachas - Cerro Palique,Vizcachas,39,alturas_bdhi,-50.99605,-72.1065722222222,2010-03-01T00:00:00,2026-03-31T00:00:00
29937,1901,SHEHUEN-CHALIA - RUTA NACIONAL Nº 040,Shehuen-Chalia,39,alturas_bdhi,-49.5956111111111,-71.3869722222222,2024-06-08T00:00:00,2026-03-31T00:00:00
29938,1902,Penitentes - Rincón de los Morros,Penitentes,39,alturas_bdhi,-51.9215555555555,-71.49475,2007-12-31T00:00:00,2026-04-30T00:00:00
29939,1903,MANSO - CONFLUENCIA,Manso,39,alturas_bdhi,-41.5868333333333,-71.6836666666667,2007-12-31T00:00:00,2026-04-30T00:00:00
29944,1908,QUEMQUEMTREU - ESCUELA Nº 139,Quemquentreu ,39,alturas_bdhi,-41.89825,-71.5022222222222,2001-05-01T00:00:00,2026-04-30T00:00:00
29948,1912,AZUL - PUESTO 1,Azul,39,alturas_bdhi,-41.9588333333333,-71.5659722222222,2024-06-08T00:00:00,2026-04-30T00:00:00
29952,1916,MANSO - POBLADOR TURRA,Manso,39,alturas_bdhi,-41.5935277777778,-71.5208888888889,2007-12-31T00:00:00,2026-04-30T00:00:00
29953,1917,Paraguay - Isla del Cerrito,Paraguay,39,alturas_bdhi,-27.2890194444444,-58.6096333333333,2016-09-06T00:00:00,2026-04-30T00:00:00
35986,1917,Paraguay - Isla del Cerrito,Paraguay,40,alturas_bdhi,-27.2890194444444,-58.6096333333333,,
29954,1918,POTRERO-RUTA PROVINCIAL Nº 001,Potrero,39,alturas_bdhi,-31.5123333333333,-60.4624166666667,2001-05-01T00:00:00,2026-04-30T00:00:00
29959,1928,MALABRIGO - RUTA PROVINCIAL Nº 088 S,Malabrigo,39,alturas_bdhi,-29.3649722222222,-59.7778888888889,2001-05-01T00:00:00,2026-04-30T00:00:00
43042,1928,MALABRIGO - RUTA PROVINCIAL Nº 088 S,Malabrigo,40,alturas_bdhi,-29.3649722222222,-59.7778888888889,,
29960,1929,El Toba - Margarita,El Toba,39,alturas_bdhi,-29.7300555555556,-60.0075833333333,2001-05-01T00:00:00,2026-04-30T00:00:00
43038,1929,El Toba - Margarita,El Toba,40,alturas_bdhi,-29.7300555555556,-60.0075833333333,2001-05-01T00:00:00,2022-08-31T00:00:00
29961,1930,Laguna la Picasa - Canal Regulador N° 7,Laguna La Picasa,39,alturas_bdhi,-34.3486861111111,-62.5418166666667,2018-01-01T00:00:00,2026-04-30T00:00:00
29962,1931,El Rey - Ruta Nacional Nº 011,El Rey,39,alturas_bdhi,-29.1333333333333,-59.6546944444444,2001-05-01T00:00:00,2026-04-30T00:00:00
43050,1933,Tapenagá - Florencia,Tapenagá,40,alturas_bdhi,-28.029,-59.2250277777778,2001-05-01T00:00:00,2022-08-31T00:00:00
29965,1935,SAN JAVIER - CAYASTÁ,San Javier,39,alturas_bdhi,-31.1981944444444,-60.1568611111111,2001-05-01T00:00:00,2026-04-30T00:00:00
29968,1941,CORONDA - PUERTO GABOTO,Coronda,39,alturas_bdhi,-32.4299444444444,-60.8136388888889,2001-05-01T00:00:00,2026-04-30T00:00:00
29970,1943,Laguna La Picasa - RN33,Laguna La Picasa,39,alturas_bdhi,-34.3268111111111,-62.8114583333333,2017-10-01T00:00:00,2019-05-30T00:00:00
29971,1945,Canal Línea Paraná - Rp Nº 3,Canal lí­nea Paraná,39,alturas_bdhi,-28.1103888888889,-59.9758055555556,2010-04-01T00:00:00,2026-04-30T00:00:00
29974,1951,San Javier - Saladero Cabal,San Javier,39,alturas_bdhi,-30.8805833333333,-60.0343888888889,2001-05-01T00:00:00,2026-04-30T00:00:00
29976,1953,Salado - Agua Abajo Azud Colonia Dora,Salado,39,alturas_bdhi,-28.5583833333333,-62.8868472222222,2015-02-01T00:00:00,2026-04-30T00:00:00
29978,1955,Salado - Ruta Provincial Nº 092,Salado,39,alturas_bdhi,-28.5034166666667,-62.8814027777778,2004-06-01T00:00:00,2026-04-30T00:00:00
29981,1958,Canal de Dios - Canal de Dios,Canal de Dios,39,alturas_bdhi,-25.6107777777778,-63.9480583333333,2009-06-01T00:00:00,2026-04-30T00:00:00
29983,1960,Carcaraña - Cruz Alta,Carcaraña,39,alturas_bdhi,-33.0056194444444,-61.787425,2018-01-25T00:00:00,2026-04-30T00:00:00
29985,1962,GRANDE - UME PAY,Grande,39,alturas_bdhi,-32.2166666666667,-64.7333333333333,2001-05-01T00:00:00,2026-03-31T00:00:00
29989,1967,JURAMENTO - EL TUNAL,Juramento,39,alturas_bdhi,-25.2266666666667,-64.4769444444444,2008-03-01T00:00:00,2026-04-30T00:00:00
29990,1968,Canal Macapillo - Macapillo,Canal Macapillo,39,alturas_bdhi,-25.4134805555556,-63.9761555555556,2009-06-01T00:00:00,2026-04-30T00:00:00
29686,1969,BERMEJO - POZO SARMIENTO,Bermejo,39,alturas_bdhi,-23.2166666666667,-64.2,2001-05-01T00:00:00,2026-04-30T00:00:00
29687,1970,Bermejo - Balapuca,Bermejo,39,alturas_bdhi,-22.4924722222222,-64.4635555555556,2001-05-01T00:00:00,2026-04-30T00:00:00
29996,1975,Canal Finca Agropecuaria - Finca Agropecuaria,Canal Finca Agropecuaria,39,alturas_bdhi,-25.1608111111111,-64.1060111111111,2009-06-01T00:00:00,2026-04-30T00:00:00
29997,1976,TARIJA - SAN TELMO,Tarija,39,alturas_bdhi,-22.5711111111111,-64.24,2009-01-01T00:00:00,2026-04-30T00:00:00
30000,1980,JURAMENTO - EL QUEBRACHAL,Juramento,39,alturas_bdhi,-25.3438888888889,-64.0455555555556,2001-10-01T00:00:00,2026-04-30T00:00:00
30002,1982,Lago Fontana - Gendarmeria,Lago Fontana,39,alturas_bdhi,-44.9800555555556,-71.39475,2024-06-08T00:00:00,2026-04-30T00:00:00
30004,1984,Chubut - Ameghino,Chubut,39,alturas_bdhi,-43.6982666666667,-66.4748611111111,2007-12-31T00:00:00,2026-04-30T00:00:00
30007,1987,GUALJAINA - GUALJAINA,Gualjaina,39,alturas_bdhi,-42.6534444444444,-70.4387777777778,2007-12-31T00:00:00,2026-04-30T00:00:00
30008,1988,Senguerr - La Paulina-Aserradero,Senguerr,39,alturas_bdhi,-45.0016083333333,-71.1681083333333,2007-12-31T00:00:00,2008-12-31T00:00:00
30010,1990,SITUACIÓN - ESCUELA Nº 90,Situación,39,alturas_bdhi,-43.1325,-71.5547222222222,2007-12-31T00:00:00,2026-04-30T00:00:00
30011,1991,CARRILEUFÚ - CHOLILA,Carrileufú,39,alturas_bdhi,-42.4955555555556,-71.5411111111111,2007-12-31T00:00:00,2026-04-30T00:00:00
30018,1998,CARRENLEUFÚ - PUENTE DE HIERRO,Carrenleufú,39,alturas_bdhi,-43.5441111111111,-71.4861388888889,2007-12-31T00:00:00,2026-04-30T00:00:00
30020,2000,AZUL - PUESTO 2,Azul,39,alturas_bdhi,-42.0897222222222,-71.6211111111111,2024-06-08T00:00:00,2026-04-30T00:00:00
30021,2001,LAGO ROSARIO - LAGO ROSARIO,Lago Rosario,39,alturas_bdhi,-43.2356111111111,-71.3615555555556,2007-12-31T00:00:00,2026-04-30T00:00:00
30022,2002,FUTALEUFÚ - PUESTO RIOS,Futaleufú,39,alturas_bdhi,-43.1747777777778,-71.6236944444444,2024-06-08T00:00:00,2026-04-30T00:00:00
30024,2004,NANTY FALL - RUTA A CHILE,Nanty Fall,39,alturas_bdhi,-43.1655555555556,-71.5142777777778,2007-12-31T00:00:00,2026-04-30T00:00:00
30027,2007,CARRENLEUFÚ - PONCHO MORO,Carrenleufú,39,alturas_bdhi,-43.7219444444444,-71.2339444444444,2007-12-31T00:00:00,2026-04-30T00:00:00
30029,2009,SENGUERR - PUENTE CAMINO BUEN PASTO,Senguerr,39,alturas_bdhi,-45.5638888888889,-69.0627777777778,2007-12-31T00:00:00,2026-04-30T00:00:00
30031,2011,Chubut - Paso del Sapo,Chubut,39,alturas_bdhi,-42.7408055555556,-69.5948055555556,2024-06-08T00:00:00,2026-04-30T00:00:00
30038,2018,CARRENLEUFÚ - CARRENLEUFÚ,Carrenleufú,39,alturas_bdhi,-43.7083888888889,-71.5997416666667,2007-12-31T00:00:00,2026-04-30T00:00:00
30039,2019,FUTALAUFQUEN - PUERTO BUSTILLO,Futalaufquen,39,alturas_bdhi,-42.8766666666667,-71.6216666666667,2024-06-08T00:00:00,2026-04-30T00:00:00
30041,2021,COHIHUES - PARQUE NAC. LOS ALERCES,Cohihues,39,alturas_bdhi,-42.9719444444444,-71.5788888888889,2007-12-31T00:00:00,2026-04-30T00:00:00
30042,2022,EPUYÉN - LA ANGOSTURA,Epuyén,39,alturas_bdhi,-42.1888888888889,-71.4,2007-12-31T00:00:00,2026-04-30T00:00:00
30052,2032,Piray Guazú - Puente Viejo- RN 12,Piray Guazú,39,alturas_bdhi,-26.4860833333333,-54.5888333333333,2001-05-01T00:00:00,2026-04-30T00:00:00
29683,2034,Paraná - Itá Cajón,Paraná,39,alturas_bdhi,-25.6041111111111,-54.5928611111111,2001-05-01T00:00:00,2014-06-09T00:00:00
30055,2035,Iguazú - Puerto Andresito,Iguazú,39,alturas_bdhi,-25.5905555555556,-53.995,2024-06-08T00:00:00,2026-04-30T00:00:00
30057,2037,Uruguay - San Javier,Uruguay,39,alturas_bdhi,-27.8690833333333,-55.13025,2024-06-08T00:00:00,2026-04-30T00:00:00
30058,2038,Paranay - El Alcazar,Paranay,39,alturas_bdhi,-26.75075,-54.7563333333333,2024-06-08T00:00:00,2026-04-30T00:00:00
30059,2039,Uruguay - Pepirí Miní­,Uruguay,39,alturas_bdhi,-27.1535555555556,-53.9329166666667,2024-06-08T00:00:00,2026-04-30T00:00:00
30062,2042,Pilagá - Rn Nº 11,Pilagá,39,alturas_bdhi,-25.9846944444444,-58.1631666666667,2024-06-08T00:00:00,2026-04-30T00:00:00
29684,2046,El Colorado,Bermejo,39,alturas_bdhi,-26.3342777777778,-59.3624166666667,2001-05-01T00:00:00,2026-04-30T00:00:00
30069,2050,Gualeguaychú - RN N° 136,Gualeguaychú,39,alturas_bdhi,-32.9796666666667,-58.5043888888889,,
30070,2054,Arroyo Feliciano - Rp Nº 2-Paso Correa,Arroyo Feliciano,39,alturas_bdhi,-30.3931666666667,-58.7074722222222,2024-06-08T00:00:00,2026-04-30T00:00:00
30078,2068,Mocoretá - Rnnº 014,Mocoretá,39,alturas_bdhi,-30.6279444444444,-57.9831666666667,2024-06-08T00:00:00,2026-04-30T00:00:00
30079,2071,Uruguay - Paso de los Libres,Uruguay,39,alturas_bdhi,-29.7193611111111,-57.084,2024-06-08T00:00:00,2026-04-30T00:00:00
30080,2072,Batel - Paso Cerrito,Batel,39,alturas_bdhi,-29.0311111111111,-58.7883333333333,2024-06-08T00:00:00,2026-04-30T00:00:00
30081,2073,Mocoretá - Rnnº 127,Mocoretá,39,alturas_bdhi,-30.1077222222222,-58.0580555555556,2024-06-08T00:00:00,2026-04-30T00:00:00
30082,2075,Miriñay - Paso Mesa,Miriñay,39,alturas_bdhi,-28.9178333333333,-57.2355277777778,2025-09-27T00:00:00,2026-04-30T00:00:00
30085,2078,Chimiray - Colonia Liebig,Chimiray,39,alturas_bdhi,-27.9121388888889,-55.8174444444444,2024-09-01T00:00:00,2026-04-30T00:00:00
29590,2082,Paraná - Itatí,Paraná,39,alturas_bdhi,-27.26625,-58.2443055555556,2001-05-01T00:00:00,2026-04-30T00:00:00
30087,2084,Batel - Rnnº 123,Batel,39,alturas_bdhi,-28.8997222222222,-58.6749444444444,2024-06-08T00:00:00,2026-04-30T00:00:00
30088,2085,Paraná - Corrientes,Paraná,39,alturas_bdhi,-27.4597222222222,-58.8333333333333,2024-06-08T00:00:00,2026-04-30T00:00:00
30090,2089,Paraná - Empedrado,Paraná,39,alturas_bdhi,-27.9588055555556,-58.8199444444444,,
42628,2090,Guayquiraró- La Grela,Guayquiraró,40,alturas_bdhi,-30.346475,-59.3004333333333,2016-03-13T00:00:00,2025-05-06T00:00:00
30093,2092,Barrancas - Paso la Llana,Barrancas,39,alturas_bdhi,-30.2173333333333,-59.3243333333333,2024-06-08T00:00:00,2026-04-30T00:00:00
42629,2092,Barrancas - Paso la Llana,Barrancas,40,alturas_bdhi,-30.2173333333333,-59.3243333333333,2001-05-01T00:00:00,2023-08-31T00:00:00
30094,2093,Uruguay - Santo Tomé,Uruguay,39,alturas_bdhi,-28.5454388888889,-56.0292222222222,2024-06-08T00:00:00,2026-04-30T00:00:00
30095,2094,Empedrado - Rp Nº 6,Empedrado,39,alturas_bdhi,-27.8011111111111,-58.505,2024-06-08T00:00:00,2026-04-30T00:00:00
29584,2101,Paraguay - Puerto Bermejo,Paraguay,2,alturas_bdhi,-26.9258888888889,-58.5070277777778,1910-01-02T04:43:12,2026-03-31T12:00:00
30099,2101,Paraguay - Puerto Bermejo,Paraguay,39,alturas_bdhi,-26.9258888888889,-58.5070277777778,2024-06-08T00:00:00,2026-03-31T00:00:00
34844,2128,Lujan - Lujan,,40,sat2,-34.5894444444444,-59.1783333333333,2023-06-29T00:00:00,2026-08-29T00:00:00
34845,2128,Lujan - Lujan,,40,sat2,-34.5894444444444,-59.1783333333333,,
6692,2147,Penitente - Rincón de los Morr,,2,sat2,-51.9216666666667,-71.4947222222222,2021-09-01T00:00:00,2026-08-30T16:00:00
6703,2152,RIO CHUBUT EN TRELEW,,2,sat2,-43.2761111111111,-65.2733333333333,2021-08-31T22:00:00,2021-12-31T21:00:00
35940,2154,Bermejo - Pozo Sarmiento,,40,sat2,-23.1405555555556,-64.1969444444445,,
31950,2172,Desaguadero - Arco de Desaguad,,2,sat2,-33.4041666666667,-67.1516666666667,2023-06-03T17:00:00,2026-08-12T16:00:00
6679,2177,Canal Liag - Quebrachal,,2,sat2,-25.3452777777778,-64.045,2019-06-20T21:00:00,2026-08-30T21:00:00
6695,2184,Azul - El Azul,,2,sat2,-41.9425,-71.5605555555556,2021-09-01T00:00:00,2026-08-30T20:00:00
35428,2199,Corrientes - Los Laureles,,40,sat2,-29.7572222222222,-59.2172222222222,2024-01-16T00:00:00,2026-08-29T00:00:00
35430,2199,Corrientes - Los Laureles,,40,sat2,-29.7572222222222,-59.2172222222222,,
30110,2203,Gualeguay - Rosario del Tala,,4,sat2,-32.3086111111111,-59.0769444444445,,
31609,2203,Gualeguay - Rosario del Tala,,40,sat2,-32.3086111111111,-59.0769444444445,,
6694,2206,Río Areco - Puente Quemado,,2,sat2,-34.2880555555556,-59.7027777777778,2019-08-01T03:00:00,2021-12-31T21:00:00
34885,2215,Río Areco - San Antonio de Are,,4,sat2,-34.2405555555556,-59.4994444444444,,
34886,2215,Río Areco - San Antonio de Are,,4,sat2,-34.2405555555556,-59.4994444444444,,
34888,2215,Río Areco - San Antonio de Are,,40,sat2,-34.2405555555556,-59.4994444444444,,
6689,2217,Laguna La Picasa - RN33,,2,sat2,-34.3269444444445,-62.8113888888889,,
26558,2673,Colastiné - RN N° 168,,39,sat2,-31.6611111111111,-60.6019444444444,2019-11-27T00:00:00,2026-08-29T00:00:00
26560,2706,ZEstacion de prueba 9003,,39,sat2,-34.6130555555556,-58.3772222222222,,
26562,2732,Atuel - La Angostura,,39,sat2,-35.0986111111111,-68.8747222222222,2019-10-01T00:00:00,2026-08-29T00:00:00
26563,2741,Iruya - Tuc Tuca,,39,sat2,-22.4044444444444,-65.2675,,
26566,2806,Lago Muster - Fortín,,39,sat2,-45.4797222222222,-69.2588888888889,2019-10-01T00:00:00,2021-03-25T00:00:00
26567,2807,Salado - El Arenal,,39,sat2,-26.3741666666667,-63.7244444444444,2019-10-01T00:00:00,2026-08-29T00:00:00
26569,2809,Quinto - RP Nº26,,39,sat2,-34.7627777777778,-63.645,2019-10-01T00:00:00,2026-08-29T00:00:00
26570,2810,Río Juramento El Quebrachal,,39,sat2,-25.3441666666667,-64.0461111111111,2019-10-01T00:00:00,2023-01-04T00:00:00
26571,2811,Río Neuquén - Dique Ballester,,39,sat2,-38.7247222222222,-68.1705555555556,2019-10-01T00:00:00,2020-03-08T00:00:00
35863,2822,Pilcomayo - El Raúl,,4,sat2,-22.65,-62.2163888888889,,
35980,2822,Pilcomayo - El Raúl,,40,sat2,-22.65,-62.2163888888889,,
26577,2823,Juramento - Cabra Corral,,39,sat2,-25.2677777777778,-65.2372222222222,2019-10-13T00:00:00,2026-08-29T00:00:00
26582,2829,San Javier - San Javier,,39,sat2,-30.5802777777778,-59.9233333333333,2019-11-16T00:00:00,2025-10-23T00:00:00
29586,2830,Paraná Guazú - Brazo Largo,Paraná Guazú,2,sat2,-33.8830555555556,-58.9,,
29587,2830,Paraná Guazú - Brazo Largo,Paraná Guazú,4,sat2,-33.8830555555556,-58.9,,
26583,2830,Paraná Guazú - Brazo Largo,Paraná Guazú,39,sat2,-33.8830555555556,-58.9,2019-11-07T00:00:00,2026-08-29T00:00:00
35425,2832,Corriente - Paso Lucero,,4,sat2,-28.995,-58.5583333333333,,
35426,2832,Corriente - Paso Lucero,,40,sat2,-28.995,-58.5583333333333,2024-01-16T00:00:00,2026-08-29T00:00:00
26586,2833,Aº Leyes - RP Nº 1,,39,sat2,-31.4947222222222,-60.425,2019-11-15T00:00:00,2026-08-29T00:00:00
26592,2840,Río Cuarto - La Carlota,,39,sat2,-33.4155555555556,-63.3091666666667,2019-09-18T00:00:00,2021-01-28T00:00:00
26593,2841,Río Negro - Laguna Blanca,,39,sat2,-27.2633333333333,-59.1961111111111,2019-10-18T00:00:00,2021-02-21T00:00:00
26594,2842,Lago Posadas - Posadas,,39,sat2,-47.5113888888889,-71.8719444444444,2019-11-01T00:00:00,2026-08-29T00:00:00
26595,2843,Mitre - Ruta Prov. Nº11,,39,sat2,-50.3997222222222,-72.7338888888889,2019-10-30T00:00:00,2026-07-11T00:00:00
26600,2855,Salado - RP Nº 41,,39,sat2,-35.7263888888889,-58.5363888888889,2019-10-01T00:00:00,2026-08-29T00:00:00
29536,5876,Carabelas,Carabelas,2,ina_delta,-34.05977,-58.835841,,
29537,5876,Carabelas,Carabelas,4,ina_delta,-34.05977,-58.835841,,
42623,5884,La Picada - RN 12,A° Las Conchas,40,alturas_bdhi,-31.7288333333333,-60.3076111111111,2015-05-26T00:00:00,2025-03-21T00:00:00
29435,5893,Paraná - Rosario,Paraná,2,sat2,-32.9513888888889,-60.6255555555556,2020-07-10T12:00:00,2026-08-30T21:00:00
29542,5893,Paraná - Rosario,Paraná,2,sat2,-32.9513888888889,-60.6255555555556,,
29443,5893,Paraná - Rosario,Paraná,4,sat2,-32.9513888888889,-60.6255555555556,,
29543,5893,Paraná - Rosario,Paraná,4,sat2,-32.9513888888889,-60.6255555555556,,
29540,5894,Riacho Victoria - Victoria,Riacho Victoria,2,sat2,-32.6316666666667,-60.1652777777778,,
29444,5894,Riacho Victoria - Victoria,Riacho Victoria,4,sat2,-32.6316666666667,-60.1652777777778,,
29541,5894,Riacho Victoria - Victoria,Riacho Victoria,4,sat2,-32.6316666666667,-60.1652777777778,,
29439,5900,Paraná - Diamante,Paraná,2,sat2,-32.0577777777778,-60.645,2020-11-25T15:00:00,2026-08-30T21:00:00
29546,5900,Paraná - Diamante,Paraná,2,sat2,-32.0577777777778,-60.645,,
29547,5900,Paraná - Diamante,Paraná,4,sat2,-32.0577777777778,-60.645,,
29440,5901,Paraná - Túnel subfluvial,Paraná,2,sat2,-31.72,-60.5175,2020-10-26T13:00:00,2026-08-30T21:00:00
29544,5901,Paraná - Túnel subfluvial,Paraná,2,sat2,-31.72,-60.5175,,
30124,5901,Paraná - Túnel subfluvial,Paraná,40,sat2,-31.72,-60.5175,2021-11-01T00:00:00,2026-08-29T00:00:00
29436,5905,Paraná - Villa Constitución,Paraná,2,sat2,-33.2272222222222,-60.32,2020-06-03T20:00:00,2026-08-30T21:00:00
29538,5905,Paraná - Villa Constitución,Paraná,2,sat2,-33.2272222222222,-60.32,,
29539,5905,Paraná - Villa Constitución,Paraná,4,sat2,-33.2272222222222,-60.32,,
29509,5905,Paraná - Villa Constitución,Paraná,39,sat2,-33.2272222222222,-60.32,2024-09-13T00:00:00,2026-08-29T00:00:00
29437,5907,Paraná Las Palmas - Zárate,Paraná de las Palmas,2,sat2,-34.1019444444444,-59.0088888888889,2020-06-01T14:00:00,2026-08-30T21:00:00
29535,5907,Paraná Las Palmas - Zárate,Paraná de las Palmas,4,sat2,-34.1019444444444,-59.0088888888889,,
30118,5910,SANTA FE - LA GUARDIA,SISTEMA SETÚBAL,39,alturas_bdhi,-31.6301388888889,-60.6779722222222,,
30129,5912,Paraná - Timbúes,,2,sat2,-32.7197222222222,-60.7261111111111,,
30130,5912,Paraná - Timbúes,,4,sat2,-32.7197222222222,-60.7261111111111,,
31867,6163,INTA Delta,Paraná de las Palmas,2,ina_delta,-34.17675,-58.8643,,
32798,6301,Chubut - Valle Inferior,,2,sat2,-43.2908333333333,-65.5052777777778,2023-02-08T01:00:00,2026-08-30T21:00:00
32929,6365,Mojotoro - Güemes,,2,sat2,-24.7316666666667,-65.0288888888889,2023-02-07T17:00:00,2026-08-30T21:00:00
31968,6374,Dulce - Dique Los Quiroga,,2,sat2,-27.6511111111111,-64.3616666666667,2023-02-08T00:00:00,2026-08-07T12:00:00
32242,6379,NIV - La Hoya,,2,sat2,-42.8325,-71.2536111111111,,
32597,6380,Aº De las Chañaritas,,2,sat2,-34.2797222222222,-59.5894444444444,2023-02-07T20:00:00,2026-08-30T16:00:00
33675,6383,De Las Cañitas - La Tapa,,2,sat2,-32.855,-64.7672222222222,2023-02-07T20:00:00,2026-08-30T20:00:00
33676,6386,Chubut - Cerro Condor,,2,sat2,-43.4244444444444,-69.1605555555556,2023-02-07T20:00:00,2026-08-30T16:00:00
32924,6387,Tupungato - Punta de Vacas LIM,,2,sat2,-32.8808333333333,-69.7683333333333,,
33256,6389,Las Tapias - Las Tapias,,2,sat2,-32.8036111111111,-64.7763888888889,2023-02-07T16:01:00,2026-08-30T16:00:00
32726,6390,Ñorquinco - Ñorquinco,,2,sat2,-41.8419444444444,-70.8913888888889,2023-02-07T20:00:00,2023-07-30T08:00:00
32598,6391,Laguna La Margarita,,2,sat2,-34.6533333333333,-63.7230555555556,2023-02-07T16:01:00,2026-08-30T20:00:00
33091,6394,Colorado - Pedro Luro,,2,sat2,-39.5247222222222,-62.6755555555556,2023-02-07T17:00:00,2026-08-30T21:00:00
33677,6396,Cuarto - La Carlota LIM,,2,sat2,-33.4075,-63.2941666666667,2023-02-07T16:01:00,2026-08-30T21:00:00
32009,6398,Salado - Colonia Dora,,2,sat2,-28.5597222222222,-62.8902777777778,,
31939,6400,Paraná - Bella Vista,,2,sat2,-28.5052777777778,-59.0497222222222,2023-02-07T17:00:00,2026-08-30T21:00:00
32026,6403,Uruguay - Corralito,,2,sat2,-31.4847222222222,-58.0847222222222,2023-02-07T16:01:00,2025-04-15T15:00:00
34849,6403,Uruguay - Corralito,,2,sat2,-31.4847222222222,-58.0847222222222,,
32926,6405,Uruguay - Concep. del Uruguay,,2,sat2,-32.4775,-58.2208333333333,2023-02-07T17:00:00,2026-08-30T21:00:00
31940,6406,Grande - La Estrechura,,2,sat2,-35.3194444444444,-70.2886111111111,2023-02-07T20:00:00,2026-08-30T16:00:00
33679,6411,NIV Grande - Paso Pehuenche,,2,sat2,-35.98,-70.3941666666667,,
32600,6414,NIV Mendoza - Toscas,,2,sat2,-33.1641666666667,-69.8886111111111,,
31943,6416,NIV - Alto Chubut,,2,sat2,-41.6730555555555,-71.1141666666667,,
32250,6418,Arroyo Potrol - La Pampa,,2,sat2,-37.1438888888889,-67.0725,2023-05-01T12:00:00,2026-04-18T20:00:00
32741,6424,Cuarto - Tincunaco,,2,sat2,-32.9033333333333,-64.7161111111111,2023-02-07T20:00:00,2026-08-30T12:00:00
32742,6427,Aº De los Huesos - RN 226,,2,sat2,-37.0811111111111,-59.5388888888889,2023-02-07T20:00:00,2026-08-30T16:00:00
32645,6429,Blanco - Calingasta - RP 142,,2,sat2,-31.3319444444444,-69.4138888888889,2023-02-07T20:00:00,2026-08-30T20:00:00
33840,6431,PN  - Copo  - El Aibal ,,2,sat2,-25.9227777777778,-61.7138888888889,,
32261,6435,Piray Guazú - R. Nac. 12 Vieja,,2,sat2,-26.4858333333333,-54.5883333333333,2023-08-25T16:00:00,2026-08-30T20:00:00
35447,6435,Piray Guazú - R. Nac. 12 Vieja,,40,sat2,-26.4858333333333,-54.5883333333333,,
33446,6437,Manso - Los Alerces,,2,sat2,-41.3783333333333,-71.7466666666667,,
33101,6438,Faro - punta Delgada,,2,sat2,-42.7658333333333,-63.6383333333333,,
32868,6439,Piray Mini - Valle Hermoso,,2,sat2,-26.355,-54.4983333333333,2023-02-07T20:00:00,2026-08-30T20:00:00
32302,6442,Sta. Cruz-Cmte Piedrabuena MET,,2,sat2,-49.9986111111111,-68.9269444444444,2023-02-07T17:00:00,2026-08-30T21:00:00
32301,6444,Trapiche - Hosteria El Trapich,,2,sat2,-33.1058333333333,-66.0633333333333,2023-02-07T17:00:00,2026-08-30T21:00:00
34185,6445,Quinto - Justo Daract,,2,sat2,-33.9186111111111,-65.1516666666667,2023-02-07T17:00:00,2026-08-30T21:00:00
33099,6446,De Las Barrancas-A.Corral RP23,,2,sat2,-32.6894444444444,-64.7202777777778,2023-02-07T17:00:00,2026-08-30T21:00:00
32299,6447,Dulce - La Escuela - Río Hondo,,2,sat2,-27.5033333333333,-64.8558333333333,2023-02-07T17:00:00,2026-08-30T21:00:00
34137,6448,Aº El Quebrachal - RP Nº 33,,2,sat2,-33.5838888888889,-65.3980555555556,,
34035,6449,Paraguay - Isla del Cerrito,,2,sat2,-27.2891666666667,-58.61,2023-02-07T17:00:00,2026-08-30T21:00:00
34032,6450,Nuevo - Ruta Nac. Nº 8,,2,sat2,-33.6366666666667,-65.3636111111111,,
32270,6451,Laguna La Picasa - CR Nº7,,2,sat2,-34.3486111111111,-62.5419444444444,,
32632,6452,Chico - Cerro Mesa,,2,sat2,-41.7063888888889,-70.4825,,
33116,6456,Dulce - Villa San Martín,,2,sat2,-28.3291666666667,-64.0066666666667,2023-02-07T20:00:00,2026-08-30T16:00:00
32292,6460,Gastona - Atahona RN Nº157,,2,sat2,-27.4325,-65.2713888888889,2023-02-08T00:00:00,2026-08-30T21:00:00
32291,6462,Colorado - Puesto Hernández,,2,sat2,-38.4136111111111,-67.0430555555556,2023-02-07T20:00:00,2026-08-30T20:00:00
32300,6465,San Juan - Dique de la Rosa,,2,sat2,-31.5025,-68.6425,2023-02-07T16:01:00,2026-08-30T21:00:00
33282,6468,Negro - Isla Jordan,,2,sat2,-38.995,-67.9730555555556,,
32028,6469,Vipos - Toma Obras Sanitarias,,2,sat2,-26.4775,-65.3163888888889,2023-02-10T15:01:00,2026-08-30T21:00:00
33703,6477,NIV-C. Trona.-Otto Meiling MET,,2,sat2,-41.1911111111111,-71.7880555555556,,
32304,6478,Turbio - Turbio Viejo,,2,sat2,-51.6808333333333,-72.0783333333333,2023-02-07T20:00:00,2026-08-30T20:00:00
33124,6479,El Tala - El Brete,,2,sat2,-26.0658333333333,-65.3411111111111,2023-02-07T20:01:00,2026-08-30T21:00:00
32305,6480,Canal - Jume Esquina,,2,sat2,-27.6966666666667,-63.9333333333333,2023-02-07T20:00:00,2026-08-30T20:00:00
33022,6481,Grande - Ruta Provincia Nº 9,,2,sat2,-32.9019444444444,-66.1055555555556,2023-02-07T20:00:00,2026-08-30T16:00:00
33178,6482,Desaguadero - Navia,,2,sat2,-34.7741666666667,-66.5886111111111,,
33882,6505,Chico - RN Nº157 Monteagudo,,2,sat2,-27.5211111111111,-65.2663888888889,2023-02-07T17:00:00,2026-08-30T21:00:00
32837,6508,Paraná - Puerto Rico,,2,sat2,-26.7916666666667,-55.025,2023-02-07T17:00:00,2026-08-30T21:00:00
32822,6509,El Rey - Moussy,,2,sat2,-28.9977777777778,-59.7530555555556,2023-05-30T16:00:00,2023-12-16T00:00:00
32998,6511,Paraguay - Las Palmas,,2,sat2,-27.1180555555556,-58.6427777777778,2023-02-07T17:00:00,2026-08-30T21:00:00
33486,6512,INA - Ezeiza,null,2,sat2,-34.7972222222222,-58.5202777777778,,
33712,6513,Aº Calbuco - S.M. de Los Andes,,2,sat2,-40.1469444444444,-71.3266666666667,2023-02-07T17:00:00,2025-04-27T05:00:00
34041,6514,Limay - Balsa Las Perlas,,2,sat2,-38.9825,-68.14,,
33070,6515,Uruguay - Paso de los Libres,,2,sat2,-29.7238888888889,-57.0847222222222,2023-02-07T16:01:00,2023-10-24T12:00:00
33324,6517,Laguna Salitral - Salitral,,2,sat2,-37.4669444444444,-66.8258333333333,2025-08-27T20:00:00,2025-08-28T16:00:00
33968,6518,Atuel - La Puntilla,,2,sat2,-36.2413888888889,-67.1866666666667,2023-02-07T20:00:00,2026-08-30T12:00:00
32681,6523,Laguna El Uncal - AM20,,2,sat2,-36.6852777777778,-67.1,2023-02-07T20:00:00,2026-08-30T20:00:00
33160,6527,General Acha - La Pampa,,2,sat2,-37.3647222222222,-64.5919444444444,,
33502,6535,Chico - Ruta Nac. Nº 3,,2,sat2,-49.7769444444444,-68.6405555555556,2023-02-07T20:00:00,2026-08-30T16:00:00
32708,6539,Ventisquero Negro - Lago Manso,,2,sat2,-41.2016666666667,-71.8333333333333,2023-02-07T20:00:00,2026-08-28T20:00:00
32704,6540,Salado - Icaño,,2,sat2,-28.6152777777778,-62.7786111111111,2023-02-07T16:01:00,2026-08-30T16:00:00
34890,6544,Areco - Carmen de Areco,,39,sat2,-34.3519444444444,-59.8169444444444,2023-12-19T00:00:00,2026-08-29T00:00:00
34891,6544,Areco - Carmen de Areco,,39,sat2,-34.3519444444444,-59.8169444444444,,
34892,6544,Areco - Carmen de Areco,,40,sat2,-34.3519444444444,-59.8169444444444,2023-12-19T00:00:00,2026-08-29T00:00:00
32859,6573,San Antonio Oeste - ET 132 KV,,2,sat2,-40.7566666666667,-65.03,,
33753,6574,Sierra Grande - Aeródromo,,2,sat2,-41.5916666666667,-65.3433333333333,,
33369,6575,Chimiray - Colonia Liebig,,2,sat2,-27.9122222222222,-55.8177777777778,2023-02-07T16:01:00,2026-07-02T20:00:00
33038,6579,Yabebiry - Colonia Martires,,2,sat2,-27.4011111111111,-55.335,,
33037,6583,Lago Mascardi - Central Frey,,2,sat2,-41.3572222222222,-71.5633333333333,2023-02-07T20:00:00,2024-06-04T16:00:00
33233,6586,Metán - Desembocadura,,2,sat2,-25.3933333333333,-64.5922222222222,2023-02-07T20:00:00,2026-08-30T20:00:00
33189,6587,Uruguay - Santo Tomé,,2,sat2,-28.545,-56.0288888888889,2023-02-07T20:00:00,2026-08-30T16:00:00
32860,6588,Uruguay-S.Javier-P.de la Barca,,2,sat2,-27.8938888888889,-55.1358333333333,2023-02-07T16:01:00,2026-08-30T21:00:00
32876,6604,Areco - Puente Quemado,,2,sat2,-34.2880555555556,-59.7027777777778,2023-02-07T20:00:00,2026-08-30T16:00:00
34087,6651,Dulce - Tuhama,,2,sat2,-28.0144444444444,-64.0980555555555,2023-02-07T20:00:00,2026-08-30T20:00:00
33427,6652,Lipeo - Puente Colgante,,2,sat2,-22.4311111111111,-64.7372222222222,2023-02-07T20:00:00,2026-08-30T20:00:00
33525,6665,San Antonio - San Antonio,,2,sat2,-26.0566666666667,-53.7311111111111,2023-02-07T20:00:00,2026-06-06T20:00:00
35404,6949,Finky,,2,prevenir,-34.786209,-58.397766,,
35409,6951,SF_Montevideo,Arroyo San Francisco,2,prevenir,-34.728604,-58.319435,2024-07-07T09:45:00,2026-08-17T19:05:00
36688,7161,Piray Guazú - Pinar Ciba,,2,sat2,-26.5119444444444,-54.4536111111111,2024-08-16T00:00:00,2026-08-30T16:00:00
36691,7164,Canal Soberanía - Obra Control,,2,sat2,-27.5272222222222,-58.9427777777778,2024-07-01T00:00:00,2026-08-30T21:00:00
43051,8209,Carmen de Areco,Areco,40,alturas_bdhi,-34.3520361111111,-59.8166666666667,2015-09-02T00:00:00,2024-08-31T00:00:00
34839,1698,Arroyo Carapachay,Arroyo Carapachay,4,ina_delta,-34.356202,-58.633833,,
35412,1744,Arroyo San Francisco,Cuenca Sarandí-Santo Domingo,2,ina_delta,-34.7277556,-58.3200389,,
38408,2111,Río Salado – RP51 (Achupallas),,101,sat2,-35.0880555555556,-60.1088888888889,2024-10-31T20:00:00,2024-11-07T16:00:00
38335,2115,Paraná - Corrientes,,101,sat2,-27.4597222222222,-58.8333333333333,2024-09-17T12:00:00,2026-08-30T16:00:00
38405,2116,Paraguay - Pto. Formosa,,101,sat2,-26.1830555555556,-58.1619444444444,2024-09-16T20:00:00,2026-08-30T12:00:00
38409,2119,Segundo (Plujunta) - RP Nº 17,,101,sat2,-31.0105555555556,-62.7883333333333,2024-09-16T20:00:00,2026-08-30T16:00:00
38325,2120,Laguna Mar Chiquita - Miramar,,101,sat2,-30.9119444444444,-62.6777777777778,,
38342,2122,Atuel - Paso Maroma,,101,sat2,-36.8425,-66.9952777777778,2024-09-16T20:00:00,2026-08-30T16:00:00
38329,2123,Atuel - Algarrobo del Águila,,101,sat2,-36.3977777777778,-67.1402777777778,2024-09-17T00:00:00,2026-08-30T16:00:00
38338,2124,Río Santa Cruz en Comte Piedra,,101,sat2,-49.9986111111111,-68.9269444444444,,
38377,2125,Futaleufú - Puesto Ríos,,101,sat2,-43.1747222222222,-71.6236111111111,2024-09-16T20:00:00,2026-02-05T08:00:00
38401,2128,Lujan - Lujan,,101,sat2,-34.5894444444444,-59.1783333333333,2024-09-17T00:00:00,2026-08-30T16:00:00
38315,2131,Paraná - Itatí,,101,sat2,-27.2663888888889,-58.2444444444444,2024-09-18T20:00:00,2026-08-30T16:00:00
38400,2134,Río Juramento - El Tunal,,101,sat2,-25.2497222222222,-64.3902777777778,,
38363,2136,Salado - Cañada Ancha,,101,sat2,-35.1975,-69.7672222222222,2024-09-16T20:00:00,2026-08-30T16:00:00
38406,2137,Poti Malal - Gendarmería,,101,sat2,-35.8711111111111,-69.9502777777778,2024-09-16T20:00:00,2026-08-30T16:00:00
38316,2140,Rio Quinto - Justo Daract,,101,sat2,-33.92,-65.1522222222222,,
38304,2145,Carrenleufú - Carrenleufú,,101,sat2,-43.5280555555556,-71.6002777777778,,
38322,2146,Gallegos - Pte. Blanco,,101,sat2,-51.8947222222222,-71.5975,2024-09-16T20:00:00,2026-08-30T16:00:00
38307,2147,Penitente - Rincón de los Morr,,101,sat2,-51.9216666666667,-71.4947222222222,2024-09-16T20:00:00,2026-08-30T16:00:00
38380,2153,Lago Argentino - Calafate,,101,sat2,-50.32,-72.2611111111111,,
38347,2155,Neuquén - Chos Malal,,101,sat2,-37.3755555555556,-70.27,,
38395,2157,Río Chubut en los Altares,,101,sat2,-43.8886111111111,-68.3983333333333,,
38352,2158,Aº Feliciano - Paso Medina,,101,sat2,-30.9236111111111,-59.5511111111111,2024-09-16T20:00:00,2026-08-30T16:00:00
38403,2161,Mayo - Paso Mayo,,101,sat2,-45.6836111111111,-70.2522222222222,2024-09-16T20:00:00,2026-08-28T16:00:00
38374,2162,Carrenleufú - La Elena,,101,sat2,-43.7,-71.3044444444444,2025-01-28T16:00:00,2026-02-26T20:00:00
38324,2163,La Paulina - Aserradero,,101,sat2,-45.0016666666667,-71.1680555555556,2025-08-14T16:00:00,2025-08-14T16:00:00
38356,2164,La Leona,,101,sat2,-49.7972222222222,-72.0641666666667,2024-09-19T16:00:00,2026-08-30T16:00:00
38382,2166,Los Sosa - RP30 km19,,101,sat2,-27.1008333333333,-65.6361111111111,2024-09-16T20:00:00,2026-08-30T12:00:00
38334,2167,Lules - Potrero de las Tablas,,101,sat2,-26.8519444444444,-65.4316666666667,,
37837,2172,Desaguadero - Arco de Desaguad,,39,sat2,-33.4041666666667,-67.1516666666667,2026-08-12T00:00:00,2026-08-12T00:00:00
38346,2178,Iguazú - Puerto Andresito,,101,sat2,-25.5905555555556,-53.995,2024-09-16T20:00:00,2026-08-30T16:00:00
38376,2180,Desaguadero - Canalejas,,101,sat2,-35.1686111111111,-66.4963888888889,2024-09-16T20:00:00,2026-08-30T16:00:00
38309,2184,Azul - El Azul,,101,sat2,-41.9425,-71.5605555555556,2024-09-16T20:00:00,2026-08-30T12:00:00
38313,2185,Dulce - Paso de la Cina,,101,sat2,-29.795,-62.8061111111111,2024-09-16T20:00:00,2026-08-30T12:00:00
38390,2189,Bermejo - Embarcacion,,101,sat2,-23.2480555555556,-64.1380555555556,2026-06-05T20:00:00,2026-07-29T08:00:00
38365,2192,San Francisco - Puente RP 1,,101,sat2,-23.7108333333333,-64.5369444444444,2026-06-05T20:00:00,2026-06-15T16:00:00
38392,2194,Bermejo - Puerto Velaz,,101,sat2,-26.6605555555556,-58.6338888888889,2024-09-16T20:00:00,2026-08-29T20:00:00
38349,2197,Salado - Pinto,,101,sat2,-29.1058333333333,-62.5761111111111,2024-09-16T20:00:00,2026-08-30T16:00:00
38351,2198,Aº Batel - Paso Cerrito,,101,sat2,-29.0311111111111,-58.7883333333333,2024-09-16T20:00:00,2026-08-30T12:00:00
38333,2199,Corrientes - Los Laureles,,101,sat2,-29.7572222222222,-59.2172222222222,2024-09-16T20:00:00,2026-08-30T04:00:00
38410,2200,Tunuyan - Valle de Uco,,101,sat2,-33.7763888888889,-69.2725,,
38339,2201,A° El Soberbio - Pje La Lechuz,,101,sat2,-27.2572222222222,-54.2355555555556,2024-09-17T12:00:00,2026-08-30T12:00:00
38357,2204,Carcarañá - Pueblo Andino,,101,sat2,-32.6733333333333,-60.8658333333333,2024-09-16T20:00:00,2026-08-30T16:00:00
38360,2205,Gualeguay - Villaguay,,101,sat2,-31.8016666666667,-59.1261111111111,2024-09-16T20:00:00,2026-08-30T16:00:00
38366,2211,Salado - RP Nº50,,101,sat2,-34.3225,-61.3513888888889,2024-09-16T20:00:00,2026-08-30T16:00:00
38320,2212,Compuerta Alternativa Norte AD,,101,sat2,-34.2419444444444,-62.1211111111111,,
38354,2213,Canal Regulador N°4 - La Pantanosa,,101,sat2,-34.2580555555556,-61.6386111111111,2024-09-16T20:00:00,2026-08-30T16:00:00
38306,2216,Olivia - Olivia,,101,sat2,-54.7975,-68.2255555555556,2025-02-07T16:00:00,2026-08-30T16:00:00
38321,2218,Cruz Alta,,101,sat2,-33.0063888888889,-61.7875,,
38327,2221,Atuel - Puesto Ugalde,,101,sat2,-35.9994444444444,-67.1852777777778,2024-09-16T20:00:00,2026-08-30T16:00:00
38318,2225,*Senguerr -Pte Camino B. Pasto,,101,sat2,-45.5644444444444,-69.0672222222222,,
38331,2229,Chubut - El Maitén,,101,sat2,-42.0997222222222,-71.17,2024-09-16T20:00:00,2026-08-30T12:00:00
38412,2356,Río Paraná Túnel,,101,sat2,-31.7197222222222,-60.5175,,
38414,2357,Sistema Setúbal - Santa Fe - L,,101,sat2,-31.6302777777778,-60.6777777777778,,
38302,2610,Río Carrileufú - Cholila,,101,sat2,-42.4955555555556,-71.5411111111111,,
38416,2671,Canal Finca Agropecuaria,,101,sat2,-25.1608333333333,-64.1058333333333,2024-09-16T20:00:00,2026-08-30T16:00:00
38417,2673,Colastiné - RN N° 168,,101,sat2,-31.6611111111111,-60.6019444444444,2024-09-16T20:00:00,2024-12-02T08:00:00
38434,2697,Prueba - GSM,,101,sat2,-34.0,-59.0,,
38422,2731,Aguapey - La Sirena,,101,sat2,-28.4166666666667,-56.5422222222222,2025-01-22T00:00:00,2026-08-30T16:00:00
38420,2762,Puelo - Hito fronterizo,,101,sat2,-42.1055555555556,-71.7247222222222,2025-02-25T12:00:00,2026-08-25T16:00:00
38429,2810,Río Juramento El Quebrachal,,101,sat2,-25.3441666666667,-64.0461111111111,,
38423,2822,Pilcomayo - El Raúl,,101,sat2,-22.65,-62.2163888888889,2024-09-16T20:00:00,2026-01-17T20:00:00
38437,2823,Juramento - Cabra Corral,,101,sat2,-25.2677777777778,-65.2372222222222,2024-09-16T20:00:00,2026-08-30T12:00:00
38430,2824,Valenzuela - Valle Noble,,101,sat2,-35.3241666666667,-70.3111111111111,2024-09-16T20:00:00,2026-08-30T16:00:00
38427,2825,Santa Lucia - Santa Lucia,,101,sat2,-28.9877777777778,-59.0905555555556,2024-09-16T20:00:00,2026-08-30T16:00:00
38421,2829,San Javier - San Javier,,101,sat2,-30.5802777777778,-59.9233333333333,2024-09-16T20:00:00,2025-10-23T12:00:00
38425,2832,Corriente - Paso Lucero,,101,sat2,-28.995,-58.5583333333333,2024-09-16T20:00:00,2026-08-30T16:00:00
38432,2833,Aº Leyes - RP Nº 1,,101,sat2,-31.4947222222222,-60.425,2024-09-16T20:00:00,2026-08-30T16:00:00
38435,2835,Río Tercero - Villa María,,101,sat2,-32.4219444444444,-63.2447222222222,,
35414,5874,Arroyo San Francisco - Dr. Torre,Cuenca Sarandí-Santo Domingo,2,ina_delta,-34.7650541,-58.3234008,,
34838,6163,INTA Delta,Paraná de las Palmas,4,ina_delta,-34.17675,-58.8643,,
37904,6301,Chubut - Valle Inferior,,39,sat2,-43.2908333333333,-65.5052777777778,2024-09-14T00:00:00,2026-08-29T00:00:00
34334,6355,Carrenleufú - Frontera,,2,sat2,-43.5608333333333,-71.7288888888889,2023-02-07T20:00:00,2024-11-16T16:00:00
38182,6355,Carrenleufú - Frontera,,39,sat2,-43.5608333333333,-71.7288888888889,2024-09-14T00:00:00,2024-11-16T00:00:00
34340,6356,Aº Malabrigo - RN Nº11,,2,sat2,-29.2788888888889,-59.7863888888889,2023-02-07T20:00:00,2026-08-30T16:00:00
38183,6356,Aº Malabrigo - RN Nº11,,39,sat2,-29.2788888888889,-59.7863888888889,2024-12-20T00:00:00,2026-08-29T00:00:00
38184,6357,Carcarañá - Cruz Alta,,39,sat2,-33.0063888888889,-61.7875,2024-09-14T00:00:00,2026-08-29T00:00:00
38185,6359,Salado - Puente Carretero,,39,sat2,-34.6113888888889,-60.9572222222222,2024-09-14T00:00:00,2026-08-29T00:00:00
38186,6360,Saladillo - Dique Aforador,,39,sat2,-32.9316666666667,-62.3322222222222,2024-09-14T00:00:00,2026-08-29T00:00:00
34345,6361,Tercero - Piedras Moras,,2,sat2,-32.1694444444444,-64.2327777777778,2023-02-07T17:00:00,2026-08-30T21:00:00
34347,6363,Cuarto - Puente de Olmos,,2,sat2,-33.4555555555556,-63.1294444444444,,
38191,6366,Aº Las Flores - Gral. Alvear,,39,sat2,-35.9875,-60.0194444444444,,
34359,6375,Salado - Canal de Dios,,2,sat2,-25.6105555555556,-63.9486111111111,,
38195,6375,Salado - Canal de Dios,,39,sat2,-25.6105555555556,-63.9486111111111,,
38192,6376,Chubut - Gualjaina,,39,sat2,-42.6097222222222,-70.3844444444445,2024-09-14T00:00:00,2026-08-29T00:00:00
34361,6377,NIV - Puntas Amarillas,,2,sat2,-34.2305555555556,-69.5144444444445,,
38196,6377,NIV - Puntas Amarillas,,39,sat2,-34.2305555555556,-69.5144444444445,,
34355,6378,NIV- Túnel internacional,,2,sat2,-32.8130555555556,-70.0575,,
38193,6378,NIV- Túnel internacional,,39,sat2,-32.8130555555556,-70.0575,,
37853,6379,NIV - La Hoya,,39,sat2,-42.8325,-71.2536111111111,,
37869,6380,Aº De las Chañaritas,,39,sat2,-34.2797222222222,-59.5894444444444,2024-09-14T00:00:00,2026-08-29T00:00:00
38053,6383,De Las Cañitas - La Tapa,,39,sat2,-32.855,-64.7672222222222,2024-09-14T00:00:00,2026-08-29T00:00:00
37831,6385,Chico - Cerro Mesa,,39,sat2,-41.7063888888889,-70.4825,,
38054,6386,Chubut - Cerro Condor,,39,sat2,-43.4244444444444,-69.1605555555556,2024-09-14T00:00:00,2026-08-29T00:00:00
37933,6387,Tupungato - Punta de Vacas LIM,,39,sat2,-32.8808333333333,-69.7683333333333,,
37870,6391,Laguna La Margarita,,39,sat2,-34.6533333333333,-63.7230555555556,2024-09-14T00:00:00,2026-08-29T00:00:00
38055,6396,Cuarto - La Carlota LIM,,39,sat2,-33.4075,-63.2941666666667,2024-09-14T00:00:00,2026-08-29T00:00:00
37842,6397,Aº Pergamino - Pergamino,,39,sat2,-33.9041666666667,-60.5702777777778,2024-09-14T00:00:00,2026-08-29T00:00:00
37833,6400,Paraná - Bella Vista,,39,sat2,-28.5052777777778,-59.0497222222222,2024-09-14T00:00:00,2026-08-29T00:00:00
38056,6404,Aº Aguapey - San Carlos,null,39,sat2,-27.7475,-55.8916666666667,,
37834,6406,Grande - La Estrechura,,39,sat2,-35.3194444444444,-70.2886111111111,2024-09-14T00:00:00,2026-08-29T00:00:00
37897,6408,NIV Jáchal - Cerro Negro,,39,sat2,-29.8905555555556,-69.5580555555556,,
37896,6410,NIV Atuel - Laguna Atuel,,39,sat2,-34.5111111111111,-70.0458333333333,,
37995,6413,NIV Diamante - Laguna Diamante,,39,sat2,-34.1988888888889,-69.6980555555556,,
37835,6415,NIV Aº de Las Leñas - Las Leña,,39,sat2,-35.1394444444444,-70.0916666666667,,
37856,6418,Arroyo Potrol - La Pampa,,39,sat2,-37.1438888888889,-67.0725,2024-09-14T00:00:00,2026-04-18T00:00:00
37878,6428,Salado -A.Ab. Azud Cruz Bajada,,39,sat2,-25.7166666666667,-63.8916666666667,2024-09-14T00:00:00,2026-08-29T00:00:00
37966,6438,Faro - punta Delgada,,39,sat2,-42.7658333333333,-63.6383333333333,,
37925,6439,Piray Mini - Valle Hermoso,,39,sat2,-26.355,-54.4983333333333,2024-09-14T00:00:00,2026-08-29T00:00:00
38129,6441,Quinto - Dique Villa Mercedes,,39,sat2,-33.6538888888889,-65.5336111111111,2024-09-14T00:00:00,2026-08-29T00:00:00
37865,6442,Sta. Cruz-Cmte Piedrabuena MET,,39,sat2,-49.9986111111111,-68.9269444444444,2024-09-14T00:00:00,2026-08-29T00:00:00
37862,6447,Dulce - La Escuela - Río Hondo,,39,sat2,-27.5033333333333,-64.8558333333333,2024-09-14T00:00:00,2026-08-29T00:00:00
38153,6448,Aº El Quebrachal - RP Nº 33,,39,sat2,-33.5838888888889,-65.3980555555556,,
37874,6452,Chico - Cerro Mesa,,39,sat2,-41.7063888888889,-70.4825,,
37875,6454,Negro-Obra de Ctrl. Agua Abajo,,39,sat2,-27.4563888888889,-58.8988888888889,2024-09-14T00:00:00,2026-08-29T00:00:00
37967,6456,Dulce - Villa San Martín,,39,sat2,-28.3291666666667,-64.0066666666667,2024-09-14T00:00:00,2026-08-29T00:00:00
38030,6457,Embalse Cruz Bajada,,39,sat2,-25.7158333333333,-63.8916666666667,2024-09-14T00:00:00,2026-08-29T00:00:00
38060,6458,Paraná - Puerto Libertad,,39,sat2,-25.9166666666667,-54.6205555555556,2024-09-14T00:00:00,2026-08-29T00:00:00
37847,6461,Aº Las Garzas - RN Nº 11,,39,sat2,-28.7766666666667,-59.4738888888889,2024-09-14T00:00:00,2026-08-29T00:00:00
37860,6462,Colorado - Puesto Hernández,,39,sat2,-38.4136111111111,-67.0430555555556,2024-09-14T00:00:00,2026-08-29T00:00:00
37968,6463,Ledesma -Fraile Pintado-RN 34 ,,39,sat2,-23.9094444444444,-64.8080555555556,2024-09-14T00:00:00,2026-08-29T00:00:00
37901,6464,San Pedro - Ledesma - RN 34,,39,sat2,-24.2644444444444,-64.8986111111111,2024-09-14T00:00:00,2026-08-29T00:00:00
37863,6465,San Juan - Dique de la Rosa,,39,sat2,-31.5025,-68.6425,2024-09-14T00:00:00,2026-08-29T00:00:00
37916,6472,Quinto -Av Circunvalación,,39,sat2,-33.7391666666667,-65.3769444444444,2026-04-02T00:00:00,2026-08-29T00:00:00
37877,6474,Lago Muster - Fortín,,39,sat2,-45.5802777777778,-69.2763888888889,,
37969,6479,El Tala - El Brete,,39,sat2,-26.0658333333333,-65.3411111111111,2024-09-14T00:00:00,2026-08-29T00:00:00
37972,6482,Desaguadero - Navia,,39,sat2,-34.7741666666667,-66.5886111111111,,
37908,6490,Arrayanes - Lago Verde,,39,sat2,-42.7436111111111,-71.7430555555556,2025-06-17T00:00:00,2025-06-18T00:00:00
37911,6498,Urueña -7 de Abril - RN34,,39,sat2,-26.2188888888889,-64.5119444444444,2024-09-14T00:00:00,2026-08-29T00:00:00
37884,6504,Seco - RN Nº 157,,39,sat2,-27.3361111111111,-65.3175,2024-09-14T00:00:00,2026-08-29T00:00:00
38110,6506,Salí - Alta Gracia,,39,sat2,-26.7191666666667,-65.1619444444444,2024-09-14T00:00:00,2026-08-29T00:00:00
37913,6508,Paraná - Puerto Rico,,39,sat2,-26.7916666666667,-55.025,2024-09-14T00:00:00,2026-08-29T00:00:00
37912,6509,El Rey - Moussy,,39,sat2,-28.9977777777778,-59.7530555555556,,
38131,6514,Limay - Balsa Las Perlas,,39,sat2,-38.9825,-68.14,,
37962,6515,Uruguay - Paso de los Libres,,39,sat2,-29.7238888888889,-57.0847222222222,,
38001,6517,Laguna Salitral - Salitral,,39,sat2,-37.4669444444444,-66.8258333333333,2025-08-27T00:00:00,2025-08-28T00:00:00
38092,6519,Aº Trabunco -S.M. de Los Andes,,39,sat2,-40.1530555555556,-71.3347222222222,2024-09-14T00:00:00,2026-08-29T00:00:00
38064,6520,Aº Yaboti - San Pedro,,39,sat2,-26.6352777777778,-54.0897222222222,,
38052,6522,Pepirí Guazú-Pte.Int.P.Rosales,,39,sat2,-26.6133333333333,-53.7347222222222,2024-09-14T00:00:00,2026-08-29T00:00:00
37971,6527,General Acha - La Pampa,,39,sat2,-37.3647222222222,-64.5919444444444,,
37943,6534,San Juan - Km 101 LIM,,39,sat2,-31.2522222222222,-69.1775,2024-09-14T00:00:00,2026-08-29T00:00:00
37891,6540,Salado - Icaño,,39,sat2,-28.6152777777778,-62.7786111111111,2024-09-14T00:00:00,2026-08-29T00:00:00
37961,6543,*Pepirí Guazú-Pte.Int.P.Rosale,,39,sat2,-26.6133333333333,-53.7347222222222,,
37985,6551,Uruguay - Monte Caseros,,39,sat2,-30.2516666666667,-57.6216666666667,2024-09-26T00:00:00,2026-08-29T00:00:00
38065,6552,Acaragua - Campo Grande,null,39,sat2,-27.2158333333333,-54.9725,,
38094,6556,Pilcomayo - Tigra Norte,,39,sat2,-23.1397222222222,-61.9638888888889,,
38007,6567,CIRHBAS - MET EL GUANAGAN RP13,,39,sat2,-28.7297222222222,-60.9019444444444,,
32710,6569,Paraná - Goya,,2,sat2,-29.165,-59.3283333333333,2025-03-17T00:00:00,2026-08-30T20:00:00
33505,6570,Chubut - Trelew,,2,sat2,-43.2761111111111,-65.2733333333333,2024-09-13T16:00:00,2026-08-30T21:00:00
33036,6572,Aº El Quebrachal - RP Nº 33,,2,sat2,-33.5838888888889,-65.3980555555556,,
37922,6573,San Antonio Oeste - ET 132 KV,,39,sat2,-40.7566666666667,-65.03,,
33977,6576,Laguna Yema,,2,sat2,-24.2563888888889,-61.2419444444444,,
33188,6577,Las Conchas - Coropampa,,2,sat2,-25.5091666666667,-65.5238888888889,2024-09-13T16:00:00,2026-08-30T21:00:00
37975,6577,Las Conchas - Coropampa,,39,sat2,-25.5091666666667,-65.5238888888889,2024-09-14T00:00:00,2026-08-29T00:00:00
34139,6581,Azul - Puesto 2,,2,sat2,-42.0405555555556,-71.6063888888889,2024-09-13T16:00:00,2026-08-30T16:00:00
38155,6581,Azul - Puesto 2,,39,sat2,-42.0405555555556,-71.6063888888889,2024-09-14T00:00:00,2026-08-29T00:00:00
37947,6583,Lago Mascardi - Central Frey,,39,sat2,-41.3572222222222,-71.5633333333333,,
37987,6586,Metán - Desembocadura,,39,sat2,-25.3933333333333,-64.5922222222222,2024-09-14T00:00:00,2026-08-29T00:00:00
32870,6591,Lago Vinter - Vinter,,2,sat2,-43.9194444444444,-71.4283333333333,2025-01-22T00:00:00,2026-08-30T20:00:00
37978,6592,A° Saltito - El Saltito,,39,sat2,-27.4405555555556,-54.5766666666667,2024-09-14T00:00:00,2026-08-29T00:00:00
33760,6593,Negro - Primera Angostura,,2,sat2,-40.4555555555556,-63.7897222222222,2024-09-13T16:00:00,2026-08-30T20:00:00
38156,6595,Lag. La Picasa-Inter. Can. A22,,39,sat2,-34.4494444444444,-62.4133333333333,2024-09-14T00:00:00,2026-08-29T00:00:00
33913,6597,Arenales - El Encon,,2,sat2,-24.8422222222222,-65.5933333333333,2024-09-13T16:00:00,2026-08-30T20:00:00
38095,6597,Arenales - El Encon,,39,sat2,-24.8422222222222,-65.5933333333333,2024-09-14T00:00:00,2026-08-29T00:00:00
37957,6608,Chubut - Los Altares,,39,sat2,-43.8886111111111,-68.3983333333333,2024-09-14T00:00:00,2026-08-29T00:00:00
33204,6610,Escondido - El Foyel,,2,sat2,-41.6797222222222,-71.5652777777778,2024-09-13T16:00:00,2026-08-29T20:00:00
37980,6610,Escondido - El Foyel,,39,sat2,-41.6797222222222,-71.5652777777778,2024-09-14T00:00:00,2026-08-29T00:00:00
33766,6611,Chico - Las Violetas,,2,sat2,-53.6738888888889,-67.935,2025-02-12T16:00:00,2026-08-30T16:00:00
38069,6611,Chico - Las Violetas,,39,sat2,-53.6738888888889,-67.935,2025-02-12T00:00:00,2026-08-29T00:00:00
38011,6614,Cullén - Cullén 2,,39,sat2,-52.8902777777778,-68.4511111111111,,
37986,6615,Uruguay - Garruchos,,39,sat2,-28.1772222222222,-55.6422222222222,2024-09-14T00:00:00,2026-08-29T00:00:00
34080,6618,Yabebiry - Colonia Martires,,2,sat2,-27.4011111111111,-55.335,2025-01-15T16:00:00,2026-08-30T20:00:00
38137,6618,Yabebiry - Colonia Martires,,39,sat2,-27.4011111111111,-55.335,2025-01-15T00:00:00,2026-08-29T00:00:00
38070,6620,L. Menéndez-Cisne Pto. Sagrado,,39,sat2,-42.6177777777778,-71.8880555555556,,
38116,6621,Uruguay - Paso de los Libres,,39,sat2,-29.7219444444444,-57.0830555555556,2024-11-01T00:00:00,2026-08-29T00:00:00
38297,6622,Quinto - R.N. 35,,39,sat2,-34.2163888888889,-64.3861111111111,2024-09-14T00:00:00,2026-08-29T00:00:00
37953,6625,Chico - Chico 2,,39,sat2,-53.5480555555556,-68.3769444444444,2024-09-14T00:00:00,2026-08-29T00:00:00
38138,6626,Guayquiraró - RN 12 - A°Curupí,,39,sat2,-30.3511111111111,-59.5147222222222,2024-09-21T00:00:00,2026-08-29T00:00:00
33517,6627,Compuerta Alternativa Norte AD,,2,sat2,-34.2419444444444,-62.1211111111111,2024-09-13T16:00:00,2026-08-30T16:00:00
33392,6628,Colorado - Villa de Mazán,,2,sat2,-28.6491666666667,-66.5491666666667,2024-09-13T16:00:00,2026-08-30T08:00:00
38014,6628,Colorado - Villa de Mazán,,39,sat2,-28.6491666666667,-66.5491666666667,2024-09-14T00:00:00,2026-08-29T00:00:00
33518,6633,Salado - RN Nº 11,,2,sat2,-27.5413888888889,-59.1308333333333,2024-09-20T12:00:00,2026-08-20T20:00:00
38015,6637,Bermejo - Azud los Colorados,,39,sat2,-29.2580555555556,-68.2525,2024-09-14T00:00:00,2026-08-29T00:00:00
38099,6638,Dique Belén - Embalse,,39,sat2,-27.615,-67.0163888888889,2024-09-14T00:00:00,2026-08-29T00:00:00
32890,6642,Niv-LagoDelDesierto-El Crestón,,2,sat2,-49.08,-72.915,,
37930,6642,Niv-LagoDelDesierto-El Crestón,,39,sat2,-49.08,-72.915,,
32891,6643,Gob. Costa - Chubut MET-FRE,,2,sat2,-44.0344444444444,-70.6458333333333,,
37931,6643,Gob. Costa - Chubut MET-FRE,,39,sat2,-44.0344444444444,-70.6458333333333,,
38096,6645,Esc. Prov. 355 - Piedra Larga,,39,sat2,-27.6022222222222,-67.1977777777778,,
33519,6648,Cullén - Cullén 1,,2,sat2,-52.8527777777778,-68.5669444444444,2024-09-13T16:00:00,2026-08-30T16:00:00
38042,6648,Cullén - Cullén 1,,39,sat2,-52.8527777777778,-68.5669444444444,2024-09-14T00:00:00,2026-08-29T00:00:00
38016,6649,Lago Puelo - Lago Puelo,,39,sat2,-42.0972222222222,-71.6194444444444,2024-09-14T00:00:00,2026-08-29T00:00:00
33215,6653,Grande - Gde. -Ecia. San Julio,,2,sat2,-53.9019444444444,-68.5294444444444,2025-12-04T16:00:00,2026-08-30T20:00:00
37981,6653,Grande - Gde. -Ecia. San Julio,,39,sat2,-53.9019444444444,-68.5294444444444,2025-12-04T00:00:00,2026-08-29T00:00:00
38017,6654,Carreras - Frontera,,39,sat2,-48.2061111111111,-72.2838888888889,2024-09-14T00:00:00,2026-08-29T00:00:00
38140,6657,Vinchina - Vinchina,,39,sat2,-28.7436111111111,-68.2205555555556,2025-01-22T00:00:00,2026-08-29T00:00:00
38018,6660,Pilcomayo - Villa Gral. Güemes,,39,sat2,-24.7469444444444,-59.4997222222222,2024-09-14T00:00:00,2026-08-29T00:00:00
37982,6664,Aº Mocoretá - RN Nº 14,,39,sat2,-30.6275,-57.9827777777778,2024-09-14T00:00:00,2026-08-29T00:00:00
38046,6665,San Antonio - San Antonio,,39,sat2,-26.0566666666667,-53.7311111111111,2024-09-16T00:00:00,2026-06-06T00:00:00
37958,6667,Vizcachas - Limite con Chile,,39,sat2,-51.0297222222222,-72.3111111111111,2024-09-14T00:00:00,2026-08-29T00:00:00
38159,6671,Vizcachas - Nacimiento,,39,sat2,-50.87,-71.965,2024-09-14T00:00:00,2026-08-29T00:00:00
38020,6678,Bermejo - Alarache,,39,sat2,-22.1902777777778,-64.6527777777778,2024-09-14T00:00:00,2026-08-29T00:00:00
33068,6681,Rio Hondo - HID - Sitio 2,,2,sat2,-27.6669444444444,-67.1658333333333,2024-09-13T16:00:00,2026-08-30T20:00:00
37960,6681,Rio Hondo - HID - Sitio 2,,39,sat2,-27.6669444444444,-67.1658333333333,2024-09-14T00:00:00,2026-08-29T00:00:00
34150,6684,Piedra Larga - HID - Sitio 1,,2,sat2,-27.6125,-67.1947222222222,2024-09-13T15:30:00,2026-08-30T21:00:00
38161,6684,Piedra Larga - HID - Sitio 1,,39,sat2,-27.6125,-67.1947222222222,2024-09-14T00:00:00,2026-08-29T00:00:00
33224,6701,Santa Rosa - Meteorológica,,2,sat2,-36.6213888888889,-64.3219444444444,,
38077,6702,Cuarto - La Carlota,,39,sat2,-33.4155555555556,-63.3086111111111,,
38021,6706,Los Antiguos - Los Antiguos,,39,sat2,-46.5541666666667,-71.6397222222222,2024-09-14T00:00:00,2026-08-29T00:00:00
38079,6707,Juramento - El Quebrachal,,39,sat2,-25.3441666666667,-64.0461111111111,2024-09-14T00:00:00,2026-08-29T00:00:00
38024,6719,Grande - Planta Potabilizadora,,39,sat2,-53.8297222222222,-67.8422222222222,2025-02-13T00:00:00,2026-08-20T00:00:00
34010,6721,Colorado - Pata Mora,,2,sat2,-37.2083333333333,-69.1138888888889,2024-09-13T16:00:00,2026-08-30T18:00:00
34117,6725,La Picasa - Obra Reg Nº5,,2,sat2,-34.3044444444444,-62.8591666666667,,
38147,6726,Bella Vista -  Radman,,39,sat2,-53.9983333333333,-68.5947222222222,2025-02-13T00:00:00,2026-08-29T00:00:00
34120,6732,Sauce Chico - RN Nº35-Nva Roma,,2,sat2,-38.4975,-62.6458333333333,2024-09-13T16:00:00,2024-09-21T08:00:00
38149,6732,Sauce Chico - RN Nº35-Nva Roma,,39,sat2,-38.4975,-62.6458333333333,2024-09-14T00:00:00,2024-09-21T00:00:00
38082,6739,Mayo - Paso Río Mayo - HID,,39,sat2,-45.6836111111111,-70.2480555555556,2024-09-14T00:00:00,2025-10-08T00:00:00
38083,6741,Chico - Gregores,,39,sat2,-48.7522222222222,-70.3216666666667,,
33822,6742,Dique Sotomayor - Embalse,,2,sat2,-28.59,-65.2883333333333,2024-09-13T16:00:00,2026-08-30T16:00:00
38084,6742,Dique Sotomayor - Embalse,,39,sat2,-28.59,-65.2883333333333,2024-09-14T00:00:00,2026-08-29T00:00:00
34179,6743,Durazno - Chilecito,,2,sat2,-29.1511111111111,-67.49,2024-09-13T16:00:00,2026-08-30T21:00:00
38165,6743,Durazno - Chilecito,,39,sat2,-29.1511111111111,-67.49,2024-09-14T00:00:00,2026-08-29T00:00:00
38107,6744,Del Campo - Cabo San Miguel,,39,sat2,-27.4333333333333,-65.9977777777778,2025-05-23T00:00:00,2026-08-29T00:00:00
34224,6747,Areco - San Antonio de Areco,,2,sat2,-34.2405555555556,-59.4994444444444,2024-09-13T16:00:00,2026-08-30T21:00:00
34314,6748,Lag. La Picasa - Escollera FFC,,2,sat2,-34.3372222222222,-62.3247222222222,2024-09-13T16:00:00,2026-08-30T21:00:00
34015,6749,Sierra Grande - Aeródromo,,2,sat2,-41.5916666666667,-65.3433333333333,,
34180,6750,Quinto - Malvin Reich,,2,sat2,-33.4383333333333,-65.8830555555555,,
38166,6750,Quinto - Malvin Reich,,39,sat2,-33.4383333333333,-65.8830555555555,,
33832,6763,Del Valle - Huaycama,,2,sat2,-28.1202777777778,-65.7980555555555,2024-09-13T16:00:00,2026-08-30T20:00:00
38197,7161,Piray Guazú - Pinar Ciba,,39,sat2,-26.5119444444444,-54.4536111111111,2024-09-14T00:00:00,2026-08-29T00:00:00
36693,7166,Santa Lucia - San Roque,,2,sat2,-28.57,-58.7177777777778,2024-09-13T16:00:00,2026-08-30T20:00:00
38202,7166,Santa Lucia - San Roque,,39,sat2,-28.57,-58.7177777777778,2024-09-14T00:00:00,2026-08-29T00:00:00
36694,7167,San Javier - Romang,,2,sat2,-29.505,-59.74,2024-09-13T16:00:00,2026-08-30T21:00:00
38203,7167,San Javier - Romang,,39,sat2,-29.505,-59.74,2024-09-14T00:00:00,2026-08-29T00:00:00
36723,7184,CIRHBAS - LIM  Aº TAPENAGA - ESTANCIA TAPENAGA,,2,sat2,-27.5672222222222,-59.6588888888889,2024-09-14T03:00:00,2026-08-30T15:00:00
38206,7185,CIRHBAS - LIM  LAGUNA EL BONETE,,39,sat2,-29.3880555555556,-60.5469444444444,2024-09-14T00:00:00,2026-08-29T00:00:00
36726,7187,CIRHBAS - LIM Aº RETOBADO - CRESPO,,2,sat2,-30.3375,-60.6288888888889,2024-09-14T03:00:00,2026-08-30T16:00:00
38209,7188,CIRHBAS - LIM BAJO CHOROTIS-RN 95,,39,sat2,-28.0886111111111,-61.3519444444444,2024-09-14T00:00:00,2026-08-29T00:00:00
38210,7189,CIRHBAS - LIM CANAL INTERLAGOS-CANAL INTERLAGOS,,39,sat2,-28.9947222222222,-60.5691666666667,2024-09-14T00:00:00,2026-08-29T00:00:00
38211,7190,CIRHBAS - LIM CANAL LINEA PARANA TRAMO IV,,39,sat2,-27.9977777777778,-60.7155555555556,2024-09-14T00:00:00,2026-08-29T00:00:00
38212,7191,CIRHBAS - LIM LAGUNAS SALADAS- RP 77,,39,sat2,-28.2908333333333,-61.1952777777778,2024-09-14T00:00:00,2026-03-16T00:00:00
36731,7192,CIRHBAS - LIM LIMITE CHACO STA,,2,sat2,-28.0011111111111,-60.1161111111111,2024-09-14T09:00:00,2025-01-04T09:00:00
38213,7192,CIRHBAS - LIM LIMITE CHACO STA,,39,sat2,-28.0011111111111,-60.1161111111111,2024-09-14T00:00:00,2025-01-04T00:00:00
38214,7193,CIRHBAS - LIM LOS AMORES - CAN,,39,sat2,-28.1102777777778,-59.9755555555556,2024-09-14T00:00:00,2026-08-29T00:00:00
36733,7194,CIRHBAS - LIM MOJON DE FIERRO-CANAL INTERPROVINCIA,,2,sat2,-29.1316666666667,-61.9016666666667,2024-09-14T03:00:00,2026-08-30T15:00:00
38215,7194,CIRHBAS - LIM MOJON DE FIERRO-CANAL INTERPROVINCIA,,39,sat2,-29.1316666666667,-61.9016666666667,2024-09-14T00:00:00,2026-08-29T00:00:00
38216,7195,CIRHBAS - LIM RUTA PCIAL 13 - CANAL EL BARRIDO,,39,sat2,-28.8813888888889,-60.9477777777778,,
38217,7196,CIRHBAS - LIM VILLA GUILLERMINA-ARROYO LOS AMORES,,39,sat2,-28.2744444444444,-59.4216666666667,2024-09-14T00:00:00,2026-08-29T00:00:00
38219,7230,Aguapey - Caá Caraí,,39,sat2,-27.8244444444444,-56.2583333333333,2024-09-14T00:00:00,2026-08-29T00:00:00
36828,7231,Anizacate - Santa Ana,,2,sat2,-31.6908333333333,-64.5375,2024-09-13T16:00:00,2026-08-30T16:00:00
36829,7232,Aº Cululú - Grutly,,2,sat2,-31.2933333333333,-60.9788888888889,2024-09-13T16:00:00,2026-08-30T20:00:00
38221,7232,Aº Cululú - Grutly,,39,sat2,-31.2933333333333,-60.9788888888889,2024-09-14T00:00:00,2026-08-29T00:00:00
36831,7233,Aº Esquel - Ea El Principio,,2,sat2,-42.9583333333333,-71.3844444444445,2024-09-13T16:00:00,2026-08-30T21:00:00
38222,7233,Aº Esquel - Ea El Principio,,39,sat2,-42.9583333333333,-71.3844444444445,2024-09-14T00:00:00,2026-08-29T00:00:00
36833,7235,Aº Golondrina - Fortín Olmos,,2,sat2,-29.0655555555556,-60.4969444444444,2024-12-17T17:01:00,2026-08-30T21:00:00
38224,7235,Aº Golondrina - Fortín Olmos,,39,sat2,-29.0655555555556,-60.4969444444444,2024-12-18T00:00:00,2026-08-29T00:00:00
38225,7236,Aº Los Amores - RN Nº11,,39,sat2,-28.5558333333333,-59.3558333333333,2024-09-14T00:00:00,2026-08-29T00:00:00
36840,7239,Aº Pilagá - RN Nº11,,2,sat2,-25.9844444444444,-58.1625,2024-09-13T16:00:00,2026-08-29T12:00:00
38228,7239,Aº Pilagá - RN Nº11,,39,sat2,-25.9844444444444,-58.1625,2024-09-14T00:00:00,2026-08-29T00:00:00
36841,7240,Aº Saladillo Amargo - RP Nº 81,,2,sat2,-30.8402777777778,-60.4127777777778,2024-09-13T16:00:00,2026-08-25T04:00:00
36842,7241,Aº Saladillo Dulce - RP Nº 81,,2,sat2,-30.8547222222222,-60.2822222222222,2024-09-13T16:00:00,2026-08-30T20:00:00
38232,7243,Aº Vallimanca - RN 226,,39,sat2,-36.3711111111111,-60.9555555555556,2024-09-14T00:00:00,2026-08-29T00:00:00
38234,7246,Barrancas - Barrancas,,39,sat2,-36.8136111111111,-69.8730555555556,2025-04-01T00:00:00,2026-08-03T00:00:00
38237,7249,Bermejo - Santa Victoria Oeste,,39,sat2,-22.2486111111111,-64.9613888888889,2024-09-14T00:00:00,2026-08-29T00:00:00
38238,7250,Blanco - Angualasto,,39,sat2,-30.0505555555556,-69.17,2024-09-14T00:00:00,2026-08-29T00:00:00
36870,7251,Calchaquí - Cachi,,2,sat2,-25.1205555555556,-66.1588888888889,2024-10-17T13:00:00,2026-08-30T21:00:00
38239,7251,Calchaquí - Cachi,,39,sat2,-25.1205555555556,-66.1588888888889,2024-10-17T00:00:00,2026-08-29T00:00:00
36872,7253,Canal San Antonio- RP Nº2,,2,sat2,-32.4230555555555,-61.9569444444444,,
36873,7254,Carrenleufú - Jaramillo,,2,sat2,-43.8416666666667,-71.2494444444444,2024-09-14T16:00:00,2026-08-30T16:00:00
38242,7254,Carrenleufú - Jaramillo,,39,sat2,-43.8416666666667,-71.2494444444444,2024-09-14T00:00:00,2026-08-29T00:00:00
36875,7255,Carrenleufú - Puente de Hierro,,2,sat2,-43.5436111111111,-71.4872222222222,2024-09-13T16:00:00,2026-08-30T16:00:00
38243,7255,Carrenleufú - Puente de Hierro,,39,sat2,-43.5436111111111,-71.4872222222222,2024-09-14T00:00:00,2026-08-29T00:00:00
36883,7257,Chico - Ameghino,,2,sat2,-44.4769444444444,-66.9116666666667,2025-06-05T15:00:00,2025-06-10T09:00:00
36888,7259,Chubut - Paso del Sapo,,2,sat2,-42.7408333333333,-69.5947222222222,2024-09-13T16:00:00,2026-08-30T21:00:00
38246,7259,Chubut - Paso del Sapo,,39,sat2,-42.7408333333333,-69.5947222222222,2024-09-14T00:00:00,2026-08-29T00:00:00
38247,7260,Diamante - Monte Comán,,39,sat2,-34.5705555555556,-67.865,2024-09-14T00:00:00,2026-08-29T00:00:00
36916,7263,Dulce - Paso de Oscares,,2,sat2,-29.2533333333333,-63.2069444444444,2024-09-13T16:00:00,2026-08-30T20:00:00
36918,7265,Durazno - La Florida,,2,sat2,-32.2158333333333,-64.7658333333333,2024-12-20T12:00:00,2026-08-30T16:00:00
38252,7265,Durazno - La Florida,,39,sat2,-32.2158333333333,-64.7658333333333,2024-12-20T00:00:00,2026-08-29T00:00:00
36921,7267,Epuyén - La Angostura,,2,sat2,-42.1888888888889,-71.4,2025-07-31T00:00:00,2026-08-20T20:00:00
38254,7267,Epuyén - La Angostura,,39,sat2,-42.1888888888889,-71.4,2025-07-31T00:00:00,2026-08-20T00:00:00
36942,7269,Foyel - RN 258,,2,sat2,-41.7133333333333,-71.4413888888889,,
36958,7272,Gualeguay - Paso Duarte RP22,,2,sat2,-31.105,-58.7713888888889,,
38257,7272,Gualeguay - Paso Duarte RP22,,39,sat2,-31.105,-58.7713888888889,,
36959,7273,Gualeguaychú - RN Nº 130,,2,sat2,-32.1047222222222,-58.4905555555556,2025-03-13T19:00:00,2026-08-30T13:00:00
38258,7273,Gualeguaychú - RN Nº 130,,39,sat2,-32.1047222222222,-58.4905555555556,2025-03-13T00:00:00,2026-08-29T00:00:00
38259,7274,Gualeguaychú - RN Nº 39,,39,sat2,-32.445,-58.5547222222222,2024-10-09T00:00:00,2026-08-29T00:00:00
36962,7275,Guayquiraró - La Grela,,2,sat2,-30.3463888888889,-59.3005555555556,2024-09-13T16:00:00,2026-08-30T16:00:00
38260,7275,Guayquiraró - La Grela,,39,sat2,-30.3463888888889,-59.3005555555556,2024-09-14T00:00:00,2026-08-29T00:00:00
36963,7276,Hielo - Confluencia,,2,sat2,-43.5166666666667,-71.6091666666667,2025-08-20T16:00:00,2026-08-30T20:00:00
38262,7277,Iguazú - Pto. Iguazú,,39,sat2,-25.5933333333333,-54.58,2024-09-14T00:00:00,2026-08-29T00:00:00
36968,7279,Iruya - San José,,2,sat2,-22.8641666666667,-64.7052777777778,2024-09-13T16:00:00,2026-08-30T21:00:00
38263,7279,Iruya - San José,,39,sat2,-22.8641666666667,-64.7052777777778,2024-09-14T00:00:00,2026-08-29T00:00:00
36986,7281,Lag. La Picasa-Aguas AbajoRN33,,2,sat2,-34.3619444444444,-62.7386111111111,2024-09-13T16:00:00,2026-08-30T21:00:00
38264,7281,Lag. La Picasa-Aguas AbajoRN33,,39,sat2,-34.3619444444444,-62.7386111111111,2024-09-14T00:00:00,2026-08-29T00:00:00
36996,7283,Laguna Melincué - Melincué,,2,sat2,-33.6508333333333,-61.4552777777778,2024-09-13T16:00:00,2026-08-30T21:00:00
38266,7283,Laguna Melincué - Melincué,,39,sat2,-33.6508333333333,-61.4552777777778,2024-09-14T00:00:00,2026-08-29T00:00:00
38267,7285,Las Cañas - Potrero del Clavil,,39,sat2,-27.4,-65.9747222222222,,
37013,7286,Las Conchas - La Punilla RP44,,2,sat2,-26.0119444444444,-65.8230555555556,2024-09-13T16:00:00,2026-08-30T16:00:00
38268,7286,Las Conchas - La Punilla RP44,,39,sat2,-26.0119444444444,-65.8230555555556,2024-09-14T00:00:00,2026-08-29T00:00:00
37016,7287,Manso - Inferior,,2,sat2,-41.5561111111111,-71.7138888888889,2024-09-13T20:00:00,2026-08-29T20:00:00
38269,7287,Manso - Inferior,,39,sat2,-41.5561111111111,-71.7138888888889,2024-09-14T00:00:00,2026-08-29T00:00:00
37019,7288,Manso - Los Moscos,,2,sat2,-41.3533333333333,-71.6413888888889,2024-09-13T16:00:00,2026-07-16T04:00:00
38273,7291,Marapa - RN Nº 157 Lamadrid,,39,sat2,-27.6572222222222,-65.2447222222222,2024-09-14T00:00:00,2026-08-29T00:00:00
38275,7294,Negro - Paso Cordova,,39,sat2,-39.1125,-67.6230555555556,2025-07-18T00:00:00,2026-08-29T00:00:00
38276,7295,Negro - Philipon,,39,sat2,-27.1741666666667,-59.2613888888889,2025-02-05T00:00:00,2026-08-17T00:00:00
38278,7297,Neuquén - Dique Ballester,,39,sat2,-38.7247222222222,-68.1705555555556,2024-09-14T00:00:00,2026-08-29T00:00:00
38279,7301,Nogoya - RP Nº 11,,39,sat2,-32.8419444444444,-59.8647222222222,2024-10-08T00:00:00,2026-08-29T00:00:00
38280,7302,Paraná - HID Chapetón,,39,sat2,-31.5741666666667,-60.2833333333333,2024-09-14T00:00:00,2026-08-29T00:00:00
38281,7303,Paraná - Ita Cajón,,39,sat2,-25.6047222222222,-54.5941666666667,2024-09-14T00:00:00,2026-08-29T00:00:00
38282,7304,Paranay - El Alcázar,,39,sat2,-26.7508333333333,-54.7558333333333,2024-09-14T00:00:00,2026-08-29T00:00:00
38283,7306,Pico - Frontera,,39,sat2,-44.2402777777778,-71.66,2024-09-14T00:00:00,2026-08-29T00:00:00
38284,7378,Salí - Simoca,,39,sat2,-27.3186111111111,-65.2277777777778,2024-09-14T00:00:00,2026-08-29T00:00:00
38285,7379,Salto - Salto,,39,sat2,-34.2861111111111,-60.2591666666667,2024-12-22T00:00:00,2025-02-25T00:00:00
37558,7381,Santa Catalina - Catalina 630,,2,sat2,-33.2844444444444,-64.3536111111111,2024-09-13T16:00:00,2026-08-30T21:00:00
37559,7382,Santa Catalina - Colonia Hogar,,2,sat2,-30.8491666666667,-64.2738888888889,2024-09-26T00:00:00,2026-08-30T16:00:00
38287,7382,Santa Catalina - Colonia Hogar,,39,sat2,-30.8491666666667,-64.2738888888889,2024-09-27T00:00:00,2026-08-29T00:00:00
37574,7384,Segundo - Despeñaderos RN Nº 3,,2,sat2,-31.8033333333333,-64.3088888888889,2024-09-13T16:00:00,2026-07-30T00:00:00
38289,7385,Tecka - Estancia Niedo,,39,sat2,-43.3497222222222,-70.8797222222222,2024-09-14T00:00:00,2026-08-29T00:00:00
37578,7386,Tercero - Villa María,,2,sat2,-32.4219444444444,-63.2447222222222,2024-09-13T16:00:00,2026-08-30T21:00:00
38291,7387,Ternero - Cuesta del Ternero,,39,sat2,-41.9505555555556,-71.3752777777778,2025-06-12T00:00:00,2026-08-29T00:00:00
38292,7388,Tunuyán - Las Catitas,,39,sat2,-33.3072222222222,-68.0613888888889,2024-09-14T00:00:00,2026-08-29T00:00:00
38293,7391,Utis - RP Nº 13,,39,sat2,-29.2425,-63.1269444444444,2024-09-14T00:00:00,2025-06-24T00:00:00
38294,7392,Vacas - Punta de Vacas  ,,39,sat2,-32.8469444444444,-69.7625,2024-09-14T00:00:00,2026-08-29T00:00:00
42282,8173,Miní - Ministerio,Paraná Miní,2,ina_delta,-34.123753,-58.579646,2026-03-02T12:45:10,2026-08-30T20:45:11
42283,8173,Miní - Ministerio,Paraná Miní,39,ina_delta,-34.123753,-58.579646,,
43592,8321,Uruguay - Corralito,,2,sat2,-31.4847222222222,-58.0847222222222,,
43908,8322,Mayo - Paso Río Mayo - HID,,2,sat2,-45.6836111111111,-70.2480555555556,2026-07-12T01:00:00,2026-08-30T21:00:00
43965,8340,Mayo - Paso Río Mayo - HID,,2,sat2,-45.6836111111111,-70.2480555555556,2026-04-06T11:00:00,2026-06-30T17:00:00
35955,72,Paso de los Libres,URUGUAY,40,alturas_prefe,-29.7166666666667,-57.0833333333333,,
39626,1021,Paso de los Libres,,39,estaciones_salto_grande,-29.721745,-57.082856,,
39624,1035,Garruchos,,39,estaciones_salto_grande,-28.177515,-55.642269,,
43969,2121,Aº El Monje - Autopista A01,,39,sat2,-32.3922222222222,-60.9408333333333,,
39608,2133,Paraguay - Pto. Pilcomayo,,39,sat2,-25.3719444444444,-57.6502777777778,,
38440,2741,Iruya - Tuc Tuca,,101,sat2,-22.4044444444444,-65.2675,,
38451,2806,Lago Muster - Fortín,,101,sat2,-45.4797222222222,-69.2588888888889,,
38455,2807,Salado - El Arenal,,101,sat2,-26.3741666666667,-63.7244444444444,2024-09-16T20:00:00,2026-08-30T16:00:00
38443,2811,Río Neuquén - Dique Ballester,,101,sat2,-38.7247222222222,-68.1705555555556,,
38460,2812,Lago Viedma - Lago Viedma,,101,sat2,-49.3944444444444,-72.8694444444444,2024-09-16T20:00:00,2026-08-30T12:00:00
38442,2834,Lago Epuyen - Muelle,,101,sat2,-42.2083333333333,-71.4227777777778,2024-09-16T20:00:00,2026-08-30T16:00:00
38445,2840,Río Cuarto - La Carlota,,101,sat2,-33.4155555555556,-63.3091666666667,,
38446,2841,Río Negro - Laguna Blanca,,101,sat2,-27.2633333333333,-59.1961111111111,,
38447,2842,Lago Posadas - Posadas,,101,sat2,-47.5113888888889,-71.8719444444444,2024-09-16T20:00:00,2026-08-30T08:00:00
38449,2844,Lago Pueyrredón - Pueyrredón,,101,sat2,-47.3758333333333,-71.9680555555556,2024-09-16T20:00:00,2026-08-30T16:00:00
38484,2846,Pilcomayo - Misión La Paz,,101,sat2,-22.3775,-62.5236111111111,2024-09-16T20:00:00,2026-08-30T16:00:00
38457,2853,Gualeguay - Paso Alonso,,101,sat2,-33.1005555555556,-59.2702777777778,2024-09-16T20:00:00,2026-08-30T16:00:00
39627,5893,Paraná - Rosario,Paraná,39,sat2,-32.9513888888889,-60.6255555555556,,
38465,5900,Paraná - Diamante,Paraná,101,sat2,-32.0577777777778,-60.645,2024-09-16T20:00:00,2026-08-30T16:00:00
38462,5905,Paraná - Villa Constitución,Paraná,101,sat2,-33.2272222222222,-60.32,2024-09-16T20:00:00,2026-08-30T16:00:00
38467,5912,Paraná - Timbúes,,101,sat2,-32.7197222222222,-60.7261111111111,2024-09-16T20:00:00,2026-08-30T16:00:00
37938,6268,ZPrueba_Fabrica_11126,,39,sat2,-34.5,-58.3333333333333,,
38710,6355,Carrenleufú - Frontera,,101,sat2,-43.5608333333333,-71.7288888888889,2024-09-16T20:00:00,2024-11-16T16:00:00
38711,6356,Aº Malabrigo - RN Nº11,,101,sat2,-29.2788888888889,-59.7863888888889,2024-12-20T16:00:00,2026-08-30T16:00:00
38713,6359,Salado - Puente Carretero,,101,sat2,-34.6113888888889,-60.9572222222222,2024-09-16T20:00:00,2026-08-30T16:00:00
38714,6360,Saladillo - Dique Aforador,,101,sat2,-32.9316666666667,-62.3322222222222,2024-09-16T20:00:00,2026-08-30T16:00:00
38717,6363,Cuarto - Puente de Olmos,,101,sat2,-33.4555555555556,-63.1294444444444,,
44941,6364,Carcarañá - RN 178,,2,sat2,-33.0138888888889,-61.4372222222222,2026-07-27T02:00:00,2026-08-30T21:00:00
38190,6364,Carcarañá - RN 178,,39,sat2,-33.0138888888889,-61.4372222222222,,
38718,6366,Aº Las Flores - Gral. Alvear,,101,sat2,-35.9875,-60.0194444444444,,
38476,6374,Dulce - Dique Los Quiroga,,101,sat2,-27.6511111111111,-64.3616666666667,2025-06-17T16:00:00,2026-08-07T12:00:00
38723,6377,NIV - Puntas Amarillas,,101,sat2,-34.2305555555556,-69.5144444444445,,
37963,6381,ZPrueba_Cañuelas_12193,,39,sat2,-34.5,-58.3333333333333,,
38633,6383,De Las Cañitas - La Tapa,,101,sat2,-32.855,-64.7672222222222,2024-09-16T20:00:00,2026-08-30T16:00:00
38634,6386,Chubut - Cerro Condor,,101,sat2,-43.4244444444444,-69.1605555555556,2024-09-16T20:00:00,2026-08-30T16:00:00
38522,6390,Ñorquinco - Ñorquinco,,101,sat2,-41.8419444444444,-70.8913888888889,,
38504,6391,Laguna La Margarita,,101,sat2,-34.6533333333333,-63.7230555555556,2024-09-16T20:00:00,2026-08-30T16:00:00
37832,6392,ZPrueba_INA_12947,,39,sat2,-34.5,-58.3333333333333,,
38572,6394,Colorado - Pedro Luro,,101,sat2,-39.5247222222222,-62.6755555555556,2024-09-16T20:00:00,2026-08-30T16:00:00
38595,6395,Paraná - Vuelta de Obligado,,101,sat2,-33.5941666666667,-59.8130555555556,2024-09-16T20:00:00,2026-08-30T16:00:00
38478,6397,Aº Pergamino - Pergamino,,101,sat2,-33.9041666666667,-60.5702777777778,2024-09-16T20:00:00,2026-08-30T16:00:00
38474,6401,Aº Del Medio - Motomel,,101,sat2,-33.3505555555556,-60.3230555555556,2024-09-16T20:00:00,2026-08-30T16:00:00
38485,6403,Uruguay - Corralito,,101,sat2,-31.4847222222222,-58.0847222222222,2025-01-30T16:00:00,2025-04-15T16:00:00
38636,6404,Aº Aguapey - San Carlos,null,101,sat2,-27.7475,-55.8916666666667,,
38549,6405,Uruguay - Concep. del Uruguay,,101,sat2,-32.4775,-58.2208333333333,2024-09-16T20:00:00,2026-08-30T16:00:00
37854,6407,ZPrueba_Cañuelas_11153,,39,sat2,-34.8872222222222,-58.2536111111111,,
38524,6408,NIV Jáchal - Cerro Negro,,101,sat2,-29.8905555555556,-69.5580555555556,,
38550,6409,NIV Carrenleufú - Lago Guacho,,101,sat2,-43.8288888888889,-71.4055555555556,,
38489,6412,NIV Grande - Valle Hermoso,,101,sat2,-35.1422222222222,-70.2016666666667,,
38596,6413,NIV Diamante - Laguna Diamante,,101,sat2,-34.1988888888889,-69.6980555555556,,
38505,6414,NIV Mendoza - Toscas,,101,sat2,-33.1641666666667,-69.8886111111111,,
38471,6415,NIV Aº de Las Leñas - Las Leña,,101,sat2,-35.1394444444444,-70.0916666666667,,
38472,6416,NIV - Alto Chubut,,101,sat2,-41.6730555555555,-71.1141666666667,,
37872,6417,ZPrueba_INA_10586,,39,sat2,-34.8833333333333,-58.5083333333333,,
38490,6418,Arroyo Potrol - La Pampa,,101,sat2,-37.1438888888889,-67.0725,2024-09-17T08:00:00,2026-02-26T20:00:00
38597,6422,Mocoretá - RN Nº 127,,101,sat2,-30.1083333333333,-58.0588888888889,2024-09-16T20:00:00,2026-08-30T12:00:00
38486,6423,Aº Del Doll - RN 11,,101,sat2,-32.3058333333333,-60.4261111111111,2024-09-16T20:00:00,2026-08-30T12:00:00
38657,6425,Miriñay - Paso Ledesma,,101,sat2,-29.8458333333333,-57.675,,
38477,6426,Sauce Grande - RN Nº3,,101,sat2,-38.7608333333333,-61.6969444444444,2024-09-16T20:00:00,2026-08-30T16:00:00
38513,6430,Colorado - Paso Alsina,,101,sat2,-39.3669444444444,-63.2375,2024-09-16T20:00:00,2026-08-30T16:00:00
38638,6432,Negro - Laguna Blanca,,101,sat2,-27.2633333333333,-59.1961111111111,2024-09-16T20:00:00,2026-08-30T16:00:00
37997,6434,ZPrueba_INA_10ma_11150,,39,sat2,-34.5,-58.3333333333333,,
38617,6437,Manso - Los Alerces,,101,sat2,-41.3783333333333,-71.7466666666667,,
38574,6438,Faro - punta Delgada,,101,sat2,-42.7658333333333,-63.6383333333333,,
38499,6442,Sta. Cruz-Cmte Piedrabuena MET,,101,sat2,-49.9986111111111,-68.9269444444444,2024-09-16T20:00:00,2026-08-30T16:00:00
38528,6443,Santa Rosa - Meteorológica,,101,sat2,-36.6213888888889,-64.3219444444444,,
38498,6444,Trapiche - Hosteria El Trapich,,101,sat2,-33.1058333333333,-66.0633333333333,2024-09-16T20:00:00,2026-08-30T16:00:00
38696,6448,Aº El Quebrachal - RP Nº 33,,101,sat2,-33.5838888888889,-65.3980555555556,,
38681,6449,Paraguay - Isla del Cerrito,,101,sat2,-27.2891666666667,-58.61,2024-09-16T20:00:00,2026-08-30T16:00:00
38493,6451,Laguna La Picasa - CR Nº7,,101,sat2,-34.3486111111111,-62.5419444444444,,
37879,6453,ZPrueba_Cañuelas_10459,,39,sat2,-34.5,-58.3333333333333,,
37845,6455,ZPrueba_Cañuelas_11132,,39,sat2,-34.5,-58.3333333333333,,
38575,6456,Dulce - Villa San Martín,,101,sat2,-28.3291666666667,-64.0066666666667,2024-09-16T20:00:00,2026-08-30T12:00:00
38639,6458,Paraná - Puerto Libertad,,101,sat2,-25.9166666666667,-54.6205555555556,2024-09-16T20:00:00,2026-08-30T12:00:00
38483,6459,Canal de Dios - Cruz Bajada,,101,sat2,-25.7163888888889,-63.8905555555556,2024-09-16T20:00:00,2026-08-30T12:00:00
38482,6461,Aº Las Garzas - RN Nº 11,,101,sat2,-28.7766666666667,-59.4738888888889,2024-09-16T20:00:00,2026-08-30T16:00:00
38494,6462,Colorado - Puesto Hernández,,101,sat2,-38.4136111111111,-67.0430555555556,2024-09-16T20:00:00,2026-08-30T16:00:00
38487,6469,Vipos - Toma Obras Sanitarias,,101,sat2,-26.4775,-65.3163888888889,2024-09-16T20:00:00,2026-08-30T16:00:00
38535,6472,Quinto -Av Circunvalación,,101,sat2,-33.7391666666667,-65.3769444444444,2026-06-05T20:00:00,2026-08-30T16:00:00
38510,6474,Lago Muster - Fortín,,101,sat2,-45.5802777777778,-69.2763888888889,,
38640,6477,NIV-C. Trona.-Otto Meiling MET,,101,sat2,-41.1911111111111,-71.7880555555556,,
37905,6484,ZPrueba_Fabrica_10605,,39,sat2,-34.5,-58.3333333333333,,
38108,6488,ZPrueba_Fabrica_11682,,39,sat2,-34.5,-58.3333333333333,,
37909,6493,ZPrueba_Cañuelas_5458,,39,sat2,-34.5,-58.3333333333333,,
38031,6494,ZPrueba_INA_13881,,39,sat2,-34.5,-58.3333333333333,,
37939,6496,ZPrueba_INA_13879,,39,sat2,-34.5,-58.3333333333333,,
38090,6497,ZPrueba_INA_13888,,39,sat2,-34.5,-58.3333333333333,,
38531,6498,Urueña -7 de Abril - RN34,,101,sat2,-26.2188888888889,-64.5119444444444,2024-09-16T20:00:00,2026-08-30T16:00:00
37882,6499,ZPrueba_INA_13894,,39,sat2,-34.5,-58.3333333333333,,
37940,6500,Senguerr -Pte. Cno. Buen Pasto,,39,sat2,-45.5644444444444,-69.0672222222222,,
38515,6504,Seco - RN Nº 157,,101,sat2,-27.3361111111111,-65.3175,2024-09-16T20:00:00,2026-08-30T16:00:00
38658,6505,Chico - RN Nº157 Monteagudo,,101,sat2,-27.5211111111111,-65.2663888888889,2024-09-16T20:00:00,2026-08-30T16:00:00
38668,6506,Salí - Alta Gracia,,101,sat2,-26.7191666666667,-65.1619444444444,2024-09-16T20:00:00,2026-08-30T16:00:00
38553,6507,Neuquén - Chos Malal -RN40,,101,sat2,-37.4063888888889,-70.2291666666667,2024-09-16T20:00:00,2026-08-30T16:00:00
37970,6510,ZPrueba_Humedad de Suelo_13877,,39,sat2,-34.5,-58.3333333333333,,
38619,6512,INA - Ezeiza,null,101,sat2,-34.7972222222222,-58.5202777777778,,
38682,6514,Limay - Balsa Las Perlas,,101,sat2,-38.9825,-68.14,,
38571,6515,Uruguay - Paso de los Libres,,101,sat2,-29.7238888888889,-57.0847222222222,,
38600,6517,Laguna Salitral - Salitral,,101,sat2,-37.4669444444444,-66.8258333333333,2025-08-27T20:00:00,2025-08-28T16:00:00
38516,6523,Laguna El Uncal - AM20,,101,sat2,-36.6852777777778,-67.1,2025-04-27T00:00:00,2026-08-30T16:00:00
37886,6524,ZPrueba_Evarsa_10485,,39,sat2,-34.3333333333333,-58.3333333333333,,
37887,6525,ZPrueba_Evarsa_11139,,39,sat2,-34.5,-58.3333333333333,,
38620,6528,Desaguadero - El Encón,,101,sat2,-32.2247222222222,-67.8069444444444,2024-09-16T20:00:00,2024-11-27T00:00:00
38660,6529,L. Lacar - S.M. de Los Andes,,101,sat2,-40.1616666666667,-71.3586111111111,2024-09-16T20:00:00,2026-07-30T20:00:00
38683,6530,Agrio - Bajada del Agrio,,101,sat2,-38.3658333333333,-70.0325,,
38534,6532,Manso - Los Alerces HID,,101,sat2,-41.3736111111111,-71.7458333333333,,
38519,6539,Ventisquero Negro - Lago Manso,,101,sat2,-41.2016666666667,-71.8333333333333,2024-09-16T20:00:00,2026-08-28T20:00:00
38536,6548,Bermejo - Aguas Blancas LIM,,101,sat2,-22.7263888888889,-64.3691666666667,2024-09-16T20:00:00,2026-08-30T12:00:00
38543,6549,Juramento - El Tunal,,101,sat2,-25.2497222222222,-64.3902777777778,2024-09-16T20:00:00,2026-08-30T16:00:00
38587,6551,Uruguay - Monte Caseros,,101,sat2,-30.2516666666667,-57.6216666666667,2024-09-26T00:00:00,2026-08-30T16:00:00
38643,6552,Acaragua - Campo Grande,null,101,sat2,-27.2158333333333,-54.9725,,
38684,6553,Bañado La Estrella - RP Nº28,,101,sat2,-24.4086111111111,-60.3341666666667,2024-09-17T12:00:00,2026-08-30T12:00:00
37918,6554,ZPrueba_INA_20ma_14426,,39,sat2,-34.3333333333333,-58.3333333333333,,
38113,6557,ZPrueba_INA_21ra_GSM_13873,,39,sat2,-34.3333333333333,-58.3333333333333,,
37973,6558,ZPrueba_Humedad de Suelo_13869,,39,sat2,-34.3333333333333,-58.3333333333333,,
38004,6561,ZPrueba_INA_21ra_GSM_13870,,39,sat2,-34.3333333333333,-58.3333333333333,,
37919,6562,ZPrueba_Humedad de Suelo_13874,,39,sat2,-34.3333333333333,-58.3333333333333,,
38066,6565,ZPrueba_Humedad de Suelo_13882,,39,sat2,-34.3333333333333,-58.3333333333333,,
38603,6567,CIRHBAS - MET EL GUANAGAN RP13,,101,sat2,-28.7297222222222,-60.9019444444444,,
37974,6568,ZPrueba_Humedad de Suelo_13881,,39,sat2,-34.3333333333333,-58.3333333333333,,
38520,6569,Paraná - Goya,,101,sat2,-29.165,-59.3283333333333,2025-03-17T00:00:00,2026-08-30T12:00:00
38622,6570,Chubut - Trelew,,101,sat2,-43.2761111111111,-65.2733333333333,2024-09-16T20:00:00,2026-08-30T16:00:00
38644,6574,Sierra Grande - Aeródromo,,101,sat2,-41.5916666666667,-65.3433333333333,,
38671,6576,Laguna Yema,,101,sat2,-24.2563888888889,-61.2419444444444,,
37988,6578,Uruguay - El Soberbio,,39,sat2,-27.2922222222222,-54.1955555555556,2024-09-19T00:00:00,2026-08-29T00:00:00
38590,6578,Uruguay - El Soberbio,,101,sat2,-27.2922222222222,-54.1955555555556,2024-09-18T16:00:00,2026-08-30T16:00:00
38559,6579,Yabebiry - Colonia Martires,,101,sat2,-27.4011111111111,-55.335,,
38698,6581,Azul - Puesto 2,,101,sat2,-42.0405555555556,-71.6063888888889,2024-09-16T20:00:00,2026-08-30T16:00:00
38009,6585,ZPrueba_INA_22da_14498,,39,sat2,-34.3333333333333,-58.3333333333333,,
37923,6588,Uruguay-S.Javier-P.de la Barca,,39,sat2,-27.8938888888889,-55.1358333333333,2024-09-19T00:00:00,2026-08-29T00:00:00
38538,6588,Uruguay-S.Javier-P.de la Barca,,101,sat2,-27.8938888888889,-55.1358333333333,2024-09-18T16:00:00,2026-08-30T16:00:00
37977,6590,ZPrueba_Evarsa,,39,sat2,-35.0,-58.0,,
38541,6591,Lago Vinter - Vinter,,101,sat2,-43.9194444444444,-71.4283333333333,2025-01-22T00:00:00,2026-08-30T12:00:00
38582,6592,A° Saltito - El Saltito,,101,sat2,-27.4405555555556,-54.5766666666667,2024-09-16T20:00:00,2026-08-30T16:00:00
38010,6596,ZPrueba_INA_23ra_14512,,39,sat2,-34.3333333333333,-58.3333333333333,,
38662,6597,Arenales - El Encon,,101,sat2,-24.8422222222222,-65.5933333333333,2024-09-16T20:00:00,2026-08-30T16:00:00
43977,6598,Carrenleufú - Frontera,,2,sat2,-43.5608333333333,-71.7288888888889,2026-07-14T12:00:00,2026-07-28T12:00:00
37979,6605,ZPrueba_INA_23ra_14521,,39,sat2,-34.3333333333333,-58.3333333333333,,
37989,6606,*ZPrueba_INA_23ra_14522,,39,sat2,-34.3333333333333,-58.3333333333333,,
38038,6607,ZPrueba_INA_23ra_15222,,39,sat2,-34.3333333333333,-58.3333333333333,,
38583,6610,Escondido - El Foyel,,101,sat2,-41.6797222222222,-71.5652777777778,2024-09-16T20:00:00,2026-08-29T20:00:00
38646,6611,Chico - Las Violetas,,101,sat2,-53.6738888888889,-67.935,2025-02-12T16:00:00,2026-08-30T12:00:00
38685,6613,NIV - Picos de Barroso,,101,sat2,-34.3075,-69.9483333333333,,
38605,6614,Cullén - Cullén 2,,101,sat2,-52.8902777777778,-68.4511111111111,,
38588,6615,Uruguay - Garruchos,,101,sat2,-28.1772222222222,-55.6422222222222,2024-09-16T20:00:00,2026-08-30T16:00:00
38561,6616,Dique Belén - Aguas Abajo,,101,sat2,-27.6155555555556,-67.0163888888889,2024-09-16T20:00:00,2026-08-30T16:00:00
38544,6617,Aº Yabotí  Guazú,,101,sat2,-27.0694444444444,-53.8938888888889,,
37597,6622,Quinto - R.N. 35,,2,sat2,-34.2163888888889,-64.3861111111111,2024-09-18T13:00:00,2026-08-30T21:00:00
38823,6623,Quinto - Canal Devoto RP 4,,101,sat2,-33.9330555555556,-63.4491666666667,2024-09-23T08:00:00,2026-08-30T16:00:00
37595,6624,Aº El Aji - RN Nº35 y RN Nº7,,2,sat2,-33.9311111111111,-64.3963888888889,2024-09-18T13:00:00,2026-08-30T21:00:00
38822,6624,Aº El Aji - RN Nº35 y RN Nº7,,101,sat2,-33.9311111111111,-64.3963888888889,2024-09-16T20:00:00,2026-08-30T16:00:00
38606,6628,Colorado - Villa de Mazán,,101,sat2,-28.6491666666667,-66.5491666666667,2024-09-16T20:00:00,2026-08-30T08:00:00
38700,6631,Dique Sotomayor - Aguas abajo,,101,sat2,-28.5911111111111,-65.2877777777778,2024-09-16T20:00:00,2026-08-30T12:00:00
38098,6634,ZPrueba_INA_25ta_15190,,39,sat2,-34.3333333333333,-58.3333333333333,,
43080,6636,Chico - Gregores,,2,sat2,-48.7522222222222,-70.3216666666667,2025-11-26T16:00:00,2026-08-29T16:00:00
37954,6636,Chico - Gregores,,39,sat2,-48.7522222222222,-70.3216666666667,,
38664,6638,Dique Belén - Embalse,,101,sat2,-27.615,-67.0163888888889,2024-09-16T20:00:00,2026-08-30T12:00:00
37951,6641,ZPrueba_INA_25ta_15176,,39,sat2,-34.3333333333333,-58.3333333333333,,
38545,6642,Niv-LagoDelDesierto-El Crestón,,101,sat2,-49.08,-72.915,,
43101,6647,Gualeguay - Paso Duarte RP22,,2,sat2,-31.105,-58.7713888888889,2025-11-26T16:00:00,2026-08-30T16:00:00
38100,6647,Gualeguay - Paso Duarte RP22,,39,sat2,-31.105,-58.7713888888889,,
38626,6648,Cullén - Cullén 1,,101,sat2,-52.8527777777778,-68.5669444444444,2024-09-16T20:00:00,2026-08-30T12:00:00
38608,6649,Lago Puelo - Lago Puelo,,101,sat2,-42.0972222222222,-71.6194444444444,2024-09-16T20:00:00,2026-08-30T16:00:00
38627,6650,Salí - RP Nº323,,101,sat2,-27.1333333333333,-65.3155555555555,2024-09-16T20:00:00,2026-08-30T16:00:00
38584,6653,Grande - Gde. -Ecia. San Julio,,101,sat2,-53.9019444444444,-68.5294444444444,2025-12-04T16:00:00,2026-08-30T12:00:00
38628,6656,Chico - Cerro Mesa,,101,sat2,-41.7063888888889,-70.4825,2024-09-16T20:00:00,2026-02-08T16:00:00
38675,6658,Paraguay - Puerto Dalmacia,,101,sat2,-25.875,-57.8730555555556,2024-09-20T08:00:00,2026-08-30T16:00:00
38610,6660,Pilcomayo - Villa Gral. Güemes,,101,sat2,-24.7469444444444,-59.4997222222222,2024-09-16T20:00:00,2026-08-30T16:00:00
38629,6661,Abaucán - Limite con La Rioja,,101,sat2,-28.2613888888889,-67.0208333333333,2024-09-16T20:00:00,2026-08-30T12:00:00
38630,6665,San Antonio - San Antonio,,101,sat2,-26.0566666666667,-53.7311111111111,2024-09-16T20:00:00,2026-06-06T20:00:00
38142,6674,ZPrueba_INA_27ma_15233,,39,sat2,-34.3333333333333,-58.3333333333333,,
44005,6675,NIV- Domuyo-Pampa Ferreira,,2,sat2,-36.7619444444444,-70.4769444444444,2026-05-04T04:00:00,2026-05-08T08:00:00
38074,6677,ZPrueba_INA_27ma_15236,,39,sat2,-34.3333333333333,-58.3333333333333,,
38121,6683,ZPrueba_INA_27ma_15242,,39,sat2,-34.3333333333333,-58.3333333333333,,
38170,6689,ZPrueba_INA_28va_16049,,39,sat2,-34.3333333333333,-58.3333333333333,,
38022,6695,ZPrueba_INA_29na_Orbcomm_15246,,39,sat2,-34.3333333333333,-58.3333333333333,,
38076,6696,Río Villegas- Ruta Nac. 258,,39,sat2,-41.58,-71.5,,
38122,6699,ZPrueba_INA_29na_Orbcomm_16041,,39,sat2,-34.3333333333333,-58.3333333333333,,
38649,6702,Cuarto - La Carlota,,101,sat2,-33.4155555555556,-63.3086111111111,,
38051,6703,ZPrueba_INA_28va_GSM_16045,,39,sat2,-34.3333333333333,-58.3333333333333,,
38171,6704,ZPrueba_INA_28va_GSM_16046,,39,sat2,-34.3333333333333,-58.3333333333333,,
38612,6706,Los Antiguos - Los Antiguos,,101,sat2,-46.5541666666667,-71.6397222222222,2024-09-17T00:00:00,2026-08-30T16:00:00
38591,6718,Lago Fagnano – Puerto Tolhuin ,,101,sat2,-54.5269444444444,-67.2327777777778,2024-09-22T00:00:00,2026-08-30T16:00:00
38677,6721,Colorado - Pata Mora,,101,sat2,-37.2083333333333,-69.1138888888889,2024-09-16T20:00:00,2026-08-30T16:00:00
38692,6725,La Picasa - Obra Reg Nº5,,101,sat2,-34.3044444444444,-62.8591666666667,,
38080,6729,Zprueba_INA_31ra_16400,,39,sat2,-34.3333333333333,-58.3333333333333,,
38081,6731,Zprueba_INA_31ra_16402,,39,sat2,-34.3333333333333,-58.3333333333333,,
38173,6736,RMET - La Siberia - Santa Cruz,,39,sat2,-49.0144444444444,-71.0613888888889,,
38151,6737,Zprueba_INA_31ra_16408,,39,sat2,-34.3333333333333,-58.3333333333333,,
38652,6741,Chico - Gregores,,101,sat2,-48.7522222222222,-70.3216666666667,,
38653,6742,Dique Sotomayor - Embalse,,101,sat2,-28.59,-65.2883333333333,2024-09-16T20:00:00,2026-08-30T16:00:00
38704,6743,Durazno - Chilecito,,101,sat2,-29.1511111111111,-67.49,2024-09-16T20:00:00,2026-08-30T16:00:00
38666,6745,Guanasacate - Jesús Maria,,101,sat2,-30.9702777777778,-64.0911111111111,2024-09-16T20:00:00,2026-08-30T16:00:00
38708,6747,Areco - San Antonio de Areco,,101,sat2,-34.2405555555556,-59.4994444444444,2024-09-16T20:00:00,2026-08-30T16:00:00
38705,6750,Quinto - Malvin Reich,,101,sat2,-33.4383333333333,-65.8830555555555,,
38167,6754,ZPrueba_INA_33ra_16815,,39,sat2,-34.3333333333333,-58.3333333333333,,
38126,6755,Iberá- Establecimiento El Tayí,,39,sat2,-28.1461111111111,-57.9408333333333,,
38178,6756,RMET- NIV- Cerro Azufre,,39,sat2,-24.4233333333333,-66.7808333333333,,
43069,6757,Canal San Antonio- RP Nº2,,2,sat2,-32.4230555555555,-61.9572222222222,2025-11-26T15:00:00,2026-08-30T21:00:00
38179,6757,Canal San Antonio- RP Nº2,,39,sat2,-32.4230555555555,-61.9572222222222,,
38168,6759,ZPrueba_INA_33ra_16820,,39,sat2,-34.3333333333333,-58.3333333333333,,
38174,6760,ZPrueba_INA_33ra_16821,,39,sat2,-34.3333333333333,-58.3333333333333,,
38181,6761,ZPrueba_INA_33ra_17119,,39,sat2,-34.3333333333333,-58.3333333333333,,
38725,7162,Aº El Rey - RN Nº11,,101,sat2,-29.1333333333333,-59.6547222222222,2024-09-16T20:00:00,2026-08-30T16:00:00
38201,7165,Batel -RN Nº123,,39,sat2,-28.8994444444444,-58.6747222222222,2024-09-19T00:00:00,2026-08-29T00:00:00
38729,7166,Santa Lucia - San Roque,,101,sat2,-28.57,-58.7177777777778,2024-09-16T20:00:00,2026-08-30T16:00:00
38730,7167,San Javier - Romang,,101,sat2,-29.505,-59.74,2024-09-16T20:00:00,2026-08-30T16:00:00
38732,7184,CIRHBAS - LIM  Aº TAPENAGA - ESTANCIA TAPENAGA,,101,sat2,-27.5672222222222,-59.6588888888889,2024-09-17T04:00:00,2026-08-30T16:00:00
38736,7188,CIRHBAS - LIM BAJO CHOROTIS-RN 95,,101,sat2,-28.0886111111111,-61.3519444444444,2024-09-17T04:00:00,2026-08-30T16:00:00
38743,7195,CIRHBAS - LIM RUTA PCIAL 13 - CANAL EL BARRIDO,,101,sat2,-28.8813888888889,-60.9477777777778,,
38747,7231,Anizacate - Santa Ana,,101,sat2,-31.6908333333333,-64.5375,2024-09-16T20:00:00,2026-08-30T16:00:00
38748,7232,Aº Cululú - Grutly,,101,sat2,-31.2933333333333,-60.9788888888889,2024-09-16T20:00:00,2026-08-30T16:00:00
38752,7236,Aº Los Amores - RN Nº11,,101,sat2,-28.5558333333333,-59.3558333333333,2024-09-16T20:00:00,2026-08-30T16:00:00
38753,7237,Aº Medrano Reser. - Tecnópolis,,101,sat2,-34.5611111111111,-58.5077777777778,2024-09-16T20:00:00,2026-08-30T16:00:00
38754,7238,Aº Pavón - Cnel. Bogado,,101,sat2,-33.36,-60.5766666666667,2024-09-16T20:00:00,2026-08-30T16:00:00
38755,7239,Aº Pilagá - RN Nº11,,101,sat2,-25.9844444444444,-58.1625,2024-09-16T20:00:00,2026-08-29T12:00:00
38757,7241,Aº Saladillo Dulce - RP Nº 81,,101,sat2,-30.8547222222222,-60.2822222222222,2024-09-16T20:00:00,2026-08-30T16:00:00
38758,7242,Aº Tapalqué - Av de los Trabaj,,101,sat2,-36.8791666666667,-60.3108333333333,2024-09-16T20:00:00,2026-08-30T16:00:00
38763,7248,Bermejo - P. Sarmiento,,101,sat2,-23.1438888888889,-64.1947222222222,2024-09-16T20:00:00,2026-08-30T12:00:00
38766,7251,Calchaquí - Cachi,,101,sat2,-25.1205555555556,-66.1588888888889,2024-10-17T12:00:00,2026-08-30T16:00:00
38769,7254,Carrenleufú - Jaramillo,,101,sat2,-43.8416666666667,-71.2494444444444,2024-09-16T20:00:00,2026-08-30T12:00:00
38770,7255,Carrenleufú - Puente de Hierro,,101,sat2,-43.5436111111111,-71.4872222222222,2024-09-16T20:00:00,2026-08-30T16:00:00
38771,7257,Chico - Ameghino,,101,sat2,-44.4769444444444,-66.9116666666667,2025-06-05T16:00:00,2025-06-10T08:00:00
38773,7259,Chubut - Paso del Sapo,,101,sat2,-42.7408333333333,-69.5947222222222,2024-09-16T20:00:00,2026-08-30T16:00:00
38776,7262,Dulce – Los Quiroga Aa,,101,sat2,-27.6580555555556,-64.3586111111111,,
38778,7264,Dulce III – Los Quiroga,,101,sat2,-27.6058333333333,-64.4075,2024-09-16T20:00:00,2026-08-30T16:00:00
38781,7267,Epuyén - La Angostura,,101,sat2,-42.1888888888889,-71.4,2025-07-31T00:00:00,2026-08-20T20:00:00
38782,7269,Foyel - RN 258,,101,sat2,-41.7133333333333,-71.4413888888889,,
38784,7272,Gualeguay - Paso Duarte RP22,,101,sat2,-31.105,-58.7713888888889,,
38789,7277,Iguazú - Pto. Iguazú,,101,sat2,-25.5933333333333,-54.58,2024-09-16T20:00:00,2026-08-30T16:00:00
38790,7279,Iruya - San José,,101,sat2,-22.8641666666667,-64.7052777777778,2024-09-16T20:00:00,2026-08-30T16:00:00
38793,7283,Laguna Melincué - Melincué,,101,sat2,-33.6508333333333,-61.4552777777778,2024-09-16T20:00:00,2026-08-30T16:00:00
38796,7287,Manso - Inferior,,101,sat2,-41.5561111111111,-71.7138888888889,2024-09-16T20:00:00,2026-08-29T20:00:00
38798,7289,Manso - Steffen,,101,sat2,-41.5158333333333,-71.5361111111111,2024-09-16T20:00:00,2026-08-30T12:00:00
38799,7290,Manso Superior - Pampa Linda,,101,sat2,-41.2316666666667,-71.7713888888889,,
38800,7291,Marapa - RN Nº 157 Lamadrid,,101,sat2,-27.6572222222222,-65.2447222222222,2024-09-16T20:00:00,2026-08-30T16:00:00
38801,7293,Negro - Isla Jordán,,101,sat2,-38.9961111111111,-67.9733333333333,2024-09-16T20:00:00,2026-08-30T16:00:00
38802,7294,Negro - Paso Cordova,,101,sat2,-39.1125,-67.6230555555556,2025-07-17T20:00:00,2026-08-30T16:00:00
38809,7304,Paranay - El Alcázar,,101,sat2,-26.7508333333333,-54.7558333333333,2024-09-16T20:00:00,2026-08-30T16:00:00
38811,7378,Salí - Simoca,,101,sat2,-27.3186111111111,-65.2277777777778,2024-09-16T20:00:00,2026-08-30T16:00:00
38812,7379,Salto - Salto,,101,sat2,-34.2861111111111,-60.2591666666667,2024-12-22T20:00:00,2025-02-25T04:00:00
38813,7381,Santa Catalina - Catalina 630,,101,sat2,-33.2844444444444,-64.3536111111111,2024-09-20T00:00:00,2026-08-30T16:00:00
38815,7384,Segundo - Despeñaderos RN Nº 3,,101,sat2,-31.8033333333333,-64.3088888888889,2024-09-16T20:00:00,2026-07-30T00:00:00
38816,7385,Tecka - Estancia Niedo,,101,sat2,-43.3497222222222,-70.8797222222222,2024-09-16T20:00:00,2026-08-30T16:00:00
38818,7387,Ternero - Cuesta del Ternero,,101,sat2,-41.9505555555556,-71.3752777777778,2025-06-12T16:00:00,2026-08-30T16:00:00
38820,7391,Utis - RP Nº 13,,101,sat2,-29.2425,-63.1269444444444,2024-09-16T20:00:00,2025-06-24T20:00:00
37594,7392,Vacas - Punta de Vacas  ,,2,sat2,-32.8469444444444,-69.7625,2024-09-18T16:00:00,2026-08-30T20:00:00
38821,7392,Vacas - Punta de Vacas  ,,101,sat2,-32.8469444444444,-69.7625,2024-09-16T20:00:00,2026-08-30T16:00:00
42222,8090,Descarga al Río de la Plata,,40,estaciones_virtuales_public,-34.303933,-58.258174,,
42221,8090,Descarga al Río de la Plata,,40,estaciones_virtuales_public,-34.303933,-58.258174,,
42277,8090,Descarga al Río de la Plata,,40,estaciones_virtuales_public,-34.303933,-58.258174,1990-01-02T00:00:00,2026-08-31T00:00:00
43102,8218,Gualeguaychú - RN Nº 14,,2,sat2,-32.7683333333333,-58.4986111111111,2025-11-26T15:00:00,2026-08-30T21:00:00
43143,8227,NIV -Nac.del Arroyo El Durazno,,2,sat2,-34.0177777777778,-69.7375,2025-11-26T16:00:00,2026-04-01T16:00:00
43160,8231,NIV-Pque. Pcial. Potrero de YALA 0043,,2,sat2,-24.1063888888889,-65.4911111111111,2025-11-26T16:00:00,2026-05-08T08:00:00
43191,8238,Riachuelo - P.P. San Cayetano,,2,sat2,-27.5463888888889,-58.6816666666667,2025-11-27T12:00:00,2026-08-30T12:00:00
43203,8241,NIV -  Río Volcán - Calingasta,,2,sat2,-32.4886111111111,-70.1025,2025-11-26T16:00:00,2026-04-01T16:00:00
43997,8345,Niv - Glaciar Martial,,2,sat2,-54.7805555555556,-68.3969444444445,,
44131,8408,Canal Jauretche - RN N°5,,2,sat2,-35.885,-62.4638888888889,2026-06-01T02:00:00,2026-08-30T21:00:00
44939,8710,Salado - Suncho Corral,,2,sat2,-27.9402777777778,-63.4397222222222,2026-07-20T02:00:00,2026-08-30T17:00:00
