series_id,station_id,station,river,variable,var_id,unit,network,procedure,lat,lon,live,n_obs,last_seen,percentiles
1,1,Ruta Provincial nº 39,GUALEGUAYCHU,Altura hidrométrica,2,,alturas_bdhi,,-32.4451666666667,-58.5548888888889,,,,
6654,1,Ruta Provincial nº 39,GUALEGUAYCHU,Caudal,4,,alturas_bdhi,,-32.4451666666667,-58.5548888888889,,,,
851,2,Rosario del Tala,GUALEGUAY,Caudal,4,,alturas_bdhi,,-32.3085,-59.0768055555556,False,0,,
31534,2,Rosario del Tala,GUALEGUAY,Caudal,4,,alturas_bdhi,,-32.3085,-59.0768055555556,,,,
29860,3,Paso Alonso,GUALEGUAY,Altura hidrométrica media diaria,39,,alturas_bdhi,,-33.1006111111111,-59.2703333333333,,,,
42624,3,Paso Alonso,GUALEGUAY,Caudal medio diario,40,,alturas_bdhi,,-33.1006111111111,-59.2703333333333,,,,
4,4,Villaguay,GUALEGUAY,Altura hidrométrica,2,,alturas_bdhi,,-31.8016111111111,-59.126,,,,
29861,4,Villaguay,GUALEGUAY,Altura hidrométrica media diaria,39,,alturas_bdhi,,-31.8016111111111,-59.126,,,,
854,5,Paso Medina,FELICIANO,Caudal,4,,alturas_bdhi,,-30.9236944444444,-59.5512222222222,,,,
29862,5,Paso Medina,FELICIANO,Altura hidrométrica media diaria,39,,alturas_bdhi,,-30.9236944444444,-59.5512222222222,,,,
855,6,Puerto Ruiz,GUALEGUAY,Caudal,4,,alturas_bdhi,,-33.222327,-59.365098,False,0,,
29863,6,Puerto Ruiz,GUALEGUAY,Altura hidrométrica media diaria,39,,alturas_bdhi,,-33.222327,-59.365098,,,,
1514,7,Puente Jáuregui,LUJAN,Caudal,4,,alturas_bdhi,,-34.589146,-59.178504,,,,
29864,7,Puente Jáuregui,LUJAN,Altura hidrométrica media diaria,39,,alturas_bdhi,,-34.589146,-59.178504,,,,
8,8,Andresito,IGUAZU,Altura hidrométrica,2,,alturas_prefe,,-25.5833333333333,-53.9833333333333,,,,
26605,8,Andresito,IGUAZU,Caudal medio diario,40,,alturas_prefe,,-25.5833333333333,-53.9833333333333,,,,
3051,9,Puerto Iguazú,PARANAMED,Altura hidrométrica,2,,alturas_prefe,,-25.5833333333333,-54.5666666666667,,,,
3154,9,Puerto Iguazú,PARANAMED,Caudal,4,,alturas_prefe,,-25.5833333333333,-54.5666666666667,,,,
26251,9,Puerto Iguazú,PARANAMED,Altura hidrométrica media diaria,39,,alturas_prefe,,-25.5833333333333,-54.5666666666667,True,2,2026-08-29T03:00:00.000Z,
26606,9,Puerto Iguazú,PARANAMED,Caudal medio diario,40,,alturas_prefe,,-25.5833333333333,-54.5666666666667,,,,
10,10,Libertad,PARANAMED,Altura hidrométrica,2,,alturas_prefe,,-25.916679,-54.621134,,,,
859,10,Libertad,PARANAMED,Caudal,4,,alturas_prefe,,-25.916679,-54.621134,,,,
26607,10,Libertad,PARANAMED,Caudal medio diario,40,,alturas_prefe,,-25.916679,-54.621134,False,0,,
11,11,El Dorado,PARANAMED,Altura hidrométrica,2,,alturas_prefe,,-26.3833333333333,-54.7,,,,
26608,11,El Dorado,PARANAMED,Caudal medio diario,40,,alturas_prefe,,-26.3833333333333,-54.7,,,,
12,12,Libertador,PARANAMED,Altura hidrométrica,2,,alturas_prefe,,-26.8,-55.0333333333333,,,,
26609,12,Libertador,PARANAMED,Caudal medio diario,40,,alturas_prefe,,-26.8,-55.0333333333333,,,,
26610,13,Santa Ana,PARANAMED,Caudal medio diario,40,,alturas_prefe,,-27.33509,-55.588412,False,0,,
14,14,Posadas,PARANAMED,Altura hidrométrica,2,,alturas_prefe,,-27.3666666666667,-55.8833333333333,,,,
863,14,Posadas,PARANAMED,Caudal,4,,alturas_prefe,,-27.3666666666667,-55.8833333333333,False,0,,
15,15,Ituzaingó,PARANAMED,Altura hidrométrica,2,,alturas_prefe,,-27.5833333333333,-56.7,,,,
26258,16,Itá Ibaté,PARANAMED,Altura hidrométrica media diaria,39,,alturas_prefe,,-27.42336098,-57.33326783,,,,
26259,17,Itatí,PARANAMED,Altura hidrométrica media diaria,39,,alturas_prefe,,-27.26677773,-58.24407387,,,,
867,18,Paso de la Patria,PARANAMED,Caudal,4,,alturas_prefe,,-27.3333333333333,-58.5833333333333,False,0,,
26260,18,Paso de la Patria,PARANAMED,Altura hidrométrica media diaria,39,,alturas_prefe,,-27.3333333333333,-58.5833333333333,,,,
26615,18,Paso de la Patria,PARANAMED,Caudal medio diario,40,,alturas_prefe,,-27.3333333333333,-58.5833333333333,,,,
19,19,Corrientes,PARANAMED,Altura hidrométrica,2,,alturas_prefe,,-27.46364349,-58.8388696,,,,
1540,19,Corrientes,PARANAMED,Altura hidrométrica,2,,alturas_prefe,,-27.46364349,-58.8388696,False,0,,
1538,19,Corrientes,PARANAMED,Caudal,4,,alturas_prefe,,-27.46364349,-58.8388696,False,0,,
26261,19,Corrientes,PARANAMED,Altura hidrométrica media diaria,39,,alturas_prefe,,-27.46364349,-58.8388696,True,2,2026-08-29T03:00:00.000Z,
30113,19,Corrientes,PARANAMED,Caudal medio diario,40,,alturas_prefe,,-27.46364349,-58.8388696,False,0,,
30114,19,Corrientes,PARANAMED,Caudal medio diario,40,,alturas_prefe,,-27.46364349,-58.8388696,,,,
20,20,Barranqueras,BARRANQUERAS,Altura hidrométrica,2,,alturas_prefe,,-27.4833333333333,-58.9333333333333,,,,
869,20,Barranqueras,BARRANQUERAS,Caudal,4,,alturas_prefe,,-27.4833333333333,-58.9333333333333,,,,
26262,20,Barranqueras,BARRANQUERAS,Altura hidrométrica media diaria,39,,alturas_prefe,,-27.4833333333333,-58.9333333333333,,,,
26617,20,Barranqueras,BARRANQUERAS,Caudal medio diario,40,,alturas_prefe,,-27.4833333333333,-58.9333333333333,False,0,,
21,21,Empedrado,PARANAINF,Altura hidrométrica,2,,alturas_prefe,,-27.95412346,-58.81852419,,,,
26263,21,Empedrado,PARANAINF,Altura hidrométrica media diaria,39,,alturas_prefe,,-27.95412346,-58.81852419,True,2,2026-08-29T03:00:00.000Z,
26618,21,Empedrado,PARANAINF,Caudal medio diario,40,,alturas_prefe,,-27.95412346,-58.81852419,,,,
871,22,Bella Vista,PARANAINF,Caudal,4,,alturas_prefe,,-28.51840072,-59.05931723,,,,
9617,22,Bella Vista,PARANAINF,Caudal,4,,alturas_prefe,,-28.51840072,-59.05931723,,,,
26264,22,Bella Vista,PARANAINF,Altura hidrométrica media diaria,39,,alturas_prefe,,-28.51840072,-59.05931723,,,,
26619,22,Bella Vista,PARANAINF,Caudal medio diario,40,,alturas_prefe,,-28.51840072,-59.05931723,,,,
872,23,Goya,PARANAINF,Caudal,4,,alturas_prefe,,-29.14376844,-59.27303952,False,0,,
26620,23,Goya,PARANAINF,Caudal medio diario,40,,alturas_prefe,,-29.14376844,-59.27303952,,,,
873,24,Reconquista,SANJAVIER,Caudal,4,,alturas_prefe,,-29.23756092,-59.58115833,,,,
26266,24,Reconquista,SANJAVIER,Altura hidrométrica media diaria,39,,alturas_prefe,,-29.23756092,-59.58115833,True,2,2026-08-29T03:00:00.000Z,
26621,24,Reconquista,SANJAVIER,Caudal medio diario,40,,alturas_prefe,,-29.23756092,-59.58115833,False,0,,
25,25,Esquina,PARANAINF,Altura hidrométrica,2,,alturas_prefe,,-30.01924089,-59.53663483,,,,
26267,25,Esquina,PARANAINF,Altura hidrométrica media diaria,39,,alturas_prefe,,-30.01924089,-59.53663483,True,2,2026-08-29T03:00:00.000Z,
26622,25,Esquina,PARANAINF,Caudal medio diario,40,,alturas_prefe,,-30.01924089,-59.53663483,False,0,,
3527,26,La Paz,PARANAINF,Altura hidrométrica,2,,alturas_prefe,,-30.73419972,-59.6381167,,,,
26268,26,La Paz,PARANAINF,Altura hidrométrica media diaria,39,,alturas_prefe,,-30.73419972,-59.6381167,True,2,2026-08-29T03:00:00.000Z,
26623,26,La Paz,PARANAINF,Caudal medio diario,40,,alturas_prefe,,-30.73419972,-59.6381167,,,,
876,27,Santa Elena,PARANAINF,Caudal,4,,alturas_prefe,,-30.95,-59.7833333333333,False,0,,
26624,27,Santa Elena,PARANAINF,Caudal medio diario,40,,alturas_prefe,,-30.95,-59.7833333333333,,,,
28,28,Hernandarias,PARANAINF,Altura hidrométrica,2,,alturas_prefe,,-31.22650904,-59.99193936,,,,
26270,28,Hernandarias,PARANAINF,Altura hidrométrica media diaria,39,,alturas_prefe,,-31.22650904,-59.99193936,,,,
26625,28,Hernandarias,PARANAINF,Caudal medio diario,40,,alturas_prefe,,-31.22650904,-59.99193936,False,0,,
3385,29,Paraná,PARANAINF,Altura hidrométrica,2,,alturas_prefe,,-31.7182378629681,-60.5225697750899,,,,
3462,29,Paraná,PARANAINF,Caudal,4,,alturas_prefe,,-31.7182378629681,-60.5225697750899,False,0,,
30111,29,Paraná,PARANAINF,Caudal medio diario,40,,alturas_prefe,,-31.7182378629681,-60.5225697750899,,,,
1545,30,Santa Fe,PARANAINF,Caudal,4,,alturas_prefe,,-31.6514772196376,-60.7002319185745,,,,
31,31,Diamante,PARANAINF,Altura hidrométrica,2,,alturas_prefe,,-32.0715615377843,-60.6432219715378,True,3,2026-08-30T03:00:00.000Z,
880,31,Diamante,PARANAINF,Caudal,4,,alturas_prefe,,-32.0715615377843,-60.6432219715378,False,0,,
3490,31,Diamante,PARANAINF,Caudal,4,,alturas_prefe,,-32.0715615377843,-60.6432219715378,,,,
26273,31,Diamante,PARANAINF,Altura hidrométrica media diaria,39,,alturas_prefe,,-32.0715615377843,-60.6432219715378,True,2,2026-08-29T03:00:00.000Z,
32,32,Victoria,VICTORIA,Altura hidrométrica,2,,alturas_prefe,,-32.6558456373673,-60.2195849446607,True,3,2026-08-30T03:00:00.000Z,
3419,32,Victoria,VICTORIA,Altura hidrométrica,2,,alturas_prefe,,-32.6558456373673,-60.2195849446607,False,0,,
3446,32,Victoria,VICTORIA,Altura hidrométrica,2,,alturas_prefe,,-32.6558456373673,-60.2195849446607,,,,
881,32,Victoria,VICTORIA,Caudal,4,,alturas_prefe,,-32.6558456373673,-60.2195849446607,False,0,,
33,33,San Lorenzo (San Martín),PARANAINF,Altura hidrométrica,2,,alturas_prefe,,-32.7336256031375,-60.7256705696322,,,,
882,33,San Lorenzo (San Martín),PARANAINF,Caudal,4,,alturas_prefe,,-32.7336256031375,-60.7256705696322,,,,
3465,33,San Lorenzo (San Martín),PARANAINF,Caudal,4,,alturas_prefe,,-32.7336256031375,-60.7256705696322,,,,
26275,33,San Lorenzo (San Martín),PARANAINF,Altura hidrométrica media diaria,39,,alturas_prefe,,-32.7336256031375,-60.7256705696322,True,2,2026-08-29T03:00:00.000Z,True
26630,33,San Lorenzo (San Martín),PARANAINF,Caudal medio diario,40,,alturas_prefe,,-32.7336256031375,-60.7256705696322,,,,
3412,34,Rosario,PARANAINF,Altura hidrométrica,2,,alturas_prefe,,-32.9432699442268,-60.6308206029857,,,,
3466,34,Rosario,PARANAINF,Caudal,4,,alturas_prefe,,-32.9432699442268,-60.6308206029857,,,,
3493,34,Rosario,PARANAINF,Caudal,4,,alturas_prefe,,-32.9432699442268,-60.6308206029857,,,,
26631,34,Rosario,PARANAINF,Caudal medio diario,40,,alturas_prefe,,-32.9432699442268,-60.6308206029857,,,,
35,35,Villa Constitución,PARANAINF,Altura hidrométrica,2,,alturas_prefe,,-33.2354221667103,-60.3091044341421,,,,
3440,35,Villa Constitución,PARANAINF,Altura hidrométrica,2,,alturas_prefe,,-33.2354221667103,-60.3091044341421,False,0,,
3467,35,Villa Constitución,PARANAINF,Caudal,4,,alturas_prefe,,-33.2354221667103,-60.3091044341421,,,,
3494,35,Villa Constitución,PARANAINF,Caudal,4,,alturas_prefe,,-33.2354221667103,-60.3091044341421,,,,
3468,36,San Nicolás,PARANAINF,Caudal,4,,alturas_prefe,,-33.3420008188866,-60.1895279977149,,,,
3495,36,San Nicolás,PARANAINF,Caudal,4,,alturas_prefe,,-33.3420008188866,-60.1895279977149,,,,
26633,36,San Nicolás,PARANAINF,Caudal medio diario,40,,alturas_prefe,,-33.3420008188866,-60.1895279977149,,,,
3442,37,Ramallo,PARANAINF,Altura hidrométrica,2,,alturas_prefe,,-33.4780656197056,-59.9957013181522,,,,
3496,37,Ramallo,PARANAINF,Caudal,4,,alturas_prefe,,-33.4780656197056,-59.9957013181522,,,,
38,38,San Pedro,PARANAINF,Altura hidrométrica,2,,alturas_prefe,,-33.6745267329027,-59.6497183332918,True,3,2026-08-30T03:00:00.000Z,True
887,38,San Pedro,PARANAINF,Caudal,4,,alturas_prefe,,-33.6745267329027,-59.6497183332918,,,,
3470,38,San Pedro,PARANAINF,Caudal,4,,alturas_prefe,,-33.6745267329027,-59.6497183332918,,,,
3418,39,Baradero,BARADERO,Altura hidrométrica,2,,alturas_prefe,,-33.8006916108445,-59.4955962110789,,,,
3445,39,Baradero,BARADERO,Altura hidrométrica,2,,alturas_prefe,,-33.8006916108445,-59.4955962110789,False,0,,
888,39,Baradero,BARADERO,Caudal,4,,alturas_prefe,,-33.8006916108445,-59.4955962110789,,,,
3472,39,Baradero,BARADERO,Caudal,4,,alturas_prefe,,-33.8006916108445,-59.4955962110789,False,0,,
3499,39,Baradero,BARADERO,Caudal,4,,alturas_prefe,,-33.8006916108445,-59.4955962110789,,,,
26281,39,Baradero,BARADERO,Altura hidrométrica media diaria,39,,alturas_prefe,,-33.8006916108445,-59.4955962110789,,,,
26636,39,Baradero,BARADERO,Caudal medio diario,40,,alturas_prefe,,-33.8006916108445,-59.4955962110789,,,,
3510,40,Zárate,PARANADELASPALMAS,Altura hidrométrica,2,,alturas_prefe,,-34.0987818311696,-59.0108657589595,,,,
3509,40,Zárate,PARANADELASPALMAS,Caudal,4,,alturas_prefe,,-34.0987818311696,-59.0108657589595,,,,
26282,40,Zárate,PARANADELASPALMAS,Altura hidrométrica media diaria,39,,alturas_prefe,,-34.0987818311696,-59.0108657589595,True,2,2026-08-29T03:00:00.000Z,
26637,40,Zárate,PARANADELASPALMAS,Caudal medio diario,40,,alturas_prefe,,-34.0987818311696,-59.0108657589595,,,,
41,41,Campana,PARANADELASPALMAS,Altura hidrométrica,2,,alturas_prefe,,-34.1555854281116,-58.9581750062675,,,,
3398,42,Escobar,PARANADELASPALMAS,Altura hidrométrica,2,,alturas_prefe,,-34.3,-58.7333333333,,,,
891,42,Escobar,PARANADELASPALMAS,Caudal,4,,alturas_prefe,,-34.3,-58.7333333333,,,,
3479,42,Escobar,PARANADELASPALMAS,Caudal,4,,alturas_prefe,,-34.3,-58.7333333333,False,0,,
26639,42,Escobar,PARANADELASPALMAS,Caudal medio diario,40,,alturas_prefe,,-34.3,-58.7333333333,,,,
5985,43,Villa Paranacito,LATINTA,Altura hidrométrica,2,,alturas_prefe,,-33.7,-58.65,False,0,,
26640,43,Villa Paranacito,LATINTA,Caudal medio diario,40,,alturas_prefe,,-33.7,-58.65,False,0,,
893,44,Canal Nuevo,CANALGAFOTRE,Caudal,4,,alturas_prefe,,-33.8627031166646,-58.6604197120006,,,,
3451,44,Canal Nuevo,CANALGAFOTRE,Caudal,4,,alturas_prefe,,-33.8627031166646,-58.6604197120006,False,0,,
3420,45,Ibicuy,PARANAIBICUY,Altura hidrométrica,2,,alturas_prefe,,-33.7619777376355,-59.1800594404244,,,,
3447,45,Ibicuy,PARANAIBICUY,Altura hidrométrica,2,,alturas_prefe,,-33.7619777376355,-59.1800594404244,,,,
3474,45,Ibicuy,PARANAIBICUY,Caudal,4,,alturas_prefe,,-33.7619777376355,-59.1800594404244,False,0,,
3501,45,Ibicuy,PARANAIBICUY,Caudal,4,,alturas_prefe,,-33.7619777376355,-59.1800594404244,False,0,,
26287,45,Ibicuy,PARANAIBICUY,Altura hidrométrica media diaria,39,,alturas_prefe,,-33.7619777376355,-59.1800594404244,,,,
26642,45,Ibicuy,PARANAIBICUY,Caudal medio diario,40,,alturas_prefe,,-33.7619777376355,-59.1800594404244,,,,
5982,46,Puerto Ruiz,GUALEGUAY,Altura hidrométrica,2,,alturas_prefe,,-33.2166666667,-59.3666666667,,,,
5983,46,Puerto Ruiz,GUALEGUAY,Altura hidrométrica,2,,alturas_prefe,,-33.2166666667,-59.3666666667,,,,
5987,46,Puerto Ruiz,GUALEGUAY,Caudal,4,,alturas_prefe,,-33.2166666667,-59.3666666667,False,0,,
47,47,Martín García,RIODELAPLATA,Altura hidrométrica,2,,alturas_prefe,,-34.1902896924007,-58.2530455191105,,,,
896,47,Martín García,RIODELAPLATA,Caudal,4,,alturas_prefe,,-34.1902896924007,-58.2530455191105,,,,
48,48,Guazucito,PARANAGUAZU,Altura hidrométrica,2,,alturas_prefe,,-34.0166666667,-58.4,,,,
897,48,Guazucito,PARANAGUAZU,Caudal,4,,alturas_prefe,,-34.0166666667,-58.4,,,,
26645,48,Guazucito,PARANAGUAZU,Caudal medio diario,40,,alturas_prefe,,-34.0166666667,-58.4,False,0,,
49,49,Tigre,LUJAN,Altura hidrométrica,2,,alturas_prefe,,-34.4159316389634,-58.5779747237367,,,,
3400,49,Tigre,LUJAN,Altura hidrométrica,2,,alturas_prefe,,-34.4159316389634,-58.5779747237367,,,,
898,49,Tigre,LUJAN,Caudal,4,,alturas_prefe,,-34.4159316389634,-58.5779747237367,,,,
26291,49,Tigre,LUJAN,Altura hidrométrica media diaria,39,,alturas_prefe,,-34.4159316389634,-58.5779747237367,True,2,2026-08-29T03:00:00.000Z,
26646,49,Tigre,LUJAN,Caudal medio diario,40,,alturas_prefe,,-34.4159316389634,-58.5779747237367,False,0,,
3399,50,Dique Luján,LUJAN,Altura hidrométrica,2,,alturas_prefe,,-34.351576,-58.686115,,,,
3426,50,Dique Luján,LUJAN,Altura hidrométrica,2,,alturas_prefe,,-34.351576,-58.686115,,,,
899,50,Dique Luján,LUJAN,Caudal,4,,alturas_prefe,,-34.351576,-58.686115,,,,
3480,50,Dique Luján,LUJAN,Caudal,4,,alturas_prefe,,-34.351576,-58.686115,,,,
51,51,Chaná Miní,CHANA,Altura hidrométrica,2,,alturas_prefe,,-34.2,-58.4833333333,True,3,2026-08-30T03:00:00.000Z,True
3401,51,Chaná Miní,CHANA,Altura hidrométrica,2,,alturas_prefe,,-34.2,-58.4833333333,,,,
3428,51,Chaná Miní,CHANA,Altura hidrométrica,2,,alturas_prefe,,-34.2,-58.4833333333,,,,
900,51,Chaná Miní,CHANA,Caudal,4,,alturas_prefe,,-34.2,-58.4833333333,,,,
3455,51,Chaná Miní,CHANA,Caudal,4,,alturas_prefe,,-34.2,-58.4833333333,,,,
52,52,San Fernando,LUJAN,Altura hidrométrica,2,,alturas_prefe,,-34.4333333333,-58.55,True,71,2026-08-30T23:45:00.000Z,True
26202,52,San Fernando,LUJAN,Altura hidrométrica,2,,alturas_prefe,,-34.4333333333,-58.55,,,,
31537,52,San Fernando,LUJAN,Altura hidrométrica,2,,alturas_prefe,,-34.4333333333,-58.55,,,,
54,54,Olivos,RIODELAPLATA,Altura hidrométrica,2,,alturas_prefe,,-34.506666,-58.475863,,,,
26296,54,Olivos,RIODELAPLATA,Altura hidrométrica media diaria,39,,alturas_prefe,,-34.506666,-58.475863,True,2,2026-08-29T03:00:00.000Z,
26651,54,Olivos,RIODELAPLATA,Caudal medio diario,40,,alturas_prefe,,-34.506666,-58.475863,,,,
1524,55,Puerto Pilcomayo,PARAGUAY,Caudal,4,,alturas_prefe,,-25.3666666666667,-57.65,,,,
26652,55,Puerto Pilcomayo,PARAGUAY,Caudal medio diario,40,,alturas_prefe,,-25.3666666666667,-57.65,,,,
26653,56,Bouvier,PARAGUAY,Caudal medio diario,40,,alturas_prefe,,-25.451947,-57.568182,,,,
3127,57,Puerto Formosa,PARAGUAY,Altura hidrométrica,2,,alturas_prefe,,-26.1833333333333,-58.1833333333333,,,,
58,58,Bermejo,PARAGUAY,Altura hidrométrica,2,,alturas_prefe,,-26.92629,-58.506205,,,,
907,58,Bermejo,PARAGUAY,Caudal,4,,alturas_prefe,,-26.92629,-58.506205,,,,
26300,58,Bermejo,PARAGUAY,Altura hidrométrica media diaria,39,,alturas_prefe,,-26.92629,-58.506205,,,,
60,60,Pepirí Miní,URUGUAY,Altura hidrométrica,2,,alturas_prefe,,-27.153744,-53.933149,,,,
3273,61,El Soberbio,URUGUAY,Altura hidrométrica,2,,alturas_prefe,,-27.3,-54.2,False,0,,
3266,61,El Soberbio,URUGUAY,Caudal,4,,alturas_prefe,,-27.3,-54.2,,,,
26658,61,El Soberbio,URUGUAY,Caudal medio diario,40,,alturas_prefe,,-27.3,-54.2,True,2,2026-08-29T03:00:00.000Z,
26659,62,Alicia,URUGUAY,Caudal medio diario,40,,alturas_prefe,,-27.4375,-54.3553,,,,
912,63,Alba Posse,URUGUAY,Caudal,4,,alturas_prefe,,-27.572,-54.678494,,,,
64,64,Panambí,URUGUAY,Altura hidrométrica,2,,alturas_prefe,,-27.730627,-54.91305,True,3,2026-08-30T03:00:00.000Z,
26306,64,Panambí,URUGUAY,Altura hidrométrica media diaria,39,,alturas_prefe,,-27.730627,-54.91305,True,2,2026-08-29T03:00:00.000Z,True
26661,64,Panambí,URUGUAY,Caudal medio diario,40,,alturas_prefe,,-27.730627,-54.91305,,,,
7828,65,San Javier,URUGUAY,Altura hidrométrica,2,,alturas_prefe,,-27.8833333333333,-55.1333333333333,False,0,,
914,65,San Javier,URUGUAY,Caudal,4,,alturas_prefe,,-27.8833333333333,-55.1333333333333,True,3,2026-08-30T03:00:00.000Z,
26307,65,San Javier,URUGUAY,Altura hidrométrica media diaria,39,,alturas_prefe,,-27.8833333333333,-55.1333333333333,,,,
26662,65,San Javier,URUGUAY,Caudal medio diario,40,,alturas_prefe,,-27.8833333333333,-55.1333333333333,,,,
66,66,Puerto Concepción,URUGUAY,Altura hidrométrica,2,,alturas_prefe,,-28.119193,-55.581369,True,3,2026-08-30T03:00:00.000Z,
26308,66,Puerto Concepción,URUGUAY,Altura hidrométrica media diaria,39,,alturas_prefe,,-28.119193,-55.581369,True,2,2026-08-29T03:00:00.000Z,False
67,67,Garruchos,URUGUAY,Altura hidrométrica,2,,alturas_prefe,,-28.1833333333333,-55.65,True,3,2026-08-30T03:00:00.000Z,
26309,67,Garruchos,URUGUAY,Altura hidrométrica media diaria,39,,alturas_prefe,,-28.1833333333333,-55.65,True,2,2026-08-29T03:00:00.000Z,True
26664,67,Garruchos,URUGUAY,Caudal medio diario,40,,alturas_prefe,,-28.1833333333333,-55.65,True,2,2026-08-29T03:00:00.000Z,True
68,68,Santo Tomé,URUGUAY,Altura hidrométrica,2,,alturas_prefe,,-28.55,-56.0333333333333,,,,
7823,68,Santo Tomé,URUGUAY,Caudal,4,,alturas_prefe,,-28.55,-56.0333333333333,,,,
70,70,La Cruz,URUGUAY,Altura hidrométrica,2,,alturas_prefe,,-29.18062,-56.633977,True,3,2026-08-30T03:00:00.000Z,
919,70,La Cruz,URUGUAY,Caudal,4,,alturas_prefe,,-29.18062,-56.633977,,,,
26667,70,La Cruz,URUGUAY,Caudal medio diario,40,,alturas_prefe,,-29.18062,-56.633977,,,,
71,71,Yapeyú,URUGUAY,Altura hidrométrica,2,,alturas_prefe,,-29.470031,-56.810674,True,3,2026-08-30T03:00:00.000Z,
3271,72,Paso de los Libres,URUGUAY,Altura hidrométrica,2,,alturas_prefe,,-29.7166666666667,-57.0833333333333,,,,
921,72,Paso de los Libres,URUGUAY,Caudal,4,,alturas_prefe,,-29.7166666666667,-57.0833333333333,,,,
3268,72,Paso de los Libres,URUGUAY,Caudal,4,,alturas_prefe,,-29.7166666666667,-57.0833333333333,,,,
73,73,Bompland,URUGUAY,Altura hidrométrica,2,,alturas_prefe,,-29.872652,-57.332887,,,,
922,73,Bompland,URUGUAY,Caudal,4,,alturas_prefe,,-29.872652,-57.332887,,,,
26670,73,Bompland,URUGUAY,Caudal medio diario,40,,alturas_prefe,,-29.872652,-57.332887,False,0,,
74,74,Monte Caseros,URUGUAY,Altura hidrométrica,2,,alturas_prefe,,-30.25,-57.6333333333333,True,3,2026-08-30T03:00:00.000Z,True
75,75,Mocoretá,URUGUAY,Altura hidrométrica,2,,alturas_prefe,,-30.715682,-57.81776,,,,
924,75,Mocoretá,URUGUAY,Caudal,4,,alturas_prefe,,-30.715682,-57.81776,,,,
925,76,Federación,URUGUAY,Caudal,4,,alturas_prefe,,-30.993221,-57.914682,,,,
26318,76,Federación,URUGUAY,Altura hidrométrica media diaria,39,,alturas_prefe,,-30.993221,-57.914682,,,,
26673,76,Federación,URUGUAY,Caudal medio diario,40,,alturas_prefe,,-30.993221,-57.914682,,,,
77,77,Salto Grande Arriba,URUGUAY,Altura hidrométrica,2,,alturas_prefe,,-31.27547,-57.936945,,,,
926,77,Salto Grande Arriba,URUGUAY,Caudal,4,,alturas_prefe,,-31.27547,-57.936945,,,,
26674,77,Salto Grande Arriba,URUGUAY,Caudal medio diario,40,,alturas_prefe,,-31.27547,-57.936945,True,2,2026-08-29T03:00:00.000Z,
78,78,Salto Grande Abajo,URUGUAY,Altura hidrométrica,2,,alturas_prefe,,-31.27547,-57.936945,,,,
7833,78,Salto Grande Abajo,URUGUAY,Caudal,4,,alturas_prefe,,-31.27547,-57.936945,,,,
31552,78,Salto Grande Abajo,URUGUAY,Caudal,4,,alturas_prefe,,-31.27547,-57.936945,,,,
26675,78,Salto Grande Abajo,URUGUAY,Caudal medio diario,40,,alturas_prefe,,-31.27547,-57.936945,True,2,2026-08-29T03:00:00.000Z,False
7836,79,Concordia,URUGUAY,Altura hidrométrica,2,,alturas_prefe,,-31.4,-58.0166666666667,,,,
928,79,Concordia,URUGUAY,Caudal,4,,alturas_prefe,,-31.4,-58.0166666666667,,,,
7835,79,Concordia,URUGUAY,Caudal,4,,alturas_prefe,,-31.4,-58.0166666666667,,,,
26321,79,Concordia,URUGUAY,Altura hidrométrica media diaria,39,,alturas_prefe,,-31.4,-58.0166666666667,True,2,2026-08-29T03:00:00.000Z,
26322,80,Colón,URUGUAY,Altura hidrométrica media diaria,39,,alturas_prefe,,-32.2333333333333,-58.1166666666667,,,,
26677,80,Colón,URUGUAY,Caudal medio diario,40,,alturas_prefe,,-32.2333333333333,-58.1166666666667,,,,
3270,81,Concepción del Uruguay,URUGUAY,Altura hidrométrica,2,,alturas_prefe,,-32.4833333333333,-58.2333333333333,,,,
3269,81,Concepción del Uruguay,URUGUAY,Caudal,4,,alturas_prefe,,-32.4833333333333,-58.2333333333333,False,0,,
26323,81,Concepción del Uruguay,URUGUAY,Altura hidrométrica media diaria,39,,alturas_prefe,,-32.4833333333333,-58.2333333333333,,,,
82,82,Campichuelo,URUGUAY,Altura hidrométrica,2,,alturas_prefe,,-32.70101,-58.1834,,,,
932,83,Puerto Gualeguaychú,GUALEGUAYCHU,Caudal,4,,alturas_prefe,,-33.0166666666667,-58.5,,,,
26325,83,Puerto Gualeguaychú,GUALEGUAYCHU,Altura hidrométrica media diaria,39,,alturas_prefe,,-33.0166666666667,-58.5,,,,
84,84,Boca Gualeguaychú,URUGUAY,Altura hidrométrica,2,,alturas_prefe,,-33.0666666666667,-58.4166666666667,,,,
29580,85,Buenos Aires,RIODELAPLATA,Altura hidrométrica,2,,alturas_prefe,,-34.56108,-58.399288,,,,
26327,85,Buenos Aires,RIODELAPLATA,Altura hidrométrica media diaria,39,,alturas_prefe,,-34.56108,-58.399288,,,,
86,86,La Plata,RIODELAPLATA,Altura hidrométrica,2,,alturas_prefe,,-34.824196,-57.873546,,,,
26328,86,La Plata,RIODELAPLATA,Altura hidrométrica media diaria,39,,alturas_prefe,,-34.824196,-57.873546,,,,
26683,86,La Plata,RIODELAPLATA,Caudal medio diario,40,,alturas_prefe,,-34.824196,-57.873546,,,,
87,87,Yacyretá afluente,PARANAMED,Altura hidrométrica,2,,alturas_prefe,,-27.482557,-56.727244,,,,
3265,87,Yacyretá afluente,PARANAMED,Altura hidrométrica,2,,alturas_prefe,,-27.482557,-56.727244,,,,
1419,87,Yacyretá afluente,PARANAMED,Caudal,4,,alturas_prefe,,-27.482557,-56.727244,,,,
26329,87,Yacyretá afluente,PARANAMED,Altura hidrométrica media diaria,39,,alturas_prefe,,-27.482557,-56.727244,False,0,,
26684,87,Yacyretá afluente,PARANAMED,Caudal medio diario,40,,alturas_prefe,,-27.482557,-56.727244,,,,
88,88,Yacyretá efluente,PARANAMED,Altura hidrométrica,2,,alturas_prefe,,-27.482557,-56.727244,,,,
1532,88,Yacyretá efluente,PARANAMED,Altura hidrométrica,2,,alturas_prefe,,-27.482557,-56.727244,False,0,,
937,88,Yacyretá efluente,PARANAMED,Caudal,4,,alturas_prefe,,-27.482557,-56.727244,True,3,2026-08-30T03:00:00.000Z,
26330,88,Yacyretá efluente,PARANAMED,Altura hidrométrica media diaria,39,,alturas_prefe,,-27.482557,-56.727244,,,,
26685,88,Yacyretá efluente,PARANAMED,Caudal medio diario,40,,alturas_prefe,,-27.482557,-56.727244,,,,
89,89,Aporte Salto Grande,URUGUAY,Altura hidrométrica,2,,alturas_prefe,,-31.273969,-57.938011,,,,
938,89,Aporte Salto Grande,URUGUAY,Caudal,4,,alturas_prefe,,-31.273969,-57.938011,,,,
26332,90,Erogado Salto Grande,URUGUAY,Altura hidrométrica media diaria,39,,alturas_prefe,,-31.273969,-57.938011,,,,
26687,90,Erogado Salto Grande,URUGUAY,Caudal medio diario,40,,alturas_prefe,,-31.273969,-57.938011,,,,
3159,93,Confluencia,PARANAMED,Altura hidrométrica,2,,alturas_prefe,,-25.592701,-54.593363,False,0,,
942,93,Confluencia,PARANAMED,Caudal,4,,alturas_prefe,,-25.592701,-54.593363,,,,
26335,93,Confluencia,PARANAMED,Altura hidrométrica media diaria,39,,alturas_prefe,,-25.592701,-54.593363,,,,
96,96,Colorado,BERMEJO,Altura hidrométrica,2,,alturas_prefe,,,,,,,
945,96,Colorado,BERMEJO,Caudal,4,,alturas_prefe,,,,,,,
26338,96,Colorado,BERMEJO,Altura hidrométrica media diaria,39,,alturas_prefe,,,,,,,
26693,96,Colorado,BERMEJO,Caudal medio diario,40,,alturas_prefe,,,,,,,
97,97,Brazo Largo,PARANAGUAZU,Altura hidrométrica,2,,alturas_prefe,,-33.8833333333,-58.9,,,,
946,97,Brazo Largo,PARANAGUAZU,Caudal,4,,alturas_prefe,,-33.8833333333,-58.9,False,0,,
98,98,Virtuani,BRAZOLARGO,Altura hidrométrica,2,,alturas_prefe,,-33.7833333333,-58.6166666667,False,0,,
947,98,Virtuani,BRAZOLARGO,Caudal,4,,alturas_prefe,,-33.7833333333,-58.6166666667,,,,
26695,98,Virtuani,BRAZOLARGO,Caudal medio diario,40,,alturas_prefe,,-33.7833333333,-58.6166666667,,,,
99,99,Gualeguaychú,URUGUAY,Altura hidrométrica,2,,alturas_prefe,,-33.0144444444444,-58.5041666666667,,,,
948,99,Gualeguaychú,URUGUAY,Caudal,4,,alturas_prefe,,-33.0144444444444,-58.5041666666667,,,,
26696,99,Gualeguaychú,URUGUAY,Caudal medio diario,40,,alturas_prefe,,-33.0144444444444,-58.5041666666667,,,,
102,102,Ruta Nacional nº 130,GUALEGUAYCHU,Altura hidrométrica,2,,alturas_bdhi,,-32.1046111111111,-58.4904722222222,,,,
1521,103,Recreo - Ruta Provincial nº 70,SALADOSANTAFE,Altura hidrométrica,2,,alturas_bdhi,,-31.4912222222222,-60.7805555555556,,,,
6659,103,Recreo - Ruta Provincial nº 70,SALADOSANTAFE,Caudal,4,,alturas_bdhi,,-31.4912222222222,-60.7805555555556,False,0,,
43040,103,Recreo - Ruta Provincial nº 70,SALADOSANTAFE,Caudal medio diario,40,,alturas_bdhi,,-31.4912222222222,-60.7805555555556,False,0,,
954,105,Tostado,SALADOSANTAFE,Caudal,4,,alturas_bdhi,,-29.2751666666667,-61.7439444444444,,,,
107,107,Santa Lucía,SANTALUCIA,Altura hidrométrica,2,,alturas_bdhi,,-28.9911111111111,-59.0982222222222,,,,
29868,107,Santa Lucía,SANTALUCIA,Altura hidrométrica media diaria,39,,alturas_bdhi,,-28.9911111111111,-59.0982222222222,False,0,,
108,108,San Roque,SANTALUCIA,Altura hidrométrica,2,,alturas_bdhi,,-28.5711388888889,-58.7214166666667,,,,
957,108,San Roque,SANTALUCIA,Caudal,4,,alturas_bdhi,,-28.5711388888889,-58.7214166666667,,,,
29869,108,San Roque,SANTALUCIA,Altura hidrométrica media diaria,39,,alturas_bdhi,,-28.5711388888889,-58.7214166666667,,,,
6650,109,Paso Lucero,CORRIENTE,Caudal,4,,alturas_bdhi,,-28.9943611111111,-58.5593888888889,,,,
958,109,Paso Lucero,CORRIENTE,Caudal,4,,alturas_bdhi,,-28.9943611111111,-58.5593888888889,False,0,,
29870,109,Paso Lucero,CORRIENTE,Altura hidrométrica media diaria,39,,alturas_bdhi,,-28.9943611111111,-58.5593888888889,,,,
110,110,Segui,LASCONCHAS,Altura hidrométrica,2,,alturas_bdhi,,-31.95,-60.1263888888889,,,,
959,110,Segui,LASCONCHAS,Caudal,4,,alturas_bdhi,,-31.95,-60.1263888888889,,,,
111,111,Límite con Entre Ríos – Ruta Provincial nº 28,GUAYQUIRARO,Altura hidrométrica,2,,alturas_bdhi,,-30.2166388888889,-58.7846388888889,,,,
960,111,Límite con Entre Ríos – Ruta Provincial nº 28,GUAYQUIRARO,Caudal,4,,alturas_bdhi,,-30.2166388888889,-58.7846388888889,,,,
6652,112,Nogoyá Ruta Provincial nº 11,NOGOYA,Caudal,4,,alturas_bdhi,,-32.841975,-59.864625,False,0,,
961,112,Nogoyá Ruta Provincial nº 11,NOGOYA,Caudal,4,,alturas_bdhi,,-32.841975,-59.864625,,,,
29873,112,Nogoyá Ruta Provincial nº 11,NOGOYA,Altura hidrométrica media diaria,39,,alturas_bdhi,,-32.841975,-59.864625,False,0,,
29875,116,Ruta Nacional Nº 12,NOGOYA,Altura hidrométrica media diaria,39,,alturas_bdhi,,-32.3946388888889,-59.7638611111111,,,,
118,118,Pueblo Andino,CARCARAÑA,Altura hidrométrica,2,,alturas_bdhi,,-32.6733333333333,-60.8659444444444,,,,
6670,118,Pueblo Andino,CARCARAÑA,Caudal,4,,alturas_bdhi,,-32.6733333333333,-60.8659444444444,,,,
967,118,Pueblo Andino,CARCARAÑA,Caudal,4,,alturas_bdhi,,-32.6733333333333,-60.8659444444444,,,,
119,119,Paso Juncué,GUAYQUIRARO,Altura hidrométrica,2,,alturas_bdhi,,-30.3616388888889,-59.2586944444444,,,,
968,119,Paso Juncué,GUAYQUIRARO,Caudal,4,,alturas_bdhi,,-30.3616388888889,-59.2586944444444,,,,
29877,119,Paso Juncué,GUAYQUIRARO,Altura hidrométrica media diaria,39,,alturas_bdhi,,-30.3616388888889,-59.2586944444444,,,,
120,120,Paso Telégrafo,GUAYQUIRARO,Altura hidrométrica,2,,alturas_bdhi,,-30.34375,-59.5129722222222,,,,
121,121,Los Laureles,CORRIENTE,Altura hidrométrica,2,,alturas_bdhi,,-29.7571111111111,-59.2171666666667,,,,
970,121,Los Laureles,CORRIENTE,Caudal,4,,alturas_bdhi,,-29.7571111111111,-59.2171666666667,,,,
29879,121,Los Laureles,CORRIENTE,Altura hidrométrica media diaria,39,,alturas_bdhi,,-29.7571111111111,-59.2171666666667,,,,
42633,121,Los Laureles,CORRIENTE,Caudal medio diario,40,,alturas_bdhi,,-29.7571111111111,-59.2171666666667,,,,
122,122,Ruta Nacional nº 168,COLASTINE,Altura hidrométrica,2,,alturas_bdhi,,-31.6611388888889,-60.6020555555556,,,,
30122,122,Ruta Nacional nº 168,COLASTINE,Caudal medio diario,40,,alturas_bdhi,,-31.6611388888889,-60.6020555555556,False,0,,
123,123,Autopista,COLASTINE,Altura hidrométrica,2,,alturas_bdhi,,-32.0178611111111,-60.990275,,,,
6663,123,Autopista,COLASTINE,Caudal,4,,alturas_bdhi,,-32.0178611111111,-60.990275,,,,
43044,123,Autopista,COLASTINE,Caudal medio diario,40,,alturas_bdhi,,-32.0178611111111,-60.990275,False,0,,
124,124,Autopista,SALADILLO,Altura hidrométrica,2,,alturas_bdhi,,-33.0272222222222,-60.6635555555556,,,,
6660,126,Villa Ocampo (Ruta Prov. Nº 32),LOSAMORES,Caudal,4,,alturas_bdhi,,-28.4912222222222,-59.3879444444444,,,,
29884,126,Villa Ocampo (Ruta Prov. Nº 32),LOSAMORES,Altura hidrométrica media diaria,39,,alturas_bdhi,,-28.4912222222222,-59.3879444444444,,,,
43043,126,Villa Ocampo (Ruta Prov. Nº 32),LOSAMORES,Caudal medio diario,40,,alturas_bdhi,,-28.4912222222222,-59.3879444444444,False,0,,
127,127,Moussy,ELREY,Altura hidrométrica,2,,alturas_bdhi,,-28.9979166666667,-59.7526111111111,,,,
6666,127,Moussy,ELREY,Caudal,4,,alturas_bdhi,,-28.9979166666667,-59.7526111111111,,,,
976,127,Moussy,ELREY,Caudal,4,,alturas_bdhi,,-28.9979166666667,-59.7526111111111,,,,
29885,127,Moussy,ELREY,Altura hidrométrica media diaria,39,,alturas_bdhi,,-28.9979166666667,-59.7526111111111,,,,
43039,127,Moussy,ELREY,Caudal medio diario,40,,alturas_bdhi,,-28.9979166666667,-59.7526111111111,,,,
128,128,Fortín Olmos,GOLONDRINA,Altura hidrométrica,2,,alturas_bdhi,,-29.0655,-60.4971666666667,,,,
6671,128,Fortín Olmos,GOLONDRINA,Caudal,4,,alturas_bdhi,,-29.0655,-60.4971666666667,False,0,,
29886,128,Fortín Olmos,GOLONDRINA,Altura hidrométrica media diaria,39,,alturas_bdhi,,-29.0655,-60.4971666666667,,,,
129,129,Resistencia,NEGRO,Altura hidrométrica,2,,alturas_bdhi,,-27.4397222222222,-59.0,,,,
29887,129,Resistencia,NEGRO,Altura hidrométrica media diaria,39,,alturas_bdhi,,-27.4397222222222,-59.0,False,0,,
130,130,Paso Ledesma,MIRIÑAY,Altura hidrométrica,2,,alturas_bdhi,,-29.8458,-57.6745111111111,,,,
979,130,Paso Ledesma,MIRIÑAY,Caudal,4,,alturas_bdhi,,-29.8458,-57.6745111111111,,,,
29888,130,Paso Ledesma,MIRIÑAY,Altura hidrométrica media diaria,39,,alturas_bdhi,,-29.8458,-57.6745111111111,,,,
131,131,Puerto Maní,PARANAMED,Altura hidrométrica,2,,alturas_prefe,,-27.1063611111111,-55.5221666666667,,,,
26342,131,Puerto Maní,PARANAMED,Altura hidrométrica media diaria,39,,alturas_prefe,,-27.1063611111111,-55.5221666666667,,,,
26697,131,Puerto Maní,PARANAMED,Caudal medio diario,40,,alturas_prefe,,-27.1063611111111,-55.5221666666667,,,,
133,133,La Emilia,DELMEDIO,Altura hidrométrica,2,,alturas_bdhi,,-33.3989194444444,-60.3346777777778,False,0,,
982,133,La Emilia,DELMEDIO,Caudal,4,,alturas_bdhi,,-33.3989194444444,-60.3346777777778,,,,
29889,133,La Emilia,DELMEDIO,Altura hidrométrica media diaria,39,,alturas_bdhi,,-33.3989194444444,-60.3346777777778,False,0,,
134,134,Ruta Nacional nº 12,SANLORENZO,Altura hidrométrica,2,,alturas_bdhi,,-28.1141666666667,-58.8086111111111,,,,
1515,134,Ruta Nacional nº 12,SANLORENZO,Altura hidrométrica,2,,alturas_bdhi,,-28.1141666666667,-58.8086111111111,False,0,,
983,134,Ruta Nacional nº 12,SANLORENZO,Caudal,4,,alturas_bdhi,,-28.1141666666667,-58.8086111111111,,,,
29395,135,Autopista,ELMONJE,Caudal,4,,alturas_bdhi,,-32.3929722222222,-60.9411111111111,,,,
6661,136,Ruta Nacional nº 11,MALABRIGO,Caudal,4,,alturas_bdhi,,-29.2786666666667,-59.7856666666667,False,0,,
985,136,Ruta Nacional nº 11,MALABRIGO,Caudal,4,,alturas_bdhi,,-29.2786666666667,-59.7856666666667,,,,
139,139,Ruta Provincial nº 18,SALADILLO,Altura hidrométrica,2,,alturas_bdhi,,-33.02925,-60.6820277777778,,,,
988,139,Ruta Provincial nº 18,SALADILLO,Caudal,4,,alturas_bdhi,,-33.02925,-60.6820277777778,False,0,,
140,140,Cnel. Bogado,PAVON,Altura hidrométrica,2,,alturas_bdhi,,-33.3600611111111,-60.576775,,,,
6665,140,Cnel. Bogado,PAVON,Caudal,4,,alturas_bdhi,,-33.3600611111111,-60.576775,False,0,,
29894,140,Cnel. Bogado,PAVON,Altura hidrométrica media diaria,39,,alturas_bdhi,,-33.3600611111111,-60.576775,False,0,,
43048,140,Cnel. Bogado,PAVON,Caudal medio diario,40,,alturas_bdhi,,-33.3600611111111,-60.576775,False,0,,
29895,143,Bell Ville,TERCERO,Altura hidrométrica media diaria,39,,alturas_bdhi,,-32.61667,-62.68333,False,0,,
146,146,Roque Perez,SALADOBONAERENSE,Altura hidrométrica,2,,alturas_bdhi,,-35.372613,-59.280502,,,,
995,146,Roque Perez,SALADOBONAERENSE,Caudal,4,,alturas_bdhi,,-35.372613,-59.280502,,,,
147,147,Cachi,CALCHAQUI,Altura hidrométrica,2,,alturas_bdhi,,-25.123332,-66.156666,False,0,,
29897,147,Cachi,CALCHAQUI,Altura hidrométrica media diaria,39,,alturas_bdhi,,-25.123332,-66.156666,,,,
997,148,Seminario Diocesano de Azul,AZUL,Caudal,4,,alturas_bdhi,,-36.831082,-59.893888,,,,
29898,148,Seminario Diocesano de Azul,AZUL,Altura hidrométrica media diaria,39,,alturas_bdhi,,-36.831082,-59.893888,False,0,,
998,149,Canal Seoane,Canal Seoane,Caudal,4,,ina_delta,,-34.166861111,-58.638166667,False,0,,
29899,150,J.M. García,LUJAN,Altura hidrométrica media diaria,39,,alturas_bdhi,,-34.702202778,-59.548977778,False,0,,
170,170,Ruta Provincial Nº 044,Poncho Moro,Altura hidrométrica,2,,alturas_bdhi,,-43.6683333333333,-71.4061388888889,,,,
6395,170,Ruta Provincial Nº 044,Poncho Moro,Caudal,4,,alturas_bdhi,,-43.6683333333333,-71.4061388888889,False,0,,
1019,170,Ruta Provincial Nº 044,Poncho Moro,Caudal,4,,alturas_bdhi,,-43.6683333333333,-71.4061388888889,,,,
174,174,San Justo - Ruta Provincial nº 2,SALADOSANTAFE,Altura hidrométrica,2,,alturas_bdhi,,-30.744031,-60.624247,,,,
29902,174,San Justo - Ruta Provincial nº 2,SALADOSANTAFE,Altura hidrométrica media diaria,39,,alturas_bdhi,,-30.744031,-60.624247,,,,
39727,174,San Justo - Ruta Provincial nº 2,SALADOSANTAFE,Caudal medio diario,40,,alturas_bdhi,,-30.744031,-60.624247,,,,
1024,175,Emilia - Ruta Provincial nº 62,Salado Santafesino,Caudal,4,,alturas_bdhi,,-31.042868,-60.841003,,,,
29903,175,Emilia - Ruta Provincial nº 62,Salado Santafesino,Altura hidrométrica media diaria,39,,alturas_bdhi,,-31.042868,-60.841003,,,,
39728,175,Emilia - Ruta Provincial nº 62,Salado Santafesino,Caudal medio diario,40,,alturas_bdhi,,-31.042868,-60.841003,,,,
1494,304,San Javier,URUGUAY,Caudal,4,,alturas_bdhi,,-27.88,-55.13,,,,
319,319,La Sirena,AGUAPEY,Altura hidrométrica,2,,alturas_bdhi,,-28.4166666666667,-56.5421666666667,,,,
6073,319,La Sirena,AGUAPEY,Altura hidrométrica,2,,alturas_bdhi,,-28.4166666666667,-56.5421666666667,,,,
6651,319,La Sirena,AGUAPEY,Caudal,4,,alturas_bdhi,,-28.4166666666667,-56.5421666666667,,,,
1168,319,La Sirena,AGUAPEY,Caudal,4,,alturas_bdhi,,-28.4166666666667,-56.5421666666667,,,,
6072,319,La Sirena,AGUAPEY,Caudal,4,,alturas_bdhi,,-28.4166666666667,-56.5421666666667,,,,
29904,319,La Sirena,AGUAPEY,Altura hidrométrica media diaria,39,,alturas_bdhi,,-28.4166666666667,-56.5421666666667,,,,
1369,1019,Alvear,,Altura hidrométrica,2,,estaciones_salto_grande,,-29.112957,-56.555522,,,,
26365,1019,Alvear,,Altura hidrométrica media diaria,39,,estaciones_salto_grande,,-29.112957,-56.555522,,,,
26368,1022,Federación,,Altura hidrométrica media diaria,39,,estaciones_salto_grande,,-30.992189,-57.913847,False,0,,
1375,1035,Garruchos,,Altura hidrométrica,2,,estaciones_salto_grande,,-28.177515,-55.642269,False,0,,
26371,1035,Garruchos,,Altura hidrométrica media diaria,39,,estaciones_salto_grande,,-28.177515,-55.642269,,,,
1376,1036,Santo Tomé,,Altura hidrométrica,2,,estaciones_salto_grande,,-28.545073,-56.028995,,,,
1391,1036,Santo Tomé,,Caudal,4,,estaciones_salto_grande,,-28.545073,-56.028995,,,,
26372,1036,Santo Tomé,,Altura hidrométrica media diaria,39,,estaciones_salto_grande,,-28.545073,-56.028995,,,,
18602,1036,Santo Tomé,,Caudal medio diario,40,,estaciones_salto_grande,,-28.545073,-56.028995,,,,
1377,1037,San Javier,,Altura hidrométrica,2,,estaciones_salto_grande,,-27.869343,-55.129216,,,,
1392,1037,San Javier,,Caudal,4,,estaciones_salto_grande,,-27.869343,-55.129216,,,,
26373,1037,San Javier,,Altura hidrométrica media diaria,39,,estaciones_salto_grande,,-27.869343,-55.129216,,,,
1378,1038,El Soberbio,,Altura hidrométrica,2,,estaciones_salto_grande,,-27.298582,-54.193437,,,,
26374,1038,El Soberbio,,Altura hidrométrica media diaria,39,,estaciones_salto_grande,,-27.298582,-54.193437,,,,
18604,1038,El Soberbio,,Caudal medio diario,40,,estaciones_salto_grande,,-27.298582,-54.193437,,,,
1379,1039,Pepirí Miní,,Altura hidrométrica,2,,estaciones_salto_grande,,-27.153304,-53.933283,,,,
1383,1063,Miriñay Río,,Altura hidrométrica,2,,estaciones_salto_grande,,-29.845637,-57.674446,,,,
1396,1063,Miriñay Río,,Caudal,4,,estaciones_salto_grande,,-29.845637,-57.674446,,,,
26379,1063,Miriñay Río,,Altura hidrométrica media diaria,39,,estaciones_salto_grande,,-29.845637,-57.674446,,,,
1385,1073,Mocoretá Lago,,Altura hidrométrica,2,,estaciones_salto_grande,,-30.690307,-57.820722,,,,
1386,1074,Monte Caseros,,Altura hidrométrica,2,,estaciones_salto_grande,,-30.249296,-57.622519,,,,
1388,1077,Mocoretá Río,,Altura hidrométrica,2,,estaciones_salto_grande,,-30.626772,-57.982836,,,,
29907,1091,Gral. Alvear,Arroyo Las Flores,Altura hidrométrica media diaria,39,,alturas_bdhi,,-35.987583333,-60.019236111,False,0,,
29908,1092,RN2,Canal 9,Altura hidrométrica media diaria,39,,alturas_bdhi,,-36.2803833333333,-57.6994916666667,,,,
3041,1094,RP38,Salado Santafesino,Altura hidrométrica,2,,alturas_bdhi,,-29.867045,-60.337943,,,,
6407,1094,RP38,Salado Santafesino,Caudal,4,,alturas_bdhi,,-29.867045,-60.337943,False,0,,
26385,1257,Arroyo Borches,Arroyo Borches,Altura hidrométrica media diaria,39,,ina_delta,,-34.0752137139779,-58.4426647718186,,,,
29661,1508,INTA DELTA del Parana (EMC),,Altura hidrométrica,2,,red_inta,,-34.1800003051758,-58.8600006103516,,,,
29909,1678,Paso Duarte - RP 22,Gualeguay,Altura hidrométrica media diaria,39,,alturas_bdhi,,-31.1051388888889,-58.7711666666667,False,0,,
29911,1679,Santo Tomé,SALADOSANTAFE,Altura hidrométrica media diaria,39,,alturas_bdhi,,-31.667601,-60.752233,,,,
3045,1680,Cululú - RP50-s,SALADOSANTAFE,Altura hidrométrica,2,,alturas_bdhi,,-31.254531,-60.887765,,,,
29912,1680,Cululú - RP50-s,SALADOSANTAFE,Altura hidrométrica media diaria,39,,alturas_bdhi,,-31.254531,-60.887765,,,,
3274,1695,General Belgrano,Salado_bonaerense,Altura hidrométrica,2,,alturas_bdhi,,-35.7246666666667,-58.5365277777778,False,0,,
3276,1695,General Belgrano,Salado_bonaerense,Caudal,4,,alturas_bdhi,,-35.7246666666667,-58.5365277777778,,,,
29913,1695,General Belgrano,Salado_bonaerense,Altura hidrométrica media diaria,39,,alturas_bdhi,,-35.7246666666667,-58.5365277777778,,,,
3280,1699,Nueva Palmira,Uruguay,Altura hidrométrica,2,,alturas_varios,,-33.878478,-58.422029,,,,
31553,1699,Nueva Palmira,Uruguay,Altura hidrométrica,2,,alturas_varios,,-33.878478,-58.422029,False,0,,
3306,1700,Boca Gualeguaychú CARU,Uruguay,Altura hidrométrica,2,,alturas_varios,,-33.0666666666667,-58.4166666666667,,,,
3434,1702,Braga,,Altura hidrométrica,2,,estaciones_pvnymm,,-34.3363990783691,-58.4844017028809,,,,
3461,1702,Braga,,Caudal,4,,estaciones_pvnymm,,-34.3363990783691,-58.4844017028809,,,,
26390,1702,Braga,,Altura hidrométrica media diaria,39,,estaciones_pvnymm,,-34.3363990783691,-58.4844017028809,,,,
26722,1702,Braga,,Caudal medio diario,40,,estaciones_pvnymm,,-34.3363990783691,-58.4844017028809,,,,
3311,1705,Brasileira,,Altura hidrométrica,2,,estaciones_pvnymm,,-35.1744003295898,-56.6105995178223,,,,
26393,1705,Brasileira,,Altura hidrométrica media diaria,39,,estaciones_pvnymm,,-35.1744003295898,-56.6105995178223,False,0,,
3312,1706,Oyarvide,,Altura hidrométrica,2,,estaciones_pvnymm,,-35.0999984741211,-57.13330078125,,,,
26394,1706,Oyarvide,,Altura hidrométrica media diaria,39,,estaciones_pvnymm,,-35.0999984741211,-57.13330078125,,,,
3313,1707,Magadalena,,Altura hidrométrica,2,,estaciones_pvnymm,,-34.9300003051758,-57.4617004394531,,,,
26396,1708,La Plata,,Altura hidrométrica media diaria,39,,estaciones_pvnymm,,-34.8339004516602,-57.8800010681152,,,,
3315,1709,Buenos Aires,,Altura hidrométrica,2,,estaciones_pvnymm,,-34.6305999755859,-58.3516998291016,,,,
26397,1709,Buenos Aires,,Altura hidrométrica media diaria,39,,estaciones_pvnymm,,-34.6305999755859,-58.3516998291016,False,0,,
3316,1710,Desembocadura,,Altura hidrométrica,2,,estaciones_pvnymm,,-33.997200012207,-58.4702987670898,,,,
3503,1710,Desembocadura,,Caudal,4,,estaciones_pvnymm,,-33.997200012207,-58.4702987670898,,,,
3449,1710,Desembocadura,,Caudal,4,,estaciones_pvnymm,,-33.997200012207,-58.4702987670898,,,,
3476,1710,Desembocadura,,Caudal,4,,estaciones_pvnymm,,-33.997200012207,-58.4702987670898,,,,
26723,1710,Desembocadura,,Caudal medio diario,40,,estaciones_pvnymm,,-33.997200012207,-58.4702987670898,False,0,,
3317,1711,Las Rosas,,Altura hidrométrica,2,,estaciones_pvnymm,,-34.1836013793945,-58.8894004821777,False,0,,
26399,1711,Las Rosas,,Altura hidrométrica media diaria,39,,estaciones_pvnymm,,-34.1836013793945,-58.8894004821777,,,,
3318,1712,Carabelitas,,Altura hidrométrica,2,,estaciones_pvnymm,,-33.9491996765137,-58.7689018249512,,,,
3423,1712,Carabelitas,,Altura hidrométrica,2,,estaciones_pvnymm,,-33.9491996765137,-58.7689018249512,,,,
3505,1712,Carabelitas,,Caudal,4,,estaciones_pvnymm,,-33.9491996765137,-58.7689018249512,False,0,,
3477,1712,Carabelitas,,Caudal,4,,estaciones_pvnymm,,-33.9491996765137,-58.7689018249512,,,,
3319,1713,Zárate,,Altura hidrométrica,2,,estaciones_pvnymm,,-34.0918998718262,-59.0139007568359,,,,
3404,1713,Zárate,,Altura hidrométrica,2,,estaciones_pvnymm,,-34.0918998718262,-59.0139007568359,,,,
3431,1713,Zárate,,Altura hidrométrica,2,,estaciones_pvnymm,,-34.0918998718262,-59.0139007568359,,,,
3402,1714,Baradero,,Altura hidrométrica,2,,estaciones_pvnymm,,-33.9366989135742,-59.2578010559082,False,0,,
3429,1714,Baradero,,Altura hidrométrica,2,,estaciones_pvnymm,,-33.9366989135742,-59.2578010559082,,,,
3502,1714,Baradero,,Caudal,4,,estaciones_pvnymm,,-33.9366989135742,-59.2578010559082,,,,
3456,1714,Baradero,,Caudal,4,,estaciones_pvnymm,,-33.9366989135742,-59.2578010559082,,,,
3483,1714,Baradero,,Caudal,4,,estaciones_pvnymm,,-33.9366989135742,-59.2578010559082,False,0,,
26402,1714,Baradero,,Altura hidrométrica media diaria,39,,estaciones_pvnymm,,-33.9366989135742,-59.2578010559082,,,,
26726,1714,Baradero,,Caudal medio diario,40,,estaciones_pvnymm,,-33.9366989135742,-59.2578010559082,,,,
3394,1715,Brazo Largo,,Altura hidrométrica,2,,estaciones_pvnymm,,-33.8880996704102,-58.9166984558105,,,,
3421,1715,Brazo Largo,,Altura hidrométrica,2,,estaciones_pvnymm,,-33.8880996704102,-58.9166984558105,,,,
3506,1715,Brazo Largo,,Caudal,4,,estaciones_pvnymm,,-33.8880996704102,-58.9166984558105,,,,
3448,1715,Brazo Largo,,Caudal,4,,estaciones_pvnymm,,-33.8880996704102,-58.9166984558105,False,0,,
26403,1715,Brazo Largo,,Altura hidrométrica media diaria,39,,estaciones_pvnymm,,-33.8880996704102,-58.9166984558105,,,,
26727,1715,Brazo Largo,,Caudal medio diario,40,,estaciones_pvnymm,,-33.8880996704102,-58.9166984558105,,,,
3322,1716,Ibicuy,,Altura hidrométrica,2,,estaciones_pvnymm,,-33.755298614502,-59.1786003112793,,,,
26404,1716,Ibicuy,,Altura hidrométrica media diaria,39,,estaciones_pvnymm,,-33.755298614502,-59.1786003112793,,,,
3444,1717,Bifurcación,,Altura hidrométrica,2,,estaciones_pvnymm,,-33.7224998474121,-59.2907981872559,,,,
26405,1717,Bifurcación,,Altura hidrométrica media diaria,39,,estaciones_pvnymm,,-33.7224998474121,-59.2907981872559,,,,
26728,1717,Bifurcación,,Caudal medio diario,40,,estaciones_pvnymm,,-33.7224998474121,-59.2907981872559,,,,
3325,1719,Ramallo,,Altura hidrométrica,2,,estaciones_pvnymm,,-33.4766998291016,-59.997501373291,,,,
3326,1720,San Nicolas,,Altura hidrométrica,2,,estaciones_pvnymm,,-33.323600769043,-60.2181015014648,False,0,,
3327,1721,Villa Constitución,,Altura hidrométrica,2,,estaciones_pvnymm,,-33.2263984680176,-60.3213996887207,,,,
3328,1722,Rosario,,Altura hidrométrica,2,,estaciones_pvnymm,,-32.9730987548828,-60.6183013916016,False,0,,
29642,1722,Rosario,,Altura hidrométrica,2,,estaciones_pvnymm,,-32.9730987548828,-60.6183013916016,,,,
29639,1723,San Martín,,Altura hidrométrica,2,,estaciones_pvnymm,,-32.7071990966797,-60.7249984741211,,,,
3330,1724,Paraná,,Altura hidrométrica,2,,estaciones_pvnymm,,-31.7208003997803,-60.5155982971191,,,,
26412,1724,Paraná,,Altura hidrométrica media diaria,39,,estaciones_pvnymm,,-31.7208003997803,-60.5155982971191,,,,
29634,1725,Diamante,,Altura hidrométrica,2,,estaciones_pvnymm,,-32.0560989379883,-60.6439018249512,,,,
26413,1725,Diamante,,Altura hidrométrica media diaria,39,,estaciones_pvnymm,,-32.0560989379883,-60.6439018249512,,,,
3333,1727,Hernandarias,,Altura hidrométrica,2,,estaciones_pvnymm,,-31.2299995422363,-59.9926986694336,,,,
26415,1727,Hernandarias,,Altura hidrométrica media diaria,39,,estaciones_pvnymm,,-31.2299995422363,-59.9926986694336,,,,
3334,1728,Santa Elena,,Altura hidrométrica,2,,estaciones_pvnymm,,-30.9685001373291,-59.8147010803223,,,,
26416,1728,Santa Elena,,Altura hidrométrica media diaria,39,,estaciones_pvnymm,,-30.9685001373291,-59.8147010803223,False,0,,
26417,1729,La Paz,,Altura hidrométrica media diaria,39,,estaciones_pvnymm,,-30.7325992584229,-59.6391983032227,,,,
3336,1730,Esquina,,Altura hidrométrica,2,,estaciones_pvnymm,,-30.0167007446289,-59.5368995666504,,,,
26418,1730,Esquina,,Altura hidrométrica media diaria,39,,estaciones_pvnymm,,-30.0167007446289,-59.5368995666504,,,,
3337,1731,Reconquista,,Altura hidrométrica,2,,estaciones_pvnymm,,-29.2353000640869,-59.5794982910156,,,,
3338,1732,Goya,,Altura hidrométrica,2,,estaciones_pvnymm,,-29.1431999206543,-59.2727012634277,,,,
3340,1734,Empedrado,,Altura hidrométrica,2,,estaciones_pvnymm,,-27.9589004516602,-58.8203010559082,,,,
3341,1735,Barranqueras,,Altura hidrométrica,2,,estaciones_pvnymm,,-27.4885005950928,-58.923900604248,,,,
26425,1737,Paso de la Patria,,Altura hidrométrica media diaria,39,,estaciones_pvnymm,,-27.3222999572754,-58.5824012756348,,,,
3344,1739,Atalaya,Río de la Plata,Altura hidrométrica,2,,estaciones_shn,,-35.015278,-57.536111,,,,
26427,1740,Pilote Norden,Río de la Plata,Altura hidrométrica media diaria,39,,estaciones_shn,,-34.62625,-57.927417,,,,
3346,1741,Santa Teresita,Mar Argentino,Altura hidrométrica,2,,estaciones_shn,,-36.541944,-56.686111,,,,
26428,1741,Santa Teresita,Mar Argentino,Altura hidrométrica media diaria,39,,estaciones_shn,,-36.541944,-56.686111,,,,
26429,1742,Mar del Plata,Mar Argentino,Altura hidrométrica media diaria,39,,estaciones_shn,,-38.035556,-57.531111,,,,
3348,1743,Arroyo Las Piedras - Rep. del Líbano,Cuenca Sarandí-Santo Domingo,Altura hidrométrica,2,,ina_delta,,-34.7383417,-58.3096056,True,849,2026-08-31T00:15:00.000Z,
35403,1743,Arroyo Las Piedras - Rep. del Líbano,Cuenca Sarandí-Santo Domingo,Altura hidrométrica,2,,ina_delta,,-34.7383417,-58.3096056,,,,
26430,1743,Arroyo Las Piedras - Rep. del Líbano,Cuenca Sarandí-Santo Domingo,Altura hidrométrica media diaria,39,,ina_delta,,-34.7383417,-58.3096056,,,,
3349,1744,Arroyo San Francisco,Cuenca Sarandí-Santo Domingo,Altura hidrométrica,2,,ina_delta,,-34.7277556,-58.3200389,,,,
26431,1744,Arroyo San Francisco,Cuenca Sarandí-Santo Domingo,Altura hidrométrica media diaria,39,,ina_delta,,-34.7277556,-58.3200389,,,,
29905,1753,Coronel Bogardo,Pavon,Altura hidrométrica media diaria,39,,alturas_bdhi,,-33.3600611111111,-60.576775,,,,
6060,1831,BarcaGrande,Río de la Plata,Altura hidrométrica,2,,puntos_FDelta,,-34.1624,-58.3756,True,72,2026-08-31T01:00:00.000Z,
29557,1831,BarcaGrande,Río de la Plata,Caudal,4,,puntos_FDelta,,-34.1624,-58.3756,,,,
29555,1832,Bravo,Río de la Plata,Caudal,4,,puntos_FDelta,,-33.8976,-58.4588,,,,
29560,1833,CanaldelEste,Río de la Plata,Caudal,4,,puntos_FDelta,,-34.3764,-58.4975,False,0,,
29551,1833,CanaldelEste,Río de la Plata,Caudal,4,,puntos_FDelta,,-34.3764,-58.4975,,,,
6063,1834,Correntoso,Río de la Plata,Altura hidrométrica,2,,puntos_FDelta,,-34.1111,-58.3678,,,,
25479,1835,Guazu,Río de la Plata,Caudal medio diario,40,,puntos_FDelta,,-34.0047,-58.421,False,0,,
25459,1836,Gutierrez,Río de la Plata,Altura hidrométrica,2,,puntos_FDelta,,-33.8245,-58.4715,,,,
29572,1836,Gutierrez,Río de la Plata,Altura hidrométrica,2,,puntos_FDelta,,-33.8245,-58.4715,,,,
6065,1837,LaBarquita,Río de la Plata,Altura hidrométrica,2,,puntos_FDelta,,-34.2114,-58.3838,True,72,2026-08-31T01:00:00.000Z,
25461,1838,Lujan,Río de la Plata,Altura hidrométrica,2,,puntos_FDelta,,-34.4434,-58.5257,,,,
6066,1838,Lujan,Río de la Plata,Altura hidrométrica,2,,puntos_FDelta,,-34.4434,-58.5257,,,,
29562,1838,Lujan,Río de la Plata,Caudal,4,,puntos_FDelta,,-34.4434,-58.5257,False,0,,
29553,1838,Lujan,Río de la Plata,Caudal,4,,puntos_FDelta,,-34.4434,-58.5257,,,,
6067,1839,Mini,Río de la Plata,Altura hidrométrica,2,,puntos_FDelta,,-34.2289,-58.404,True,72,2026-08-31T01:00:00.000Z,
29559,1839,Mini,Río de la Plata,Caudal,4,,puntos_FDelta,,-34.2289,-58.404,,,,
29550,1839,Mini,Río de la Plata,Caudal,4,,puntos_FDelta,,-34.2289,-58.404,False,0,,
25463,1840,Palmas,Río de la Plata,Altura hidrométrica,2,,puntos_FDelta,,-34.3814,-58.4556,,,,
29573,1840,Palmas,Río de la Plata,Caudal,4,,puntos_FDelta,,-34.3814,-58.4556,False,0,,
25480,1840,Palmas,Río de la Plata,Caudal medio diario,40,,puntos_FDelta,,-34.3814,-58.4556,False,0,,
25464,1841,SanAntonio,Río de la Plata,Altura hidrométrica,2,,puntos_FDelta,,-34.4193,-58.5091,,,,
6069,1841,SanAntonio,Río de la Plata,Altura hidrométrica,2,,puntos_FDelta,,-34.4193,-58.5091,True,72,2026-08-31T01:00:00.000Z,False
29552,1841,SanAntonio,Río de la Plata,Caudal,4,,puntos_FDelta,,-34.4193,-58.5091,,,,
6070,1842,Sauce,Río de la Plata,Altura hidrométrica,2,,puntos_FDelta,,-33.9453,-58.4282,,,,
29565,1842,Sauce,Río de la Plata,Caudal,4,,puntos_FDelta,,-33.9453,-58.4282,False,0,,
25466,1843,Uruguay,Río de la Plata,Altura hidrométrica,2,,puntos_FDelta,,-33.9017,-58.4268,,,,
6071,1843,Uruguay,Río de la Plata,Altura hidrométrica,2,,puntos_FDelta,,-33.9017,-58.4268,True,72,2026-08-31T01:00:00.000Z,
25481,1843,Uruguay,Río de la Plata,Caudal medio diario,40,,puntos_FDelta,,-33.9017,-58.4268,,,,
26436,1877,Paraná Miní,Paraná Miní,Altura hidrométrica media diaria,39,,ina_delta,,-34.185121,-58.501874,False,0,,
6133,1878,Santa Cruz - Charles Fuhr,Santa Cruz,Caudal,4,,alturas_bdhi,,-50.2521111111111,-71.9078055555556,,,,
6132,1879,LAGO VIEDMA - LAGO VIEDMA,Lago Viedma,Altura hidrométrica,2,,alturas_bdhi,,-49.3943333333333,-72.8693055555556,,,,
29919,1879,LAGO VIEDMA - LAGO VIEDMA,Lago Viedma,Altura hidrométrica media diaria,39,,alturas_bdhi,,-49.3943333333333,-72.8693055555556,,,,
6134,1880,LAGO SAN MARTIN - BRAZO CHACABUCO,Lago San Martin,Altura hidrométrica,2,,alturas_bdhi,,-49.1239444444444,-72.4856388888889,False,0,,
6136,1882,Deseado - Ruta Provincial Nº47,Deseado,Altura hidrométrica,2,,alturas_bdhi,,-47.8289916666667,-66.5928444444444,,,,
6139,1883,Oro - Camino a Ñires,Oro,Altura hidrométrica,2,,alturas_bdhi,,-47.4203722222222,-71.9429277777778,,,,
6141,1884,Deseado-Ruta Provincial Nº 039,Deseado,Altura hidrométrica,2,,alturas_bdhi,,-46.726525,-69.5937666666667,,,,
6142,1884,Deseado-Ruta Provincial Nº 039,Deseado,Caudal,4,,alturas_bdhi,,-46.726525,-69.5937666666667,,,,
29916,1884,Deseado-Ruta Provincial Nº 039,Deseado,Altura hidrométrica media diaria,39,,alturas_bdhi,,-46.726525,-69.5937666666667,,,,
6144,1885,LAGO ARGENTINO - CALAFATE,Lago Argentino,Altura hidrométrica,2,,alturas_bdhi,,-50.32,-72.261,,,,
29917,1885,LAGO ARGENTINO - CALAFATE,Lago Argentino,Altura hidrométrica media diaria,39,,alturas_bdhi,,-50.32,-72.261,False,0,,
29922,1886,LAGO PUEYRREDON - LAGO PUEYRREDON,Lago Pueyrredón,Altura hidrométrica media diaria,39,,alturas_bdhi,,-47.3759166666667,-71.9675833333333,False,0,,
6146,1887,LAGO THAR - EA SANTA ANGELICA,Lago Thar,Altura hidrométrica,2,,alturas_bdhi,,-49.2693055555556,-71.9960833333333,False,0,,
6147,1888,Gallegos - Puente Blanco,Gallegos,Altura hidrométrica,2,,alturas_bdhi,,-51.8948055555556,-71.5975277777778,False,0,,
29924,1888,Gallegos - Puente Blanco,Gallegos,Altura hidrométrica media diaria,39,,alturas_bdhi,,-51.8948055555556,-71.5975277777778,,,,
6154,1891,Gallegos - Toma de Agua SP,Gallegos,Altura hidrométrica,2,,alturas_bdhi,,-51.6883444444444,-69.6554388888889,,,,
6155,1891,Gallegos - Toma de Agua SP,Gallegos,Caudal,4,,alturas_bdhi,,-51.6883444444444,-69.6554388888889,,,,
6157,1892,CENTINELA - RUTA PROVINCIAL Nº 070,Centinela,Altura hidrométrica,2,,alturas_bdhi,,-50.3519722222222,-72.5059444444444,,,,
29928,1892,CENTINELA - RUTA PROVINCIAL Nº 070,Centinela,Altura hidrométrica media diaria,39,,alturas_bdhi,,-50.3519722222222,-72.5059444444444,False,0,,
6161,1893,Chico - Gregores,Chico,Caudal,4,,alturas_bdhi,,-48.7520083333333,-70.32075,False,0,,
6167,1896,LA LEONA - LA LEONA,La Leona,Altura hidrométrica,2,,alturas_bdhi,,-49.7971944444444,-72.0640277777778,,,,
6168,1896,LA LEONA - LA LEONA,La Leona,Caudal,4,,alturas_bdhi,,-49.7971944444444,-72.0640277777778,,,,
6170,1897,Vizcachas - Cerro Palique,Vizcachas,Altura hidrométrica,2,,alturas_bdhi,,-50.99605,-72.1065722222222,,,,
6174,1898,De las Vueltas - Parque Nac. los Glaciares,De las Vueltas,Caudal,4,,alturas_bdhi,,-49.3432777777778,-72.8607222222222,,,,
29934,1898,De las Vueltas - Parque Nac. los Glaciares,De las Vueltas,Altura hidrométrica media diaria,39,,alturas_bdhi,,-49.3432777777778,-72.8607222222222,,,,
6177,1899,Los Antiguos - Ruta Provincial Nº 043,Los Antiguos,Caudal,4,,alturas_bdhi,,-46.554075,-71.6396138888889,,,,
29935,1899,Los Antiguos - Ruta Provincial Nº 043,Los Antiguos,Altura hidrométrica media diaria,39,,alturas_bdhi,,-46.554075,-71.6396138888889,,,,
6179,1900,LAGO BUENOS AIRES - LOS ANTIGUOS,Lago Buenos Aires,Altura hidrométrica,2,,alturas_bdhi,,-46.5387777777778,-71.6096944444444,False,0,,
29936,1900,LAGO BUENOS AIRES - LOS ANTIGUOS,Lago Buenos Aires,Altura hidrométrica media diaria,39,,alturas_bdhi,,-46.5387777777778,-71.6096944444444,,,,
29940,1904,Foyel - Ruta Nacional Nº 258,Foyel,Altura hidrométrica media diaria,39,,alturas_bdhi,,-41.7132777777778,-71.4414166666667,,,,
29941,1905,LAGO ESCONDIDO - EL FOYEL,Lago Escondido,Altura hidrométrica media diaria,39,,alturas_bdhi,,-41.6997222222222,-71.6172222222222,,,,
29942,1906,MANSO - MANSO INFERIOR,Manso,Altura hidrométrica media diaria,39,,alturas_bdhi,,-41.556,-71.7804166666667,,,,
6194,1907,Azul - El Azul,Quemquentreu ,Altura hidrométrica,2,,alturas_bdhi,,-41.9526805555556,-71.5392111111111,,,,
29943,1907,Azul - El Azul,Quemquentreu ,Altura hidrométrica media diaria,39,,alturas_bdhi,,-41.9526805555556,-71.5392111111111,,,,
6197,1908,QUEMQUEMTREU - ESCUELA Nº 139,Quemquentreu ,Altura hidrométrica,2,,alturas_bdhi,,-41.89825,-71.5022222222222,False,0,,
6200,1909,FOYEL - CONFLUENCIA CON EL MANSO,Foyel,Altura hidrométrica,2,,alturas_bdhi,,-41.6008055555556,-71.7153888888889,False,0,,
29945,1909,FOYEL - CONFLUENCIA CON EL MANSO,Foyel,Altura hidrométrica media diaria,39,,alturas_bdhi,,-41.6008055555556,-71.7153888888889,,,,
6203,1910,Manso - Lago Steffen,Manso,Altura hidrométrica,2,,alturas_bdhi,,-41.5159361111111,-71.5364027777778,False,0,,
6204,1910,Manso - Lago Steffen,Manso,Caudal,4,,alturas_bdhi,,-41.5159361111111,-71.5364027777778,,,,
29946,1910,Manso - Lago Steffen,Manso,Altura hidrométrica media diaria,39,,alturas_bdhi,,-41.5159361111111,-71.5364027777778,,,,
6206,1911,Villegas - Ruta Nacional Nº 258,Villegas,Altura hidrométrica,2,,alturas_bdhi,,-41.5800833333333,-71.4999444444445,,,,
29947,1911,Villegas - Ruta Nacional Nº 258,Villegas,Altura hidrométrica media diaria,39,,alturas_bdhi,,-41.5800833333333,-71.4999444444445,,,,
6209,1912,AZUL - PUESTO 1,Azul,Altura hidrométrica,2,,alturas_bdhi,,-41.9588333333333,-71.5659722222222,,,,
29949,1913,RAQUEL - EL AZUL,Raquel,Altura hidrométrica media diaria,39,,alturas_bdhi,,-41.9258333333333,-71.5580555555556,,,,
29950,1914,EL TERNERO - CUESTA DEL TERNERO,El Ternero,Altura hidrométrica media diaria,39,,alturas_bdhi,,-41.9532222222222,-71.3819166666667,,,,
6216,1915,Escondido - El Foyel,Escondido,Caudal,4,,alturas_bdhi,,-41.6797777777778,-71.5652777777778,,,,
29951,1915,Escondido - El Foyel,Escondido,Altura hidrométrica media diaria,39,,alturas_bdhi,,-41.6797777777778,-71.5652777777778,,,,
6218,1916,MANSO - POBLADOR TURRA,Manso,Altura hidrométrica,2,,alturas_bdhi,,-41.5935277777778,-71.5208888888889,,,,
6220,1917,Paraguay - Isla del Cerrito,Paraguay,Altura hidrométrica,2,,alturas_bdhi,,-27.2890194444444,-58.6096333333333,,,,
6222,1918,POTRERO-RUTA PROVINCIAL Nº 001,Potrero,Caudal,4,,alturas_bdhi,,-31.5123333333333,-60.4624166666667,,,,
29955,1922,Los Amores - Ruta Nacional Nº 011,Los Amores,Altura hidrométrica media diaria,39,,alturas_bdhi,,-28.5559444444444,-59.3558055555556,False,0,,
29956,1923,LEYES - RUTA PROVINCIAL Nº 001,Leyes,Altura hidrométrica media diaria,39,,alturas_bdhi,,-31.4948055555556,-60.4251111111111,,,,
6235,1924,Saladillo Amargo - Vera Mujica (RP 281),Saladillo Amargo,Altura hidrométrica,2,,alturas_bdhi,,-30.8419444444444,-60.4116388888889,,,,
6236,1924,Saladillo Amargo - Vera Mujica (RP 281),Saladillo Amargo,Caudal,4,,alturas_bdhi,,-30.8419444444444,-60.4116388888889,False,0,,
29957,1924,Saladillo Amargo - Vera Mujica (RP 281),Saladillo Amargo,Altura hidrométrica media diaria,39,,alturas_bdhi,,-30.8419444444444,-60.4116388888889,,,,
6244,1927,San Javier - Romang,San Javier,Altura hidrométrica,2,,alturas_bdhi,,-29.5051111111111,-59.7397222222222,False,0,,
29958,1927,San Javier - Romang,San Javier,Altura hidrométrica media diaria,39,,alturas_bdhi,,-29.5051111111111,-59.7397222222222,False,0,,
6246,1928,MALABRIGO - RUTA PROVINCIAL Nº 088 S,Malabrigo,Caudal,4,,alturas_bdhi,,-29.3649722222222,-59.7778888888889,False,0,,
6248,1929,El Toba - Margarita,El Toba,Caudal,4,,alturas_bdhi,,-29.7300555555556,-60.0075833333333,,,,
6252,1931,El Rey - Ruta Nacional Nº 011,El Rey,Altura hidrométrica,2,,alturas_bdhi,,-29.1333333333333,-59.6546944444444,,,,
29963,1932,Coronda - Batallón 601,Coronda,Altura hidrométrica media diaria,39,,alturas_bdhi,,-31.6940555555556,-60.7459722222222,,,,
6254,1933,Tapenagá - Florencia,Tapenagá,Altura hidrométrica,2,,alturas_bdhi,,-28.029,-59.2250277777778,,,,
29964,1933,Tapenagá - Florencia,Tapenagá,Altura hidrométrica media diaria,39,,alturas_bdhi,,-28.029,-59.2250277777778,False,0,,
6260,1935,SAN JAVIER - CAYASTÁ,San Javier,Altura hidrométrica,2,,alturas_bdhi,,-31.1981944444444,-60.1568611111111,False,0,,
29966,1939,San Javier - Helvecia,San Javier,Altura hidrométrica media diaria,39,,alturas_bdhi,,-31.1041666666667,-60.0835277777778,,,,
6274,1940,Saladillo Dulce - La Noria (RP 281),Saladillo Dulce,Caudal,4,,alturas_bdhi,,-30.8548333333333,-60.2821944444444,,,,
29967,1940,Saladillo Dulce - La Noria (RP 281),Saladillo Dulce,Altura hidrométrica media diaria,39,,alturas_bdhi,,-30.8548333333333,-60.2821944444444,,,,
6277,1942,Paraná - Timbúes,Paraná,Altura hidrométrica,2,,alturas_bdhi,,-32.6583333333333,-60.7305555555556,,,,
29969,1942,Paraná - Timbúes,Paraná,Altura hidrométrica media diaria,39,,alturas_bdhi,,-32.6583333333333,-60.7305555555556,,,,
6280,1943,Laguna La Picasa - RN33,Laguna La Picasa,Altura hidrométrica,2,,alturas_bdhi,,-34.3268111111111,-62.8114583333333,,,,
6285,1945,Canal Línea Paraná - Rp Nº 3,Canal lí­nea Paraná,Altura hidrométrica,2,,alturas_bdhi,,-28.1103888888889,-59.9758055555556,,,,
29972,1947,SAN JAVIER - SANTA ROSA,San Javier,Altura hidrométrica media diaria,39,,alturas_bdhi,,-31.4176111111111,-60.3294444444444,False,0,,
29973,1948,EL MONJE - ZONA RURAL,El Monje,Altura hidrométrica media diaria,39,,alturas_bdhi,,-32.384,-60.9087777777778,,,,
6297,1951,San Javier - Saladero Cabal,San Javier,Altura hidrométrica,2,,alturas_bdhi,,-30.8805833333333,-60.0343888888889,,,,
6298,1952,SANTA RITA - RUTA PROVINCIAL Nº 001,Santa Rita,Altura hidrométrica,2,,alturas_bdhi,,-31.4945,-60.4409166666667,,,,
29975,1952,SANTA RITA - RUTA PROVINCIAL Nº 001,Santa Rita,Altura hidrométrica media diaria,39,,alturas_bdhi,,-31.4945,-60.4409166666667,,,,
6301,1953,Salado - Agua Abajo Azud Colonia Dora,Salado,Altura hidrométrica,2,,alturas_bdhi,,-28.5583833333333,-62.8868472222222,False,0,,
6302,1954,Salado - Suncho Corral,Salado,Altura hidrométrica,2,,alturas_bdhi,,-27.940175,-63.4397944444444,,,,
29977,1954,Salado - Suncho Corral,Salado,Altura hidrométrica media diaria,39,,alturas_bdhi,,-27.940175,-63.4397944444444,,,,
6308,1956,Dulce - Dique los Quiroga,Dulce,Altura hidrométrica,2,,alturas_bdhi,,-27.651,-64.3626138888889,,,,
29979,1956,Dulce - Dique los Quiroga,Dulce,Altura hidrométrica media diaria,39,,alturas_bdhi,,-27.651,-64.3626138888889,,,,
6309,1957,Salado - El Arenal,Salado,Altura hidrométrica,2,,alturas_bdhi,,-26.3742194444444,-63.7244055555556,False,0,,
6310,1957,Salado - El Arenal,Salado,Caudal,4,,alturas_bdhi,,-26.3742194444444,-63.7244055555556,,,,
29980,1957,Salado - El Arenal,Salado,Altura hidrométrica media diaria,39,,alturas_bdhi,,-26.3742194444444,-63.7244055555556,,,,
6312,1958,Canal de Dios - Canal de Dios,Canal de Dios,Altura hidrométrica,2,,alturas_bdhi,,-25.6107777777778,-63.9480583333333,,,,
6315,1959,Dulce - Tuhama,Dulce,Altura hidrométrica,2,,alturas_bdhi,,-28.0147222222222,-64.0979166666667,,,,
29982,1959,Dulce - Tuhama,Dulce,Altura hidrométrica media diaria,39,,alturas_bdhi,,-28.0147222222222,-64.0979166666667,,,,
6318,1960,Carcaraña - Cruz Alta,Carcaraña,Caudal,4,,alturas_bdhi,,-33.0056194444444,-61.787425,,,,
29984,1961,EL DURAZNO - LA FLORIDA,El durazno,Altura hidrométrica media diaria,39,,alturas_bdhi,,-32.2333333333333,-64.7833333333333,False,0,,
6324,1963,Miraflores - Sayate,Miraflores,Altura hidrométrica,2,,alturas_bdhi,,-22.9008333333333,-65.8494444444444,,,,
29986,1963,Miraflores - Sayate,Miraflores,Altura hidrométrica media diaria,39,,alturas_bdhi,,-22.9008333333333,-65.8494444444444,False,0,,
6326,1964,San Francisco - Caimancito,San Francisco,Altura hidrométrica,2,,alturas_bdhi,,-23.7120555555556,-64.5395833333333,,,,
6327,1964,San Francisco - Caimancito,San Francisco,Caudal,4,,alturas_bdhi,,-23.7120555555556,-64.5395833333333,,,,
29987,1964,San Francisco - Caimancito,San Francisco,Altura hidrométrica media diaria,39,,alturas_bdhi,,-23.7120555555556,-64.5395833333333,,,,
35885,1964,San Francisco - Caimancito,San Francisco,Caudal medio diario,40,,alturas_bdhi,,-23.7120555555556,-64.5395833333333,False,0,,
6329,1965,Iruya - San José,Iruya,Caudal,4,,alturas_bdhi,,-22.8655,-64.7036388888889,False,0,,
29685,1966,Bermejo - Aguas Blancas,Bermejo,Altura hidrométrica media diaria,39,,alturas_bdhi,,-22.7249,-64.3646055555556,,,,
6335,1967,JURAMENTO - EL TUNAL,Juramento,Caudal,4,,alturas_bdhi,,-25.2266666666667,-64.4769444444444,,,,
43052,1967,JURAMENTO - EL TUNAL,Juramento,Caudal medio diario,40,,alturas_bdhi,,-25.2266666666667,-64.4769444444444,,,,
6338,1968,Canal Macapillo - Macapillo,Canal Macapillo,Caudal,4,,alturas_bdhi,,-25.4134805555556,-63.9761555555556,,,,
6340,1969,BERMEJO - POZO SARMIENTO,Bermejo,Altura hidrométrica,2,,alturas_bdhi,,-23.2166666666667,-64.2,,,,
6341,1969,BERMEJO - POZO SARMIENTO,Bermejo,Caudal,4,,alturas_bdhi,,-23.2166666666667,-64.2,,,,
35884,1969,BERMEJO - POZO SARMIENTO,Bermejo,Caudal medio diario,40,,alturas_bdhi,,-23.2166666666667,-64.2,,,,
6343,1970,Bermejo - Balapuca,Bermejo,Altura hidrométrica,2,,alturas_bdhi,,-22.4924722222222,-64.4635555555556,,,,
6344,1970,Bermejo - Balapuca,Bermejo,Caudal,4,,alturas_bdhi,,-22.4924722222222,-64.4635555555556,False,0,,
29993,1971,Bermejo - Alarache,Bermejo,Altura hidrométrica media diaria,39,,alturas_bdhi,,-22.2492777777778,-64.58675,,,,
6350,1973,PESCADO - CUATRO CEDROS,Pescado,Altura hidrométrica,2,,alturas_bdhi,,-22.8,-64.4833333333333,,,,
29994,1973,PESCADO - CUATRO CEDROS,Pescado,Altura hidrométrica media diaria,39,,alturas_bdhi,,-22.8,-64.4833333333333,,,,
6351,1974,Arenales - El Encon,Arenales,Altura hidrométrica,2,,alturas_bdhi,,-24.8423055555556,-65.59325,False,0,,
29995,1974,Arenales - El Encon,Arenales,Altura hidrométrica media diaria,39,,alturas_bdhi,,-24.8423055555556,-65.59325,,,,
6353,1975,Canal Finca Agropecuaria - Finca Agropecuaria,Canal Finca Agropecuaria,Altura hidrométrica,2,,alturas_bdhi,,-25.1608111111111,-64.1060111111111,,,,
6354,1975,Canal Finca Agropecuaria - Finca Agropecuaria,Canal Finca Agropecuaria,Caudal,4,,alturas_bdhi,,-25.1608111111111,-64.1060111111111,,,,
6356,1976,TARIJA - SAN TELMO,Tarija,Altura hidrométrica,2,,alturas_bdhi,,-22.5711111111111,-64.24,,,,
6357,1976,TARIJA - SAN TELMO,Tarija,Caudal,4,,alturas_bdhi,,-22.5711111111111,-64.24,,,,
29998,1978,Pilcomayo - La Paz,Pilcomayo,Altura hidrométrica media diaria,39,,alturas_bdhi,,-22.3775,-62.5234722222222,,,,
6363,1978,Pilcomayo - La Paz,Pilcomayo,Caudal medio diario,40,,alturas_bdhi,,-22.3775,-62.5234722222222,,,,
6365,1979,De las Conchas - La Punilla,De las Conchas,Altura hidrométrica,2,,alturas_bdhi,,-26.0119194444444,-65.8231138888889,,,,
29999,1979,De las Conchas - La Punilla,De las Conchas,Altura hidrométrica media diaria,39,,alturas_bdhi,,-26.0119194444444,-65.8231138888889,,,,
6369,1980,JURAMENTO - EL QUEBRACHAL,Juramento,Caudal,4,,alturas_bdhi,,-25.3438888888889,-64.0455555555556,False,0,,
6371,1981,Senguerr - Facundo,Senguerr,Altura hidrométrica,2,,alturas_bdhi,,-45.3192777777778,-69.9477694444444,,,,
30001,1981,Senguerr - Facundo,Senguerr,Altura hidrométrica media diaria,39,,alturas_bdhi,,-45.3192777777778,-69.9477694444444,,,,
6375,1983,CHUBUT - EL MAITÉN,Chubut,Caudal,4,,alturas_bdhi,,-42.0997222222222,-71.1699444444445,,,,
30003,1983,CHUBUT - EL MAITÉN,Chubut,Altura hidrométrica media diaria,39,,alturas_bdhi,,-42.0997222222222,-71.1699444444445,,,,
30005,1985,CHUBUT - TRELEW,Chubut,Altura hidrométrica media diaria,39,,alturas_bdhi,,-43.2760194444444,-65.2734305555555,,,,
30006,1986,CHUBUT - GUALJAINA,Chubut,Altura hidrométrica media diaria,39,,alturas_bdhi,,-42.6097222222222,-70.3844444444445,,,,
6385,1987,GUALJAINA - GUALJAINA,Gualjaina,Altura hidrométrica,2,,alturas_bdhi,,-42.6534444444444,-70.4387777777778,,,,
6389,1989,ARRAYANES - LAGO VERDE,Arrayanes,Altura hidrométrica,2,,alturas_bdhi,,-42.7441666666667,-71.7416666666667,False,0,,
6390,1989,ARRAYANES - LAGO VERDE,Arrayanes,Caudal,4,,alturas_bdhi,,-42.7441666666667,-71.7416666666667,False,0,,
30009,1989,ARRAYANES - LAGO VERDE,Arrayanes,Altura hidrométrica media diaria,39,,alturas_bdhi,,-42.7441666666667,-71.7416666666667,,,,
6392,1990,SITUACIÓN - ESCUELA Nº 90,Situación,Altura hidrométrica,2,,alturas_bdhi,,-43.1325,-71.5547222222222,,,,
6398,1991,CARRILEUFÚ - CHOLILA,Carrileufú,Caudal,4,,alturas_bdhi,,-42.4955555555556,-71.5411111111111,,,,
30012,1992,LAGO VINTER - VINTER,Lago Vinter,Altura hidrométrica media diaria,39,,alturas_bdhi,,-43.9195,-71.4284444444445,,,,
6401,1993,FONTANA - ESTANCIA AMANCAY,Fontana,Altura hidrométrica,2,,alturas_bdhi,,-42.9913888888889,-71.5586111111111,,,,
6402,1993,FONTANA - ESTANCIA AMANCAY,Fontana,Caudal,4,,alturas_bdhi,,-42.9913888888889,-71.5586111111111,,,,
30013,1993,FONTANA - ESTANCIA AMANCAY,Fontana,Altura hidrométrica media diaria,39,,alturas_bdhi,,-42.9913888888889,-71.5586111111111,False,0,,
6404,1994,MENENDEZ - PUERTO CHUCAO,Menendez,Altura hidrométrica,2,,alturas_bdhi,,-42.7308333333333,-71.7580555555556,,,,
30014,1994,MENENDEZ - PUERTO CHUCAO,Menendez,Altura hidrométrica media diaria,39,,alturas_bdhi,,-42.7308333333333,-71.7580555555556,,,,
6405,1995,NAHUEL PAN - BOQUETE NAHUEL PAN,Nahuel Pan,Altura hidrométrica,2,,alturas_bdhi,,-43.0838888888889,-71.2541944444445,,,,
30015,1995,NAHUEL PAN - BOQUETE NAHUEL PAN,Nahuel Pan,Altura hidrométrica media diaria,39,,alturas_bdhi,,-43.0838888888889,-71.2541944444445,,,,
6406,1996,LAGO PUELO - LAGO PUELO,Puelo,Altura hidrométrica,2,,alturas_bdhi,,-42.0983333333333,-71.6161111111111,,,,
30016,1996,LAGO PUELO - LAGO PUELO,Puelo,Altura hidrométrica media diaria,39,,alturas_bdhi,,-42.0983333333333,-71.6161111111111,,,,
6408,1997,HUEMUL - CORCOVADO,Huemul,Altura hidrométrica,2,,alturas_bdhi,,-43.5366666666667,-71.4738888888889,,,,
6409,1997,HUEMUL - CORCOVADO,Huemul,Caudal,4,,alturas_bdhi,,-43.5366666666667,-71.4738888888889,,,,
30017,1997,HUEMUL - CORCOVADO,Huemul,Altura hidrométrica media diaria,39,,alturas_bdhi,,-43.5366666666667,-71.4738888888889,,,,
6411,1998,CARRENLEUFÚ - PUENTE DE HIERRO,Carrenleufú,Altura hidrométrica,2,,alturas_bdhi,,-43.5441111111111,-71.4861388888889,,,,
6412,1998,CARRENLEUFÚ - PUENTE DE HIERRO,Carrenleufú,Caudal,4,,alturas_bdhi,,-43.5441111111111,-71.4861388888889,False,0,,
30019,1999,LEPÁ - GUALJAINA,Lepá,Altura hidrométrica media diaria,39,,alturas_bdhi,,-42.7323888888889,-70.5477833333333,False,0,,
6424,2002,FUTALEUFÚ - PUESTO RIOS,Futaleufú,Caudal,4,,alturas_bdhi,,-43.1747777777778,-71.6236944444444,,,,
6426,2003,PUELO - HITO FRONTERIZO,Puelo,Altura hidrométrica,2,,alturas_bdhi,,-42.1055555555556,-71.7247222222222,False,0,,
30023,2003,PUELO - HITO FRONTERIZO,Puelo,Altura hidrométrica media diaria,39,,alturas_bdhi,,-42.1055555555556,-71.7247222222222,False,0,,
6429,2004,NANTY FALL - RUTA A CHILE,Nanty Fall,Altura hidrométrica,2,,alturas_bdhi,,-43.1655555555556,-71.5142777777778,,,,
6430,2004,NANTY FALL - RUTA A CHILE,Nanty Fall,Caudal,4,,alturas_bdhi,,-43.1655555555556,-71.5142777777778,False,0,,
6432,2005,EPUYÉN - MUELLE,Epuyén,Altura hidrométrica,2,,alturas_bdhi,,-42.2088888888889,-71.4275,,,,
30025,2005,EPUYÉN - MUELLE,Epuyén,Altura hidrométrica media diaria,39,,alturas_bdhi,,-42.2088888888889,-71.4275,False,0,,
30026,2006,FUTALEUFÚ - EMBALSE,Futaleufú,Altura hidrométrica media diaria,39,,alturas_bdhi,,-43.1094444444444,-71.6541944444445,,,,
6438,2008,LAGO MUSTERS - EL FORTÍN,Lago Musters,Altura hidrométrica,2,,alturas_bdhi,,-45.5766666666667,-69.2716666666667,False,0,,
30028,2008,LAGO MUSTERS - EL FORTÍN,Lago Musters,Altura hidrométrica media diaria,39,,alturas_bdhi,,-45.5766666666667,-69.2716666666667,,,,
6439,2009,SENGUERR - PUENTE CAMINO BUEN PASTO,Senguerr,Altura hidrométrica,2,,alturas_bdhi,,-45.5638888888889,-69.0627777777778,False,0,,
30030,2010,MAYO - PASO RIO MAYO,RÃ­o Mayo,Altura hidrométrica media diaria,39,,alturas_bdhi,,-45.6815888888889,-70.2536166666667,,,,
6445,2011,Chubut - Paso del Sapo,Chubut,Altura hidrométrica,2,,alturas_bdhi,,-42.7408055555556,-69.5948055555556,,,,
6448,2012,Chubut - Los Altares,Chubut,Altura hidrométrica,2,,alturas_bdhi,,-43.8883805555556,-68.3993916666667,,,,
6449,2012,Chubut - Los Altares,Chubut,Caudal,4,,alturas_bdhi,,-43.8883805555556,-68.3993916666667,,,,
30032,2012,Chubut - Los Altares,Chubut,Altura hidrométrica media diaria,39,,alturas_bdhi,,-43.8883805555556,-68.3993916666667,,,,
30033,2013,Carrenleufú - Jaramillo,Carrenleufú,Altura hidrométrica media diaria,39,,alturas_bdhi,,-43.8423888888889,-71.2339444444444,False,0,,
6453,2014,CARRENLEUFÚ - LAGO VINTER,Carrenleufú,Altura hidrométrica,2,,alturas_bdhi,,-43.8995277777778,-71.4188888888889,False,0,,
6454,2014,CARRENLEUFÚ - LAGO VINTER,Carrenleufú,Caudal,4,,alturas_bdhi,,-43.8995277777778,-71.4188888888889,False,0,,
30034,2014,CARRENLEUFÚ - LAGO VINTER,Carrenleufú,Altura hidrométrica media diaria,39,,alturas_bdhi,,-43.8995277777778,-71.4188888888889,,,,
30035,2015,Pico - Frontera,Río Pico,Altura hidrométrica media diaria,39,,alturas_bdhi,,-44.2403611111111,-71.6599444444444,,,,
30036,2016,ESQUEL - ESTANCIA EL PRINCIPIO,Esquel,Altura hidrométrica media diaria,39,,alturas_bdhi,,-42.9582027777778,-71.3844444444445,False,0,,
6461,2017,BAGGLITS - RUTA A CHILE,BAGGLITS ,Caudal,4,,alturas_bdhi,,-43.1989444444444,-71.5678055555556,,,,
30037,2017,BAGGLITS - RUTA A CHILE,BAGGLITS ,Altura hidrométrica media diaria,39,,alturas_bdhi,,-43.1989444444444,-71.5678055555556,False,0,,
6467,2020,Senguerr-Los Molinos,Senguerr,Altura hidrométrica,2,,alturas_bdhi,,-45.9861,-69.4748944444444,,,,
6468,2020,Senguerr-Los Molinos,Senguerr,Caudal,4,,alturas_bdhi,,-45.9861,-69.4748944444444,False,0,,
30040,2020,Senguerr-Los Molinos,Senguerr,Altura hidrométrica media diaria,39,,alturas_bdhi,,-45.9861,-69.4748944444444,,,,
6470,2021,COHIHUES - PARQUE NAC. LOS ALERCES,Cohihues,Altura hidrométrica,2,,alturas_bdhi,,-42.9719444444444,-71.5788888888889,,,,
6473,2022,EPUYÉN - LA ANGOSTURA,Epuyén,Altura hidrométrica,2,,alturas_bdhi,,-42.1888888888889,-71.4,,,,
6477,2023,CARRENLEUFÚ - LA ELENA,Carrenleufú,Caudal,4,,alturas_bdhi,,-43.6838888888889,-71.3008611111111,,,,
30043,2023,CARRENLEUFÚ - LA ELENA,Carrenleufú,Altura hidrométrica media diaria,39,,alturas_bdhi,,-43.6838888888889,-71.3008611111111,,,,
30044,2024,Chubut - Valle Inferior,Chubut,Altura hidrométrica media diaria,39,,alturas_bdhi,,-43.2930916666667,-65.4985333333333,,,,
6481,2025,Piray Miní - Valle Hermoso,Piray Miní,Altura hidrométrica,2,,alturas_bdhi,,-26.355,-54.4982222222222,,,,
30045,2025,Piray Miní - Valle Hermoso,Piray Miní,Altura hidrométrica media diaria,39,,alturas_bdhi,,-26.355,-54.4982222222222,,,,
35452,2025,Piray Miní - Valle Hermoso,Piray Miní,Caudal medio diario,40,,alturas_bdhi,,-26.355,-54.4982222222222,,,,
6484,2026,Piray Guazú - Pinar Ciba,Piray Guazú,Altura hidrométrica,2,,alturas_bdhi,,-26.512,-54.4538333333333,,,,
30046,2026,Piray Guazú - Pinar Ciba,Piray Guazú,Altura hidrométrica media diaria,39,,alturas_bdhi,,-26.512,-54.4538333333333,,,,
35454,2026,Piray Guazú - Pinar Ciba,Piray Guazú,Caudal medio diario,40,,alturas_bdhi,,-26.512,-54.4538333333333,,,,
6487,2027,Paraná - Puerto Rico,Paraná,Altura hidrométrica,2,,alturas_bdhi,,-26.7917222222222,-55.0240833333333,False,0,,
30047,2027,Paraná - Puerto Rico,Paraná,Altura hidrométrica media diaria,39,,alturas_bdhi,,-26.7917222222222,-55.0240833333333,,,,
30048,2028,Paraná - Puerto Maní,Paraná,Altura hidrométrica media diaria,39,,alturas_bdhi,,-27.1063611111111,-55.5221666666667,,,,
6491,2029,Uruguay - El Soberbio,Uruguay,Caudal,4,,alturas_bdhi,,-27.2985833333333,-54.1935833333333,,,,
30049,2029,Uruguay - El Soberbio,Uruguay,Altura hidrométrica media diaria,39,,alturas_bdhi,,-27.2985833333333,-54.1935833333333,,,,
6493,2030,Iguazú - Puerto Iguazú,Iguazú,Altura hidrométrica,2,,alturas_bdhi,,-25.59325,-54.5798611111111,False,0,,
30050,2030,Iguazú - Puerto Iguazú,Iguazú,Altura hidrométrica media diaria,39,,alturas_bdhi,,-25.59325,-54.5798611111111,False,0,,
30051,2031,Yabebiry - Colonia Mártires,Yabebiry,Altura hidrométrica media diaria,39,,alturas_bdhi,,-27.4011944444444,-55.3349722222222,,,,
6497,2032,Piray Guazú - Puente Viejo- RN 12,Piray Guazú,Altura hidrométrica,2,,alturas_bdhi,,-26.4860833333333,-54.5888333333333,,,,
30053,2033,Uruguay - Puerto Concepción,Uruguay,Altura hidrométrica media diaria,39,,alturas_bdhi,,-28.1187777777778,-55.581,,,,
6501,2035,Iguazú - Puerto Andresito,Iguazú,Caudal,4,,alturas_bdhi,,-25.5905555555556,-53.995,,,,
6503,2036,Paraná - Puerto Libertad,Paraná,Altura hidrométrica,2,,alturas_bdhi,,-25.9165833333333,-54.62075,False,0,,
6504,2036,Paraná - Puerto Libertad,Paraná,Caudal,4,,alturas_bdhi,,-25.9165833333333,-54.62075,,,,
30056,2036,Paraná - Puerto Libertad,Paraná,Altura hidrométrica media diaria,39,,alturas_bdhi,,-25.9165833333333,-54.62075,,,,
29376,2037,Uruguay - San Javier,Uruguay,Altura hidrométrica,2,,alturas_bdhi,,-27.8690833333333,-55.13025,,,,
29377,2037,Uruguay - San Javier,Uruguay,Caudal,4,,alturas_bdhi,,-27.8690833333333,-55.13025,,,,
35456,2038,Paranay - El Alcazar,Paranay,Caudal medio diario,40,,alturas_bdhi,,-26.75075,-54.7563333333333,False,0,,
35448,2038,Paranay - El Alcazar,Paranay,Caudal medio diario,40,,alturas_bdhi,,-26.75075,-54.7563333333333,,,,
6510,2039,Uruguay - Pepirí Miní­,Uruguay,Altura hidrométrica,2,,alturas_bdhi,,-27.1535555555556,-53.9329166666667,,,,
30060,2040,Iguazú - Perfil Tipo,Iguazú,Altura hidrométrica media diaria,39,,alturas_bdhi,,-25.6766666666667,-54.4214444444444,,,,
6512,2041,Paraguay - Puerto Formosa,Paraguay,Altura hidrométrica,2,,alturas_bdhi,,-26.1831944444444,-58.1620277777778,False,0,,
6513,2041,Paraguay - Puerto Formosa,Paraguay,Caudal,4,,alturas_bdhi,,-26.1831944444444,-58.1620277777778,,,,
30061,2041,Paraguay - Puerto Formosa,Paraguay,Altura hidrométrica media diaria,39,,alturas_bdhi,,-26.1831944444444,-58.1620277777778,,,,
6516,2042,Pilagá - Rn Nº 11,Pilagá,Caudal,4,,alturas_bdhi,,-25.9846944444444,-58.1631666666667,,,,
30063,2043,Paraguay - La Herradura,Paraguay,Altura hidrométrica media diaria,39,,alturas_bdhi,,-26.5366055555556,-58.2296555555556,,,,
30064,2044,Bermejo - Puerto Velaz,Bermejo,Altura hidrométrica media diaria,39,,alturas_bdhi,,-26.6604444444444,-58.6339444444444,,,,
6520,2045,Pilcomayo - Puesto Jerez,Pilcomayo,Altura hidrométrica,2,,alturas_bdhi,,-22.7281111111111,-62.2133888888889,False,0,,
30065,2045,Pilcomayo - Puesto Jerez,Pilcomayo,Altura hidrométrica media diaria,39,,alturas_bdhi,,-22.7281111111111,-62.2133888888889,,,,
6521,2046,El Colorado,Bermejo,Altura hidrométrica,2,,alturas_bdhi,,-26.3342777777778,-59.3624166666667,,,,
6522,2046,El Colorado,Bermejo,Caudal,4,,alturas_bdhi,,-26.3342777777778,-59.3624166666667,,,,
35886,2046,El Colorado,Bermejo,Caudal medio diario,40,,alturas_bdhi,,-26.3342777777778,-59.3624166666667,,,,
30067,2047,Pilcomayo - Puerto Pilcomayo,Pilcomayo,Altura hidrométrica media diaria,39,,alturas_bdhi,,-25.372,-57.6503055555556,False,0,,
35888,2047,Pilcomayo - Puerto Pilcomayo,Pilcomayo,Caudal medio diario,40,,alturas_bdhi,,-25.372,-57.6503055555556,,,,
6529,2049,Paraná - Tunel Subfluvial,Paraná,Altura hidrométrica,2,,alturas_bdhi,,-31.7198611111111,-60.5175277777778,,,,
6530,2049,Paraná - Tunel Subfluvial,Paraná,Caudal,4,,alturas_bdhi,,-31.7198611111111,-60.5175277777778,,,,
30068,2049,Paraná - Tunel Subfluvial,Paraná,Altura hidrométrica media diaria,39,,alturas_bdhi,,-31.7198611111111,-60.5175277777778,,,,
30123,2049,Paraná - Tunel Subfluvial,Paraná,Caudal medio diario,40,,alturas_bdhi,,-31.7198611111111,-60.5175277777778,,,,
6543,2055,Aº Estacas - Ex RP 50,Arroyo Estacas,Altura hidrométrica,2,,alturas_bdhi,,-30.7666944444444,-59.4706388888889,,,,
30071,2055,Aº Estacas - Ex RP 50,Arroyo Estacas,Altura hidrométrica media diaria,39,,alturas_bdhi,,-30.7666944444444,-59.4706388888889,,,,
6547,2058,Feliciano - Paso Quebracho,Feliciano,Altura hidrométrica,2,,alturas_bdhi,,-30.9915833333333,-59.6614166666667,,,,
30072,2058,Feliciano - Paso Quebracho,Feliciano,Altura hidrométrica media diaria,39,,alturas_bdhi,,-30.9915833333333,-59.6614166666667,,,,
30073,2061,PARANA - CHAPETON,Paraná,Altura hidrométrica media diaria,39,,alturas_bdhi,,-31.57425,-60.2833333333333,,,,
30074,2062,DEL DOLL - RUTA PROVINCIAL Nº 011,Del Doll,Altura hidrométrica media diaria,39,,alturas_bdhi,,-32.3058333333333,-60.4265277777778,,,,
42625,2062,DEL DOLL - RUTA PROVINCIAL Nº 011,Del Doll,Caudal medio diario,40,,alturas_bdhi,,-32.3058333333333,-60.4265277777778,,,,
6558,2063,Yuquerí Grande - Concordia,Yuquerí Grande,Caudal,4,,alturas_bdhi,,-31.3557611111111,-58.0940833333333,,,,
30075,2063,Yuquerí Grande - Concordia,Yuquerí Grande,Altura hidrométrica media diaria,39,,alturas_bdhi,,-31.3557611111111,-58.0940833333333,,,,
30076,2065,Uruguay  - Concepción,Uruguay,Altura hidrométrica media diaria,39,,alturas_bdhi,,-32.4776944444444,-58.2207777777778,,,,
30077,2067,Uruguay - Garruchos,Uruguay,Altura hidrométrica media diaria,39,,alturas_bdhi,,-28.1755555555556,-55.6434722222222,False,0,,
6568,2068,Mocoretá - Rnnº 014,Mocoretá,Altura hidrométrica,2,,alturas_bdhi,,-30.6279444444444,-57.9831666666667,,,,
6572,2070,Aguapey - Caa Caraí,Aguapey,Caudal,4,,alturas_bdhi,,-27.824527778,-56.258444444,False,0,,
30097,2070,Aguapey - Caa Caraí,Aguapey,Altura hidrométrica media diaria,39,,alturas_bdhi,,-27.824527778,-56.258444444,,,,
6574,2071,Uruguay - Paso de los Libres,Uruguay,Altura hidrométrica,2,,alturas_bdhi,,-29.7193611111111,-57.084,,,,
6575,2071,Uruguay - Paso de los Libres,Uruguay,Caudal,4,,alturas_bdhi,,-29.7193611111111,-57.084,,,,
6577,2072,Batel - Paso Cerrito,Batel,Altura hidrométrica,2,,alturas_bdhi,,-29.0311111111111,-58.7883333333333,,,,
6578,2072,Batel - Paso Cerrito,Batel,Caudal,4,,alturas_bdhi,,-29.0311111111111,-58.7883333333333,,,,
6581,2073,Mocoretá - Rnnº 127,Mocoretá,Caudal,4,,alturas_bdhi,,-30.1077222222222,-58.0580555555556,,,,
6586,2075,Miriñay - Paso Mesa,Miriñay,Altura hidrométrica,2,,alturas_bdhi,,-28.9178333333333,-57.2355277777778,,,,
30083,2076,Laguna Galarza - Colonia Galarza,Laguna Galarza,Altura hidrométrica media diaria,39,,alturas_bdhi,,-28.0961111111111,-56.6855555555556,,,,
6589,2077,Sistema Iberá - Estancia Palo Pirú,Sistema Iberá,Altura hidrométrica,2,,alturas_bdhi,,-28.2525555555556,-57.6351666666667,,,,
30084,2077,Sistema Iberá - Estancia Palo Pirú,Sistema Iberá,Altura hidrométrica media diaria,39,,alturas_bdhi,,-28.2525555555556,-57.6351666666667,,,,
6590,2078,Chimiray - Colonia Liebig,Chimiray,Altura hidrométrica,2,,alturas_bdhi,,-27.9121388888889,-55.8174444444444,,,,
6603,2082,Paraná - Itatí,Paraná,Caudal,4,,alturas_bdhi,,-27.26625,-58.2443055555556,,,,
29588,2082,Paraná - Itatí,Paraná,Caudal medio diario,40,,alturas_bdhi,,-27.26625,-58.2443055555556,False,0,,
6608,2084,Batel - Rnnº 123,Batel,Altura hidrométrica,2,,alturas_bdhi,,-28.8997222222222,-58.6749444444444,,,,
6611,2085,Paraná - Corrientes,Paraná,Altura hidrométrica,2,,alturas_bdhi,,-27.4597222222222,-58.8333333333333,False,0,,
6618,2088,Riachuelo - Rp Nº 5,Riachuelo,Altura hidrométrica,2,,alturas_bdhi,,-27.5104722222222,-58.56975,False,0,,
30089,2088,Riachuelo - Rp Nº 5,Riachuelo,Altura hidrométrica media diaria,39,,alturas_bdhi,,-27.5104722222222,-58.56975,,,,
42627,2088,Riachuelo - Rp Nº 5,Riachuelo,Caudal medio diario,40,,alturas_bdhi,,-27.5104722222222,-58.56975,,,,
6621,2089,Paraná - Empedrado,Paraná,Altura hidrométrica,2,,alturas_bdhi,,-27.9588055555556,-58.8199444444444,False,0,,
30091,2090,Guayquiraró- La Grela,Guayquiraró,Altura hidrométrica media diaria,39,,alturas_bdhi,,-30.346475,-59.3004333333333,,,,
6624,2091,Corriente - Estancia Santa Irene - Perugorria,Corriente,Altura hidrométrica,2,,alturas_bdhi,,-29.2736166666667,-58.7961138888889,,,,
30092,2091,Corriente - Estancia Santa Irene - Perugorria,Corriente,Altura hidrométrica media diaria,39,,alturas_bdhi,,-29.2736166666667,-58.7961138888889,False,0,,
6626,2092,Barrancas - Paso la Llana,Barrancas,Caudal,4,,alturas_bdhi,,-30.2173333333333,-59.3243333333333,,,,
42630,2094,Empedrado - Rp Nº 6,Empedrado,Caudal medio diario,40,,alturas_bdhi,,-27.8011111111111,-58.505,,,,
6633,2095,Miriñay - San Roquito,Miriñay,Altura hidrométrica,2,,alturas_bdhi,,-29.2968333333333,-57.5651666666667,,,,
30096,2095,Miriñay - San Roquito,Miriñay,Altura hidrométrica media diaria,39,,alturas_bdhi,,-29.2968333333333,-57.5651666666667,,,,
43035,2099,Riacho Palometa - Puente Ruta Provincial Nº 13,Riacho Palometa,Caudal medio diario,40,,alturas_bdhi,,-27.5581666666667,-59.3938611111111,,,,
43036,2100,Salado - Rn Nº 11,Salado,Caudal medio diario,40,,alturas_bdhi,,-27.5412777777778,-59.1309166666667,,,,
29585,2101,Paraguay - Puerto Bermejo,Paraguay,Caudal,4,,alturas_bdhi,,-26.9258888888889,-58.5070277777778,,,,
35887,2101,Paraguay - Puerto Bermejo,Paraguay,Caudal medio diario,40,,alturas_bdhi,,-26.9258888888889,-58.5070277777778,,,,
38398,2112,Gualeguaychú - RN Nº 14,,Altura hidrométrica 4-horaria,101,,sat2,,-32.7680555555556,-58.4983333333333,,,,
6856,2113,Aº Colastiné - Autopista - A01,,Altura hidrométrica,2,,sat2,,-32.0177777777778,-60.9902777777778,,,,
26439,2113,Aº Colastiné - Autopista - A01,,Altura hidrométrica media diaria,39,,sat2,,-32.0177777777778,-60.9902777777778,,,,
38369,2113,Aº Colastiné - Autopista - A01,,Altura hidrométrica 4-horaria,101,,sat2,,-32.0177777777778,-60.9902777777778,,,,
26440,2114,Aº Del Medio en La Emilia,,Altura hidrométrica media diaria,39,,sat2,,-33.3988888888889,-60.3347222222222,,,,
38340,2114,Aº Del Medio en La Emilia,,Altura hidrométrica 4-horaria,101,,sat2,,-33.3988888888889,-60.3347222222222,,,,
6764,2115,Paraná - Corrientes,,Altura hidrométrica,2,,sat2,,-27.4597222222222,-58.8333333333333,,,,
26441,2115,Paraná - Corrientes,,Altura hidrométrica media diaria,39,,sat2,,-27.4597222222222,-58.8333333333333,True,2,2026-08-29T03:00:00.000Z,False
26442,2116,Paraguay - Pto. Formosa,,Altura hidrométrica media diaria,39,,sat2,,-26.1830555555556,-58.1619444444444,True,2,2026-08-29T03:00:00.000Z,
38317,2117,Río Salto - Salto,,Altura hidrométrica 4-horaria,101,,sat2,,-34.2861111111111,-60.2591666666667,,,,
26444,2118,Río Primero (Suquía) Camino Se,,Altura hidrométrica media diaria,39,,sat2,,-30.9641666666667,-62.9961111111111,,,,
38348,2118,Río Primero (Suquía) Camino Se,,Altura hidrométrica 4-horaria,101,,sat2,,-30.9641666666667,-62.9961111111111,,,,
6955,2119,Segundo (Plujunta) - RP Nº 17,,Altura hidrométrica,2,,sat2,,-31.0105555555556,-62.7883333333333,,,,
26445,2119,Segundo (Plujunta) - RP Nº 17,,Altura hidrométrica media diaria,39,,sat2,,-31.0105555555556,-62.7883333333333,,,,
26446,2120,Laguna Mar Chiquita - Miramar,,Altura hidrométrica media diaria,39,,sat2,,-30.9119444444444,-62.6777777777778,False,0,,
6857,2121,Aº El Monje - Autopista A01,,Altura hidrométrica,2,,sat2,,-32.3922222222222,-60.9408333333333,,,,
38370,2121,Aº El Monje - Autopista A01,,Altura hidrométrica 4-horaria,101,,sat2,,-32.3922222222222,-60.9408333333333,,,,
26448,2122,Atuel - Paso Maroma,,Altura hidrométrica media diaria,39,,sat2,,-36.8425,-66.9952777777778,,,,
6746,2123,Atuel - Algarrobo del Águila,,Altura hidrométrica,2,,sat2,,-36.3977777777778,-67.1402777777778,,,,
6767,2124,Río Santa Cruz en Comte Piedra,,Altura hidrométrica,2,,sat2,,-49.9986111111111,-68.9269444444444,False,0,,
6831,2126,Río Chubut en Valle Inferior,,Altura hidrométrica,2,,sat2,,-43.2930555555556,-65.4986111111111,,,,
38358,2126,Río Chubut en Valle Inferior,,Altura hidrométrica 4-horaria,101,,sat2,,-43.2930555555556,-65.4986111111111,,,,
6846,2127,Salado - Santa Isabel,,Altura hidrométrica,2,,sat2,,-36.2911111111111,-66.8291666666667,,,,
26453,2127,Salado - Santa Isabel,,Altura hidrométrica media diaria,39,,sat2,,-36.2911111111111,-66.8291666666667,,,,
38364,2127,Salado - Santa Isabel,,Altura hidrométrica 4-horaria,101,,sat2,,-36.2911111111111,-66.8291666666667,,,,
6936,2128,Lujan - Lujan,,Altura hidrométrica,2,,sat2,,-34.5894444444444,-59.1783333333333,True,71,2026-08-31T00:00:00.000Z,
34843,2128,Lujan - Lujan,,Caudal,4,,sat2,,-34.5894444444444,-59.1783333333333,,,,
26454,2128,Lujan - Lujan,,Altura hidrométrica media diaria,39,,sat2,,-34.5894444444444,-59.1783333333333,,,,
6745,2129,Arrecifes - Arrecifes,,Altura hidrométrica,2,,sat2,,-34.0866666666667,-60.0072222222222,,,,
38328,2129,Arrecifes - Arrecifes,,Altura hidrométrica 4-horaria,101,,sat2,,-34.0866666666667,-60.0072222222222,,,,
38388,2130,Atuel - El Sosneado,,Altura hidrométrica 4-horaria,101,,sat2,,-35.0833333333333,-69.6041666666667,,,,
6711,2131,Paraná - Itatí,,Altura hidrométrica,2,,sat2,,-27.2663888888889,-58.2444444444444,,,,
6844,2132,Río Paraná - Goya,,Altura hidrométrica,2,,sat2,,-29.165,-59.3283333333333,,,,
38362,2132,Río Paraná - Goya,,Altura hidrométrica 4-horaria,101,,sat2,,-29.165,-59.3283333333333,,,,
26459,2133,Paraguay - Pto. Pilcomayo,,Altura hidrométrica media diaria,39,,sat2,,-25.3719444444444,-57.6502777777778,True,2,2026-08-29T03:00:00.000Z,
38404,2133,Paraguay - Pto. Pilcomayo,,Altura hidrométrica 4-horaria,101,,sat2,,-25.3719444444444,-57.6502777777778,,,,
6935,2134,Río Juramento - El Tunal,,Altura hidrométrica,2,,sat2,,-25.2497222222222,-64.3902777777778,,,,
26460,2134,Río Juramento - El Tunal,,Altura hidrométrica media diaria,39,,sat2,,-25.2497222222222,-64.3902777777778,,,,
6929,2135,De los Patos - La Plateada,,Altura hidrométrica,2,,sat2,,-31.8552777777778,-69.6605555555556,,,,
26461,2135,De los Patos - La Plateada,,Altura hidrométrica media diaria,39,,sat2,,-31.8552777777778,-69.6605555555556,,,,
38397,2135,De los Patos - La Plateada,,Altura hidrométrica 4-horaria,101,,sat2,,-31.8552777777778,-69.6605555555556,,,,
6845,2136,Salado - Cañada Ancha,,Altura hidrométrica,2,,sat2,,-35.1975,-69.7672222222222,,,,
26462,2136,Salado - Cañada Ancha,,Altura hidrométrica media diaria,39,,sat2,,-35.1975,-69.7672222222222,True,2,2026-08-29T03:00:00.000Z,
6952,2137,Poti Malal - Gendarmería,,Altura hidrométrica,2,,sat2,,-35.8711111111111,-69.9502777777778,,,,
26463,2137,Poti Malal - Gendarmería,,Altura hidrométrica media diaria,39,,sat2,,-35.8711111111111,-69.9502777777778,,,,
26464,2138,Río Grande en La Gotera,,Altura hidrométrica media diaria,39,,sat2,,-35.8716666666667,-69.8919444444444,,,,
38359,2138,Río Grande en La Gotera,,Altura hidrométrica 4-horaria,101,,sat2,,-35.8716666666667,-69.8919444444444,,,,
38332,2139,Coronda - Coronda,,Altura hidrométrica 4-horaria,101,,sat2,,-31.9741666666667,-60.9138888888889,,,,
6712,2140,Rio Quinto - Justo Daract,,Altura hidrométrica,2,,sat2,,-33.92,-65.1522222222222,,,,
38336,2141,Percey - Ruta a Futalaufquen,,Altura hidrométrica 4-horaria,101,,sat2,,-43.0211111111111,-71.4555555555556,,,,
6820,2142,HUA HUM - San Martin,,Altura hidrométrica,2,,sat2,,-40.1197222222222,-71.6619444444444,,,,
38355,2142,HUA HUM - San Martin,,Altura hidrométrica 4-horaria,101,,sat2,,-40.1197222222222,-71.6619444444444,,,,
26469,2143,Senguer - LOS MOLINOS,,Altura hidrométrica media diaria,39,,sat2,,-45.9861111111111,-69.475,False,0,,
38367,2143,Senguer - LOS MOLINOS,,Altura hidrométrica 4-horaria,101,,sat2,,-45.9861111111111,-69.475,,,,
6953,2144,Quemquemtreu - Escuela,,Altura hidrométrica,2,,sat2,,-41.8986111111111,-71.5025,,,,
38407,2144,Quemquemtreu - Escuela,,Altura hidrométrica 4-horaria,101,,sat2,,-41.8986111111111,-71.5025,,,,
6680,2145,Carrenleufú - Carrenleufú,,Altura hidrométrica,2,,sat2,,-43.5280555555556,-71.6002777777778,,,,
26474,2148,Gallegos - Toma SP,,Altura hidrométrica media diaria,39,,sat2,,-51.6883333333333,-69.6555555555556,,,,
38378,2148,Gallegos - Toma SP,,Altura hidrométrica 4-horaria,101,,sat2,,-51.6883333333333,-69.6555555555556,False,0,,
26475,2149,Iguazú - Perfil Tipo,,Altura hidrométrica media diaria,39,,sat2,,-25.6766666666667,-54.4213888888889,,,,
38323,2149,Iguazú - Perfil Tipo,,Altura hidrométrica 4-horaria,101,,sat2,,-25.6766666666667,-54.4213888888889,,,,
26476,2150,Miriñay - Paso Ledesma,,Altura hidrométrica media diaria,39,,sat2,,-29.8458333333333,-57.675,,,,
38383,2150,Miriñay - Paso Ledesma,,Altura hidrométrica 4-horaria,101,,sat2,,-29.8458333333333,-57.675,,,,
6903,2151,Quequen Grande - Necochea,,Altura hidrométrica,2,,sat2,,-38.4625,-58.7588888888889,,,,
38385,2151,Quequen Grande - Necochea,,Altura hidrométrica 4-horaria,101,,sat2,,-38.4625,-58.7588888888889,,,,
26478,2152,RIO CHUBUT EN TRELEW,,Altura hidrométrica media diaria,39,,sat2,,-43.2761111111111,-65.2733333333333,,,,
38311,2152,RIO CHUBUT EN TRELEW,,Altura hidrométrica 4-horaria,101,,sat2,,-43.2761111111111,-65.2733333333333,False,0,,
6892,2153,Lago Argentino - Calafate,,Altura hidrométrica,2,,sat2,,-50.32,-72.2611111111111,,,,
26479,2153,Lago Argentino - Calafate,,Altura hidrométrica media diaria,39,,sat2,,-50.32,-72.2611111111111,False,0,,
6786,2154,Bermejo - Pozo Sarmiento,,Altura hidrométrica,2,,sat2,,-23.1405555555556,-64.1969444444445,,,,
35855,2154,Bermejo - Pozo Sarmiento,,Caudal,4,,sat2,,-23.1405555555556,-64.1969444444445,False,0,,
26480,2154,Bermejo - Pozo Sarmiento,,Altura hidrométrica media diaria,39,,sat2,,-23.1405555555556,-64.1969444444445,,,,
35979,2154,Bermejo - Pozo Sarmiento,,Caudal medio diario,40,,sat2,,-23.1405555555556,-64.1969444444445,False,0,,
38343,2154,Bermejo - Pozo Sarmiento,,Altura hidrométrica 4-horaria,101,,sat2,,-23.1405555555556,-64.1969444444445,,,,
26481,2155,Neuquén - Chos Malal,,Altura hidrométrica media diaria,39,,sat2,,-37.3755555555556,-70.27,,,,
38381,2156,Laguna Iberá - Carlos Pellegri,,Altura hidrométrica 4-horaria,101,,sat2,,-28.5380555555556,-57.1869444444444,,,,
26483,2157,Río Chubut en los Altares,,Altura hidrométrica media diaria,39,,sat2,,-43.8886111111111,-68.3983333333333,,,,
6940,2159,Manso - Confluencia,,Altura hidrométrica,2,,sat2,,-41.5869444444444,-71.6836111111111,False,0,,
26485,2159,Manso - Confluencia,,Altura hidrométrica media diaria,39,,sat2,,-41.5869444444444,-71.6836111111111,,,,
38402,2159,Manso - Confluencia,,Altura hidrométrica 4-horaria,101,,sat2,,-41.5869444444444,-71.6836111111111,,,,
26486,2160,Colorado - Pichi Mahuida,,Altura hidrométrica media diaria,39,,sat2,,-38.8216666666667,-64.9813888888889,True,2,2026-08-29T03:00:00.000Z,False
38375,2160,Colorado - Pichi Mahuida,,Altura hidrométrica 4-horaria,101,,sat2,,-38.8216666666667,-64.9813888888889,,,,
6943,2161,Mayo - Paso Mayo,,Altura hidrométrica,2,,sat2,,-45.6836111111111,-70.2522222222222,,,,
6735,2163,La Paulina - Aserradero,,Altura hidrométrica,2,,sat2,,-45.0016666666667,-71.1680555555556,,,,
6821,2164,La Leona,,Altura hidrométrica,2,,sat2,,-49.7972222222222,-72.0641666666667,,,,
26491,2165,Charles Fhur,,Altura hidrométrica media diaria,39,,sat2,,-50.2522222222222,-71.9077777777778,True,2,2026-08-29T03:00:00.000Z,
38341,2165,Charles Fhur,,Altura hidrométrica 4-horaria,101,,sat2,,-50.2522222222222,-71.9077777777778,,,,
6896,2166,Los Sosa - RP30 km19,,Altura hidrométrica,2,,sat2,,-27.1008333333333,-65.6361111111111,,,,
26492,2166,Los Sosa - RP30 km19,,Altura hidrométrica media diaria,39,,sat2,,-27.1008333333333,-65.6361111111111,,,,
26493,2167,Lules - Potrero de las Tablas,,Altura hidrométrica media diaria,39,,sat2,,-26.8519444444444,-65.4316666666667,False,0,,
38473,2172,Desaguadero - Arco de Desaguad,,Altura hidrométrica 4-horaria,101,,sat2,,-33.4041666666667,-67.1516666666667,,,,
26494,2175,Canal Macapillo,,Altura hidrométrica media diaria,39,,sat2,,-25.4136111111111,-63.9761111111111,,,,
38372,2175,Canal Macapillo,,Altura hidrométrica 4-horaria,101,,sat2,,-25.4136111111111,-63.9761111111111,,,,
26495,2176,Canal de Dios	,,Altura hidrométrica media diaria,39,,sat2,,-25.6108333333333,-63.9480555555556,,,,
38371,2176,Canal de Dios	,,Altura hidrométrica 4-horaria,101,,sat2,,-25.6108333333333,-63.9480555555556,False,0,,
26496,2177,Canal Liag - Quebrachal,,Altura hidrométrica media diaria,39,,sat2,,-25.3452777777778,-64.045,,,,
38303,2177,Canal Liag - Quebrachal,,Altura hidrométrica 4-horaria,101,,sat2,,-25.3452777777778,-64.045,,,,
26497,2178,Iguazú - Puerto Andresito,,Altura hidrométrica media diaria,39,,sat2,,-25.5905555555556,-53.995,True,2,2026-08-29T03:00:00.000Z,
18612,2178,Iguazú - Puerto Andresito,,Caudal medio diario,40,,sat2,,-25.5905555555556,-53.995,,,,
6789,2179,Carrenleufú - Poncho Moro,,Altura hidrométrica,2,,sat2,,-43.6716666666667,-71.4016666666667,,,,
38345,2179,Carrenleufú - Poncho Moro,,Altura hidrométrica 4-horaria,101,,sat2,,-43.6716666666667,-71.4016666666667,,,,
6876,2180,Desaguadero - Canalejas,,Altura hidrométrica,2,,sat2,,-35.1686111111111,-66.4963888888889,True,17,2026-08-30T19:00:00.000Z,
26499,2180,Desaguadero - Canalejas,,Altura hidrométrica media diaria,39,,sat2,,-35.1686111111111,-66.4963888888889,,,,
6924,2181,Chubut - Ameghino,,Altura hidrométrica,2,,sat2,,-43.6983333333333,-66.475,,,,
26500,2181,Chubut - Ameghino,,Altura hidrométrica media diaria,39,,sat2,,-43.6983333333333,-66.475,True,2,2026-08-29T03:00:00.000Z,False
38394,2181,Chubut - Ameghino,,Altura hidrométrica 4-horaria,101,,sat2,,-43.6983333333333,-66.475,,,,
6840,2183,Mendoza - Guido,,Altura hidrométrica,2,,sat2,,-32.9152777777778,-69.2377777777778,,,,
26501,2183,Mendoza - Guido,,Altura hidrométrica media diaria,39,,sat2,,-32.9152777777778,-69.2377777777778,True,2,2026-08-29T03:00:00.000Z,
38361,2183,Mendoza - Guido,,Altura hidrométrica 4-horaria,101,,sat2,,-32.9152777777778,-69.2377777777778,,,,
6705,2185,Dulce - Paso de la Cina,,Altura hidrométrica,2,,sat2,,-29.795,-62.8061111111111,,,,
26503,2185,Dulce - Paso de la Cina,,Altura hidrométrica media diaria,39,,sat2,,-29.795,-62.8061111111111,,,,
26504,2186,Bermejo - Balapuca,,Altura hidrométrica media diaria,39,,sat2,,-22.4919444444444,-64.4694444444444,,,,
38389,2186,Bermejo - Balapuca,,Altura hidrométrica 4-horaria,101,,sat2,,-22.4919444444444,-64.4694444444444,False,0,,
26505,2187,Grande Tarija - El Cajón,,Altura hidrométrica media diaria,39,,sat2,,-22.3266666666667,-64.1263888888889,,,,
38399,2187,Grande Tarija - El Cajón,,Altura hidrométrica 4-horaria,101,,sat2,,-22.3266666666667,-64.1263888888889,,,,
6697,2188,Bermejo - El Colorado,,Altura hidrométrica,2,,sat2,,-26.3341666666667,-59.3625,True,17,2026-08-30T20:00:00.000Z,False
31610,2188,Bermejo - El Colorado,,Caudal,4,,sat2,,-26.3341666666667,-59.3625,False,0,,
26506,2188,Bermejo - El Colorado,,Altura hidrométrica media diaria,39,,sat2,,-26.3341666666667,-59.3625,,,,
38310,2188,Bermejo - El Colorado,,Altura hidrométrica 4-horaria,101,,sat2,,-26.3341666666667,-59.3625,,,,
6787,2190,Bermejo - Finca Jujeños,,Altura hidrométrica,2,,sat2,,-23.1352777777778,-64.2047222222222,False,0,,
26508,2190,Bermejo - Finca Jujeños,,Altura hidrométrica media diaria,39,,sat2,,-23.1352777777778,-64.2047222222222,,,,
38344,2190,Bermejo - Finca Jujeños,,Altura hidrométrica 4-horaria,101,,sat2,,-23.1352777777778,-64.2047222222222,,,,
6751,2191,Bermejo - Puente Internacion,,Altura hidrométrica,2,,sat2,,-22.7263888888889,-64.3694444444444,,,,
38330,2191,Bermejo - Puente Internacion,,Altura hidrométrica 4-horaria,101,,sat2,,-22.7263888888889,-64.3694444444444,,,,
6847,2192,San Francisco - Puente RP 1,,Altura hidrométrica,2,,sat2,,-23.7108333333333,-64.5369444444444,,,,
38391,2193,Bermejo - Puerto Lavalle,,Altura hidrométrica 4-horaria,101,,sat2,,-25.6511111111111,-60.1280555555556,,,,
6918,2194,Bermejo - Puerto Velaz,,Altura hidrométrica,2,,sat2,,-26.6605555555556,-58.6338888888889,,,,
6919,2195,Bermejo - Sauzalito,,Altura hidrométrica,2,,sat2,,-24.4333333333333,-61.6563888888889,,,,
38393,2195,Bermejo - Sauzalito,,Altura hidrométrica 4-horaria,101,,sat2,,-24.4333333333333,-61.6563888888889,,,,
38319,2196,Abaucán - Tinogasta,,Altura hidrométrica 4-horaria,101,,sat2,,-27.9930555555556,-67.6269444444444,,,,
26515,2197,Salado - Pinto,,Altura hidrométrica media diaria,39,,sat2,,-29.1058333333333,-62.5761111111111,,,,
6806,2198,Aº Batel - Paso Cerrito,,Altura hidrométrica,2,,sat2,,-29.0311111111111,-58.7883333333333,,,,
26516,2198,Aº Batel - Paso Cerrito,,Altura hidrométrica media diaria,39,,sat2,,-29.0311111111111,-58.7883333333333,,,,
35427,2199,Corrientes - Los Laureles,,Caudal,4,,sat2,,-29.7572222222222,-59.2172222222222,,,,
26517,2199,Corrientes - Los Laureles,,Altura hidrométrica media diaria,39,,sat2,,-29.7572222222222,-59.2172222222222,,,,
6775,2201,A° El Soberbio - Pje La Lechuz,,Altura hidrométrica,2,,sat2,,-27.2572222222222,-54.2355555555556,,,,
6704,2202,Cuarto - RN Nº 8,,Altura hidrométrica,2,,sat2,,-33.1605555555556,-64.26,,,,
38312,2202,Cuarto - RN Nº 8,,Altura hidrométrica 4-horaria,101,,sat2,,-33.1605555555556,-64.26,,,,
6706,2203,Gualeguay - Rosario del Tala,,Altura hidrométrica,2,,sat2,,-32.3086111111111,-59.0769444444445,,,,
7806,2203,Gualeguay - Rosario del Tala,,Caudal,4,,sat2,,-32.3086111111111,-59.0769444444445,,,,
38314,2203,Gualeguay - Rosario del Tala,,Altura hidrométrica 4-horaria,101,,sat2,,-32.3086111111111,-59.0769444444445,,,,
6829,2204,Carcarañá - Pueblo Andino,,Altura hidrométrica,2,,sat2,,-32.6733333333333,-60.8658333333333,True,71,2026-08-31T00:00:00.000Z,
43906,2204,Carcarañá - Pueblo Andino,,Caudal medio diario,40,,sat2,,-32.6733333333333,-60.8658333333333,,,,
9637,2205,Gualeguay - Villaguay,,Caudal,4,,sat2,,-31.8016666666667,-59.1261111111111,,,,
26523,2205,Gualeguay - Villaguay,,Altura hidrométrica media diaria,39,,sat2,,-31.8016666666667,-59.1261111111111,,,,
18610,2205,Gualeguay - Villaguay,,Caudal medio diario,40,,sat2,,-31.8016666666667,-59.1261111111111,,,,
38308,2206,Río Areco - Puente Quemado,,Altura hidrométrica 4-horaria,101,,sat2,,-34.2880555555556,-59.7027777777778,False,0,,
26525,2207,Seminario Diocesano de Azul,,Altura hidrométrica media diaria,39,,sat2,,-36.8311111111111,-59.8938888888889,,,,
38411,2207,Seminario Diocesano de Azul,,Altura hidrométrica 4-horaria,101,,sat2,,-36.8311111111111,-59.8938888888889,,,,
38326,2208,PN - Los Glaciares,,Altura hidrométrica 4-horaria,101,,sat2,,-50.4261111111111,-72.7477777777778,,,,
38384,2210,Neuquen - Paso de Indios,,Altura hidrométrica 4-horaria,101,,sat2,,-38.5302777777778,-69.4022222222222,True,16,2026-08-30T15:00:00.000Z,False
6725,2212,Compuerta Alternativa Norte AD,,Altura hidrométrica,2,,sat2,,-34.2419444444444,-62.1211111111111,,,,
26530,2213,Canal Regulador N°4 - La Pantanosa,,Altura hidrométrica media diaria,39,,sat2,,-34.2580555555556,-61.6386111111111,,,,
38386,2214,Río Areco - Carmen de Areco,,Altura hidrométrica 4-horaria,101,,sat2,,-34.3519444444444,-59.8166666666667,False,0,,
6906,2215,Río Areco - San Antonio de Are,,Altura hidrométrica,2,,sat2,,-34.2405555555556,-59.4994444444444,True,66,2026-08-30T23:00:00.000Z,
26532,2215,Río Areco - San Antonio de Are,,Altura hidrométrica media diaria,39,,sat2,,-34.2405555555556,-59.4994444444444,True,2,2026-08-29T03:00:00.000Z,False
34889,2215,Río Areco - San Antonio de Are,,Altura hidrométrica media diaria,39,,sat2,,-34.2405555555556,-59.4994444444444,,,,
34887,2215,Río Areco - San Antonio de Are,,Caudal medio diario,40,,sat2,,-34.2405555555556,-59.4994444444444,True,2,2026-08-29T03:00:00.000Z,
38387,2215,Río Areco - San Antonio de Are,,Altura hidrométrica 4-horaria,101,,sat2,,-34.2405555555556,-59.4994444444444,,,,
6691,2216,Olivia - Olivia,,Altura hidrométrica,2,,sat2,,-54.7975,-68.2255555555556,,,,
26533,2216,Olivia - Olivia,,Altura hidrométrica media diaria,39,,sat2,,-54.7975,-68.2255555555556,,,,
26534,2217,Laguna La Picasa - RN33,,Altura hidrométrica media diaria,39,,sat2,,-34.3269444444445,-62.8113888888889,False,0,,
38305,2217,Laguna La Picasa - RN33,,Altura hidrométrica 4-horaria,101,,sat2,,-34.3269444444445,-62.8113888888889,,,,
6885,2219,Intersección Canales A22,,Altura hidrométrica,2,,sat2,,-34.4494444444444,-62.4133333333333,False,0,,
26536,2219,Intersección Canales A22,,Altura hidrométrica media diaria,39,,sat2,,-34.4494444444444,-62.4133333333333,,,,
38379,2219,Intersección Canales A22,,Altura hidrométrica 4-horaria,101,,sat2,,-34.4494444444444,-62.4133333333333,,,,
38373,2220,Atuel - Carmensa,,Altura hidrométrica 4-horaria,101,,sat2,,-35.1844444444444,-67.7269444444444,,,,
26538,2221,Atuel - Puesto Ugalde,,Altura hidrométrica media diaria,39,,sat2,,-35.9994444444444,-67.1852777777778,,,,
6810,2222,Canal de Dios - Salado,,Altura hidrométrica,2,,sat2,,-25.6105555555556,-63.9488888888889,,,,
38353,2222,Canal de Dios - Salado,,Altura hidrométrica 4-horaria,101,,sat2,,-25.6105555555556,-63.9488888888889,,,,
38350,2223,Salado - Suncho Corral,,Altura hidrométrica 4-horaria,101,,sat2,,-27.9402777777778,-63.4397222222222,,,,
38368,2224,Salado - Añatuya RP Nº92,,Altura hidrométrica 4-horaria,101,,sat2,,-28.5033333333333,-62.8813888888889,False,0,,
6715,2225,*Senguerr -Pte Camino B. Pasto,,Altura hidrométrica,2,,sat2,,-45.5644444444444,-69.0672222222222,,,,
26543,2227,Salado - RN Nº02,,Altura hidrométrica media diaria,39,,sat2,,-35.9622222222222,-57.8519444444444,,,,
38337,2227,Salado - RN Nº02,,Altura hidrométrica 4-horaria,101,,sat2,,-35.9622222222222,-57.8519444444444,,,,
6928,2228,De las Vueltas,,Altura hidrométrica,2,,sat2,,-49.3433333333333,-72.8608333333333,,,,
38396,2228,De las Vueltas,,Altura hidrométrica 4-horaria,101,,sat2,,-49.3433333333333,-72.8608333333333,,,,
7058,2230,Arroyo San Juan - MeteoVARELA,Arroyo San Juan,Altura hidrométrica,2,,ina_delta,,-34.8074531496048,-58.2301426802177,False,0,,
7059,2231,Nuevo Berlín,Uruguay,Altura hidrométrica,2,,alturas_varios,,-32.979836,-58.061997,False,0,,
7060,2232,Paysandú,Uruguay,Altura hidrométrica,2,,alturas_varios,,-32.313646,-58.102575,,,,
7061,2233,Concepción del Uruguay - CARU,Uruguay,Altura hidrométrica,2,,alturas_varios,,-32.477173,-58.221219,False,0,,
26547,2355,Senguerr - Nacimiento,,Altura hidrométrica media diaria,39,,sat2,,-44.9583333333333,-71.3419444444444,True,2,2026-08-29T03:00:00.000Z,
38413,2355,Senguerr - Nacimiento,,Altura hidrométrica 4-horaria,101,,sat2,,-44.9583333333333,-71.3419444444444,,,,
7354,2356,Río Paraná Túnel,,Altura hidrométrica,2,,sat2,,-31.7197222222222,-60.5175,,,,
26548,2356,Río Paraná Túnel,,Altura hidrométrica media diaria,39,,sat2,,-31.7197222222222,-60.5175,,,,
7356,2357,Sistema Setúbal - Santa Fe - L,,Altura hidrométrica,2,,sat2,,-31.6302777777778,-60.6777777777778,,,,
26549,2357,Sistema Setúbal - Santa Fe - L,,Altura hidrométrica media diaria,39,,sat2,,-31.6302777777778,-60.6777777777778,,,,
26550,2593,Arenales - La Maroma,,Altura hidrométrica media diaria,39,,sat2,,-25.1538888888889,-65.42,,,,
38415,2593,Arenales - La Maroma,,Altura hidrométrica 4-horaria,101,,sat2,,-25.1538888888889,-65.42,,,,
8242,2606,Gualjaina - Gualjaina,,Altura hidrométrica,2,,sat2,,-42.6513888888889,-70.4355555555556,,,,
38301,2606,Gualjaina - Gualjaina,,Altura hidrométrica 4-horaria,101,,sat2,,-42.6513888888889,-70.4355555555556,,,,
38298,2607,Atuel - Loma Negra,,Altura hidrométrica 4-horaria,101,,sat2,,-35.2641666666667,-69.2497222222222,,,,
8233,2608,Diamante - La Jaula,,Altura hidrométrica,2,,sat2,,-34.6686111111111,-69.3163888888889,True,22,2026-08-30T18:00:00.000Z,
38300,2608,Diamante - La Jaula,,Altura hidrométrica 4-horaria,101,,sat2,,-34.6686111111111,-69.3163888888889,,,,
8312,2671,Canal Finca Agropecuaria,,Altura hidrométrica,2,,sat2,,-25.1608333333333,-64.1058333333333,,,,
26556,2671,Canal Finca Agropecuaria,,Altura hidrométrica media diaria,39,,sat2,,-25.1608333333333,-64.1058333333333,True,2,2026-08-29T03:00:00.000Z,
26557,2672,Juramento - Finca Agropecuari,,Altura hidrométrica media diaria,39,,sat2,,-25.1613888888889,-64.1061111111111,,,,
38418,2672,Juramento - Finca Agropecuari,,Altura hidrométrica 4-horaria,101,,sat2,,-25.1613888888889,-64.1061111111111,,,,
26559,2697,Prueba - GSM,,Altura hidrométrica media diaria,39,,sat2,,-34.0,-59.0,,,,
8891,2706,ZEstacion de prueba 9003,,Altura hidrométrica,2,,sat2,,-34.6130555555556,-58.3772222222222,,,,
38419,2706,ZEstacion de prueba 9003,,Altura hidrométrica 4-horaria,101,,sat2,,-34.6130555555556,-58.3772222222222,,,,
26561,2731,Aguapey - La Sirena,,Altura hidrométrica media diaria,39,,sat2,,-28.4166666666667,-56.5422222222222,True,2,2026-08-29T03:00:00.000Z,
9192,2732,Atuel - La Angostura,,Altura hidrométrica,2,,sat2,,-35.0986111111111,-68.8747222222222,,,,
38428,2732,Atuel - La Angostura,,Altura hidrométrica 4-horaria,101,,sat2,,-35.0986111111111,-68.8747222222222,True,16,2026-08-30T15:00:00.000Z,False
32303,2749,Diamante - El Tigre,,Altura hidrométrica,2,,sat2,,-34.6613888888889,-68.595,,,,
37866,2749,Diamante - El Tigre,,Altura hidrométrica media diaria,39,,sat2,,-34.6613888888889,-68.595,,,,
38500,2749,Diamante - El Tigre,,Altura hidrométrica 4-horaria,101,,sat2,,-34.6613888888889,-68.595,,,,
26564,2762,Puelo - Hito fronterizo,,Altura hidrométrica media diaria,39,,sat2,,-42.1055555555556,-71.7247222222222,,,,
26565,2776,PN Trinidad - Condorito ,,Altura hidrométrica media diaria,39,,sat2,,-31.6911111111111,-64.8527777777778,False,0,,
38444,2776,PN Trinidad - Condorito ,,Altura hidrométrica 4-horaria,101,,sat2,,-31.6911111111111,-64.8527777777778,,,,
9547,2807,Salado - El Arenal,,Altura hidrométrica,2,,sat2,,-26.3741666666667,-63.7244444444444,,,,
9541,2808,Malargue - La Barda,,Altura hidrométrica,2,,sat2,,-35.5527777777778,-69.6825,False,0,,
26568,2808,Malargue - La Barda,,Altura hidrométrica media diaria,39,,sat2,,-35.5527777777778,-69.6825,,,,
38452,2808,Malargue - La Barda,,Altura hidrométrica 4-horaria,101,,sat2,,-35.5527777777778,-69.6825,,,,
9549,2809,Quinto - RP Nº26,,Altura hidrométrica,2,,sat2,,-34.7627777777778,-63.645,,,,
38456,2809,Quinto - RP Nº26,,Altura hidrométrica 4-horaria,101,,sat2,,-34.7627777777778,-63.645,True,17,2026-08-30T19:00:00.000Z,
9196,2810,Río Juramento El Quebrachal,,Altura hidrométrica,2,,sat2,,-25.3441666666667,-64.0461111111111,,,,
9459,2811,Río Neuquén - Dique Ballester,,Altura hidrométrica,2,,sat2,,-38.7247222222222,-68.1705555555556,,,,
9553,2812,Lago Viedma - Lago Viedma,,Altura hidrométrica,2,,sat2,,-49.3944444444444,-72.8694444444444,,,,
26572,2812,Lago Viedma - Lago Viedma,,Altura hidrométrica media diaria,39,,sat2,,-49.3944444444444,-72.8694444444444,True,2,2026-08-29T03:00:00.000Z,
9542,2813,Miriñay - Paso Mesa,,Altura hidrométrica,2,,sat2,,-28.9166666666667,-57.2363888888889,,,,
26573,2813,Miriñay - Paso Mesa,,Altura hidrométrica media diaria,39,,sat2,,-28.9166666666667,-57.2363888888889,,,,
38453,2813,Miriñay - Paso Mesa,,Altura hidrométrica 4-horaria,101,,sat2,,-28.9166666666667,-57.2363888888889,,,,
9546,2814,Río Metan - Desembocadura,,Altura hidrométrica,2,,sat2,,-25.3933333333333,-64.5922222222222,False,0,,
26574,2814,Río Metan - Desembocadura,,Altura hidrométrica media diaria,39,,sat2,,-25.3933333333333,-64.5922222222222,,,,
38454,2814,Río Metan - Desembocadura,,Altura hidrométrica 4-horaria,101,,sat2,,-25.3933333333333,-64.5922222222222,,,,
9409,2821,Río Salado RP Nº 51 - Achupall,,Altura hidrométrica,2,,sat2,,-35.0880555555556,-60.1088888888889,False,0,,
26575,2821,Río Salado RP Nº 51 - Achupall,,Altura hidrométrica media diaria,39,,sat2,,-35.0880555555556,-60.1088888888889,,,,
38436,2821,Río Salado RP Nº 51 - Achupall,,Altura hidrométrica 4-horaria,101,,sat2,,-35.0880555555556,-60.1088888888889,,,,
9019,2822,Pilcomayo - El Raúl,,Altura hidrométrica,2,,sat2,,-22.65,-62.2163888888889,,,,
26576,2822,Pilcomayo - El Raúl,,Altura hidrométrica media diaria,39,,sat2,,-22.65,-62.2163888888889,,,,
35948,2822,Pilcomayo - El Raúl,,Caudal medio diario,40,,sat2,,-22.65,-62.2163888888889,,,,
9410,2823,Juramento - Cabra Corral,,Altura hidrométrica,2,,sat2,,-25.2677777777778,-65.2372222222222,True,16,2026-08-30T19:00:00.000Z,
9197,2824,Valenzuela - Valle Noble,,Altura hidrométrica,2,,sat2,,-35.3241666666667,-70.3111111111111,,,,
26578,2824,Valenzuela - Valle Noble,,Altura hidrométrica media diaria,39,,sat2,,-35.3241666666667,-70.3111111111111,,,,
9108,2825,Santa Lucia - Santa Lucia,,Altura hidrométrica,2,,sat2,,-28.9877777777778,-59.0905555555556,,,,
26579,2825,Santa Lucia - Santa Lucia,,Altura hidrométrica media diaria,39,,sat2,,-28.9877777777778,-59.0905555555556,,,,
26580,2826,Pilcomayo - Puesto Jerez,,Altura hidrométrica media diaria,39,,sat2,,-22.7280555555556,-62.2133333333333,,,,
38431,2826,Pilcomayo - Puesto Jerez,,Altura hidrométrica 4-horaria,101,,sat2,,-22.7280555555556,-62.2133333333333,,,,
9020,2828,Río Salado RN Nº 11,,Altura hidrométrica,2,,sat2,,-27.5413888888889,-59.1308333333333,,,,
26581,2828,Río Salado RN Nº 11,,Altura hidrométrica media diaria,39,,sat2,,-27.5413888888889,-59.1308333333333,,,,
38424,2828,Río Salado RN Nº 11,,Altura hidrométrica 4-horaria,101,,sat2,,-27.5413888888889,-59.1308333333333,False,0,,
9442,2830,Paraná Guazú - Brazo Largo,Paraná Guazú,Altura hidrométrica,2,,sat2,,-33.8830555555556,-58.9,,,,
29447,2830,Paraná Guazú - Brazo Largo,Paraná Guazú,Caudal,4,,sat2,,-33.8830555555556,-58.9,,,,
38441,2830,Paraná Guazú - Brazo Largo,Paraná Guazú,Altura hidrométrica 4-horaria,101,,sat2,,-33.8830555555556,-58.9,,,,
9411,2831,Senguerr - Facundo,,Altura hidrométrica,2,,sat2,,-45.3191666666667,-69.9477777777778,False,0,,
26584,2831,Senguerr - Facundo,,Altura hidrométrica media diaria,39,,sat2,,-45.3191666666667,-69.9477777777778,,,,
38438,2831,Senguerr - Facundo,,Altura hidrométrica 4-horaria,101,,sat2,,-45.3191666666667,-69.9477777777778,False,0,,
9021,2832,Corriente - Paso Lucero,,Altura hidrométrica,2,,sat2,,-28.995,-58.5583333333333,True,71,2026-08-31T00:00:00.000Z,False
26585,2832,Corriente - Paso Lucero,,Altura hidrométrica media diaria,39,,sat2,,-28.995,-58.5583333333333,,,,
35429,2832,Corriente - Paso Lucero,,Caudal medio diario,40,,sat2,,-28.995,-58.5583333333333,,,,
9443,2834,Lago Epuyen - Muelle,,Altura hidrométrica,2,,sat2,,-42.2083333333333,-71.4227777777778,,,,
26587,2834,Lago Epuyen - Muelle,,Altura hidrométrica media diaria,39,,sat2,,-42.2083333333333,-71.4227777777778,,,,
9400,2835,Río Tercero - Villa María,,Altura hidrométrica,2,,sat2,,-32.4219444444444,-63.2447222222222,,,,
26588,2835,Río Tercero - Villa María,,Altura hidrométrica media diaria,39,,sat2,,-32.4219444444444,-63.2447222222222,,,,
9200,2836,Aº Barrancas - Paso La Llana,,Altura hidrométrica,2,,sat2,,-30.2172222222222,-59.3244444444444,True,10,2026-08-30T23:00:00.000Z,False
26589,2836,Aº Barrancas - Paso La Llana,,Altura hidrométrica media diaria,39,,sat2,,-30.2172222222222,-59.3244444444444,True,2,2026-08-29T03:00:00.000Z,
38433,2836,Aº Barrancas - Paso La Llana,,Altura hidrométrica 4-horaria,101,,sat2,,-30.2172222222222,-59.3244444444444,True,17,2026-08-30T19:00:00.000Z,
9412,2837,Nogoya - RN Nº12,,Altura hidrométrica,2,,sat2,,-32.3947222222222,-59.7638888888889,True,71,2026-08-31T00:00:00.000Z,
26590,2837,Nogoya - RN Nº12,,Altura hidrométrica media diaria,39,,sat2,,-32.3947222222222,-59.7638888888889,,,,
38439,2837,Nogoya - RN Nº12,,Altura hidrométrica 4-horaria,101,,sat2,,-32.3947222222222,-59.7638888888889,True,17,2026-08-30T19:00:00.000Z,
9022,2838,Aº Saladillo - RN Nº205,,Altura hidrométrica,2,,sat2,,-35.4594444444445,-59.5747222222222,,,,
26591,2838,Aº Saladillo - RN Nº205,,Altura hidrométrica media diaria,39,,sat2,,-35.4594444444445,-59.5747222222222,True,2,2026-08-29T03:00:00.000Z,
38426,2838,Aº Saladillo - RN Nº205,,Altura hidrométrica 4-horaria,101,,sat2,,-35.4594444444445,-59.5747222222222,True,17,2026-08-30T19:00:00.000Z,
9492,2842,Lago Posadas - Posadas,,Altura hidrométrica,2,,sat2,,-47.5113888888889,-71.8719444444444,,,,
9493,2843,Mitre - Ruta Prov. Nº11,,Altura hidrométrica,2,,sat2,,-50.3997222222222,-72.7338888888889,,,,
38448,2843,Mitre - Ruta Prov. Nº11,,Altura hidrométrica 4-horaria,101,,sat2,,-50.3997222222222,-72.7338888888889,False,0,,
9494,2844,Lago Pueyrredón - Pueyrredón,,Altura hidrométrica,2,,sat2,,-47.3758333333333,-71.9680555555556,True,6,2026-08-30T19:00:00.000Z,False
26596,2844,Lago Pueyrredón - Pueyrredón,,Altura hidrométrica media diaria,39,,sat2,,-47.3758333333333,-71.9680555555556,,,,
9495,2845,Lago San Martín - Brazo Chacab,,Altura hidrométrica,2,,sat2,,-49.1238888888889,-72.4855555555555,False,0,,
26597,2845,Lago San Martín - Brazo Chacab,,Altura hidrométrica media diaria,39,,sat2,,-49.1238888888889,-72.4855555555555,False,0,,
38450,2845,Lago San Martín - Brazo Chacab,,Altura hidrométrica 4-horaria,101,,sat2,,-49.1238888888889,-72.4855555555555,,,,
32025,2846,Pilcomayo - Misión La Paz,,Altura hidrométrica,2,,sat2,,-22.3775,-62.5236111111111,,,,
37849,2846,Pilcomayo - Misión La Paz,,Altura hidrométrica media diaria,39,,sat2,,-22.3775,-62.5236111111111,True,2,2026-08-29T03:00:00.000Z,False
34138,2848,Neuquén - Paso de Indios MET,,Altura hidrométrica,2,,sat2,,-38.5316666666667,-69.4122222222222,,,,
38154,2848,Neuquén - Paso de Indios MET,,Altura hidrométrica media diaria,39,,sat2,,-38.5316666666667,-69.4122222222222,,,,
38697,2848,Neuquén - Paso de Indios MET,,Altura hidrométrica 4-horaria,101,,sat2,,-38.5316666666667,-69.4122222222222,False,0,,
9550,2853,Gualeguay - Paso Alonso,,Altura hidrométrica,2,,sat2,,-33.1005555555556,-59.2702777777778,,,,
26598,2853,Gualeguay - Paso Alonso,,Altura hidrométrica media diaria,39,,sat2,,-33.1005555555556,-59.2702777777778,,,,
9551,2854,Aº Riachuelo - RP Nº5,,Altura hidrométrica,2,,sat2,,-27.5105555555556,-58.5697222222222,,,,
26599,2854,Aº Riachuelo - RP Nº5,,Altura hidrométrica media diaria,39,,sat2,,-27.5105555555556,-58.5697222222222,True,2,2026-08-29T03:00:00.000Z,False
38458,2854,Aº Riachuelo - RP Nº5,,Altura hidrométrica 4-horaria,101,,sat2,,-27.5105555555556,-58.5697222222222,,,,
38459,2855,Salado - RP Nº 41,,Altura hidrométrica 4-horaria,101,,sat2,,-35.7263888888889,-58.5363888888889,,,,
9616,2868,Campichuelo,URUGUAY,Altura hidrométrica,2,,alturas_varios,,-32.70101,-58.1834,,,,
18621,5430,Federación Embalse,Uruguay,Altura hidrométrica,2,,alturas_prefe,,-30.994853,-57.899273,,,,
26601,5430,Federación Embalse,Uruguay,Altura hidrométrica media diaria,39,,alturas_prefe,,-30.994853,-57.899273,True,2,2026-08-29T03:00:00.000Z,
26201,5873,Arroyo Las Piedras - Gob. Monteverde,Cuenca Sarandí-Santo Domingo,Altura hidrométrica,2,,ina_delta,,-34.783421,-58.298648,False,0,,
35413,5873,Arroyo Las Piedras - Gob. Monteverde,Cuenca Sarandí-Santo Domingo,Altura hidrométrica,2,,ina_delta,,-34.783421,-58.298648,False,0,,
26602,5873,Arroyo Las Piedras - Gob. Monteverde,Cuenca Sarandí-Santo Domingo,Altura hidrométrica media diaria,39,,ina_delta,,-34.783421,-58.298648,,,,
26603,5874,Arroyo San Francisco - Dr. Torre,Cuenca Sarandí-Santo Domingo,Altura hidrométrica media diaria,39,,ina_delta,,-34.7650541,-58.3234008,,,,
26206,5876,Carabelas,Carabelas,Altura hidrométrica,2,,ina_delta,,-34.05977,-58.835841,,,,
29393,5888,Sauzalito,Bermejo,Altura hidrométrica,2,,alturas_bdhi,,-24.4332722222222,-61.6563305555556,,,,
30098,5888,Sauzalito,Bermejo,Altura hidrométrica media diaria,39,,alturas_bdhi,,-24.4332722222222,-61.6563305555556,False,0,,
29519,5893,Paraná - Rosario,Paraná,Altura hidrométrica media diaria,39,,sat2,,-32.9513888888889,-60.6255555555556,True,2,2026-08-29T03:00:00.000Z,False
38461,5893,Paraná - Rosario,Paraná,Altura hidrométrica 4-horaria,101,,sat2,,-32.9513888888889,-60.6255555555556,True,17,2026-08-30T19:00:00.000Z,False
29438,5894,Riacho Victoria - Victoria,Riacho Victoria,Altura hidrométrica,2,,sat2,,-32.6316666666667,-60.1652777777778,,,,
29517,5894,Riacho Victoria - Victoria,Riacho Victoria,Altura hidrométrica media diaria,39,,sat2,,-32.6316666666667,-60.1652777777778,,,,
38464,5894,Riacho Victoria - Victoria,Riacho Victoria,Altura hidrométrica 4-horaria,101,,sat2,,-32.6316666666667,-60.1652777777778,,,,
29442,5900,Paraná - Diamante,Paraná,Caudal,4,,sat2,,-32.0577777777778,-60.645,False,0,,
29515,5900,Paraná - Diamante,Paraná,Altura hidrométrica media diaria,39,,sat2,,-32.0577777777778,-60.645,,,,
29441,5901,Paraná - Túnel subfluvial,Paraná,Caudal,4,,sat2,,-31.72,-60.5175,,,,
29545,5901,Paraná - Túnel subfluvial,Paraná,Caudal,4,,sat2,,-31.72,-60.5175,,,,
29513,5901,Paraná - Túnel subfluvial,Paraná,Altura hidrométrica media diaria,39,,sat2,,-31.72,-60.5175,,,,
38466,5901,Paraná - Túnel subfluvial,Paraná,Altura hidrométrica 4-horaria,101,,sat2,,-31.72,-60.5175,,,,
34357,5904,PN Ciervo de los Pantanos,null,Altura hidrométrica,2,,sat2,,-34.2255555555556,-58.8988888888889,,,,
29511,5904,PN Ciervo de los Pantanos,null,Altura hidrométrica media diaria,39,,sat2,,-34.2255555555556,-58.8988888888889,,,,
38721,5904,PN Ciervo de los Pantanos,null,Altura hidrométrica 4-horaria,101,,sat2,,-34.2255555555556,-58.8988888888889,,,,
29445,5905,Paraná - Villa Constitución,Paraná,Caudal,4,,sat2,,-33.2272222222222,-60.32,,,,
29534,5907,Paraná Las Palmas - Zárate,Paraná de las Palmas,Altura hidrométrica,2,,sat2,,-34.1019444444444,-59.0088888888889,,,,
29446,5907,Paraná Las Palmas - Zárate,Paraná de las Palmas,Caudal,4,,sat2,,-34.1019444444444,-59.0088888888889,,,,
29507,5907,Paraná Las Palmas - Zárate,Paraná de las Palmas,Altura hidrométrica media diaria,39,,sat2,,-34.1019444444444,-59.0088888888889,,,,
38463,5907,Paraná Las Palmas - Zárate,Paraná de las Palmas,Altura hidrométrica 4-horaria,101,,sat2,,-34.1019444444444,-59.0088888888889,,,,
30115,5910,SANTA FE - LA GUARDIA,SISTEMA SETÚBAL,Altura hidrométrica,2,,alturas_bdhi,,-31.6301388888889,-60.6779722222222,,,,
30116,5910,SANTA FE - LA GUARDIA,SISTEMA SETÚBAL,Altura hidrométrica,2,,alturas_bdhi,,-31.6301388888889,-60.6779722222222,,,,
30117,5910,SANTA FE - LA GUARDIA,SISTEMA SETÚBAL,Altura hidrométrica media diaria,39,,alturas_bdhi,,-31.6301388888889,-60.6779722222222,,,,
30121,5910,SANTA FE - LA GUARDIA,SISTEMA SETÚBAL,Caudal medio diario,40,,alturas_bdhi,,-31.6301388888889,-60.6779722222222,,,,
30125,5912,Paraná - Timbúes,,Altura hidrométrica,2,,sat2,,-32.7197222222222,-60.7261111111111,,,,
30126,5912,Paraná - Timbúes,,Caudal,4,,sat2,,-32.7197222222222,-60.7261111111111,,,,
30127,5912,Paraná - Timbúes,,Altura hidrométrica media diaria,39,,sat2,,-32.7197222222222,-60.7261111111111,,,,
30128,5912,Paraná - Timbúes,,Caudal medio diario,40,,sat2,,-32.7197222222222,-60.7261111111111,,,,
31866,6163,INTA Delta,Paraná de las Palmas,Altura hidrométrica,2,,ina_delta,,-34.17675,-58.8643,,,,
32675,6263,Primero (Suquía) Camino Secund,,Altura hidrométrica,2,,sat2,,-30.9641666666667,-62.9961111111111,,,,
37883,6263,Primero (Suquía) Camino Secund,,Altura hidrométrica media diaria,39,,sat2,,-30.9641666666667,-62.9961111111111,,,,
38514,6263,Primero (Suquía) Camino Secund,,Altura hidrométrica 4-horaria,101,,sat2,,-30.9641666666667,-62.9961111111111,True,17,2026-08-30T19:00:00.000Z,False
38529,6301,Chubut - Valle Inferior,,Altura hidrométrica 4-horaria,101,,sat2,,-43.2908333333333,-65.5052777777778,,,,
32631,6354,Paraná - La Paz,,Altura hidrométrica,2,,sat2,,-30.7325,-59.6386111111111,,,,
37873,6354,Paraná - La Paz,,Altura hidrométrica media diaria,39,,sat2,,-30.7325,-59.6386111111111,True,2,2026-08-29T03:00:00.000Z,
38506,6354,Paraná - La Paz,,Altura hidrométrica 4-horaria,101,,sat2,,-30.7325,-59.6386111111111,,,,
34342,6357,Carcarañá - Cruz Alta,,Altura hidrométrica,2,,sat2,,-33.0063888888889,-61.7875,True,71,2026-08-31T00:00:00.000Z,
38712,6357,Carcarañá - Cruz Alta,,Altura hidrométrica 4-horaria,101,,sat2,,-33.0063888888889,-61.7875,,,,
34343,6359,Salado - Puente Carretero,,Altura hidrométrica,2,,sat2,,-34.6113888888889,-60.9572222222222,,,,
34344,6360,Saladillo - Dique Aforador,,Altura hidrométrica,2,,sat2,,-32.9316666666667,-62.3322222222222,,,,
38187,6361,Tercero - Piedras Moras,,Altura hidrométrica media diaria,39,,sat2,,-32.1694444444444,-64.2327777777778,,,,
38715,6361,Tercero - Piedras Moras,,Altura hidrométrica 4-horaria,101,,sat2,,-32.1694444444444,-64.2327777777778,,,,
34346,6362,Neuquén - Neuquén,,Altura hidrométrica,2,,sat2,,-38.9497222222222,-68.0227777777778,,,,
38188,6362,Neuquén - Neuquén,,Altura hidrométrica media diaria,39,,sat2,,-38.9497222222222,-68.0227777777778,,,,
38716,6362,Neuquén - Neuquén,,Altura hidrométrica 4-horaria,101,,sat2,,-38.9497222222222,-68.0227777777778,,,,
38189,6363,Cuarto - Puente de Olmos,,Altura hidrométrica media diaria,39,,sat2,,-33.4555555555556,-63.1294444444444,,,,
37936,6365,Mojotoro - Güemes,,Altura hidrométrica media diaria,39,,sat2,,-24.7316666666667,-65.0288888888889,,,,
38551,6365,Mojotoro - Güemes,,Altura hidrométrica 4-horaria,101,,sat2,,-24.7316666666667,-65.0288888888889,,,,
34350,6366,Aº Las Flores - Gral. Alvear,,Altura hidrométrica,2,,sat2,,-35.9875,-60.0194444444444,,,,
37840,6374,Dulce - Dique Los Quiroga,,Altura hidrométrica media diaria,39,,sat2,,-27.6511111111111,-64.3616666666667,False,0,,
38722,6375,Salado - Canal de Dios,,Altura hidrométrica 4-horaria,101,,sat2,,-25.6105555555556,-63.9486111111111,False,0,,
34354,6376,Chubut - Gualjaina,,Altura hidrométrica,2,,sat2,,-42.6097222222222,-70.3844444444445,,,,
38719,6376,Chubut - Gualjaina,,Altura hidrométrica 4-horaria,101,,sat2,,-42.6097222222222,-70.3844444444445,True,16,2026-08-30T15:00:00.000Z,
38720,6378,NIV- Túnel internacional,,Altura hidrométrica 4-horaria,101,,sat2,,-32.8130555555556,-70.0575,False,0,,
38488,6379,NIV - La Hoya,,Altura hidrométrica 4-horaria,101,,sat2,,-42.8325,-71.2536111111111,,,,
38503,6380,Aº De las Chañaritas,,Altura hidrométrica 4-horaria,101,,sat2,,-34.2797222222222,-59.5894444444444,,,,
33433,6382,Chico - Las Loicas,,Altura hidrométrica,2,,sat2,,-35.7925,-70.1419444444444,,,,
38028,6382,Chico - Las Loicas,,Altura hidrométrica media diaria,39,,sat2,,-35.7925,-70.1419444444444,,,,
38616,6382,Chico - Las Loicas,,Altura hidrométrica 4-horaria,101,,sat2,,-35.7925,-70.1419444444444,,,,
32923,6384,Chubut-Alto Chubut(Nacimiento),,Altura hidrométrica,2,,sat2,,-41.8341666666667,-71.1083333333333,,,,
37932,6384,Chubut-Alto Chubut(Nacimiento),,Altura hidrométrica media diaria,39,,sat2,,-41.8341666666667,-71.1083333333333,False,0,,
38547,6384,Chubut-Alto Chubut(Nacimiento),,Altura hidrométrica 4-horaria,101,,sat2,,-41.8341666666667,-71.1083333333333,,,,
31937,6385,Chico - Cerro Mesa,,Altura hidrométrica,2,,sat2,,-41.7063888888889,-70.4825,,,,
38468,6385,Chico - Cerro Mesa,,Altura hidrométrica 4-horaria,101,,sat2,,-41.7063888888889,-70.4825,,,,
38548,6387,Tupungato - Punta de Vacas LIM,,Altura hidrométrica 4-horaria,101,,sat2,,-32.8808333333333,-69.7683333333333,,,,
33839,6388,Grande - La Gotera,,Altura hidrométrica,2,,sat2,,-35.8716666666667,-69.8919444444444,,,,
38087,6388,Grande - La Gotera,,Altura hidrométrica media diaria,39,,sat2,,-35.8716666666667,-69.8919444444444,,,,
38655,6388,Grande - La Gotera,,Altura hidrométrica 4-horaria,101,,sat2,,-35.8716666666667,-69.8919444444444,,,,
37993,6389,Las Tapias - Las Tapias,,Altura hidrométrica media diaria,39,,sat2,,-32.8036111111111,-64.7763888888889,True,2,2026-08-29T03:00:00.000Z,False
38594,6389,Las Tapias - Las Tapias,,Altura hidrométrica 4-horaria,101,,sat2,,-32.8036111111111,-64.7763888888889,,,,
37895,6390,Ñorquinco - Ñorquinco,,Altura hidrométrica media diaria,39,,sat2,,-41.8419444444444,-70.8913888888889,False,0,,
32016,6393,Aº Las Flores - Gral. Alvear,,Altura hidrométrica,2,,sat2,,-35.9875,-60.0194444444444,,,,
37846,6393,Aº Las Flores - Gral. Alvear,,Altura hidrométrica media diaria,39,,sat2,,-35.9875,-60.0194444444444,,,,
38481,6393,Aº Las Flores - Gral. Alvear,,Altura hidrométrica 4-horaria,101,,sat2,,-35.9875,-60.0194444444444,,,,
37964,6394,Colorado - Pedro Luro,,Altura hidrométrica media diaria,39,,sat2,,-39.5247222222222,-62.6755555555556,True,2,2026-08-29T03:00:00.000Z,False
33257,6395,Paraná - Vuelta de Obligado,,Altura hidrométrica,2,,sat2,,-33.5941666666667,-59.8130555555556,True,42,2026-08-31T00:00:00.000Z,
37994,6395,Paraná - Vuelta de Obligado,,Altura hidrométrica media diaria,39,,sat2,,-33.5941666666667,-59.8130555555556,,,,
38635,6396,Cuarto - La Carlota LIM,,Altura hidrométrica 4-horaria,101,,sat2,,-33.4075,-63.2941666666667,,,,
31982,6397,Aº Pergamino - Pergamino,,Altura hidrométrica,2,,sat2,,-33.9041666666667,-60.5702777777778,,,,
37844,6398,Salado - Colonia Dora,,Altura hidrométrica media diaria,39,,sat2,,-28.5597222222222,-62.8902777777778,,,,
38480,6398,Salado - Colonia Dora,,Altura hidrométrica 4-horaria,101,,sat2,,-28.5597222222222,-62.8902777777778,False,0,,
38469,6400,Paraná - Bella Vista,,Altura hidrométrica 4-horaria,101,,sat2,,-28.5052777777778,-59.0497222222222,True,17,2026-08-30T19:00:00.000Z,
31956,6401,Aº Del Medio - Motomel,,Altura hidrométrica,2,,sat2,,-33.3505555555556,-60.3230555555556,True,71,2026-08-31T00:00:00.000Z,
37838,6401,Aº Del Medio - Motomel,,Altura hidrométrica media diaria,39,,sat2,,-33.3505555555556,-60.3230555555556,True,2,2026-08-29T03:00:00.000Z,False
37850,6403,Uruguay - Corralito,,Altura hidrométrica media diaria,39,,sat2,,-31.4847222222222,-58.0847222222222,,,,
33678,6404,Aº Aguapey - San Carlos,null,Altura hidrométrica,2,,sat2,,-27.7475,-55.8916666666667,False,0,,
37934,6405,Uruguay - Concep. del Uruguay,,Altura hidrométrica media diaria,39,,sat2,,-32.4775,-58.2208333333333,,,,
38470,6406,Grande - La Estrechura,,Altura hidrométrica 4-horaria,101,,sat2,,-35.3194444444444,-70.2886111111111,,,,
32731,6408,NIV Jáchal - Cerro Negro,,Altura hidrométrica,2,,sat2,,-29.8905555555556,-69.5580555555556,,,,
32927,6409,NIV Carrenleufú - Lago Guacho,,Altura hidrométrica,2,,sat2,,-43.8288888888889,-71.4055555555556,,,,
37935,6409,NIV Carrenleufú - Lago Guacho,,Altura hidrométrica media diaria,39,,sat2,,-43.8288888888889,-71.4055555555556,False,0,,
32730,6410,NIV Atuel - Laguna Atuel,,Altura hidrométrica,2,,sat2,,-34.5111111111111,-70.0458333333333,,,,
38523,6410,NIV Atuel - Laguna Atuel,,Altura hidrométrica 4-horaria,101,,sat2,,-34.5111111111111,-70.0458333333333,,,,
38057,6411,NIV Grande - Paso Pehuenche,,Altura hidrométrica media diaria,39,,sat2,,-35.98,-70.3941666666667,,,,
38637,6411,NIV Grande - Paso Pehuenche,,Altura hidrométrica 4-horaria,101,,sat2,,-35.98,-70.3941666666667,,,,
32244,6412,NIV Grande - Valle Hermoso,,Altura hidrométrica,2,,sat2,,-35.1422222222222,-70.2016666666667,False,0,,
37855,6412,NIV Grande - Valle Hermoso,,Altura hidrométrica media diaria,39,,sat2,,-35.1422222222222,-70.2016666666667,False,0,,
33258,6413,NIV Diamante - Laguna Diamante,,Altura hidrométrica,2,,sat2,,-34.1988888888889,-69.6980555555556,,,,
37871,6414,NIV Mendoza - Toscas,,Altura hidrométrica media diaria,39,,sat2,,-33.1641666666667,-69.8886111111111,,,,
31942,6415,NIV Aº de Las Leñas - Las Leña,,Altura hidrométrica,2,,sat2,,-35.1394444444444,-70.0916666666667,,,,
37836,6416,NIV - Alto Chubut,,Altura hidrométrica media diaria,39,,sat2,,-41.6730555555555,-71.1141666666667,False,0,,
38475,6419,PruebaSinDatos,,Altura hidrométrica 4-horaria,101,,sat2,,-1.01694444444444,-1.01694444444444,,,,
32251,6420,Lago Buenos Aires-Los Antiguos,,Altura hidrométrica,2,,sat2,,-46.5391666666667,-71.6094444444444,False,0,,
37857,6420,Lago Buenos Aires-Los Antiguos,,Altura hidrométrica media diaria,39,,sat2,,-46.5391666666667,-71.6094444444444,,,,
38491,6420,Lago Buenos Aires-Los Antiguos,,Altura hidrométrica 4-horaria,101,,sat2,,-46.5391666666667,-71.6094444444444,False,0,,
32008,6421,Atuel - Paso de Loro,,Altura hidrométrica,2,,sat2,,-35.6361111111111,-67.4261111111111,,,,
37843,6421,Atuel - Paso de Loro,,Altura hidrométrica media diaria,39,,sat2,,-35.6361111111111,-67.4261111111111,,,,
38479,6421,Atuel - Paso de Loro,,Altura hidrométrica 4-horaria,101,,sat2,,-35.6361111111111,-67.4261111111111,True,17,2026-08-30T19:00:00.000Z,False
33259,6422,Mocoretá - RN Nº 127,,Altura hidrométrica,2,,sat2,,-30.1083333333333,-58.0588888888889,,,,
37996,6422,Mocoretá - RN Nº 127,,Altura hidrométrica media diaria,39,,sat2,,-30.1083333333333,-58.0588888888889,True,2,2026-08-29T03:00:00.000Z,False
32027,6423,Aº Del Doll - RN 11,,Altura hidrométrica,2,,sat2,,-32.3058333333333,-60.4261111111111,,,,
37851,6423,Aº Del Doll - RN 11,,Altura hidrométrica media diaria,39,,sat2,,-32.3058333333333,-60.4261111111111,True,2,2026-08-29T03:00:00.000Z,False
37899,6424,Cuarto - Tincunaco,,Altura hidrométrica media diaria,39,,sat2,,-32.9033333333333,-64.7161111111111,,,,
38525,6424,Cuarto - Tincunaco,,Altura hidrométrica 4-horaria,101,,sat2,,-32.9033333333333,-64.7161111111111,,,,
33844,6425,Miriñay - Paso Ledesma,,Altura hidrométrica,2,,sat2,,-29.8458333333333,-57.675,,,,
38089,6425,Miriñay - Paso Ledesma,,Altura hidrométrica media diaria,39,,sat2,,-29.8458333333333,-57.675,,,,
31981,6426,Sauce Grande - RN Nº3,,Altura hidrométrica,2,,sat2,,-38.7608333333333,-61.6969444444444,,,,
37841,6426,Sauce Grande - RN Nº3,,Altura hidrométrica media diaria,39,,sat2,,-38.7608333333333,-61.6969444444444,,,,
37900,6427,Aº De los Huesos - RN 226,,Altura hidrométrica media diaria,39,,sat2,,-37.0811111111111,-59.5388888888889,,,,
38526,6427,Aº De los Huesos - RN 226,,Altura hidrométrica 4-horaria,101,,sat2,,-37.0811111111111,-59.5388888888889,,,,
32656,6428,Salado -A.Ab. Azud Cruz Bajada,,Altura hidrométrica,2,,sat2,,-25.7166666666667,-63.8916666666667,True,18,2026-08-30T23:00:00.000Z,
38511,6428,Salado -A.Ab. Azud Cruz Bajada,,Altura hidrométrica 4-horaria,101,,sat2,,-25.7166666666667,-63.8916666666667,,,,
37876,6429,Blanco - Calingasta - RP 142,,Altura hidrométrica media diaria,39,,sat2,,-31.3319444444444,-69.4138888888889,,,,
38509,6429,Blanco - Calingasta - RP 142,,Altura hidrométrica 4-horaria,101,,sat2,,-31.3319444444444,-69.4138888888889,,,,
32666,6430,Colorado - Paso Alsina,,Altura hidrométrica,2,,sat2,,-39.3669444444444,-63.2375,True,68,2026-08-30T21:00:00.000Z,
37881,6430,Colorado - Paso Alsina,,Altura hidrométrica media diaria,39,,sat2,,-39.3669444444444,-63.2375,,,,
38088,6431,PN  - Copo  - El Aibal ,,Altura hidrométrica media diaria,39,,sat2,,-25.9227777777778,-61.7138888888889,,,,
38656,6431,PN  - Copo  - El Aibal ,,Altura hidrométrica 4-horaria,101,,sat2,,-25.9227777777778,-61.7138888888889,,,,
33681,6432,Negro - Laguna Blanca,,Altura hidrométrica,2,,sat2,,-27.2633333333333,-59.1961111111111,True,71,2026-08-31T00:00:00.000Z,False
38058,6432,Negro - Laguna Blanca,,Altura hidrométrica media diaria,39,,sat2,,-27.2633333333333,-59.1961111111111,,,,
37858,6435,Piray Guazú - R. Nac. 12 Vieja,,Altura hidrométrica media diaria,39,,sat2,,-26.4858333333333,-54.5883333333333,,,,
35446,6435,Piray Guazú - R. Nac. 12 Vieja,,Caudal medio diario,40,,sat2,,-26.4858333333333,-54.5883333333333,,,,
38492,6435,Piray Guazú - R. Nac. 12 Vieja,,Altura hidrométrica 4-horaria,101,,sat2,,-26.4858333333333,-54.5883333333333,,,,
32945,6436,Iruya - Colanzulí,,Altura hidrométrica,2,,sat2,,-22.8716666666667,-65.2144444444445,False,0,,
37937,6436,Iruya - Colanzulí,,Altura hidrométrica media diaria,39,,sat2,,-22.8716666666667,-65.2144444444445,,,,
38552,6436,Iruya - Colanzulí,,Altura hidrométrica 4-horaria,101,,sat2,,-22.8716666666667,-65.2144444444445,,,,
38029,6437,Manso - Los Alerces,,Altura hidrométrica media diaria,39,,sat2,,-41.3783333333333,-71.7466666666667,,,,
35450,6439,Piray Mini - Valle Hermoso,,Caudal medio diario,40,,sat2,,-26.355,-54.4983333333333,,,,
35451,6439,Piray Mini - Valle Hermoso,,Caudal medio diario,40,,sat2,,-26.355,-54.4983333333333,,,,
38540,6439,Piray Mini - Valle Hermoso,,Altura hidrométrica 4-horaria,101,,sat2,,-26.355,-54.4983333333333,,,,
34033,6441,Quinto - Dique Villa Mercedes,,Altura hidrométrica,2,,sat2,,-33.6538888888889,-65.5336111111111,True,71,2026-08-31T00:00:00.000Z,
38680,6441,Quinto - Dique Villa Mercedes,,Altura hidrométrica 4-horaria,101,,sat2,,-33.6538888888889,-65.5336111111111,,,,
32779,6443,Santa Rosa - Meteorológica,,Altura hidrométrica,2,,sat2,,-36.6213888888889,-64.3219444444444,,,,
37903,6443,Santa Rosa - Meteorológica,,Altura hidrométrica media diaria,39,,sat2,,-36.6213888888889,-64.3219444444444,False,0,,
37864,6444,Trapiche - Hosteria El Trapich,,Altura hidrométrica media diaria,39,,sat2,,-33.1058333333333,-66.0633333333333,,,,
38169,6445,Quinto - Justo Daract,,Altura hidrométrica media diaria,39,,sat2,,-33.9186111111111,-65.1516666666667,True,2,2026-08-29T03:00:00.000Z,
38706,6445,Quinto - Justo Daract,,Altura hidrométrica 4-horaria,101,,sat2,,-33.9186111111111,-65.1516666666667,,,,
37965,6446,De Las Barrancas-A.Corral RP23,,Altura hidrométrica media diaria,39,,sat2,,-32.6894444444444,-64.7202777777778,,,,
38573,6446,De Las Barrancas-A.Corral RP23,,Altura hidrométrica 4-horaria,101,,sat2,,-32.6894444444444,-64.7202777777778,,,,
38496,6447,Dulce - La Escuela - Río Hondo,,Altura hidrométrica 4-horaria,101,,sat2,,-27.5033333333333,-64.8558333333333,,,,
38130,6449,Paraguay - Isla del Cerrito,,Altura hidrométrica media diaria,39,,sat2,,-27.2891666666667,-58.61,,,,
38128,6450,Nuevo - Ruta Nac. Nº 8,,Altura hidrométrica media diaria,39,,sat2,,-33.6366666666667,-65.3636111111111,,,,
38679,6450,Nuevo - Ruta Nac. Nº 8,,Altura hidrométrica 4-horaria,101,,sat2,,-33.6366666666667,-65.3636111111111,False,0,,
37859,6451,Laguna La Picasa - CR Nº7,,Altura hidrométrica media diaria,39,,sat2,,-34.3486111111111,-62.5419444444444,,,,
38507,6452,Chico - Cerro Mesa,,Altura hidrométrica 4-horaria,101,,sat2,,-41.7063888888889,-70.4825,,,,
32633,6454,Negro-Obra de Ctrl. Agua Abajo,,Altura hidrométrica,2,,sat2,,-27.4563888888889,-58.8988888888889,,,,
38508,6454,Negro-Obra de Ctrl. Agua Abajo,,Altura hidrométrica 4-horaria,101,,sat2,,-27.4563888888889,-58.8988888888889,,,,
33461,6457,Embalse Cruz Bajada,,Altura hidrométrica,2,,sat2,,-25.7158333333333,-63.8916666666667,,,,
38618,6457,Embalse Cruz Bajada,,Altura hidrométrica 4-horaria,101,,sat2,,-25.7158333333333,-63.8916666666667,,,,
33696,6458,Paraná - Puerto Libertad,,Altura hidrométrica,2,,sat2,,-25.9166666666667,-54.6205555555556,,,,
32024,6459,Canal de Dios - Cruz Bajada,,Altura hidrométrica,2,,sat2,,-25.7163888888889,-63.8905555555556,,,,
37848,6459,Canal de Dios - Cruz Bajada,,Altura hidrométrica media diaria,39,,sat2,,-25.7163888888889,-63.8905555555556,True,2,2026-08-29T03:00:00.000Z,False
37861,6460,Gastona - Atahona RN Nº157,,Altura hidrométrica media diaria,39,,sat2,,-27.4325,-65.2713888888889,,,,
38495,6460,Gastona - Atahona RN Nº157,,Altura hidrométrica 4-horaria,101,,sat2,,-27.4325,-65.2713888888889,,,,
32023,6461,Aº Las Garzas - RN Nº 11,,Altura hidrométrica,2,,sat2,,-28.7766666666667,-59.4738888888889,True,17,2026-08-30T19:00:00.000Z,False
33117,6463,Ledesma -Fraile Pintado-RN 34 ,,Altura hidrométrica,2,,sat2,,-23.9094444444444,-64.8080555555556,,,,
38576,6463,Ledesma -Fraile Pintado-RN 34 ,,Altura hidrométrica 4-horaria,101,,sat2,,-23.9094444444444,-64.8080555555556,True,17,2026-08-30T19:00:00.000Z,False
32777,6464,San Pedro - Ledesma - RN 34,,Altura hidrométrica,2,,sat2,,-24.2644444444444,-64.8986111111111,,,,
38527,6464,San Pedro - Ledesma - RN 34,,Altura hidrométrica 4-horaria,101,,sat2,,-24.2644444444444,-64.8986111111111,,,,
38497,6465,San Juan - Dique de la Rosa,,Altura hidrométrica 4-horaria,101,,sat2,,-31.5025,-68.6425,,,,
33281,6466,Vinchina - Los Palacios -RN 40,,Altura hidrométrica,2,,sat2,,-29.3488888888889,-68.2411111111111,True,71,2026-08-31T00:00:00.000Z,
37998,6466,Vinchina - Los Palacios -RN 40,,Altura hidrométrica media diaria,39,,sat2,,-29.3488888888889,-68.2411111111111,,,,
38598,6466,Vinchina - Los Palacios -RN 40,,Altura hidrométrica 4-horaria,101,,sat2,,-29.3488888888889,-68.2411111111111,,,,
37999,6468,Negro - Isla Jordan,,Altura hidrométrica media diaria,39,,sat2,,-38.995,-67.9730555555556,,,,
38599,6468,Negro - Isla Jordan,,Altura hidrométrica 4-horaria,101,,sat2,,-38.995,-67.9730555555556,False,0,,
37852,6469,Vipos - Toma Obras Sanitarias,,Altura hidrométrica media diaria,39,,sat2,,-26.4775,-65.3163888888889,,,,
32844,6472,Quinto -Av Circunvalación,,Altura hidrométrica,2,,sat2,,-33.7391666666667,-65.3769444444444,True,46,2026-08-31T00:00:00.000Z,
32654,6474,Lago Muster - Fortín,,Altura hidrométrica,2,,sat2,,-45.5802777777778,-69.2763888888889,,,,
38061,6477,NIV-C. Trona.-Otto Meiling MET,,Altura hidrométrica media diaria,39,,sat2,,-41.1911111111111,-71.7880555555556,,,,
37867,6478,Turbio - Turbio Viejo,,Altura hidrométrica media diaria,39,,sat2,,-51.6808333333333,-72.0783333333333,,,,
38501,6478,Turbio - Turbio Viejo,,Altura hidrométrica 4-horaria,101,,sat2,,-51.6808333333333,-72.0783333333333,True,17,2026-08-30T19:00:00.000Z,
38577,6479,El Tala - El Brete,,Altura hidrométrica 4-horaria,101,,sat2,,-26.0658333333333,-65.3411111111111,,,,
37868,6480,Canal - Jume Esquina,,Altura hidrométrica media diaria,39,,sat2,,-27.6966666666667,-63.9333333333333,,,,
38502,6480,Canal - Jume Esquina,,Altura hidrométrica 4-horaria,101,,sat2,,-27.6966666666667,-63.9333333333333,True,17,2026-08-30T19:00:00.000Z,
37944,6481,Grande - Ruta Provincia Nº 9,,Altura hidrométrica media diaria,39,,sat2,,-32.9019444444444,-66.1055555555556,,,,
38556,6481,Grande - Ruta Provincia Nº 9,,Altura hidrométrica 4-horaria,101,,sat2,,-32.9019444444444,-66.1055555555556,,,,
38579,6482,Desaguadero - Navia,,Altura hidrométrica 4-horaria,101,,sat2,,-34.7741666666667,-66.5886111111111,,,,
33357,6483,Desaguadero - Salto de la Tosc,,Altura hidrométrica,2,,sat2,,-34.0869444444444,-66.71,,,,
38003,6483,Desaguadero - Salto de la Tosc,,Altura hidrométrica media diaria,39,,sat2,,-34.0869444444444,-66.71,True,2,2026-08-29T03:00:00.000Z,
38602,6483,Desaguadero - Salto de la Tosc,,Altura hidrométrica 4-horaria,101,,sat2,,-34.0869444444444,-66.71,True,17,2026-08-30T19:00:00.000Z,False
32815,6490,Arrayanes - Lago Verde,,Altura hidrométrica,2,,sat2,,-42.7436111111111,-71.7430555555556,,,,
38530,6490,Arrayanes - Lago Verde,,Altura hidrométrica 4-horaria,101,,sat2,,-42.7436111111111,-71.7430555555556,False,0,,
32660,6492,Uspallata - Uspallata,,Altura hidrométrica,2,,sat2,,-32.5944444444444,-69.34,,,,
37880,6492,Uspallata - Uspallata,,Altura hidrométrica media diaria,39,,sat2,,-32.5944444444444,-69.34,,,,
38512,6492,Uspallata - Uspallata,,Altura hidrométrica 4-horaria,101,,sat2,,-32.5944444444444,-69.34,,,,
32820,6498,Urueña -7 de Abril - RN34,,Altura hidrométrica,2,,sat2,,-26.2188888888889,-64.5119444444444,,,,
32679,6504,Seco - RN Nº 157,,Altura hidrométrica,2,,sat2,,-27.3361111111111,-65.3175,,,,
38091,6505,Chico - RN Nº157 Monteagudo,,Altura hidrométrica media diaria,39,,sat2,,-27.5211111111111,-65.2663888888889,,,,
33966,6506,Salí - Alta Gracia,,Altura hidrométrica,2,,sat2,,-26.7191666666667,-65.1619444444444,True,71,2026-08-31T00:00:00.000Z,False
32997,6507,Neuquén - Chos Malal -RN40,,Altura hidrométrica,2,,sat2,,-37.4063888888889,-70.2291666666667,,,,
37941,6507,Neuquén - Chos Malal -RN40,,Altura hidrométrica media diaria,39,,sat2,,-37.4063888888889,-70.2291666666667,,,,
38533,6508,Paraná - Puerto Rico,,Altura hidrométrica 4-horaria,101,,sat2,,-26.7916666666667,-55.025,,,,
38532,6509,El Rey - Moussy,,Altura hidrométrica 4-horaria,101,,sat2,,-28.9977777777778,-59.7530555555556,False,0,,
37942,6511,Paraguay - Las Palmas,,Altura hidrométrica media diaria,39,,sat2,,-27.1180555555556,-58.6427777777778,,,,
38554,6511,Paraguay - Las Palmas,,Altura hidrométrica 4-horaria,101,,sat2,,-27.1180555555556,-58.6427777777778,,,,
38032,6512,INA - Ezeiza,null,Altura hidrométrica media diaria,39,,sat2,,-34.7972222222222,-58.5202777777778,,,,
38063,6513,Aº Calbuco - S.M. de Los Andes,,Altura hidrométrica media diaria,39,,sat2,,-40.1469444444444,-71.3266666666667,,,,
38641,6513,Aº Calbuco - S.M. de Los Andes,,Altura hidrométrica 4-horaria,101,,sat2,,-40.1469444444444,-71.3266666666667,False,0,,
32862,6516,Vizcachas - Cerro Palique,,Altura hidrométrica,2,,sat2,,-50.9961111111111,-72.1063888888889,,,,
37924,6516,Vizcachas - Cerro Palique,,Altura hidrométrica media diaria,39,,sat2,,-50.9961111111111,-72.1063888888889,,,,
38539,6516,Vizcachas - Cerro Palique,,Altura hidrométrica 4-horaria,101,,sat2,,-50.9961111111111,-72.1063888888889,True,17,2026-08-30T19:00:00.000Z,False
38111,6518,Atuel - La Puntilla,,Altura hidrométrica media diaria,39,,sat2,,-36.2413888888889,-67.1866666666667,True,2,2026-08-29T03:00:00.000Z,
38669,6518,Atuel - La Puntilla,,Altura hidrométrica 4-horaria,101,,sat2,,-36.2413888888889,-67.1866666666667,,,,
33886,6519,Aº Trabunco -S.M. de Los Andes,,Altura hidrométrica,2,,sat2,,-40.1530555555556,-71.3347222222222,,,,
38659,6519,Aº Trabunco -S.M. de Los Andes,,Altura hidrométrica 4-horaria,101,,sat2,,-40.1530555555556,-71.3347222222222,,,,
33720,6520,Aº Yaboti - San Pedro,,Altura hidrométrica,2,,sat2,,-26.6352777777778,-54.0897222222222,,,,
38642,6520,Aº Yaboti - San Pedro,,Altura hidrométrica 4-horaria,101,,sat2,,-26.6352777777778,-54.0897222222222,,,,
33564,6522,Pepirí Guazú-Pte.Int.P.Rosales,,Altura hidrométrica,2,,sat2,,-26.6133333333333,-53.7347222222222,,,,
38632,6522,Pepirí Guazú-Pte.Int.P.Rosales,,Altura hidrométrica 4-horaria,101,,sat2,,-26.6133333333333,-53.7347222222222,,,,
37885,6523,Laguna El Uncal - AM20,,Altura hidrométrica media diaria,39,,sat2,,-36.6852777777778,-67.1,,,,
32691,6526,Jesus Maria - MET,,Altura hidrométrica,2,,sat2,,-30.9769444444444,-64.1394444444445,,,,
37889,6526,Jesus Maria - MET,,Altura hidrométrica media diaria,39,,sat2,,-30.9769444444444,-64.1394444444445,,,,
38517,6526,Jesus Maria - MET,,Altura hidrométrica 4-horaria,101,,sat2,,-30.9769444444444,-64.1394444444445,,,,
38578,6527,General Acha - La Pampa,,Altura hidrométrica 4-horaria,101,,sat2,,-37.3647222222222,-64.5919444444444,,,,
33490,6528,Desaguadero - El Encón,,Altura hidrométrica,2,,sat2,,-32.2247222222222,-67.8069444444444,,,,
38033,6528,Desaguadero - El Encón,,Altura hidrométrica media diaria,39,,sat2,,-32.2247222222222,-67.8069444444444,,,,
33887,6529,L. Lacar - S.M. de Los Andes,,Altura hidrométrica,2,,sat2,,-40.1616666666667,-71.3586111111111,,,,
38093,6529,L. Lacar - S.M. de Los Andes,,Altura hidrométrica media diaria,39,,sat2,,-40.1616666666667,-71.3586111111111,,,,
34051,6530,Agrio - Bajada del Agrio,,Altura hidrométrica,2,,sat2,,-38.3658333333333,-70.0325,,,,
38132,6530,Agrio - Bajada del Agrio,,Altura hidrométrica media diaria,39,,sat2,,-38.3658333333333,-70.0325,,,,
32838,6532,Manso - Los Alerces HID,,Altura hidrométrica,2,,sat2,,-41.3736111111111,-71.7458333333333,False,0,,
37914,6532,Manso - Los Alerces HID,,Altura hidrométrica media diaria,39,,sat2,,-41.3736111111111,-71.7458333333333,False,0,,
33331,6533,Gallegos Chico - Bella Vista,,Altura hidrométrica,2,,sat2,,-51.865,-70.5616666666667,,,,
38002,6533,Gallegos Chico - Bella Vista,,Altura hidrométrica media diaria,39,,sat2,,-51.865,-70.5616666666667,,,,
38601,6533,Gallegos Chico - Bella Vista,,Altura hidrométrica 4-horaria,101,,sat2,,-51.865,-70.5616666666667,True,13,2026-08-30T03:00:00.000Z,
33009,6534,San Juan - Km 101 LIM,,Altura hidrométrica,2,,sat2,,-31.2522222222222,-69.1775,,,,
38555,6534,San Juan - Km 101 LIM,,Altura hidrométrica 4-horaria,101,,sat2,,-31.2522222222222,-69.1775,,,,
38034,6535,Chico - Ruta Nac. Nº 3,,Altura hidrométrica media diaria,39,,sat2,,-49.7769444444444,-68.6405555555556,True,2,2026-08-29T03:00:00.000Z,
38621,6535,Chico - Ruta Nac. Nº 3,,Altura hidrométrica 4-horaria,101,,sat2,,-49.7769444444444,-68.6405555555556,,,,
37892,6539,Ventisquero Negro - Lago Manso,,Altura hidrométrica media diaria,39,,sat2,,-41.2016666666667,-71.8333333333333,,,,
38518,6540,Salado - Icaño,,Altura hidrométrica 4-horaria,101,,sat2,,-28.6152777777778,-62.7786111111111,True,16,2026-08-30T15:00:00.000Z,
33069,6543,*Pepirí Guazú-Pte.Int.P.Rosale,,Altura hidrométrica,2,,sat2,,-26.6133333333333,-53.7347222222222,,,,
38570,6543,*Pepirí Guazú-Pte.Int.P.Rosale,,Altura hidrométrica 4-horaria,101,,sat2,,-26.6133333333333,-53.7347222222222,False,0,,
32711,6544,Areco - Carmen de Areco,,Altura hidrométrica,2,,sat2,,-34.3519444444444,-59.8169444444444,,,,
34893,6544,Areco - Carmen de Areco,,Caudal medio diario,40,,sat2,,-34.3519444444444,-59.8169444444444,,,,
38521,6544,Areco - Carmen de Areco,,Altura hidrométrica 4-horaria,101,,sat2,,-34.3519444444444,-59.8169444444444,,,,
32851,6548,Bermejo - Aguas Blancas LIM,,Altura hidrométrica,2,,sat2,,-22.7263888888889,-64.3691666666667,,,,
37917,6548,Bermejo - Aguas Blancas LIM,,Altura hidrométrica media diaria,39,,sat2,,-22.7263888888889,-64.3691666666667,,,,
32882,6549,Juramento - El Tunal,,Altura hidrométrica,2,,sat2,,-25.2497222222222,-64.3902777777778,,,,
37928,6549,Juramento - El Tunal,,Altura hidrométrica media diaria,39,,sat2,,-25.2497222222222,-64.3902777777778,,,,
33230,6551,Uruguay - Monte Caseros,,Altura hidrométrica,2,,sat2,,-30.2516666666667,-57.6216666666667,,,,
33745,6552,Acaragua - Campo Grande,null,Altura hidrométrica,2,,sat2,,-27.2158333333333,-54.9725,False,0,,
34065,6553,Bañado La Estrella - RP Nº28,,Altura hidrométrica,2,,sat2,,-24.4086111111111,-60.3341666666667,,,,
38133,6553,Bañado La Estrella - RP Nº28,,Altura hidrométrica media diaria,39,,sat2,,-24.4086111111111,-60.3341666666667,,,,
33974,6555,Santa Maria - Pie de Medano,,Altura hidrométrica,2,,sat2,,-26.9955555555556,-66.2175,,,,
38112,6555,Santa Maria - Pie de Medano,,Altura hidrométrica media diaria,39,,sat2,,-26.9955555555556,-66.2175,,,,
38670,6555,Santa Maria - Pie de Medano,,Altura hidrométrica 4-horaria,101,,sat2,,-26.9955555555556,-66.2175,,,,
33909,6556,Pilcomayo - Tigra Norte,,Altura hidrométrica,2,,sat2,,-23.1397222222222,-61.9638888888889,False,0,,
38661,6556,Pilcomayo - Tigra Norte,,Altura hidrométrica 4-horaria,101,,sat2,,-23.1397222222222,-61.9638888888889,,,,
33363,6567,CIRHBAS - MET EL GUANAGAN RP13,,Altura hidrométrica,2,,sat2,,-28.7297222222222,-60.9019444444444,,,,
37893,6569,Paraná - Goya,,Altura hidrométrica media diaria,39,,sat2,,-29.165,-59.3283333333333,,,,
38036,6570,Chubut - Trelew,,Altura hidrométrica media diaria,39,,sat2,,-43.2761111111111,-65.2733333333333,,,,
37946,6572,Aº El Quebrachal - RP Nº 33,,Altura hidrométrica media diaria,39,,sat2,,-33.5838888888889,-65.3980555555556,False,0,,
38557,6572,Aº El Quebrachal - RP Nº 33,,Altura hidrométrica 4-horaria,101,,sat2,,-33.5838888888889,-65.3980555555556,,,,
38537,6573,San Antonio Oeste - ET 132 KV,,Altura hidrométrica 4-horaria,101,,sat2,,-40.7566666666667,-65.03,,,,
38067,6574,Sierra Grande - Aeródromo,,Altura hidrométrica media diaria,39,,sat2,,-41.5916666666667,-65.3433333333333,,,,
38008,6575,Chimiray - Colonia Liebig,,Altura hidrométrica media diaria,39,,sat2,,-27.9122222222222,-55.8177777777778,,,,
38604,6575,Chimiray - Colonia Liebig,,Altura hidrométrica 4-horaria,101,,sat2,,-27.9122222222222,-55.8177777777778,False,0,,
38114,6576,Laguna Yema,,Altura hidrométrica media diaria,39,,sat2,,-24.2563888888889,-61.2419444444444,False,0,,
38580,6577,Las Conchas - Coropampa,,Altura hidrométrica 4-horaria,101,,sat2,,-25.5091666666667,-65.5238888888889,True,17,2026-08-30T19:00:00.000Z,False
33241,6578,Uruguay - El Soberbio,,Altura hidrométrica,2,,sat2,,-27.2922222222222,-54.1955555555556,,,,
37948,6579,Yabebiry - Colonia Martires,,Altura hidrométrica media diaria,39,,sat2,,-27.4011111111111,-55.335,False,0,,
33062,6582,Senguerr - Los Molinos,,Altura hidrométrica,2,,sat2,,-45.9861111111111,-69.475,True,17,2026-08-30T23:00:00.000Z,
37956,6582,Senguerr - Los Molinos,,Altura hidrométrica media diaria,39,,sat2,,-45.9861111111111,-69.475,,,,
38565,6582,Senguerr - Los Molinos,,Altura hidrométrica 4-horaria,101,,sat2,,-45.9861111111111,-69.475,,,,
38558,6583,Lago Mascardi - Central Frey,,Altura hidrométrica 4-horaria,101,,sat2,,-41.3572222222222,-71.5633333333333,False,0,,
38589,6586,Metán - Desembocadura,,Altura hidrométrica 4-horaria,101,,sat2,,-25.3933333333333,-64.5922222222222,,,,
37926,6591,Lago Vinter - Vinter,,Altura hidrométrica media diaria,39,,sat2,,-43.9194444444444,-71.4283333333333,True,2,2026-08-29T03:00:00.000Z,
33192,6592,A° Saltito - El Saltito,,Altura hidrométrica,2,,sat2,,-27.4405555555556,-54.5766666666667,,,,
38068,6593,Negro - Primera Angostura,,Altura hidrométrica media diaria,39,,sat2,,-40.4555555555556,-63.7897222222222,,,,
38645,6593,Negro - Primera Angostura,,Altura hidrométrica 4-horaria,101,,sat2,,-40.4555555555556,-63.7897222222222,,,,
34145,6595,Lag. La Picasa-Inter. Can. A22,,Altura hidrométrica,2,,sat2,,-34.4494444444444,-62.4133333333333,,,,
38699,6595,Lag. La Picasa-Inter. Can. A22,,Altura hidrométrica 4-horaria,101,,sat2,,-34.4494444444444,-62.4133333333333,,,,
37927,6604,Areco - Puente Quemado,,Altura hidrométrica media diaria,39,,sat2,,-34.2880555555556,-59.7027777777778,,,,
38542,6604,Areco - Puente Quemado,,Altura hidrométrica 4-horaria,101,,sat2,,-34.2880555555556,-59.7027777777778,,,,
33064,6608,Chubut - Los Altares,,Altura hidrométrica,2,,sat2,,-43.8886111111111,-68.3983333333333,,,,
38566,6608,Chubut - Los Altares,,Altura hidrométrica 4-horaria,101,,sat2,,-43.8886111111111,-68.3983333333333,,,,
33055,6609,La Picasa - Obra Reg Nº1,,Altura hidrométrica,2,,sat2,,-34.2619444444444,-63.3816666666667,,,,
37949,6609,La Picasa - Obra Reg Nº1,,Altura hidrométrica media diaria,39,,sat2,,-34.2619444444444,-63.3816666666667,False,0,,
38560,6609,La Picasa - Obra Reg Nº1,,Altura hidrométrica 4-horaria,101,,sat2,,-34.2619444444444,-63.3816666666667,,,,
33987,6612,Niv. Cerro Polleras,,Altura hidrométrica,2,,sat2,,-33.1475,-69.8519444444444,,,,
38115,6612,Niv. Cerro Polleras,,Altura hidrométrica media diaria,39,,sat2,,-33.1475,-69.8519444444444,False,0,,
38672,6612,Niv. Cerro Polleras,,Altura hidrométrica 4-horaria,101,,sat2,,-33.1475,-69.8519444444444,,,,
34079,6613,NIV - Picos de Barroso,,Altura hidrométrica,2,,sat2,,-34.3075,-69.9483333333333,,,,
38136,6613,NIV - Picos de Barroso,,Altura hidrométrica media diaria,39,,sat2,,-34.3075,-69.9483333333333,,,,
33389,6614,Cullén - Cullén 2,,Altura hidrométrica,2,,sat2,,-52.8902777777778,-68.4511111111111,,,,
33231,6615,Uruguay - Garruchos,,Altura hidrométrica,2,,sat2,,-28.1772222222222,-55.6422222222222,,,,
33056,6616,Dique Belén - Aguas Abajo,,Altura hidrométrica,2,,sat2,,-27.6155555555556,-67.0163888888889,,,,
37950,6616,Dique Belén - Aguas Abajo,,Altura hidrométrica media diaria,39,,sat2,,-27.6155555555556,-67.0163888888889,True,2,2026-08-29T03:00:00.000Z,
32883,6617,Aº Yabotí  Guazú,,Altura hidrométrica,2,,sat2,,-27.0694444444444,-53.8938888888889,,,,
37929,6617,Aº Yabotí  Guazú,,Altura hidrométrica media diaria,39,,sat2,,-27.0694444444444,-53.8938888888889,,,,
38686,6618,Yabebiry - Colonia Martires,,Altura hidrométrica 4-horaria,101,,sat2,,-27.4011111111111,-55.335,,,,
33767,6620,L. Menéndez-Cisne Pto. Sagrado,,Altura hidrométrica,2,,sat2,,-42.6177777777778,-71.8880555555556,False,0,,
38647,6620,L. Menéndez-Cisne Pto. Sagrado,,Altura hidrométrica 4-horaria,101,,sat2,,-42.6177777777778,-71.8880555555556,,,,
33988,6621,Uruguay - Paso de los Libres,,Altura hidrométrica,2,,sat2,,-29.7219444444444,-57.0830555555556,,,,
38673,6621,Uruguay - Paso de los Libres,,Altura hidrométrica 4-horaria,101,,sat2,,-29.7219444444444,-57.0830555555556,True,15,2026-08-30T11:00:00.000Z,False
38824,6622,Quinto - R.N. 35,,Altura hidrométrica 4-horaria,101,,sat2,,-34.2163888888889,-64.3861111111111,,,,
38296,6623,Quinto - Canal Devoto RP 4,,Altura hidrométrica media diaria,39,,sat2,,-33.9330555555556,-63.4491666666667,,,,
38295,6624,Aº El Aji - RN Nº35 y RN Nº7,,Altura hidrométrica media diaria,39,,sat2,,-33.9311111111111,-64.3963888888889,,,,
33059,6625,Chico - Chico 2,,Altura hidrométrica,2,,sat2,,-53.5480555555556,-68.3769444444444,True,16,2026-08-30T19:00:00.000Z,
38563,6625,Chico - Chico 2,,Altura hidrométrica 4-horaria,101,,sat2,,-53.5480555555556,-68.3769444444444,,,,
34086,6626,Guayquiraró - RN 12 - A°Curupí,,Altura hidrométrica,2,,sat2,,-30.3511111111111,-59.5147222222222,True,7,2026-08-30T23:00:00.000Z,False
38687,6626,Guayquiraró - RN 12 - A°Curupí,,Altura hidrométrica 4-horaria,101,,sat2,,-30.3511111111111,-59.5147222222222,,,,
38040,6627,Compuerta Alternativa Norte AD,,Altura hidrométrica media diaria,39,,sat2,,-34.2419444444444,-62.1211111111111,True,2,2026-08-29T03:00:00.000Z,
38624,6627,Compuerta Alternativa Norte AD,,Altura hidrométrica 4-horaria,101,,sat2,,-34.2419444444444,-62.1211111111111,True,17,2026-08-30T19:00:00.000Z,
34147,6631,Dique Sotomayor - Aguas abajo,,Altura hidrométrica,2,,sat2,,-28.5911111111111,-65.2877777777778,,,,
38158,6631,Dique Sotomayor - Aguas abajo,,Altura hidrométrica media diaria,39,,sat2,,-28.5911111111111,-65.2877777777778,,,,
38041,6633,Salado - RN Nº 11,,Altura hidrométrica media diaria,39,,sat2,,-27.5413888888889,-59.1308333333333,,,,
38625,6633,Salado - RN Nº 11,,Altura hidrométrica 4-horaria,101,,sat2,,-27.5413888888889,-59.1308333333333,,,,
33774,6635,Nuevo - Ruta Nac. Nº 8,,Altura hidrométrica,2,,sat2,,-33.6366666666667,-65.3636111111111,,,,
38072,6635,Nuevo - Ruta Nac. Nº 8,,Altura hidrométrica media diaria,39,,sat2,,-33.6366666666667,-65.3636111111111,,,,
38648,6635,Nuevo - Ruta Nac. Nº 8,,Altura hidrométrica 4-horaria,101,,sat2,,-33.6366666666667,-65.3636111111111,,,,
33393,6637,Bermejo - Azud los Colorados,,Altura hidrométrica,2,,sat2,,-29.2580555555556,-68.2525,,,,
38607,6637,Bermejo - Azud los Colorados,,Altura hidrométrica 4-horaria,101,,sat2,,-29.2580555555556,-68.2525,,,,
33927,6638,Dique Belén - Embalse,,Altura hidrométrica,2,,sat2,,-27.615,-67.0163888888889,,,,
33058,6639,Afluente Río Grande       ,,Altura hidrométrica,2,,sat2,,-53.8416666666667,-68.5313888888889,True,15,2026-08-30T19:00:00.000Z,False
37952,6639,Afluente Río Grande       ,,Altura hidrométrica media diaria,39,,sat2,,-53.8416666666667,-68.5313888888889,True,2,2026-08-29T03:00:00.000Z,
38562,6639,Afluente Río Grande       ,,Altura hidrométrica 4-horaria,101,,sat2,,-53.8416666666667,-68.5313888888889,,,,
33516,6640,Ñorquinco - Ñorquinco,,Altura hidrométrica,2,,sat2,,-41.8419444444444,-70.8913888888889,True,15,2026-08-30T19:00:00.000Z,False
38039,6640,Ñorquinco - Ñorquinco,,Altura hidrométrica media diaria,39,,sat2,,-41.8419444444444,-70.8913888888889,,,,
38623,6640,Ñorquinco - Ñorquinco,,Altura hidrométrica 4-horaria,101,,sat2,,-41.8419444444444,-70.8913888888889,,,,
38546,6643,Gob. Costa - Chubut MET-FRE,,Altura hidrométrica 4-horaria,101,,sat2,,-44.0344444444444,-70.6458333333333,,,,
33924,6645,Esc. Prov. 355 - Piedra Larga,,Altura hidrométrica,2,,sat2,,-27.6022222222222,-67.1977777777778,,,,
38663,6645,Esc. Prov. 355 - Piedra Larga,,Altura hidrométrica 4-horaria,101,,sat2,,-27.6022222222222,-67.1977777777778,False,0,,
33394,6649,Lago Puelo - Lago Puelo,,Altura hidrométrica,2,,sat2,,-42.0972222222222,-71.6194444444444,True,71,2026-08-31T00:00:00.000Z,
33520,6650,Salí - RP Nº323,,Altura hidrométrica,2,,sat2,,-27.1333333333333,-65.3155555555555,,,,
38043,6650,Salí - RP Nº323,,Altura hidrométrica media diaria,39,,sat2,,-27.1333333333333,-65.3155555555555,True,2,2026-08-29T03:00:00.000Z,
38139,6651,Dulce - Tuhama,,Altura hidrométrica media diaria,39,,sat2,,-28.0144444444444,-64.0980555555555,True,2,2026-08-29T03:00:00.000Z,False
38688,6651,Dulce - Tuhama,,Altura hidrométrica 4-horaria,101,,sat2,,-28.0144444444444,-64.0980555555555,,,,
38027,6652,Lipeo - Puente Colgante,,Altura hidrométrica media diaria,39,,sat2,,-22.4311111111111,-64.7372222222222,,,,
38615,6652,Lipeo - Puente Colgante,,Altura hidrométrica 4-horaria,101,,sat2,,-22.4311111111111,-64.7372222222222,,,,
33395,6654,Carreras - Frontera,,Altura hidrométrica,2,,sat2,,-48.2061111111111,-72.2838888888889,,,,
38609,6654,Carreras - Frontera,,Altura hidrométrica 4-horaria,101,,sat2,,-48.2061111111111,-72.2838888888889,,,,
34000,6655,Aº Azul - Seminario Diocesano,,Altura hidrométrica,2,,sat2,,-36.8311111111111,-59.8938888888889,,,,
38117,6655,Aº Azul - Seminario Diocesano,,Altura hidrométrica media diaria,39,,sat2,,-36.8311111111111,-59.8938888888889,True,2,2026-08-29T03:00:00.000Z,False
38674,6655,Aº Azul - Seminario Diocesano,,Altura hidrométrica 4-horaria,101,,sat2,,-36.8311111111111,-59.8938888888889,True,17,2026-08-30T19:00:00.000Z,
33522,6656,Chico - Cerro Mesa,,Altura hidrométrica,2,,sat2,,-41.7063888888889,-70.4825,False,0,,
38044,6656,Chico - Cerro Mesa,,Altura hidrométrica media diaria,39,,sat2,,-41.7063888888889,-70.4825,,,,
34088,6657,Vinchina - Vinchina,,Altura hidrométrica,2,,sat2,,-28.7436111111111,-68.2205555555556,True,17,2026-08-30T23:00:00.000Z,
38689,6657,Vinchina - Vinchina,,Altura hidrométrica 4-horaria,101,,sat2,,-28.7436111111111,-68.2205555555556,,,,
34001,6658,Paraguay - Puerto Dalmacia,,Altura hidrométrica,2,,sat2,,-25.875,-57.8730555555556,,,,
38118,6658,Paraguay - Puerto Dalmacia,,Altura hidrométrica media diaria,39,,sat2,,-25.875,-57.8730555555556,,,,
33061,6659,Riacho Salado - Tatané - RN 11,,Altura hidrométrica,2,,sat2,,-26.4077777777778,-58.3591666666667,,,,
37955,6659,Riacho Salado - Tatané - RN 11,,Altura hidrométrica media diaria,39,,sat2,,-26.4077777777778,-58.3591666666667,,,,
38564,6659,Riacho Salado - Tatané - RN 11,,Altura hidrométrica 4-horaria,101,,sat2,,-26.4077777777778,-58.3591666666667,,,,
33396,6660,Pilcomayo - Villa Gral. Güemes,,Altura hidrométrica,2,,sat2,,-24.7469444444444,-59.4997222222222,,,,
33523,6661,Abaucán - Limite con La Rioja,,Altura hidrométrica,2,,sat2,,-28.2613888888889,-67.0208333333333,True,17,2026-08-30T23:00:00.000Z,
38045,6661,Abaucán - Limite con La Rioja,,Altura hidrométrica media diaria,39,,sat2,,-28.2613888888889,-67.0208333333333,,,,
33216,6664,Aº Mocoretá - RN Nº 14,,Altura hidrométrica,2,,sat2,,-30.6275,-57.9827777777778,True,18,2026-08-30T23:00:00.000Z,
38585,6664,Aº Mocoretá - RN Nº 14,,Altura hidrométrica 4-horaria,101,,sat2,,-30.6275,-57.9827777777778,True,17,2026-08-30T19:00:00.000Z,
33066,6667,Vizcachas - Limite con Chile,,Altura hidrométrica,2,,sat2,,-51.0297222222222,-72.3111111111111,True,16,2026-08-30T19:00:00.000Z,
38567,6667,Vizcachas - Limite con Chile,,Altura hidrométrica 4-horaria,101,,sat2,,-51.0297222222222,-72.3111111111111,,,,
33531,6669,San Javier - Cayastá,,Altura hidrométrica,2,,sat2,,-31.1933333333333,-60.1530555555556,,,,
38047,6669,San Javier - Cayastá,,Altura hidrométrica media diaria,39,,sat2,,-31.1933333333333,-60.1530555555556,,,,
38631,6669,San Javier - Cayastá,,Altura hidrométrica 4-horaria,101,,sat2,,-31.1933333333333,-60.1530555555556,,,,
34148,6671,Vizcachas - Nacimiento,,Altura hidrométrica,2,,sat2,,-50.87,-71.965,,,,
38701,6671,Vizcachas - Nacimiento,,Altura hidrométrica 4-horaria,101,,sat2,,-50.87,-71.965,,,,
33067,6672,Ona - Ona - RP B,,Altura hidrométrica,2,,sat2,,-53.9288888888889,-68.1177777777778,True,15,2026-08-30T23:00:00.000Z,
37959,6672,Ona - Ona - RP B,,Altura hidrométrica media diaria,39,,sat2,,-53.9288888888889,-68.1177777777778,,,,
38568,6672,Ona - Ona - RP B,,Altura hidrométrica 4-horaria,101,,sat2,,-53.9288888888889,-68.1177777777778,,,,
34004,6676,PN Trinidad - Condorito ,,Altura hidrométrica,2,,sat2,,-31.6911111111111,-64.8527777777778,,,,
38120,6676,PN Trinidad - Condorito ,,Altura hidrométrica media diaria,39,,sat2,,-31.6911111111111,-64.8527777777778,,,,
38676,6676,PN Trinidad - Condorito ,,Altura hidrométrica 4-horaria,101,,sat2,,-31.6911111111111,-64.8527777777778,,,,
33399,6678,Bermejo - Alarache,,Altura hidrométrica,2,,sat2,,-22.1902777777778,-64.6527777777778,,,,
38611,6678,Bermejo - Alarache,,Altura hidrométrica 4-horaria,101,,sat2,,-22.1902777777778,-64.6527777777778,True,17,2026-08-30T19:00:00.000Z,False
38569,6681,Rio Hondo - HID - Sitio 2,,Altura hidrométrica 4-horaria,101,,sat2,,-27.6669444444444,-67.1658333333333,,,,
38702,6684,Piedra Larga - HID - Sitio 1,,Altura hidrométrica 4-horaria,101,,sat2,,-27.6125,-67.1947222222222,True,17,2026-08-30T19:00:00.000Z,
34093,6685,Sis. Setúbal-Sta. Fé-La Guard.,,Altura hidrométrica,2,,sat2,,-31.6302777777778,-60.6777777777778,True,71,2026-08-31T00:00:00.000Z,
38144,6685,Sis. Setúbal-Sta. Fé-La Guard.,,Altura hidrométrica media diaria,39,,sat2,,-31.6302777777778,-60.6777777777778,,,,
38690,6685,Sis. Setúbal-Sta. Fé-La Guard.,,Altura hidrométrica 4-horaria,101,,sat2,,-31.6302777777778,-60.6777777777778,,,,
33932,6691,Jáchal - Pachimoco,,Altura hidrométrica,2,,sat2,,-30.2230555555556,-68.9477777777778,False,0,,
38102,6691,Jáchal - Pachimoco,,Altura hidrométrica media diaria,39,,sat2,,-30.2230555555556,-68.9477777777778,,,,
38665,6691,Jáchal - Pachimoco,,Altura hidrométrica 4-horaria,101,,sat2,,-30.2230555555556,-68.9477777777778,,,,
34115,6698,Salado RP Nº 51 - Achupallas,,Altura hidrométrica,2,,sat2,,-35.0880555555556,-60.1088888888889,,,,
38145,6698,Salado RP Nº 51 - Achupallas,,Altura hidrométrica media diaria,39,,sat2,,-35.0880555555556,-60.1088888888889,,,,
38691,6698,Salado RP Nº 51 - Achupallas,,Altura hidrométrica 4-horaria,101,,sat2,,-35.0880555555556,-60.1088888888889,True,17,2026-08-30T19:00:00.000Z,False
37984,6701,Santa Rosa - Meteorológica,,Altura hidrométrica media diaria,39,,sat2,,-36.6213888888889,-64.3219444444444,,,,
38586,6701,Santa Rosa - Meteorológica,,Altura hidrométrica 4-horaria,101,,sat2,,-36.6213888888889,-64.3219444444444,,,,
33790,6702,Cuarto - La Carlota,,Altura hidrométrica,2,,sat2,,-33.4155555555556,-63.3086111111111,,,,
33400,6706,Los Antiguos - Los Antiguos,,Altura hidrométrica,2,,sat2,,-46.5541666666667,-71.6397222222222,,,,
33793,6707,Juramento - El Quebrachal,,Altura hidrométrica,2,,sat2,,-25.3441666666667,-64.0461111111111,,,,
38650,6707,Juramento - El Quebrachal,,Altura hidrométrica 4-horaria,101,,sat2,,-25.3441666666667,-64.0461111111111,,,,
33250,6718,Lago Fagnano – Puerto Tolhuin ,,Altura hidrométrica,2,,sat2,,-54.5269444444444,-67.2327777777778,True,71,2026-08-31T00:00:00.000Z,
37990,6718,Lago Fagnano – Puerto Tolhuin ,,Altura hidrométrica media diaria,39,,sat2,,-54.5269444444444,-67.2327777777778,,,,
33424,6719,Grande - Planta Potabilizadora,,Altura hidrométrica,2,,sat2,,-53.8297222222222,-67.8422222222222,,,,
38613,6719,Grande - Planta Potabilizadora,,Altura hidrométrica 4-horaria,101,,sat2,,-53.8297222222222,-67.8422222222222,,,,
38123,6721,Colorado - Pata Mora,,Altura hidrométrica media diaria,39,,sat2,,-37.2083333333333,-69.1138888888889,,,,
34219,6722,Laguna Melincué - RP Nº 90,,Altura hidrométrica,2,,sat2,,-33.6680555555556,-61.4722222222222,,,,
38175,6722,Laguna Melincué - RP Nº 90,,Altura hidrométrica media diaria,39,,sat2,,-33.6680555555556,-61.4722222222222,,,,
38707,6722,Laguna Melincué - RP Nº 90,,Altura hidrométrica 4-horaria,101,,sat2,,-33.6680555555556,-61.4722222222222,,,,
38146,6725,La Picasa - Obra Reg Nº5,,Altura hidrométrica media diaria,39,,sat2,,-34.3044444444444,-62.8591666666667,,,,
34118,6726,Bella Vista -  Radman,,Altura hidrométrica,2,,sat2,,-53.9983333333333,-68.5947222222222,True,17,2026-08-30T23:00:00.000Z,
38693,6726,Bella Vista -  Radman,,Altura hidrométrica 4-horaria,101,,sat2,,-53.9983333333333,-68.5947222222222,,,,
33251,6730,Coronda - Puerto Gaboto,,Altura hidrométrica,2,,sat2,,-32.4275,-60.8158333333333,,,,
37991,6730,Coronda - Puerto Gaboto,,Altura hidrométrica media diaria,39,,sat2,,-32.4275,-60.8158333333333,,,,
38592,6730,Coronda - Puerto Gaboto,,Altura hidrométrica 4-horaria,101,,sat2,,-32.4275,-60.8158333333333,,,,
38694,6732,Sauce Chico - RN Nº35-Nva Roma,,Altura hidrométrica 4-horaria,101,,sat2,,-38.4975,-62.6458333333333,,,,
34121,6735,Miriñay - San Roquito,,Altura hidrométrica,2,,sat2,,-29.2969444444444,-57.5655555555556,True,18,2026-08-30T23:00:00.000Z,False
38150,6735,Miriñay - San Roquito,,Altura hidrométrica media diaria,39,,sat2,,-29.2969444444444,-57.5655555555556,True,2,2026-08-29T03:00:00.000Z,False
38695,6735,Miriñay - San Roquito,,Altura hidrométrica 4-horaria,101,,sat2,,-29.2969444444444,-57.5655555555556,True,17,2026-08-30T19:00:00.000Z,
33426,6738,Miraflores - Sayate,,Altura hidrométrica,2,,sat2,,-22.9008333333333,-65.8494444444444,True,17,2026-08-30T19:00:00.000Z,False
38026,6738,Miraflores - Sayate,,Altura hidrométrica media diaria,39,,sat2,,-22.9008333333333,-65.8494444444444,,,,
38614,6738,Miraflores - Sayate,,Altura hidrométrica 4-horaria,101,,sat2,,-22.9008333333333,-65.8494444444444,,,,
33811,6739,Mayo - Paso Río Mayo - HID,,Altura hidrométrica,2,,sat2,,-45.6836111111111,-70.2480555555556,,,,
38651,6739,Mayo - Paso Río Mayo - HID,,Altura hidrométrica 4-horaria,101,,sat2,,-45.6836111111111,-70.2480555555556,,,,
33252,6740,Carrileufú - Cholila,,Altura hidrométrica,2,,sat2,,-42.4955555555556,-71.5411111111111,,,,
37992,6740,Carrileufú - Cholila,,Altura hidrométrica media diaria,39,,sat2,,-42.4955555555556,-71.5411111111111,True,2,2026-08-29T03:00:00.000Z,
38593,6740,Carrileufú - Cholila,,Altura hidrométrica 4-horaria,101,,sat2,,-42.4955555555556,-71.5411111111111,,,,
33813,6741,Chico - Gregores,,Altura hidrométrica,2,,sat2,,-48.7522222222222,-70.3216666666667,,,,
33952,6744,Del Campo - Cabo San Miguel,,Altura hidrométrica,2,,sat2,,-27.4333333333333,-65.9977777777778,True,14,2026-08-30T07:00:00.000Z,
38667,6744,Del Campo - Cabo San Miguel,,Altura hidrométrica 4-horaria,101,,sat2,,-27.4333333333333,-65.9977777777778,,,,
33948,6745,Guanasacate - Jesús Maria,,Altura hidrométrica,2,,sat2,,-30.9702777777778,-64.0911111111111,True,71,2026-08-31T00:00:00.000Z,False
38105,6745,Guanasacate - Jesús Maria,,Altura hidrométrica media diaria,39,,sat2,,-30.9702777777778,-64.0911111111111,,,,
34178,6746,Canal San Antonio- RP Nº66,,Altura hidrométrica,2,,sat2,,-31.9905555555556,-62.1688888888889,,,,
38164,6746,Canal San Antonio- RP Nº66,,Altura hidrométrica media diaria,39,,sat2,,-31.9905555555556,-62.1688888888889,True,2,2026-08-29T03:00:00.000Z,
38703,6746,Canal San Antonio- RP Nº66,,Altura hidrométrica 4-horaria,101,,sat2,,-31.9905555555556,-62.1688888888889,,,,
38177,6747,Areco - San Antonio de Areco,,Altura hidrométrica media diaria,39,,sat2,,-34.2405555555556,-59.4994444444444,,,,
38180,6748,Lag. La Picasa - Escollera FFC,,Altura hidrométrica media diaria,39,,sat2,,-34.3372222222222,-62.3247222222222,,,,
38709,6748,Lag. La Picasa - Escollera FFC,,Altura hidrométrica 4-horaria,101,,sat2,,-34.3372222222222,-62.3247222222222,,,,
38124,6749,Sierra Grande - Aeródromo,,Altura hidrométrica media diaria,39,,sat2,,-41.5916666666667,-65.3433333333333,,,,
38678,6749,Sierra Grande - Aeródromo,,Altura hidrométrica 4-horaria,101,,sat2,,-41.5916666666667,-65.3433333333333,,,,
38086,6763,Del Valle - Huaycama,,Altura hidrométrica media diaria,39,,sat2,,-28.1202777777778,-65.7980555555555,,,,
38654,6763,Del Valle - Huaycama,,Altura hidrométrica 4-horaria,101,,sat2,,-28.1202777777778,-65.7980555555555,,,,
34847,6831,Arroyo Toro,Arroyo Toro,Altura hidrométrica,2,,ina_delta,,-34.322529,-58.596012,,,,
35405,6949,Finky,,Altura hidrométrica,2,,prevenir,,-34.786209,-58.397766,,,,
35407,6950,LP_Libano,Arroyo Las Piedras,Altura hidrométrica,2,,prevenir,,-34.738069,-58.30934,,,,
35406,6950,LP_Libano,Arroyo Las Piedras,Altura hidrométrica,2,,prevenir,,-34.738069,-58.30934,False,0,,
35408,6951,SF_Montevideo,Arroyo San Francisco,Altura hidrométrica,2,,prevenir,,-34.728604,-58.319435,,,,
35411,6952,SD_Olmos,Canal Santo Domingo,Altura hidrométrica,2,,prevenir,,-34.687629,-58.323275,,,,
35410,6952,SD_Olmos,Canal Santo Domingo,Altura hidrométrica,2,,prevenir,,-34.687629,-58.323275,,,,
38724,7161,Piray Guazú - Pinar Ciba,,Altura hidrométrica 4-horaria,101,,sat2,,-26.5119444444444,-54.4536111111111,,,,
36689,7162,Aº El Rey - RN Nº11,,Altura hidrométrica,2,,sat2,,-29.1333333333333,-59.6547222222222,,,,
38198,7162,Aº El Rey - RN Nº11,,Altura hidrométrica media diaria,39,,sat2,,-29.1333333333333,-59.6547222222222,,,,
38200,7164,Canal Soberanía - Obra Control,,Altura hidrométrica media diaria,39,,sat2,,-27.5272222222222,-58.9427777777778,,,,
38727,7164,Canal Soberanía - Obra Control,,Altura hidrométrica 4-horaria,101,,sat2,,-27.5272222222222,-58.9427777777778,True,17,2026-08-30T19:00:00.000Z,
36695,7168,San Javier - Alejandra,,Altura hidrométrica,2,,sat2,,-29.9122222222222,-59.8169444444444,,,,
38204,7168,San Javier - Alejandra,,Altura hidrométrica media diaria,39,,sat2,,-29.9122222222222,-59.8169444444444,,,,
38731,7168,San Javier - Alejandra,,Altura hidrométrica 4-horaria,101,,sat2,,-29.9122222222222,-59.8169444444444,,,,
38205,7184,CIRHBAS - LIM  Aº TAPENAGA - ESTANCIA TAPENAGA,,Altura hidrométrica media diaria,39,,sat2,,-27.5672222222222,-59.6588888888889,,,,
36724,7185,CIRHBAS - LIM  LAGUNA EL BONETE,,Altura hidrométrica,2,,sat2,,-29.3880555555556,-60.5469444444444,,,,
38733,7185,CIRHBAS - LIM  LAGUNA EL BONETE,,Altura hidrométrica 4-horaria,101,,sat2,,-29.3880555555556,-60.5469444444444,True,16,2026-08-30T15:00:00.000Z,
36725,7186,CIRHBAS - LIM RUTA PCIAL 40 - CL HIDROVIAL R920,,Altura hidrométrica,2,,sat2,,-29.1247222222222,-60.8397222222222,,,,
38207,7186,CIRHBAS - LIM RUTA PCIAL 40 - CL HIDROVIAL R920,,Altura hidrométrica media diaria,39,,sat2,,-29.1247222222222,-60.8397222222222,,,,
38734,7186,CIRHBAS - LIM RUTA PCIAL 40 - CL HIDROVIAL R920,,Altura hidrométrica 4-horaria,101,,sat2,,-29.1247222222222,-60.8397222222222,,,,
38208,7187,CIRHBAS - LIM Aº RETOBADO - CRESPO,,Altura hidrométrica media diaria,39,,sat2,,-30.3375,-60.6288888888889,True,2,2026-08-29T03:00:00.000Z,False
38735,7187,CIRHBAS - LIM Aº RETOBADO - CRESPO,,Altura hidrométrica 4-horaria,101,,sat2,,-30.3375,-60.6288888888889,,,,
36727,7188,CIRHBAS - LIM BAJO CHOROTIS-RN 95,,Altura hidrométrica,2,,sat2,,-28.0886111111111,-61.3519444444444,,,,
36728,7189,CIRHBAS - LIM CANAL INTERLAGOS-CANAL INTERLAGOS,,Altura hidrométrica,2,,sat2,,-28.9947222222222,-60.5691666666667,,,,
38737,7189,CIRHBAS - LIM CANAL INTERLAGOS-CANAL INTERLAGOS,,Altura hidrométrica 4-horaria,101,,sat2,,-28.9947222222222,-60.5691666666667,,,,
36729,7190,CIRHBAS - LIM CANAL LINEA PARANA TRAMO IV,,Altura hidrométrica,2,,sat2,,-27.9977777777778,-60.7155555555556,,,,
38738,7190,CIRHBAS - LIM CANAL LINEA PARANA TRAMO IV,,Altura hidrométrica 4-horaria,101,,sat2,,-27.9977777777778,-60.7155555555556,,,,
36730,7191,CIRHBAS - LIM LAGUNAS SALADAS- RP 77,,Altura hidrométrica,2,,sat2,,-28.2908333333333,-61.1952777777778,,,,
38739,7191,CIRHBAS - LIM LAGUNAS SALADAS- RP 77,,Altura hidrométrica 4-horaria,101,,sat2,,-28.2908333333333,-61.1952777777778,False,0,,
38740,7192,CIRHBAS - LIM LIMITE CHACO STA,,Altura hidrométrica 4-horaria,101,,sat2,,-28.0011111111111,-60.1161111111111,,,,
36732,7193,CIRHBAS - LIM LOS AMORES - CAN,,Altura hidrométrica,2,,sat2,,-28.1102777777778,-59.9755555555556,True,71,2026-08-31T00:00:00.000Z,
38741,7193,CIRHBAS - LIM LOS AMORES - CAN,,Altura hidrométrica 4-horaria,101,,sat2,,-28.1102777777778,-59.9755555555556,,,,
38742,7194,CIRHBAS - LIM MOJON DE FIERRO-CANAL INTERPROVINCIA,,Altura hidrométrica 4-horaria,101,,sat2,,-29.1316666666667,-61.9016666666667,,,,
36734,7195,CIRHBAS - LIM RUTA PCIAL 13 - CANAL EL BARRIDO,,Altura hidrométrica,2,,sat2,,-28.8813888888889,-60.9477777777778,,,,
36735,7196,CIRHBAS - LIM VILLA GUILLERMINA-ARROYO LOS AMORES,,Altura hidrométrica,2,,sat2,,-28.2744444444444,-59.4216666666667,,,,
38744,7196,CIRHBAS - LIM VILLA GUILLERMINA-ARROYO LOS AMORES,,Altura hidrométrica 4-horaria,101,,sat2,,-28.2744444444444,-59.4216666666667,,,,
36786,7204,CIRHBAS - PF EL AGUARA,,Altura hidrométrica,2,,sat2,,-27.0722222222222,-60.0758333333333,,,,
38218,7204,CIRHBAS - PF EL AGUARA,,Altura hidrométrica media diaria,39,,sat2,,-27.0722222222222,-60.0758333333333,True,2,2026-08-29T03:00:00.000Z,
38745,7204,CIRHBAS - PF EL AGUARA,,Altura hidrométrica 4-horaria,101,,sat2,,-27.0722222222222,-60.0758333333333,,,,
36827,7230,Aguapey - Caá Caraí,,Altura hidrométrica,2,,sat2,,-27.8244444444444,-56.2583333333333,,,,
38746,7230,Aguapey - Caá Caraí,,Altura hidrométrica 4-horaria,101,,sat2,,-27.8244444444444,-56.2583333333333,,,,
38220,7231,Anizacate - Santa Ana,,Altura hidrométrica media diaria,39,,sat2,,-31.6908333333333,-64.5375,,,,
38749,7233,Aº Esquel - Ea El Principio,,Altura hidrométrica 4-horaria,101,,sat2,,-42.9583333333333,-71.3844444444445,,,,
36832,7234,Aº Feliciano - Paso Correa RP2,,Altura hidrométrica,2,,sat2,,-30.3930555555556,-58.7075,,,,
38223,7234,Aº Feliciano - Paso Correa RP2,,Altura hidrométrica media diaria,39,,sat2,,-30.3930555555556,-58.7075,True,2,2026-08-29T03:00:00.000Z,False
38750,7234,Aº Feliciano - Paso Correa RP2,,Altura hidrométrica 4-horaria,101,,sat2,,-30.3930555555556,-58.7075,,,,
38751,7235,Aº Golondrina - Fortín Olmos,,Altura hidrométrica 4-horaria,101,,sat2,,-29.0655555555556,-60.4969444444444,,,,
36835,7236,Aº Los Amores - RN Nº11,,Altura hidrométrica,2,,sat2,,-28.5558333333333,-59.3558333333333,,,,
36837,7237,Aº Medrano Reser. - Tecnópolis,,Altura hidrométrica,2,,sat2,,-34.5611111111111,-58.5077777777778,,,,
38226,7237,Aº Medrano Reser. - Tecnópolis,,Altura hidrométrica media diaria,39,,sat2,,-34.5611111111111,-58.5077777777778,,,,
36838,7238,Aº Pavón - Cnel. Bogado,,Altura hidrométrica,2,,sat2,,-33.36,-60.5766666666667,,,,
38227,7238,Aº Pavón - Cnel. Bogado,,Altura hidrométrica media diaria,39,,sat2,,-33.36,-60.5766666666667,,,,
38229,7240,Aº Saladillo Amargo - RP Nº 81,,Altura hidrométrica media diaria,39,,sat2,,-30.8402777777778,-60.4127777777778,,,,
38756,7240,Aº Saladillo Amargo - RP Nº 81,,Altura hidrométrica 4-horaria,101,,sat2,,-30.8402777777778,-60.4127777777778,,,,
38230,7241,Aº Saladillo Dulce - RP Nº 81,,Altura hidrométrica media diaria,39,,sat2,,-30.8547222222222,-60.2822222222222,True,2,2026-08-29T03:00:00.000Z,False
36844,7242,Aº Tapalqué - Av de los Trabaj,,Altura hidrométrica,2,,sat2,,-36.8791666666667,-60.3108333333333,,,,
38231,7242,Aº Tapalqué - Av de los Trabaj,,Altura hidrométrica media diaria,39,,sat2,,-36.8791666666667,-60.3108333333333,True,2,2026-08-29T03:00:00.000Z,
36845,7243,Aº Vallimanca - RN 226,,Altura hidrométrica,2,,sat2,,-36.3711111111111,-60.9555555555556,,,,
38759,7243,Aº Vallimanca - RN 226,,Altura hidrométrica 4-horaria,101,,sat2,,-36.3711111111111,-60.9555555555556,,,,
36848,7245,Azul - Puesto 1,,Altura hidrométrica,2,,sat2,,-41.9588888888889,-71.5661111111111,,,,
38233,7245,Azul - Puesto 1,,Altura hidrométrica media diaria,39,,sat2,,-41.9588888888889,-71.5661111111111,,,,
38760,7245,Azul - Puesto 1,,Altura hidrométrica 4-horaria,101,,sat2,,-41.9588888888889,-71.5661111111111,,,,
36849,7246,Barrancas - Barrancas,,Altura hidrométrica,2,,sat2,,-36.8136111111111,-69.8730555555556,,,,
38761,7246,Barrancas - Barrancas,,Altura hidrométrica 4-horaria,101,,sat2,,-36.8136111111111,-69.8730555555556,,,,
36858,7247,Bermejo - Balapuca MET,,Altura hidrométrica,2,,sat2,,-22.4925,-64.4636111111111,True,2,2026-08-28T19:00:00.000Z,
38235,7247,Bermejo - Balapuca MET,,Altura hidrométrica media diaria,39,,sat2,,-22.4925,-64.4636111111111,,,,
38762,7247,Bermejo - Balapuca MET,,Altura hidrométrica 4-horaria,101,,sat2,,-22.4925,-64.4636111111111,,,,
36859,7248,Bermejo - P. Sarmiento,,Altura hidrométrica,2,,sat2,,-23.1438888888889,-64.1947222222222,,,,
38236,7248,Bermejo - P. Sarmiento,,Altura hidrométrica media diaria,39,,sat2,,-23.1438888888889,-64.1947222222222,,,,
36860,7249,Bermejo - Santa Victoria Oeste,,Altura hidrométrica,2,,sat2,,-22.2486111111111,-64.9613888888889,,,,
38764,7249,Bermejo - Santa Victoria Oeste,,Altura hidrométrica 4-horaria,101,,sat2,,-22.2486111111111,-64.9613888888889,,,,
36862,7250,Blanco - Angualasto,,Altura hidrométrica,2,,sat2,,-30.0505555555556,-69.17,,,,
38765,7250,Blanco - Angualasto,,Altura hidrométrica 4-horaria,101,,sat2,,-30.0505555555556,-69.17,,,,
36871,7252,Canal 9 - Autovia 2,,Altura hidrométrica,2,,sat2,,-36.2811111111111,-57.7038888888889,,,,
38240,7252,Canal 9 - Autovia 2,,Altura hidrométrica media diaria,39,,sat2,,-36.2811111111111,-57.7038888888889,,,,
38767,7252,Canal 9 - Autovia 2,,Altura hidrométrica 4-horaria,101,,sat2,,-36.2811111111111,-57.7038888888889,True,17,2026-08-30T19:00:00.000Z,False
38241,7253,Canal San Antonio- RP Nº2,,Altura hidrométrica media diaria,39,,sat2,,-32.4230555555555,-61.9569444444444,False,0,,
38768,7253,Canal San Antonio- RP Nº2,,Altura hidrométrica 4-horaria,101,,sat2,,-32.4230555555555,-61.9569444444444,,,,
38244,7257,Chico - Ameghino,,Altura hidrométrica media diaria,39,,sat2,,-44.4769444444444,-66.9116666666667,,,,
36886,7258,Chubut - Las Plumas,,Altura hidrométrica,2,,sat2,,-43.7233333333333,-67.2866666666667,,,,
38245,7258,Chubut - Las Plumas,,Altura hidrométrica media diaria,39,,sat2,,-43.7233333333333,-67.2866666666667,True,2,2026-08-29T03:00:00.000Z,
38772,7258,Chubut - Las Plumas,,Altura hidrométrica 4-horaria,101,,sat2,,-43.7233333333333,-67.2866666666667,,,,
36905,7260,Diamante - Monte Comán,,Altura hidrométrica,2,,sat2,,-34.5705555555556,-67.865,,,,
38774,7260,Diamante - Monte Comán,,Altura hidrométrica 4-horaria,101,,sat2,,-34.5705555555556,-67.865,,,,
36906,7261,Dique Paso de Las Carretas,,Altura hidrométrica,2,,sat2,,-33.3336111111111,-65.8669444444444,,,,
38248,7261,Dique Paso de Las Carretas,,Altura hidrométrica media diaria,39,,sat2,,-33.3336111111111,-65.8669444444444,,,,
38775,7261,Dique Paso de Las Carretas,,Altura hidrométrica 4-horaria,101,,sat2,,-33.3336111111111,-65.8669444444444,,,,
36908,7262,Dulce – Los Quiroga Aa,,Altura hidrométrica,2,,sat2,,-27.6580555555556,-64.3586111111111,,,,
38249,7262,Dulce – Los Quiroga Aa,,Altura hidrométrica media diaria,39,,sat2,,-27.6580555555556,-64.3586111111111,,,,
38250,7263,Dulce - Paso de Oscares,,Altura hidrométrica media diaria,39,,sat2,,-29.2533333333333,-63.2069444444444,,,,
38777,7263,Dulce - Paso de Oscares,,Altura hidrométrica 4-horaria,101,,sat2,,-29.2533333333333,-63.2069444444444,,,,
36917,7264,Dulce III – Los Quiroga,,Altura hidrométrica,2,,sat2,,-27.6058333333333,-64.4075,,,,
38251,7264,Dulce III – Los Quiroga,,Altura hidrométrica media diaria,39,,sat2,,-27.6058333333333,-64.4075,,,,
38779,7265,Durazno - La Florida,,Altura hidrométrica 4-horaria,101,,sat2,,-32.2158333333333,-64.7658333333333,,,,
36920,7266,Empedrado-Ruta Provincial Nº6,,Altura hidrométrica,2,,sat2,,-27.8013888888889,-58.5052777777778,True,17,2026-08-30T19:00:00.000Z,False
38253,7266,Empedrado-Ruta Provincial Nº6,,Altura hidrométrica media diaria,39,,sat2,,-27.8013888888889,-58.5052777777778,,,,
38780,7266,Empedrado-Ruta Provincial Nº6,,Altura hidrométrica 4-horaria,101,,sat2,,-27.8013888888889,-58.5052777777778,,,,
38255,7269,Foyel - RN 258,,Altura hidrométrica media diaria,39,,sat2,,-41.7133333333333,-71.4413888888889,False,0,,
36950,7270,Grande - Ume Pay,,Altura hidrométrica,2,,sat2,,-32.2183333333333,-64.7513888888889,,,,
38256,7270,Grande - Ume Pay,,Altura hidrométrica media diaria,39,,sat2,,-32.2183333333333,-64.7513888888889,,,,
38783,7270,Grande - Ume Pay,,Altura hidrométrica 4-horaria,101,,sat2,,-32.2183333333333,-64.7513888888889,,,,
38785,7273,Gualeguaychú - RN Nº 130,,Altura hidrométrica 4-horaria,101,,sat2,,-32.1047222222222,-58.4905555555556,,,,
36960,7274,Gualeguaychú - RN Nº 39,,Altura hidrométrica,2,,sat2,,-32.445,-58.5547222222222,,,,
38786,7274,Gualeguaychú - RN Nº 39,,Altura hidrométrica 4-horaria,101,,sat2,,-32.445,-58.5547222222222,,,,
38787,7275,Guayquiraró - La Grela,,Altura hidrométrica 4-horaria,101,,sat2,,-30.3463888888889,-59.3005555555556,,,,
38261,7276,Hielo - Confluencia,,Altura hidrométrica media diaria,39,,sat2,,-43.5166666666667,-71.6091666666667,,,,
38788,7276,Hielo - Confluencia,,Altura hidrométrica 4-horaria,101,,sat2,,-43.5166666666667,-71.6091666666667,,,,
36964,7277,Iguazú - Pto. Iguazú,,Altura hidrométrica,2,,sat2,,-25.5933333333333,-54.58,,,,
38791,7281,Lag. La Picasa-Aguas AbajoRN33,,Altura hidrométrica 4-horaria,101,,sat2,,-34.3619444444444,-62.7386111111111,,,,
36987,7282,Lago Gutierrez - Bariloche,,Altura hidrométrica,2,,sat2,,-41.1644444444444,-71.4147222222222,False,0,,
38265,7282,Lago Gutierrez - Bariloche,,Altura hidrométrica media diaria,39,,sat2,,-41.1644444444444,-71.4147222222222,False,0,,
38792,7282,Lago Gutierrez - Bariloche,,Altura hidrométrica 4-horaria,101,,sat2,,-41.1644444444444,-71.4147222222222,,,,
37011,7285,Las Cañas - Potrero del Clavil,,Altura hidrométrica,2,,sat2,,-27.4,-65.9747222222222,False,0,,
38794,7285,Las Cañas - Potrero del Clavil,,Altura hidrométrica 4-horaria,101,,sat2,,-27.4,-65.9747222222222,,,,
38795,7286,Las Conchas - La Punilla RP44,,Altura hidrométrica 4-horaria,101,,sat2,,-26.0119444444444,-65.8230555555556,True,17,2026-08-30T19:00:00.000Z,False
38270,7288,Manso - Los Moscos,,Altura hidrométrica media diaria,39,,sat2,,-41.3533333333333,-71.6413888888889,False,0,,
38797,7288,Manso - Los Moscos,,Altura hidrométrica 4-horaria,101,,sat2,,-41.3533333333333,-71.6413888888889,False,0,,
37020,7289,Manso - Steffen,,Altura hidrométrica,2,,sat2,,-41.5158333333333,-71.5361111111111,True,8,2026-08-30T19:00:00.000Z,
38271,7289,Manso - Steffen,,Altura hidrométrica media diaria,39,,sat2,,-41.5158333333333,-71.5361111111111,,,,
37021,7290,Manso Superior - Pampa Linda,,Altura hidrométrica,2,,sat2,,-41.2316666666667,-71.7713888888889,,,,
38272,7290,Manso Superior - Pampa Linda,,Altura hidrométrica media diaria,39,,sat2,,-41.2316666666667,-71.7713888888889,,,,
37029,7291,Marapa - RN Nº 157 Lamadrid,,Altura hidrométrica,2,,sat2,,-27.6572222222222,-65.2447222222222,,,,
37038,7293,Negro - Isla Jordán,,Altura hidrométrica,2,,sat2,,-38.9961111111111,-67.9733333333333,,,,
38274,7293,Negro - Isla Jordán,,Altura hidrométrica media diaria,39,,sat2,,-38.9961111111111,-67.9733333333333,,,,
37040,7294,Negro - Paso Cordova,,Altura hidrométrica,2,,sat2,,-39.1125,-67.6230555555556,,,,
37041,7295,Negro - Philipon,,Altura hidrométrica,2,,sat2,,-27.1741666666667,-59.2613888888889,,,,
38803,7295,Negro - Philipon,,Altura hidrométrica 4-horaria,101,,sat2,,-27.1741666666667,-59.2613888888889,,,,
37042,7296,Negro - San Fernando,,Altura hidrométrica,2,,sat2,,-27.4355555555556,-58.9822222222222,,,,
38277,7296,Negro - San Fernando,,Altura hidrométrica media diaria,39,,sat2,,-27.4355555555556,-58.9822222222222,,,,
38804,7296,Negro - San Fernando,,Altura hidrométrica 4-horaria,101,,sat2,,-27.4355555555556,-58.9822222222222,,,,
37043,7297,Neuquén - Dique Ballester,,Altura hidrométrica,2,,sat2,,-38.7247222222222,-68.1705555555556,,,,
38805,7297,Neuquén - Dique Ballester,,Altura hidrométrica 4-horaria,101,,sat2,,-38.7247222222222,-68.1705555555556,,,,
37055,7301,Nogoya - RP Nº 11,,Altura hidrométrica,2,,sat2,,-32.8419444444444,-59.8647222222222,,,,
38806,7301,Nogoya - RP Nº 11,,Altura hidrométrica 4-horaria,101,,sat2,,-32.8419444444444,-59.8647222222222,,,,
37064,7302,Paraná - HID Chapetón,,Altura hidrométrica,2,,sat2,,-31.5741666666667,-60.2833333333333,,,,
38807,7302,Paraná - HID Chapetón,,Altura hidrométrica 4-horaria,101,,sat2,,-31.5741666666667,-60.2833333333333,,,,
37065,7303,Paraná - Ita Cajón,,Altura hidrométrica,2,,sat2,,-25.6047222222222,-54.5941666666667,True,119,2026-08-30T23:30:00.000Z,False
38808,7303,Paraná - Ita Cajón,,Altura hidrométrica 4-horaria,101,,sat2,,-25.6047222222222,-54.5941666666667,,,,
37066,7304,Paranay - El Alcázar,,Altura hidrométrica,2,,sat2,,-26.7508333333333,-54.7558333333333,,,,
37076,7306,Pico - Frontera,,Altura hidrométrica,2,,sat2,,-44.2402777777778,-71.66,,,,
38810,7306,Pico - Frontera,,Altura hidrométrica 4-horaria,101,,sat2,,-44.2402777777778,-71.66,True,17,2026-08-30T19:00:00.000Z,
37530,7378,Salí - Simoca,,Altura hidrométrica,2,,sat2,,-27.3186111111111,-65.2277777777778,,,,
37531,7379,Salto - Salto,,Altura hidrométrica,2,,sat2,,-34.2861111111111,-60.2591666666667,,,,
38286,7381,Santa Catalina - Catalina 630,,Altura hidrométrica media diaria,39,,sat2,,-33.2844444444444,-64.3536111111111,,,,
38814,7382,Santa Catalina - Colonia Hogar,,Altura hidrométrica 4-horaria,101,,sat2,,-30.8491666666667,-64.2738888888889,True,17,2026-08-30T19:00:00.000Z,False
38288,7384,Segundo - Despeñaderos RN Nº 3,,Altura hidrométrica media diaria,39,,sat2,,-31.8033333333333,-64.3088888888889,False,0,,
37577,7385,Tecka - Estancia Niedo,,Altura hidrométrica,2,,sat2,,-43.3497222222222,-70.8797222222222,,,,
38290,7386,Tercero - Villa María,,Altura hidrométrica media diaria,39,,sat2,,-32.4219444444444,-63.2447222222222,,,,
38817,7386,Tercero - Villa María,,Altura hidrométrica 4-horaria,101,,sat2,,-32.4219444444444,-63.2447222222222,,,,
37580,7387,Ternero - Cuesta del Ternero,,Altura hidrométrica,2,,sat2,,-41.9505555555556,-71.3752777777778,,,,
37581,7388,Tunuyán - Las Catitas,,Altura hidrométrica,2,,sat2,,-33.3072222222222,-68.0613888888889,True,18,2026-08-30T23:00:00.000Z,
38819,7388,Tunuyán - Las Catitas,,Altura hidrométrica 4-horaria,101,,sat2,,-33.3072222222222,-68.0613888888889,,,,
39718,7396,Puerto Belgrano,,Altura hidrométrica,2,,estaciones_shn,,-38.89583333,-62.10138889,True,71,2026-08-30T23:45:00.000Z,
43581,8318,NIV -  Sierras Campo Negro,,Altura hidrométrica,2,,sat2,,-27.4608333333333,-68.6133333333333,,,,
43925,8325,Lago Muster - Fortín,,Altura hidrométrica,2,,sat2,,-45.4797222222222,-69.2588888888889,,,,
