{"type": "FeatureCollection", "features": [{"type": "Feature", "geometry": {"type": "Point", "coordinates": [-58.5548888888889, -32.4451666666667]}, "properties": {"series_id": 1, "station_id": 1, "station": "Ruta Provincial nº 39", "river": "GUALEGUAYCHU", "variable": "Altura hidrométrica", "var_id": 2, "unit": "", "network": "alturas_bdhi", "province": "", "procedure": "", "live": true, "percentiles": ""}}, {"type": "Feature", "geometry": {"type": "Point", "coordinates": [-58.5548888888889, -32.4451666666667]}, "properties": {"series_id": 6654, "station_id": 1, "station": "Ruta Provincial nº 39", "river": "GUALEGUAYCHU", "variable": "Caudal", "var_id": 4, "unit": "", "network": "alturas_bdhi", "province": "", "procedure": "", "live": true, "percentiles": ""}}, {"type": "Feature", "geometry": {"type": "Point", "coordinates": [-59.0768055555556, -32.3085]}, "properties": {"series_id": 851, "station_id": 2, "station": "Rosario del Tala", "river": "GUALEGUAY", "variable": "Caudal", "var_id": 4, "unit": "", "network": "alturas_bdhi", "province": "", "procedure": "", "live": true, "percentiles": ""}}, {"type": "Feature", "geometry": {"type": "Point", "coordinates": [-59.0768055555556, -32.3085]}, "properties": {"series_id": 31534, "station_id": 2, "station": "Rosario del Tala", "river": "GUALEGUAY", "variable": "Caudal", "var_id": 4, "unit": "", "network": "alturas_bdhi", "province": "", "procedure": "", "live": true, "percentiles": ""}}, {"type": "Feature", "geometry": {"type": "Point", "coordinates": [-59.2703333333333, -33.1006111111111]}, "properties": {"series_id": 29860, "station_id": 3, "station": "Paso Alonso", "river": "GUALEGUAY", "variable": "Altura hidrométrica media diaria", "var_id": 39, "unit": "", "network": "alturas_bdhi", "province": "", "procedure": "", "live": true, "percentiles": ""}}, {"type": "Feature", "geometry": {"type": "Point", "coordinates": [-59.2703333333333, -33.1006111111111]}, "properties": {"series_id": 42624, "station_id": 3, "station": "Paso Alonso", "river": "GUALEGUAY", "variable": "Caudal medio diario", "var_id": 40, "unit": "", "network": "alturas_bdhi", "province": "", "procedure": "", "live": true, "percentiles": ""}}, {"type": "Feature", "geometry": {"type": "Point", "coordinates": [-59.126, -31.8016111111111]}, "properties": {"series_id": 4, "station_id": 4, "station": "Villaguay", "river": "GUALEGUAY", "variable": "Altura hidrométrica", "var_id": 2, "unit": "", "network": "alturas_bdhi", "province": "", "procedure": "", "live": true, "percentiles": ""}}, {"type": "Feature", "geometry": {"type": "Point", "coordinates": [-59.126, -31.8016111111111]}, "properties": {"series_id": 29861, "station_id": 4, "station": "Villaguay", "river": "GUALEGUAY", "variable": "Altura hidrométrica media diaria", "var_id": 39, "unit": "", "network": "alturas_bdhi", "province": "", "procedure": "", "live": true, "percentiles": ""}}, {"type": "Feature", "geometry": {"type": "Point", "coordinates": [-59.5512222222222, -30.9236944444444]}, "properties": {"series_id": 854, "station_id": 5, "station": "Paso Medina", "river": "FELICIANO", "variable": "Caudal", "var_id": 4, "unit": "", "network": "alturas_bdhi", "province": "", "procedure": "", "live": true, "percentiles": ""}}, {"type": "Feature", "geometry": {"type": "Point", "coordinates": [-59.5512222222222, -30.9236944444444]}, "properties": {"series_id": 29862, "station_id": 5, "station": "Paso Medina", "river": "FELICIANO", "variable": "Altura hidrométrica media diaria", "var_id": 39, "unit": "", "network": "alturas_bdhi", "province": "", "procedure": "", "live": true, "percentiles": ""}}, {"type": "Feature", "geometry": {"type": "Point", "coordinates": [-59.365098, -33.222327]}, "properties": {"series_id": 855, "station_id": 6, "station": "Puerto Ruiz", "river": "GUALEGUAY", "variable": "Caudal", "var_id": 4, "unit": "", "network": "alturas_bdhi", "province": "", "procedure": "", "live": true, "percentiles": ""}}, {"type": "Feature", "geometry": {"type": "Point", "coordinates": [-59.365098, -33.222327]}, "properties": {"series_id": 29863, "station_id": 6, "station": "Puerto Ruiz", "river": "GUALEGUAY", "variable": "Altura hidrométrica media diaria", "var_id": 39, "unit": "", "network": "alturas_bdhi", "province": "", "procedure": "", "live": true, "percentiles": ""}}, {"type": "Feature", "geometry": {"type": "Point", "coordinates": [-59.178504, -34.589146]}, "properties": {"series_id": 1514, "station_id": 7, "station": "Puente Jáuregui", "river": "LUJAN", "variable": "Caudal", "var_id": 4, "unit": "", "network": "alturas_bdhi", "province": "", "procedure": "", "live": true, "percentiles": ""}}, {"type": "Feature", "geometry": {"type": "Point", "coordinates": [-59.178504, -34.589146]}, "properties": {"series_id": 29864, "station_id": 7, "station": "Puente Jáuregui", "river": "LUJAN", "variable": "Altura hidrométrica media diaria", "var_id": 39, "unit": "", "network": "alturas_bdhi", "province": "", "procedure": "", "live": true, "percentiles": ""}}, {"type": "Feature", "geometry": {"type": "Point", "coordinates": [-53.9833333333333, -25.5833333333333]}, "properties": {"series_id": 8, "station_id": 8, "station": "Andresito", "river": "IGUAZU", "variable": "Altura hidrométrica", "var_id": 2, "unit": "", "network": "alturas_prefe", "province": "", "procedure": "", "live": true, "percentiles": ""}}, {"type": "Feature", "geometry": {"type": "Point", "coordinates": [-53.9833333333333, -25.5833333333333]}, "properties": {"series_id": 26605, "station_id": 8, "station": "Andresito", "river": "IGUAZU", "variable": "Caudal medio diario", "var_id": 40, "unit": "", "network": "alturas_prefe", "province": "", "procedure": "", "live": true, "percentiles": false}}, {"type": "Feature", "geometry": {"type": "Point", "coordinates": [-54.5666666666667, -25.5833333333333]}, "properties": {"series_id": 3051, "station_id": 9, "station": "Puerto Iguazú", "river": "PARANAMED", "variable": "Altura hidrométrica", "var_id": 2, "unit": "", "network": "alturas_prefe", "province": "", "procedure": "", "live": true, "percentiles": ""}}, {"type": "Feature", "geometry": {"type": "Point", "coordinates": [-54.5666666666667, -25.5833333333333]}, "properties": {"series_id": 3154, "station_id": 9, "station": "Puerto Iguazú", "river": "PARANAMED", "variable": "Caudal", "var_id": 4, "unit": "", "network": "alturas_prefe", "province": "", "procedure": "", "live": true, "percentiles": ""}}, {"type": "Feature", "geometry": {"type": "Point", "coordinates": [-54.5666666666667, -25.5833333333333]}, "properties": {"series_id": 25487, "station_id": 9, "station": "Puerto Iguazú", "river": "PARANAMED", "variable": "Altura hidrométrica media mensual", "var_id": 33, "unit": "", "network": "alturas_prefe", "province": "", "procedure": "", "live": true, "percentiles": ""}}, {"type": "Feature", "geometry": {"type": "Point", "coordinates": [-54.5666666666667, -25.5833333333333]}, "properties": {"series_id": 26251, "station_id": 9, "station": "Puerto Iguazú", "river": "PARANAMED", "variable": "Altura hidrométrica media diaria", "var_id": 39, "unit": "", "network": "alturas_prefe", "province": "", "procedure": "", "live": true, "percentiles": ""}}, {"type": "Feature", "geometry": {"type": "Point", "coordinates": [-54.5666666666667, -25.5833333333333]}, "properties": {"series_id": 26606, "station_id": 9, "station": "Puerto Iguazú", "river": "PARANAMED", "variable": "Caudal medio diario", "var_id": 40, "unit": "", "network": "alturas_prefe", "province": "", "procedure": "", "live": true, "percentiles": ""}}, {"type": "Feature", "geometry": {"type": "Point", "coordinates": [-54.621134, -25.916679]}, "properties": {"series_id": 10, "station_id": 10, "station": "Libertad", "river": "PARANAMED", "variable": "Altura hidrométrica", "var_id": 2, "unit": "", "network": "alturas_prefe", "province": "", "procedure": "", "live": true, "percentiles": ""}}, {"type": "Feature", "geometry": {"type": "Point", "coordinates": [-54.621134, -25.916679]}, "properties": {"series_id": 859, "station_id": 10, "station": "Libertad", "river": "PARANAMED", "variable": "Caudal", "var_id": 4, "unit": "", "network": "alturas_prefe", "province": "", "procedure": "", "live": true, "percentiles": ""}}, {"type": "Feature", "geometry": {"type": "Point", "coordinates": [-54.621134, -25.916679]}, "properties": {"series_id": 26607, "station_id": 10, "station": "Libertad", "river": "PARANAMED", "variable": "Caudal medio diario", "var_id": 40, "unit": "", "network": "alturas_prefe", "province": "", "procedure": "", "live": true, "percentiles": ""}}, {"type": "Feature", "geometry": {"type": "Point", "coordinates": [-54.7, -26.3833333333333]}, "properties": {"series_id": 11, "station_id": 11, "station": "El Dorado", "river": "PARANAMED", "variable": "Altura hidrométrica", "var_id": 2, "unit": "", "network": "alturas_prefe", "province": "", "procedure": "", "live": true, "percentiles": ""}}, {"type": "Feature", "geometry": {"type": "Point", "coordinates": [-54.7, -26.3833333333333]}, "properties": {"series_id": 26608, "station_id": 11, "station": "El Dorado", "river": "PARANAMED", "variable": "Caudal medio diario", "var_id": 40, "unit": "", "network": "alturas_prefe", "province": "", "procedure": "", "live": true, "percentiles": ""}}, {"type": "Feature", "geometry": {"type": "Point", "coordinates": [-55.0333333333333, -26.8]}, "properties": {"series_id": 12, "station_id": 12, "station": "Libertador", "river": "PARANAMED", "variable": "Altura hidrométrica", "var_id": 2, "unit": "", "network": "alturas_prefe", "province": "", "procedure": "", "live": true, "percentiles": ""}}, {"type": "Feature", "geometry": {"type": "Point", "coordinates": [-55.0333333333333, -26.8]}, "properties": {"series_id": 26609, "station_id": 12, "station": "Libertador", "river": "PARANAMED", "variable": "Caudal medio diario", "var_id": 40, "unit": "", "network": "alturas_prefe", "province": "", "procedure": "", "live": true, "percentiles": ""}}, {"type": "Feature", "geometry": {"type": "Point", "coordinates": [-55.588412, -27.33509]}, "properties": {"series_id": 26610, "station_id": 13, "station": "Santa Ana", "river": "PARANAMED", "variable": "Caudal medio diario", "var_id": 40, "unit": "", "network": "alturas_prefe", "province": "", "procedure": "", "live": true, "percentiles": ""}}, {"type": "Feature", "geometry": {"type": "Point", "coordinates": [-55.8833333333333, -27.3666666666667]}, "properties": {"series_id": 14, "station_id": 14, "station": "Posadas", "river": "PARANAMED", "variable": "Altura hidrométrica", "var_id": 2, "unit": "", "network": "alturas_prefe", "province": "", "procedure": "", "live": true, "percentiles": ""}}, {"type": "Feature", "geometry": {"type": "Point", "coordinates": [-55.8833333333333, -27.3666666666667]}, "properties": {"series_id": 863, "station_id": 14, "station": "Posadas", "river": "PARANAMED", "variable": "Caudal", "var_id": 4, "unit": "", "network": "alturas_prefe", "province": "", "procedure": "", "live": true, "percentiles": ""}}, {"type": "Feature", "geometry": {"type": "Point", "coordinates": [-56.7, -27.5833333333333]}, "properties": {"series_id": 15, "station_id": 15, "station": "Ituzaingó", "river": "PARANAMED", "variable": "Altura hidrométrica", "var_id": 2, "unit": "", "network": "alturas_prefe", "province": "", "procedure": "", "live": true, "percentiles": ""}}, {"type": "Feature", "geometry": {"type": "Point", "coordinates": [-57.33326783, -27.42336098]}, "properties": {"series_id": 25494, "station_id": 16, "station": "Itá Ibaté", "river": "PARANAMED", "variable": "Altura hidrométrica media mensual", "var_id": 33, "unit": "", "network": "alturas_prefe", "province": "", "procedure": "", "live": true, "percentiles": ""}}, {"type": "Feature", "geometry": {"type": "Point", "coordinates": [-57.33326783, -27.42336098]}, "properties": {"series_id": 26258, "station_id": 16, "station": "Itá Ibaté", "river": "PARANAMED", "variable": "Altura hidrométrica media diaria", "var_id": 39, "unit": "", "network": "alturas_prefe", "province": "", "procedure": "", "live": true, "percentiles": ""}}, {"type": "Feature", "geometry": {"type": "Point", "coordinates": [-58.24407387, -27.26677773]}, "properties": {"series_id": 26259, "station_id": 17, "station": "Itatí", "river": "PARANAMED", "variable": "Altura hidrométrica media diaria", "var_id": 39, "unit": "", "network": "alturas_prefe", "province": "", "procedure": "", "live": true, "percentiles": ""}}, {"type": "Feature", "geometry": {"type": "Point", "coordinates": [-58.5833333333333, -27.3333333333333]}, "properties": {"series_id": 867, "station_id": 18, "station": "Paso de la Patria", "river": "PARANAMED", "variable": "Caudal", "var_id": 4, "unit": "", "network": "alturas_prefe", "province": "", "procedure": "", "live": true, "percentiles": ""}}, {"type": "Feature", "geometry": {"type": "Point", "coordinates": [-58.5833333333333, -27.3333333333333]}, "properties": {"series_id": 25496, "station_id": 18, "station": "Paso de la Patria", "river": "PARANAMED", "variable": "Altura hidrométrica media mensual", "var_id": 33, "unit": "", "network": "alturas_prefe", "province": "", "procedure": "", "live": true, "percentiles": ""}}, {"type": "Feature", "geometry": {"type": "Point", "coordinates": [-58.5833333333333, -27.3333333333333]}, "properties": {"series_id": 26260, "station_id": 18, "station": "Paso de la Patria", "river": "PARANAMED", "variable": "Altura hidrométrica media diaria", "var_id": 39, "unit": "", "network": "alturas_prefe", "province": "", "procedure": "", "live": true, "percentiles": ""}}, {"type": "Feature", "geometry": {"type": "Point", "coordinates": [-58.5833333333333, -27.3333333333333]}, "properties": {"series_id": 26615, "station_id": 18, "station": "Paso de la Patria", "river": "PARANAMED", "variable": "Caudal medio diario", "var_id": 40, "unit": "", "network": "alturas_prefe", "province": "", "procedure": "", "live": true, "percentiles": ""}}, {"type": "Feature", "geometry": {"type": "Point", "coordinates": [-58.8388696, -27.46364349]}, "properties": {"series_id": 19, "station_id": 19, "station": "Corrientes", "river": "PARANAMED", "variable": "Altura hidrométrica", "var_id": 2, "unit": "", "network": "alturas_prefe", "province": "", "procedure": "", "live": true, "percentiles": ""}}, {"type": "Feature", "geometry": {"type": "Point", "coordinates": [-58.8388696, -27.46364349]}, "properties": {"series_id": 1540, "station_id": 19, "station": "Corrientes", "river": "PARANAMED", "variable": "Altura hidrométrica", "var_id": 2, "unit": "", "network": "alturas_prefe", "province": "", "procedure": "", "live": true, "percentiles": ""}}, {"type": "Feature", "geometry": {"type": "Point", "coordinates": [-58.8388696, -27.46364349]}, "properties": {"series_id": 1538, "station_id": 19, "station": "Corrientes", "river": "PARANAMED", "variable": "Caudal", "var_id": 4, "unit": "", "network": "alturas_prefe", "province": "", "procedure": "", "live": true, "percentiles": ""}}, {"type": "Feature", "geometry": {"type": "Point", "coordinates": [-58.8388696, -27.46364349]}, "properties": {"series_id": 26261, "station_id": 19, "station": "Corrientes", "river": "PARANAMED", "variable": "Altura hidrométrica media diaria", "var_id": 39, "unit": "", "network": "alturas_prefe", "province": "", "procedure": "", "live": true, "percentiles": ""}}, {"type": "Feature", "geometry": {"type": "Point", "coordinates": [-58.8388696, -27.46364349]}, "properties": {"series_id": 30113, "station_id": 19, "station": "Corrientes", "river": "PARANAMED", "variable": "Caudal medio diario", "var_id": 40, "unit": "", "network": "alturas_prefe", "province": "", "procedure": "", "live": true, "percentiles": ""}}, {"type": "Feature", "geometry": {"type": "Point", "coordinates": [-58.8388696, -27.46364349]}, "properties": {"series_id": 30114, "station_id": 19, "station": "Corrientes", "river": "PARANAMED", "variable": "Caudal medio diario", "var_id": 40, "unit": "", "network": "alturas_prefe", "province": "", "procedure": "", "live": true, "percentiles": ""}}, {"type": "Feature", "geometry": {"type": "Point", "coordinates": [-58.9333333333333, -27.4833333333333]}, "properties": {"series_id": 20, "station_id": 20, "station": "Barranqueras", "river": "BARRANQUERAS", "variable": "Altura hidrométrica", "var_id": 2, "unit": "", "network": "alturas_prefe", "province": "", "procedure": "", "live": true, "percentiles": ""}}, {"type": "Feature", "geometry": {"type": "Point", "coordinates": [-58.9333333333333, -27.4833333333333]}, "properties": {"series_id": 869, "station_id": 20, "station": "Barranqueras", "river": "BARRANQUERAS", "variable": "Caudal", "var_id": 4, "unit": "", "network": "alturas_prefe", "province": "", "procedure": "", "live": true, "percentiles": ""}}, {"type": "Feature", "geometry": {"type": "Point", "coordinates": [-58.9333333333333, -27.4833333333333]}, "properties": {"series_id": 26262, "station_id": 20, "station": "Barranqueras", "river": "BARRANQUERAS", "variable": "Altura hidrométrica media diaria", "var_id": 39, "unit": "", "network": "alturas_prefe", "province": "", "procedure": "", "live": true, "percentiles": ""}}, {"type": "Feature", "geometry": {"type": "Point", "coordinates": [-58.9333333333333, -27.4833333333333]}, "properties": {"series_id": 26617, "station_id": 20, "station": "Barranqueras", "river": "BARRANQUERAS", "variable": "Caudal medio diario", "var_id": 40, "unit": "", "network": "alturas_prefe", "province": "", "procedure": "", "live": true, "percentiles": ""}}, {"type": "Feature", "geometry": {"type": "Point", "coordinates": [-58.81852419, -27.95412346]}, "properties": {"series_id": 21, "station_id": 21, "station": "Empedrado", "river": "PARANAINF", "variable": "Altura hidrométrica", "var_id": 2, "unit": "", "network": "alturas_prefe", "province": "", "procedure": "", "live": true, "percentiles": ""}}, {"type": "Feature", "geometry": {"type": "Point", "coordinates": [-58.81852419, -27.95412346]}, "properties": {"series_id": 25499, "station_id": 21, "station": "Empedrado", "river": "PARANAINF", "variable": "Altura hidrométrica media mensual", "var_id": 33, "unit": "", "network": "alturas_prefe", "province": "", "procedure": "", "live": true, "percentiles": ""}}, {"type": "Feature", "geometry": {"type": "Point", "coordinates": [-58.81852419, -27.95412346]}, "properties": {"series_id": 26263, "station_id": 21, "station": "Empedrado", "river": "PARANAINF", "variable": "Altura hidrométrica media diaria", "var_id": 39, "unit": "", "network": "alturas_prefe", "province": "", "procedure": "", "live": true, "percentiles": ""}}, {"type": "Feature", "geometry": {"type": "Point", "coordinates": [-58.81852419, -27.95412346]}, "properties": {"series_id": 26618, "station_id": 21, "station": "Empedrado", "river": "PARANAINF", "variable": "Caudal medio diario", "var_id": 40, "unit": "", "network": "alturas_prefe", "province": "", "procedure": "", "live": true, "percentiles": ""}}, {"type": "Feature", "geometry": {"type": "Point", "coordinates": [-59.05931723, -28.51840072]}, "properties": {"series_id": 871, "station_id": 22, "station": "Bella Vista", "river": "PARANAINF", "variable": "Caudal", "var_id": 4, "unit": "", "network": "alturas_prefe", "province": "", "procedure": "", "live": true, "percentiles": ""}}, {"type": "Feature", "geometry": {"type": "Point", "coordinates": [-59.05931723, -28.51840072]}, "properties": {"series_id": 9617, "station_id": 22, "station": "Bella Vista", "river": "PARANAINF", "variable": "Caudal", "var_id": 4, "unit": "", "network": "alturas_prefe", "province": "", "procedure": "", "live": true, "percentiles": ""}}, {"type": "Feature", "geometry": {"type": "Point", "coordinates": [-59.05931723, -28.51840072]}, "properties": {"series_id": 25500, "station_id": 22, "station": "Bella Vista", "river": "PARANAINF", "variable": "Altura hidrométrica media mensual", "var_id": 33, "unit": "", "network": "alturas_prefe", "province": "", "procedure": "", "live": true, "percentiles": ""}}, {"type": "Feature", "geometry": {"type": "Point", "coordinates": [-59.05931723, -28.51840072]}, "properties": {"series_id": 26264, "station_id": 22, "station": "Bella Vista", "river": "PARANAINF", "variable": "Altura hidrométrica media diaria", "var_id": 39, "unit": "", "network": "alturas_prefe", "province": "", "procedure": "", "live": true, "percentiles": ""}}, {"type": "Feature", "geometry": {"type": "Point", "coordinates": [-59.05931723, -28.51840072]}, "properties": {"series_id": 26619, "station_id": 22, "station": "Bella Vista", "river": "PARANAINF", "variable": "Caudal medio diario", "var_id": 40, "unit": "", "network": "alturas_prefe", "province": "", "procedure": "", "live": true, "percentiles": ""}}, {"type": "Feature", "geometry": {"type": "Point", "coordinates": [-59.27303952, -29.14376844]}, "properties": {"series_id": 872, "station_id": 23, "station": "Goya", "river": "PARANAINF", "variable": "Caudal", "var_id": 4, "unit": "", "network": "alturas_prefe", "province": "", "procedure": "", "live": true, "percentiles": false}}, {"type": "Feature", "geometry": {"type": "Point", "coordinates": [-59.27303952, -29.14376844]}, "properties": {"series_id": 26620, "station_id": 23, "station": "Goya", "river": "PARANAINF", "variable": "Caudal medio diario", "var_id": 40, "unit": "", "network": "alturas_prefe", "province": "", "procedure": "", "live": true, "percentiles": ""}}, {"type": "Feature", "geometry": {"type": "Point", "coordinates": [-59.58115833, -29.23756092]}, "properties": {"series_id": 873, "station_id": 24, "station": "Reconquista", "river": "SANJAVIER", "variable": "Caudal", "var_id": 4, "unit": "", "network": "alturas_prefe", "province": "", "procedure": "", "live": true, "percentiles": ""}}, {"type": "Feature", "geometry": {"type": "Point", "coordinates": [-59.58115833, -29.23756092]}, "properties": {"series_id": 26266, "station_id": 24, "station": "Reconquista", "river": "SANJAVIER", "variable": "Altura hidrométrica media diaria", "var_id": 39, "unit": "", "network": "alturas_prefe", "province": "", "procedure": "", "live": true, "percentiles": ""}}, {"type": "Feature", "geometry": {"type": "Point", "coordinates": [-59.58115833, -29.23756092]}, "properties": {"series_id": 26621, "station_id": 24, "station": "Reconquista", "river": "SANJAVIER", "variable": "Caudal medio diario", "var_id": 40, "unit": "", "network": "alturas_prefe", "province": "", "procedure": "", "live": true, "percentiles": ""}}, {"type": "Feature", "geometry": {"type": "Point", "coordinates": [-59.53663483, -30.01924089]}, "properties": {"series_id": 25, "station_id": 25, "station": "Esquina", "river": "PARANAINF", "variable": "Altura hidrométrica", "var_id": 2, "unit": "", "network": "alturas_prefe", "province": "", "procedure": "", "live": true, "percentiles": ""}}, {"type": "Feature", "geometry": {"type": "Point", "coordinates": [-59.53663483, -30.01924089]}, "properties": {"series_id": 25503, "station_id": 25, "station": "Esquina", "river": "PARANAINF", "variable": "Altura hidrométrica media mensual", "var_id": 33, "unit": "", "network": "alturas_prefe", "province": "", "procedure": "", "live": true, "percentiles": ""}}, {"type": "Feature", "geometry": {"type": "Point", "coordinates": [-59.53663483, -30.01924089]}, "properties": {"series_id": 26267, "station_id": 25, "station": "Esquina", "river": "PARANAINF", "variable": "Altura hidrométrica media diaria", "var_id": 39, "unit": "", "network": "alturas_prefe", "province": "", "procedure": "", "live": true, "percentiles": ""}}, {"type": "Feature", "geometry": {"type": "Point", "coordinates": [-59.53663483, -30.01924089]}, "properties": {"series_id": 26622, "station_id": 25, "station": "Esquina", "river": "PARANAINF", "variable": "Caudal medio diario", "var_id": 40, "unit": "", "network": "alturas_prefe", "province": "", "procedure": "", "live": true, "percentiles": ""}}, {"type": "Feature", "geometry": {"type": "Point", "coordinates": [-59.6381167, -30.73419972]}, "properties": {"series_id": 3527, "station_id": 26, "station": "La Paz", "river": "PARANAINF", "variable": "Altura hidrométrica", "var_id": 2, "unit": "", "network": "alturas_prefe", "province": "", "procedure": "", "live": true, "percentiles": ""}}, {"type": "Feature", "geometry": {"type": "Point", "coordinates": [-59.6381167, -30.73419972]}, "properties": {"series_id": 26268, "station_id": 26, "station": "La Paz", "river": "PARANAINF", "variable": "Altura hidrométrica media diaria", "var_id": 39, "unit": "", "network": "alturas_prefe", "province": "", "procedure": "", "live": true, "percentiles": ""}}, {"type": "Feature", "geometry": {"type": "Point", "coordinates": [-59.6381167, -30.73419972]}, "properties": {"series_id": 26623, "station_id": 26, "station": "La Paz", "river": "PARANAINF", "variable": "Caudal medio diario", "var_id": 40, "unit": "", "network": "alturas_prefe", "province": "", "procedure": "", "live": true, "percentiles": ""}}, {"type": "Feature", "geometry": {"type": "Point", "coordinates": [-59.7833333333333, -30.95]}, "properties": {"series_id": 876, "station_id": 27, "station": "Santa Elena", "river": "PARANAINF", "variable": "Caudal", "var_id": 4, "unit": "", "network": "alturas_prefe", "province": "", "procedure": "", "live": true, "percentiles": ""}}, {"type": "Feature", "geometry": {"type": "Point", "coordinates": [-59.7833333333333, -30.95]}, "properties": {"series_id": 26624, "station_id": 27, "station": "Santa Elena", "river": "PARANAINF", "variable": "Caudal medio diario", "var_id": 40, "unit": "", "network": "alturas_prefe", "province": "", "procedure": "", "live": true, "percentiles": ""}}, {"type": "Feature", "geometry": {"type": "Point", "coordinates": [-59.99193936, -31.22650904]}, "properties": {"series_id": 28, "station_id": 28, "station": "Hernandarias", "river": "PARANAINF", "variable": "Altura hidrométrica", "var_id": 2, "unit": "", "network": "alturas_prefe", "province": "", "procedure": "", "live": true, "percentiles": ""}}, {"type": "Feature", "geometry": {"type": "Point", "coordinates": [-59.99193936, -31.22650904]}, "properties": {"series_id": 26270, "station_id": 28, "station": "Hernandarias", "river": "PARANAINF", "variable": "Altura hidrométrica media diaria", "var_id": 39, "unit": "", "network": "alturas_prefe", "province": "", "procedure": "", "live": true, "percentiles": ""}}, {"type": "Feature", "geometry": {"type": "Point", "coordinates": [-59.99193936, -31.22650904]}, "properties": {"series_id": 26625, "station_id": 28, "station": "Hernandarias", "river": "PARANAINF", "variable": "Caudal medio diario", "var_id": 40, "unit": "", "network": "alturas_prefe", "province": "", "procedure": "", "live": true, "percentiles": ""}}, {"type": "Feature", "geometry": {"type": "Point", "coordinates": [-60.5225697750899, -31.7182378629681]}, "properties": {"series_id": 3385, "station_id": 29, "station": "Paraná", "river": "PARANAINF", "variable": "Altura hidrométrica", "var_id": 2, "unit": "", "network": "alturas_prefe", "province": "", "procedure": "", "live": true, "percentiles": ""}}, {"type": "Feature", "geometry": {"type": "Point", "coordinates": [-60.5225697750899, -31.7182378629681]}, "properties": {"series_id": 3462, "station_id": 29, "station": "Paraná", "river": "PARANAINF", "variable": "Caudal", "var_id": 4, "unit": "", "network": "alturas_prefe", "province": "", "procedure": "", "live": true, "percentiles": ""}}, {"type": "Feature", "geometry": {"type": "Point", "coordinates": [-60.5225697750899, -31.7182378629681]}, "properties": {"series_id": 25507, "station_id": 29, "station": "Paraná", "river": "PARANAINF", "variable": "Altura hidrométrica media mensual", "var_id": 33, "unit": "", "network": "alturas_prefe", "province": "", "procedure": "", "live": true, "percentiles": ""}}, {"type": "Feature", "geometry": {"type": "Point", "coordinates": [-60.5225697750899, -31.7182378629681]}, "properties": {"series_id": 30111, "station_id": 29, "station": "Paraná", "river": "PARANAINF", "variable": "Caudal medio diario", "var_id": 40, "unit": "", "network": "alturas_prefe", "province": "", "procedure": "", "live": true, "percentiles": ""}}, {"type": "Feature", "geometry": {"type": "Point", "coordinates": [-60.7002319185745, -31.6514772196376]}, "properties": {"series_id": 1545, "station_id": 30, "station": "Santa Fe", "river": "PARANAINF", "variable": "Caudal", "var_id": 4, "unit": "", "network": "alturas_prefe", "province": "", "procedure": "", "live": true, "percentiles": ""}}, {"type": "Feature", "geometry": {"type": "Point", "coordinates": [-60.6432219715378, -32.0715615377843]}, "properties": {"series_id": 31, "station_id": 31, "station": "Diamante", "river": "PARANAINF", "variable": "Altura hidrométrica", "var_id": 2, "unit": "", "network": "alturas_prefe", "province": "", "procedure": "", "live": true, "percentiles": ""}}, {"type": "Feature", "geometry": {"type": "Point", "coordinates": [-60.6432219715378, -32.0715615377843]}, "properties": {"series_id": 880, "station_id": 31, "station": "Diamante", "river": "PARANAINF", "variable": "Caudal", "var_id": 4, "unit": "", "network": "alturas_prefe", "province": "", "procedure": "", "live": true, "percentiles": ""}}, {"type": "Feature", "geometry": {"type": "Point", "coordinates": [-60.6432219715378, -32.0715615377843]}, "properties": {"series_id": 3490, "station_id": 31, "station": "Diamante", "river": "PARANAINF", "variable": "Caudal", "var_id": 4, "unit": "", "network": "alturas_prefe", "province": "", "procedure": "", "live": true, "percentiles": ""}}, {"type": "Feature", "geometry": {"type": "Point", "coordinates": [-60.6432219715378, -32.0715615377843]}, "properties": {"series_id": 3532, "station_id": 31, "station": "Diamante", "river": "PARANAINF", "variable": "Altura hidrométrica media mensual", "var_id": 33, "unit": "", "network": "alturas_prefe", "province": "", "procedure": "", "live": true, "percentiles": ""}}, {"type": "Feature", "geometry": {"type": "Point", "coordinates": [-60.6432219715378, -32.0715615377843]}, "properties": {"series_id": 26273, "station_id": 31, "station": "Diamante", "river": "PARANAINF", "variable": "Altura hidrométrica media diaria", "var_id": 39, "unit": "", "network": "alturas_prefe", "province": "", "procedure": "", "live": true, "percentiles": ""}}, {"type": "Feature", "geometry": {"type": "Point", "coordinates": [-60.2195849446607, -32.6558456373673]}, "properties": {"series_id": 32, "station_id": 32, "station": "Victoria", "river": "VICTORIA", "variable": "Altura hidrométrica", "var_id": 2, "unit": "", "network": "alturas_prefe", "province": "", "procedure": "", "live": true, "percentiles": ""}}, {"type": "Feature", "geometry": {"type": "Point", "coordinates": [-60.2195849446607, -32.6558456373673]}, "properties": {"series_id": 3419, "station_id": 32, "station": "Victoria", "river": "VICTORIA", "variable": "Altura hidrométrica", "var_id": 2, "unit": "", "network": "alturas_prefe", "province": "", "procedure": "", "live": true, "percentiles": ""}}, {"type": "Feature", "geometry": {"type": "Point", "coordinates": [-60.2195849446607, -32.6558456373673]}, "properties": {"series_id": 3446, "station_id": 32, "station": "Victoria", "river": "VICTORIA", "variable": "Altura hidrométrica", "var_id": 2, "unit": "", "network": "alturas_prefe", "province": "", "procedure": "", "live": true, "percentiles": ""}}, {"type": "Feature", "geometry": {"type": "Point", "coordinates": [-60.2195849446607, -32.6558456373673]}, "properties": {"series_id": 881, "station_id": 32, "station": "Victoria", "river": "VICTORIA", "variable": "Caudal", "var_id": 4, "unit": "", "network": "alturas_prefe", "province": "", "procedure": "", "live": true, "percentiles": ""}}, {"type": "Feature", "geometry": {"type": "Point", "coordinates": [-60.7256705696322, -32.7336256031375]}, "properties": {"series_id": 33, "station_id": 33, "station": "San Lorenzo (San Martín)", "river": "PARANAINF", "variable": "Altura hidrométrica", "var_id": 2, "unit": "", "network": "alturas_prefe", "province": "", "procedure": "", "live": true, "percentiles": ""}}, {"type": "Feature", "geometry": {"type": "Point", "coordinates": [-60.7256705696322, -32.7336256031375]}, "properties": {"series_id": 882, "station_id": 33, "station": "San Lorenzo (San Martín)", "river": "PARANAINF", "variable": "Caudal", "var_id": 4, "unit": "", "network": "alturas_prefe", "province": "", "procedure": "", "live": true, "percentiles": ""}}, {"type": "Feature", "geometry": {"type": "Point", "coordinates": [-60.7256705696322, -32.7336256031375]}, "properties": {"series_id": 3465, "station_id": 33, "station": "San Lorenzo (San Martín)", "river": "PARANAINF", "variable": "Caudal", "var_id": 4, "unit": "", "network": "alturas_prefe", "province": "", "procedure": "", "live": true, "percentiles": ""}}, {"type": "Feature", "geometry": {"type": "Point", "coordinates": [-60.7256705696322, -32.7336256031375]}, "properties": {"series_id": 25511, "station_id": 33, "station": "San Lorenzo (San Martín)", "river": "PARANAINF", "variable": "Altura hidrométrica media mensual", "var_id": 33, "unit": "", "network": "alturas_prefe", "province": "", "procedure": "", "live": true, "percentiles": ""}}, {"type": "Feature", "geometry": {"type": "Point", "coordinates": [-60.7256705696322, -32.7336256031375]}, "properties": {"series_id": 26275, "station_id": 33, "station": "San Lorenzo (San Martín)", "river": "PARANAINF", "variable": "Altura hidrométrica media diaria", "var_id": 39, "unit": "", "network": "alturas_prefe", "province": "", "procedure": "", "live": true, "percentiles": ""}}, {"type": "Feature", "geometry": {"type": "Point", "coordinates": [-60.7256705696322, -32.7336256031375]}, "properties": {"series_id": 26630, "station_id": 33, "station": "San Lorenzo (San Martín)", "river": "PARANAINF", "variable": "Caudal medio diario", "var_id": 40, "unit": "", "network": "alturas_prefe", "province": "", "procedure": "", "live": true, "percentiles": ""}}, {"type": "Feature", "geometry": {"type": "Point", "coordinates": [-60.6308206029857, -32.9432699442268]}, "properties": {"series_id": 3412, "station_id": 34, "station": "Rosario", "river": "PARANAINF", "variable": "Altura hidrométrica", "var_id": 2, "unit": "", "network": "alturas_prefe", "province": "", "procedure": "", "live": true, "percentiles": ""}}, {"type": "Feature", "geometry": {"type": "Point", "coordinates": [-60.6308206029857, -32.9432699442268]}, "properties": {"series_id": 3466, "station_id": 34, "station": "Rosario", "river": "PARANAINF", "variable": "Caudal", "var_id": 4, "unit": "", "network": "alturas_prefe", "province": "", "procedure": "", "live": true, "percentiles": ""}}, {"type": "Feature", "geometry": {"type": "Point", "coordinates": [-60.6308206029857, -32.9432699442268]}, "properties": {"series_id": 3493, "station_id": 34, "station": "Rosario", "river": "PARANAINF", "variable": "Caudal", "var_id": 4, "unit": "", "network": "alturas_prefe", "province": "", "procedure": "", "live": true, "percentiles": ""}}, {"type": "Feature", "geometry": {"type": "Point", "coordinates": [-60.6308206029857, -32.9432699442268]}, "properties": {"series_id": 29622, "station_id": 34, "station": "Rosario", "river": "PARANAINF", "variable": "Altura hidrométrica media mensual", "var_id": 33, "unit": "", "network": "alturas_prefe", "province": "", "procedure": "", "live": true, "percentiles": ""}}, {"type": "Feature", "geometry": {"type": "Point", "coordinates": [-60.6308206029857, -32.9432699442268]}, "properties": {"series_id": 26631, "station_id": 34, "station": "Rosario", "river": "PARANAINF", "variable": "Caudal medio diario", "var_id": 40, "unit": "", "network": "alturas_prefe", "province": "", "procedure": "", "live": true, "percentiles": ""}}, {"type": "Feature", "geometry": {"type": "Point", "coordinates": [-60.3091044341421, -33.2354221667103]}, "properties": {"series_id": 35, "station_id": 35, "station": "Villa Constitución", "river": "PARANAINF", "variable": "Altura hidrométrica", "var_id": 2, "unit": "", "network": "alturas_prefe", "province": "", "procedure": "", "live": true, "percentiles": ""}}, {"type": "Feature", "geometry": {"type": "Point", "coordinates": [-60.3091044341421, -33.2354221667103]}, "properties": {"series_id": 3440, "station_id": 35, "station": "Villa Constitución", "river": "PARANAINF", "variable": "Altura hidrométrica", "var_id": 2, "unit": "", "network": "alturas_prefe", "province": "", "procedure": "", "live": true, "percentiles": ""}}, {"type": "Feature", "geometry": {"type": "Point", "coordinates": [-60.3091044341421, -33.2354221667103]}, "properties": {"series_id": 3467, "station_id": 35, "station": "Villa Constitución", "river": "PARANAINF", "variable": "Caudal", "var_id": 4, "unit": "", "network": "alturas_prefe", "province": "", "procedure": "", "live": true, "percentiles": ""}}, {"type": "Feature", "geometry": {"type": "Point", "coordinates": [-60.3091044341421, -33.2354221667103]}, "properties": {"series_id": 3494, "station_id": 35, "station": "Villa Constitución", "river": "PARANAINF", "variable": "Caudal", "var_id": 4, "unit": "", "network": "alturas_prefe", "province": "", "procedure": "", "live": true, "percentiles": ""}}, {"type": "Feature", "geometry": {"type": "Point", "coordinates": [-60.3091044341421, -33.2354221667103]}, "properties": {"series_id": 25513, "station_id": 35, "station": "Villa Constitución", "river": "PARANAINF", "variable": "Altura hidrométrica media mensual", "var_id": 33, "unit": "", "network": "alturas_prefe", "province": "", "procedure": "", "live": true, "percentiles": ""}}, {"type": "Feature", "geometry": {"type": "Point", "coordinates": [-60.1895279977149, -33.3420008188866]}, "properties": {"series_id": 3468, "station_id": 36, "station": "San Nicolás", "river": "PARANAINF", "variable": "Caudal", "var_id": 4, "unit": "", "network": "alturas_prefe", "province": "", "procedure": "", "live": true, "percentiles": ""}}, {"type": "Feature", "geometry": {"type": "Point", "coordinates": [-60.1895279977149, -33.3420008188866]}, "properties": {"series_id": 3495, "station_id": 36, "station": "San Nicolás", "river": "PARANAINF", "variable": "Caudal", "var_id": 4, "unit": "", "network": "alturas_prefe", "province": "", "procedure": "", "live": true, "percentiles": ""}}, {"type": "Feature", "geometry": {"type": "Point", "coordinates": [-60.1895279977149, -33.3420008188866]}, "properties": {"series_id": 26633, "station_id": 36, "station": "San Nicolás", "river": "PARANAINF", "variable": "Caudal medio diario", "var_id": 40, "unit": "", "network": "alturas_prefe", "province": "", "procedure": "", "live": true, "percentiles": ""}}, {"type": "Feature", "geometry": {"type": "Point", "coordinates": [-59.9957013181522, -33.4780656197056]}, "properties": {"series_id": 3442, "station_id": 37, "station": "Ramallo", "river": "PARANAINF", "variable": "Altura hidrométrica", "var_id": 2, "unit": "", "network": "alturas_prefe", "province": "", "procedure": "", "live": true, "percentiles": ""}}, {"type": "Feature", "geometry": {"type": "Point", "coordinates": [-59.9957013181522, -33.4780656197056]}, "properties": {"series_id": 3496, "station_id": 37, "station": "Ramallo", "river": "PARANAINF", "variable": "Caudal", "var_id": 4, "unit": "", "network": "alturas_prefe", "province": "", "procedure": "", "live": true, "percentiles": ""}}, {"type": "Feature", "geometry": {"type": "Point", "coordinates": [-59.9957013181522, -33.4780656197056]}, "properties": {"series_id": 3535, "station_id": 37, "station": "Ramallo", "river": "PARANAINF", "variable": "Altura hidrométrica media mensual", "var_id": 33, "unit": "", "network": "alturas_prefe", "province": "", "procedure": "", "live": true, "percentiles": ""}}, {"type": "Feature", "geometry": {"type": "Point", "coordinates": [-59.9957013181522, -33.4780656197056]}, "properties": {"series_id": 29611, "station_id": 37, "station": "Ramallo", "river": "PARANAINF", "variable": "Altura hidrométrica media mensual", "var_id": 33, "unit": "", "network": "alturas_prefe", "province": "", "procedure": "", "live": true, "percentiles": ""}}, {"type": "Feature", "geometry": {"type": "Point", "coordinates": [-59.6497183332918, -33.6745267329027]}, "properties": {"series_id": 38, "station_id": 38, "station": "San Pedro", "river": "PARANAINF", "variable": "Altura hidrométrica", "var_id": 2, "unit": "", "network": "alturas_prefe", "province": "", "procedure": "", "live": true, "percentiles": ""}}, {"type": "Feature", "geometry": {"type": "Point", "coordinates": [-59.6497183332918, -33.6745267329027]}, "properties": {"series_id": 887, "station_id": 38, "station": "San Pedro", "river": "PARANAINF", "variable": "Caudal", "var_id": 4, "unit": "", "network": "alturas_prefe", "province": "", "procedure": "", "live": true, "percentiles": ""}}, {"type": "Feature", "geometry": {"type": "Point", "coordinates": [-59.6497183332918, -33.6745267329027]}, "properties": {"series_id": 3470, "station_id": 38, "station": "San Pedro", "river": "PARANAINF", "variable": "Caudal", "var_id": 4, "unit": "", "network": "alturas_prefe", "province": "", "procedure": "", "live": true, "percentiles": ""}}, {"type": "Feature", "geometry": {"type": "Point", "coordinates": [-59.6497183332918, -33.6745267329027]}, "properties": {"series_id": 3536, "station_id": 38, "station": "San Pedro", "river": "PARANAINF", "variable": "Altura hidrométrica media mensual", "var_id": 33, "unit": "", "network": "alturas_prefe", "province": "", "procedure": "", "live": true, "percentiles": ""}}, {"type": "Feature", "geometry": {"type": "Point", "coordinates": [-59.6497183332918, -33.6745267329027]}, "properties": {"series_id": 29612, "station_id": 38, "station": "San Pedro", "river": "PARANAINF", "variable": "Altura hidrométrica media mensual", "var_id": 33, "unit": "", "network": "alturas_prefe", "province": "", "procedure": "", "live": true, "percentiles": ""}}, {"type": "Feature", "geometry": {"type": "Point", "coordinates": [-59.4955962110789, -33.8006916108445]}, "properties": {"series_id": 3418, "station_id": 39, "station": "Baradero", "river": "BARADERO", "variable": "Altura hidrométrica", "var_id": 2, "unit": "", "network": "alturas_prefe", "province": "", "procedure": "", "live": true, "percentiles": ""}}, {"type": "Feature", "geometry": {"type": "Point", "coordinates": [-59.4955962110789, -33.8006916108445]}, "properties": {"series_id": 3445, "station_id": 39, "station": "Baradero", "river": "BARADERO", "variable": "Altura hidrométrica", "var_id": 2, "unit": "", "network": "alturas_prefe", "province": "", "procedure": "", "live": true, "percentiles": false}}, {"type": "Feature", "geometry": {"type": "Point", "coordinates": [-59.4955962110789, -33.8006916108445]}, "properties": {"series_id": 888, "station_id": 39, "station": "Baradero", "river": "BARADERO", "variable": "Caudal", "var_id": 4, "unit": "", "network": "alturas_prefe", "province": "", "procedure": "", "live": true, "percentiles": ""}}, {"type": "Feature", "geometry": {"type": "Point", "coordinates": [-59.4955962110789, -33.8006916108445]}, "properties": {"series_id": 3472, "station_id": 39, "station": "Baradero", "river": "BARADERO", "variable": "Caudal", "var_id": 4, "unit": "", "network": "alturas_prefe", "province": "", "procedure": "", "live": true, "percentiles": ""}}, {"type": "Feature", "geometry": {"type": "Point", "coordinates": [-59.4955962110789, -33.8006916108445]}, "properties": {"series_id": 3499, "station_id": 39, "station": "Baradero", "river": "BARADERO", "variable": "Caudal", "var_id": 4, "unit": "", "network": "alturas_prefe", "province": "", "procedure": "", "live": true, "percentiles": ""}}, {"type": "Feature", "geometry": {"type": "Point", "coordinates": [-59.4955962110789, -33.8006916108445]}, "properties": {"series_id": 3537, "station_id": 39, "station": "Baradero", "river": "BARADERO", "variable": "Altura hidrométrica media mensual", "var_id": 33, "unit": "", "network": "alturas_prefe", "province": "", "procedure": "", "live": true, "percentiles": ""}}, {"type": "Feature", "geometry": {"type": "Point", "coordinates": [-59.4955962110789, -33.8006916108445]}, "properties": {"series_id": 26281, "station_id": 39, "station": "Baradero", "river": "BARADERO", "variable": "Altura hidrométrica media diaria", "var_id": 39, "unit": "", "network": "alturas_prefe", "province": "", "procedure": "", "live": true, "percentiles": ""}}, {"type": "Feature", "geometry": {"type": "Point", "coordinates": [-59.4955962110789, -33.8006916108445]}, "properties": {"series_id": 26636, "station_id": 39, "station": "Baradero", "river": "BARADERO", "variable": "Caudal medio diario", "var_id": 40, "unit": "", "network": "alturas_prefe", "province": "", "procedure": "", "live": true, "percentiles": ""}}, {"type": "Feature", "geometry": {"type": "Point", "coordinates": [-59.0108657589595, -34.0987818311696]}, "properties": {"series_id": 3510, "station_id": 40, "station": "Zárate", "river": "PARANADELASPALMAS", "variable": "Altura hidrométrica", "var_id": 2, "unit": "", "network": "alturas_prefe", "province": "", "procedure": "", "live": true, "percentiles": ""}}, {"type": "Feature", "geometry": {"type": "Point", "coordinates": [-59.0108657589595, -34.0987818311696]}, "properties": {"series_id": 3509, "station_id": 40, "station": "Zárate", "river": "PARANADELASPALMAS", "variable": "Caudal", "var_id": 4, "unit": "", "network": "alturas_prefe", "province": "", "procedure": "", "live": true, "percentiles": ""}}, {"type": "Feature", "geometry": {"type": "Point", "coordinates": [-59.0108657589595, -34.0987818311696]}, "properties": {"series_id": 3538, "station_id": 40, "station": "Zárate", "river": "PARANADELASPALMAS", "variable": "Altura hidrométrica media mensual", "var_id": 33, "unit": "", "network": "alturas_prefe", "province": "", "procedure": "", "live": true, "percentiles": ""}}, {"type": "Feature", "geometry": {"type": "Point", "coordinates": [-59.0108657589595, -34.0987818311696]}, "properties": {"series_id": 26282, "station_id": 40, "station": "Zárate", "river": "PARANADELASPALMAS", "variable": "Altura hidrométrica media diaria", "var_id": 39, "unit": "", "network": "alturas_prefe", "province": "", "procedure": "", "live": true, "percentiles": ""}}, {"type": "Feature", "geometry": {"type": "Point", "coordinates": [-59.0108657589595, -34.0987818311696]}, "properties": {"series_id": 26637, "station_id": 40, "station": "Zárate", "river": "PARANADELASPALMAS", "variable": "Caudal medio diario", "var_id": 40, "unit": "", "network": "alturas_prefe", "province": "", "procedure": "", "live": true, "percentiles": ""}}, {"type": "Feature", "geometry": {"type": "Point", "coordinates": [-58.9581750062675, -34.1555854281116]}, "properties": {"series_id": 41, "station_id": 41, "station": "Campana", "river": "PARANADELASPALMAS", "variable": "Altura hidrométrica", "var_id": 2, "unit": "", "network": "alturas_prefe", "province": "", "procedure": "", "live": true, "percentiles": ""}}, {"type": "Feature", "geometry": {"type": "Point", "coordinates": [-58.9581750062675, -34.1555854281116]}, "properties": {"series_id": 25519, "station_id": 41, "station": "Campana", "river": "PARANADELASPALMAS", "variable": "Altura hidrométrica media mensual", "var_id": 33, "unit": "", "network": "alturas_prefe", "province": "", "procedure": "", "live": true, "percentiles": ""}}, {"type": "Feature", "geometry": {"type": "Point", "coordinates": [-58.7333333333, -34.3]}, "properties": {"series_id": 3398, "station_id": 42, "station": "Escobar", "river": "PARANADELASPALMAS", "variable": "Altura hidrométrica", "var_id": 2, "unit": "", "network": "alturas_prefe", "province": "", "procedure": "", "live": true, "percentiles": ""}}, {"type": "Feature", "geometry": {"type": "Point", "coordinates": [-58.7333333333, -34.3]}, "properties": {"series_id": 891, "station_id": 42, "station": "Escobar", "river": "PARANADELASPALMAS", "variable": "Caudal", "var_id": 4, "unit": "", "network": "alturas_prefe", "province": "", "procedure": "", "live": true, "percentiles": ""}}, {"type": "Feature", "geometry": {"type": "Point", "coordinates": [-58.7333333333, -34.3]}, "properties": {"series_id": 3479, "station_id": 42, "station": "Escobar", "river": "PARANADELASPALMAS", "variable": "Caudal", "var_id": 4, "unit": "", "network": "alturas_prefe", "province": "", "procedure": "", "live": true, "percentiles": ""}}, {"type": "Feature", "geometry": {"type": "Point", "coordinates": [-58.7333333333, -34.3]}, "properties": {"series_id": 25520, "station_id": 42, "station": "Escobar", "river": "PARANADELASPALMAS", "variable": "Altura hidrométrica media mensual", "var_id": 33, "unit": "", "network": "alturas_prefe", "province": "", "procedure": "", "live": true, "percentiles": ""}}, {"type": "Feature", "geometry": {"type": "Point", "coordinates": [-58.7333333333, -34.3]}, "properties": {"series_id": 26639, "station_id": 42, "station": "Escobar", "river": "PARANADELASPALMAS", "variable": "Caudal medio diario", "var_id": 40, "unit": "", "network": "alturas_prefe", "province": "", "procedure": "", "live": true, "percentiles": ""}}, {"type": "Feature", "geometry": {"type": "Point", "coordinates": [-58.65, -33.7]}, "properties": {"series_id": 5985, "station_id": 43, "station": "Villa Paranacito", "river": "LATINTA", "variable": "Altura hidrométrica", "var_id": 2, "unit": "", "network": "alturas_prefe", "province": "", "procedure": "", "live": true, "percentiles": ""}}, {"type": "Feature", "geometry": {"type": "Point", "coordinates": [-58.65, -33.7]}, "properties": {"series_id": 3539, "station_id": 43, "station": "Villa Paranacito", "river": "LATINTA", "variable": "Altura hidrométrica media mensual", "var_id": 33, "unit": "", "network": "alturas_prefe", "province": "", "procedure": "", "live": true, "percentiles": ""}}, {"type": "Feature", "geometry": {"type": "Point", "coordinates": [-58.65, -33.7]}, "properties": {"series_id": 26640, "station_id": 43, "station": "Villa Paranacito", "river": "LATINTA", "variable": "Caudal medio diario", "var_id": 40, "unit": "", "network": "alturas_prefe", "province": "", "procedure": "", "live": true, "percentiles": ""}}, {"type": "Feature", "geometry": {"type": "Point", "coordinates": [-58.6604197120006, -33.8627031166646]}, "properties": {"series_id": 893, "station_id": 44, "station": "Canal Nuevo", "river": "CANALGAFOTRE", "variable": "Caudal", "var_id": 4, "unit": "", "network": "alturas_prefe", "province": "", "procedure": "", "live": true, "percentiles": ""}}, {"type": "Feature", "geometry": {"type": "Point", "coordinates": [-58.6604197120006, -33.8627031166646]}, "properties": {"series_id": 3451, "station_id": 44, "station": "Canal Nuevo", "river": "CANALGAFOTRE", "variable": "Caudal", "var_id": 4, "unit": "", "network": "alturas_prefe", "province": "", "procedure": "", "live": true, "percentiles": ""}}, {"type": "Feature", "geometry": {"type": "Point", "coordinates": [-58.6604197120006, -33.8627031166646]}, "properties": {"series_id": 25522, "station_id": 44, "station": "Canal Nuevo", "river": "CANALGAFOTRE", "variable": "Altura hidrométrica media mensual", "var_id": 33, "unit": "", "network": "alturas_prefe", "province": "", "procedure": "", "live": true, "percentiles": false}}, {"type": "Feature", "geometry": {"type": "Point", "coordinates": [-59.1800594404244, -33.7619777376355]}, "properties": {"series_id": 3420, "station_id": 45, "station": "Ibicuy", "river": "PARANAIBICUY", "variable": "Altura hidrométrica", "var_id": 2, "unit": "", "network": "alturas_prefe", "province": "", "procedure": "", "live": true, "percentiles": ""}}, {"type": "Feature", "geometry": {"type": "Point", "coordinates": [-59.1800594404244, -33.7619777376355]}, "properties": {"series_id": 3447, "station_id": 45, "station": "Ibicuy", "river": "PARANAIBICUY", "variable": "Altura hidrométrica", "var_id": 2, "unit": "", "network": "alturas_prefe", "province": "", "procedure": "", "live": true, "percentiles": ""}}, {"type": "Feature", "geometry": {"type": "Point", "coordinates": [-59.1800594404244, -33.7619777376355]}, "properties": {"series_id": 3474, "station_id": 45, "station": "Ibicuy", "river": "PARANAIBICUY", "variable": "Caudal", "var_id": 4, "unit": "", "network": "alturas_prefe", "province": "", "procedure": "", "live": true, "percentiles": ""}}, {"type": "Feature", "geometry": {"type": "Point", "coordinates": [-59.1800594404244, -33.7619777376355]}, "properties": {"series_id": 3501, "station_id": 45, "station": "Ibicuy", "river": "PARANAIBICUY", "variable": "Caudal", "var_id": 4, "unit": "", "network": "alturas_prefe", "province": "", "procedure": "", "live": true, "percentiles": ""}}, {"type": "Feature", "geometry": {"type": "Point", "coordinates": [-59.1800594404244, -33.7619777376355]}, "properties": {"series_id": 26287, "station_id": 45, "station": "Ibicuy", "river": "PARANAIBICUY", "variable": "Altura hidrométrica media diaria", "var_id": 39, "unit": "", "network": "alturas_prefe", "province": "", "procedure": "", "live": true, "percentiles": ""}}, {"type": "Feature", "geometry": {"type": "Point", "coordinates": [-59.1800594404244, -33.7619777376355]}, "properties": {"series_id": 26642, "station_id": 45, "station": "Ibicuy", "river": "PARANAIBICUY", "variable": "Caudal medio diario", "var_id": 40, "unit": "", "network": "alturas_prefe", "province": "", "procedure": "", "live": true, "percentiles": ""}}, {"type": "Feature", "geometry": {"type": "Point", "coordinates": [-59.3666666667, -33.2166666667]}, "properties": {"series_id": 5982, "station_id": 46, "station": "Puerto Ruiz", "river": "GUALEGUAY", "variable": "Altura hidrométrica", "var_id": 2, "unit": "", "network": "alturas_prefe", "province": "", "procedure": "", "live": true, "percentiles": ""}}, {"type": "Feature", "geometry": {"type": "Point", "coordinates": [-59.3666666667, -33.2166666667]}, "properties": {"series_id": 5983, "station_id": 46, "station": "Puerto Ruiz", "river": "GUALEGUAY", "variable": "Altura hidrométrica", "var_id": 2, "unit": "", "network": "alturas_prefe", "province": "", "procedure": "", "live": true, "percentiles": ""}}, {"type": "Feature", "geometry": {"type": "Point", "coordinates": [-59.3666666667, -33.2166666667]}, "properties": {"series_id": 5987, "station_id": 46, "station": "Puerto Ruiz", "river": "GUALEGUAY", "variable": "Caudal", "var_id": 4, "unit": "", "network": "alturas_prefe", "province": "", "procedure": "", "live": true, "percentiles": ""}}, {"type": "Feature", "geometry": {"type": "Point", "coordinates": [-59.3666666667, -33.2166666667]}, "properties": {"series_id": 29618, "station_id": 46, "station": "Puerto Ruiz", "river": "GUALEGUAY", "variable": "Altura hidrométrica media mensual", "var_id": 33, "unit": "", "network": "alturas_prefe", "province": "", "procedure": "", "live": true, "percentiles": ""}}, {"type": "Feature", "geometry": {"type": "Point", "coordinates": [-58.2530455191105, -34.1902896924007]}, "properties": {"series_id": 47, "station_id": 47, "station": "Martín García", "river": "RIODELAPLATA", "variable": "Altura hidrométrica", "var_id": 2, "unit": "", "network": "alturas_prefe", "province": "", "procedure": "", "live": true, "percentiles": ""}}, {"type": "Feature", "geometry": {"type": "Point", "coordinates": [-58.2530455191105, -34.1902896924007]}, "properties": {"series_id": 896, "station_id": 47, "station": "Martín García", "river": "RIODELAPLATA", "variable": "Caudal", "var_id": 4, "unit": "", "network": "alturas_prefe", "province": "", "procedure": "", "live": true, "percentiles": ""}}, {"type": "Feature", "geometry": {"type": "Point", "coordinates": [-58.4, -34.0166666667]}, "properties": {"series_id": 48, "station_id": 48, "station": "Guazucito", "river": "PARANAGUAZU", "variable": "Altura hidrométrica", "var_id": 2, "unit": "", "network": "alturas_prefe", "province": "", "procedure": "", "live": true, "percentiles": ""}}, {"type": "Feature", "geometry": {"type": "Point", "coordinates": [-58.4, -34.0166666667]}, "properties": {"series_id": 897, "station_id": 48, "station": "Guazucito", "river": "PARANAGUAZU", "variable": "Caudal", "var_id": 4, "unit": "", "network": "alturas_prefe", "province": "", "procedure": "", "live": true, "percentiles": ""}}, {"type": "Feature", "geometry": {"type": "Point", "coordinates": [-58.4, -34.0166666667]}, "properties": {"series_id": 26645, "station_id": 48, "station": "Guazucito", "river": "PARANAGUAZU", "variable": "Caudal medio diario", "var_id": 40, "unit": "", "network": "alturas_prefe", "province": "", "procedure": "", "live": true, "percentiles": ""}}, {"type": "Feature", "geometry": {"type": "Point", "coordinates": [-58.5779747237367, -34.4159316389634]}, "properties": {"series_id": 49, "station_id": 49, "station": "Tigre", "river": "LUJAN", "variable": "Altura hidrométrica", "var_id": 2, "unit": "", "network": "alturas_prefe", "province": "", "procedure": "", "live": true, "percentiles": ""}}, {"type": "Feature", "geometry": {"type": "Point", "coordinates": [-58.5779747237367, -34.4159316389634]}, "properties": {"series_id": 3400, "station_id": 49, "station": "Tigre", "river": "LUJAN", "variable": "Altura hidrométrica", "var_id": 2, "unit": "", "network": "alturas_prefe", "province": "", "procedure": "", "live": true, "percentiles": ""}}, {"type": "Feature", "geometry": {"type": "Point", "coordinates": [-58.5779747237367, -34.4159316389634]}, "properties": {"series_id": 898, "station_id": 49, "station": "Tigre", "river": "LUJAN", "variable": "Caudal", "var_id": 4, "unit": "", "network": "alturas_prefe", "province": "", "procedure": "", "live": true, "percentiles": ""}}, {"type": "Feature", "geometry": {"type": "Point", "coordinates": [-58.5779747237367, -34.4159316389634]}, "properties": {"series_id": 25527, "station_id": 49, "station": "Tigre", "river": "LUJAN", "variable": "Altura hidrométrica media mensual", "var_id": 33, "unit": "", "network": "alturas_prefe", "province": "", "procedure": "", "live": true, "percentiles": ""}}, {"type": "Feature", "geometry": {"type": "Point", "coordinates": [-58.5779747237367, -34.4159316389634]}, "properties": {"series_id": 26291, "station_id": 49, "station": "Tigre", "river": "LUJAN", "variable": "Altura hidrométrica media diaria", "var_id": 39, "unit": "", "network": "alturas_prefe", "province": "", "procedure": "", "live": true, "percentiles": ""}}, {"type": "Feature", "geometry": {"type": "Point", "coordinates": [-58.5779747237367, -34.4159316389634]}, "properties": {"series_id": 26646, "station_id": 49, "station": "Tigre", "river": "LUJAN", "variable": "Caudal medio diario", "var_id": 40, "unit": "", "network": "alturas_prefe", "province": "", "procedure": "", "live": true, "percentiles": ""}}, {"type": "Feature", "geometry": {"type": "Point", "coordinates": [-58.686115, -34.351576]}, "properties": {"series_id": 3399, "station_id": 50, "station": "Dique Luján", "river": "LUJAN", "variable": "Altura hidrométrica", "var_id": 2, "unit": "", "network": "alturas_prefe", "province": "", "procedure": "", "live": true, "percentiles": ""}}, {"type": "Feature", "geometry": {"type": "Point", "coordinates": [-58.686115, -34.351576]}, "properties": {"series_id": 3426, "station_id": 50, "station": "Dique Luján", "river": "LUJAN", "variable": "Altura hidrométrica", "var_id": 2, "unit": "", "network": "alturas_prefe", "province": "", "procedure": "", "live": true, "percentiles": ""}}, {"type": "Feature", "geometry": {"type": "Point", "coordinates": [-58.686115, -34.351576]}, "properties": {"series_id": 899, "station_id": 50, "station": "Dique Luján", "river": "LUJAN", "variable": "Caudal", "var_id": 4, "unit": "", "network": "alturas_prefe", "province": "", "procedure": "", "live": true, "percentiles": ""}}, {"type": "Feature", "geometry": {"type": "Point", "coordinates": [-58.686115, -34.351576]}, "properties": {"series_id": 3480, "station_id": 50, "station": "Dique Luján", "river": "LUJAN", "variable": "Caudal", "var_id": 4, "unit": "", "network": "alturas_prefe", "province": "", "procedure": "", "live": true, "percentiles": ""}}, {"type": "Feature", "geometry": {"type": "Point", "coordinates": [-58.4833333333, -34.2]}, "properties": {"series_id": 51, "station_id": 51, "station": "Chaná Miní", "river": "CHANA", "variable": "Altura hidrométrica", "var_id": 2, "unit": "", "network": "alturas_prefe", "province": "", "procedure": "", "live": true, "percentiles": ""}}, {"type": "Feature", "geometry": {"type": "Point", "coordinates": [-58.4833333333, -34.2]}, "properties": {"series_id": 3401, "station_id": 51, "station": "Chaná Miní", "river": "CHANA", "variable": "Altura hidrométrica", "var_id": 2, "unit": "", "network": "alturas_prefe", "province": "", "procedure": "", "live": true, "percentiles": ""}}, {"type": "Feature", "geometry": {"type": "Point", "coordinates": [-58.4833333333, -34.2]}, "properties": {"series_id": 3428, "station_id": 51, "station": "Chaná Miní", "river": "CHANA", "variable": "Altura hidrométrica", "var_id": 2, "unit": "", "network": "alturas_prefe", "province": "", "procedure": "", "live": true, "percentiles": ""}}, {"type": "Feature", "geometry": {"type": "Point", "coordinates": [-58.4833333333, -34.2]}, "properties": {"series_id": 900, "station_id": 51, "station": "Chaná Miní", "river": "CHANA", "variable": "Caudal", "var_id": 4, "unit": "", "network": "alturas_prefe", "province": "", "procedure": "", "live": true, "percentiles": ""}}, {"type": "Feature", "geometry": {"type": "Point", "coordinates": [-58.4833333333, -34.2]}, "properties": {"series_id": 3455, "station_id": 51, "station": "Chaná Miní", "river": "CHANA", "variable": "Caudal", "var_id": 4, "unit": "", "network": "alturas_prefe", "province": "", "procedure": "", "live": true, "percentiles": ""}}, {"type": "Feature", "geometry": {"type": "Point", "coordinates": [-58.55, -34.4333333333]}, "properties": {"series_id": 52, "station_id": 52, "station": "San Fernando", "river": "LUJAN", "variable": "Altura hidrométrica", "var_id": 2, "unit": "", "network": "alturas_prefe", "province": "", "procedure": "", "live": true, "percentiles": ""}}, {"type": "Feature", "geometry": {"type": "Point", "coordinates": [-58.55, -34.4333333333]}, "properties": {"series_id": 26202, "station_id": 52, "station": "San Fernando", "river": "LUJAN", "variable": "Altura hidrométrica", "var_id": 2, "unit": "", "network": "alturas_prefe", "province": "", "procedure": "", "live": true, "percentiles": ""}}, {"type": "Feature", "geometry": {"type": "Point", "coordinates": [-58.55, -34.4333333333]}, "properties": {"series_id": 31537, "station_id": 52, "station": "San Fernando", "river": "LUJAN", "variable": "Altura hidrométrica", "var_id": 2, "unit": "", "network": "alturas_prefe", "province": "", "procedure": "", "live": true, "percentiles": ""}}, {"type": "Feature", "geometry": {"type": "Point", "coordinates": [-58.507163, -34.457166]}, "properties": {"series_id": 25531, "station_id": 53, "station": "San Isidro", "river": "RIODELAPLATA", "variable": "Altura hidrométrica media mensual", "var_id": 33, "unit": "", "network": "alturas_prefe", "province": "", "procedure": "", "live": true, "percentiles": ""}}, {"type": "Feature", "geometry": {"type": "Point", "coordinates": [-58.475863, -34.506666]}, "properties": {"series_id": 54, "station_id": 54, "station": "Olivos", "river": "RIODELAPLATA", "variable": "Altura hidrométrica", "var_id": 2, "unit": "", "network": "alturas_prefe", "province": "", "procedure": "", "live": true, "percentiles": ""}}, {"type": "Feature", "geometry": {"type": "Point", "coordinates": [-58.475863, -34.506666]}, "properties": {"series_id": 25532, "station_id": 54, "station": "Olivos", "river": "RIODELAPLATA", "variable": "Altura hidrométrica media mensual", "var_id": 33, "unit": "", "network": "alturas_prefe", "province": "", "procedure": "", "live": true, "percentiles": ""}}, {"type": "Feature", "geometry": {"type": "Point", "coordinates": [-58.475863, -34.506666]}, "properties": {"series_id": 26296, "station_id": 54, "station": "Olivos", "river": "RIODELAPLATA", "variable": "Altura hidrométrica media diaria", "var_id": 39, "unit": "", "network": "alturas_prefe", "province": "", "procedure": "", "live": true, "percentiles": ""}}, {"type": "Feature", "geometry": {"type": "Point", "coordinates": [-58.475863, -34.506666]}, "properties": {"series_id": 26651, "station_id": 54, "station": "Olivos", "river": "RIODELAPLATA", "variable": "Caudal medio diario", "var_id": 40, "unit": "", "network": "alturas_prefe", "province": "", "procedure": "", "live": true, "percentiles": ""}}, {"type": "Feature", "geometry": {"type": "Point", "coordinates": [-57.65, -25.3666666666667]}, "properties": {"series_id": 1524, "station_id": 55, "station": "Puerto Pilcomayo", "river": "PARAGUAY", "variable": "Caudal", "var_id": 4, "unit": "", "network": "alturas_prefe", "province": "", "procedure": "", "live": true, "percentiles": ""}}, {"type": "Feature", "geometry": {"type": "Point", "coordinates": [-57.65, -25.3666666666667]}, "properties": {"series_id": 3530, "station_id": 55, "station": "Puerto Pilcomayo", "river": "PARAGUAY", "variable": "Altura hidrométrica media mensual", "var_id": 33, "unit": "", "network": "alturas_prefe", "province": "", "procedure": "", "live": true, "percentiles": ""}}, {"type": "Feature", "geometry": {"type": "Point", "coordinates": [-57.65, -25.3666666666667]}, "properties": {"series_id": 26652, "station_id": 55, "station": "Puerto Pilcomayo", "river": "PARAGUAY", "variable": "Caudal medio diario", "var_id": 40, "unit": "", "network": "alturas_prefe", "province": "", "procedure": "", "live": true, "percentiles": ""}}, {"type": "Feature", "geometry": {"type": "Point", "coordinates": [-57.568182, -25.451947]}, "properties": {"series_id": 25534, "station_id": 56, "station": "Bouvier", "river": "PARAGUAY", "variable": "Altura hidrométrica media mensual", "var_id": 33, "unit": "", "network": "alturas_prefe", "province": "", "procedure": "", "live": true, "percentiles": ""}}, {"type": "Feature", "geometry": {"type": "Point", "coordinates": [-57.568182, -25.451947]}, "properties": {"series_id": 26653, "station_id": 56, "station": "Bouvier", "river": "PARAGUAY", "variable": "Caudal medio diario", "var_id": 40, "unit": "", "network": "alturas_prefe", "province": "", "procedure": "", "live": true, "percentiles": ""}}, {"type": "Feature", "geometry": {"type": "Point", "coordinates": [-58.1833333333333, -26.1833333333333]}, "properties": {"series_id": 3127, "station_id": 57, "station": "Puerto Formosa", "river": "PARAGUAY", "variable": "Altura hidrométrica", "var_id": 2, "unit": "", "network": "alturas_prefe", "province": "", "procedure": "", "live": true, "percentiles": ""}}, {"type": "Feature", "geometry": {"type": "Point", "coordinates": [-58.1833333333333, -26.1833333333333]}, "properties": {"series_id": 3531, "station_id": 57, "station": "Puerto Formosa", "river": "PARAGUAY", "variable": "Altura hidrométrica media mensual", "var_id": 33, "unit": "", "network": "alturas_prefe", "province": "", "procedure": "", "live": true, "percentiles": ""}}, {"type": "Feature", "geometry": {"type": "Point", "coordinates": [-58.506205, -26.92629]}, "properties": {"series_id": 58, "station_id": 58, "station": "Bermejo", "river": "PARAGUAY", "variable": "Altura hidrométrica", "var_id": 2, "unit": "", "network": "alturas_prefe", "province": "", "procedure": "", "live": true, "percentiles": true}}, {"type": "Feature", "geometry": {"type": "Point", "coordinates": [-58.506205, -26.92629]}, "properties": {"series_id": 907, "station_id": 58, "station": "Bermejo", "river": "PARAGUAY", "variable": "Caudal", "var_id": 4, "unit": "", "network": "alturas_prefe", "province": "", "procedure": "", "live": true, "percentiles": ""}}, {"type": "Feature", "geometry": {"type": "Point", "coordinates": [-58.506205, -26.92629]}, "properties": {"series_id": 25536, "station_id": 58, "station": "Bermejo", "river": "PARAGUAY", "variable": "Altura hidrométrica media mensual", "var_id": 33, "unit": "", "network": "alturas_prefe", "province": "", "procedure": "", "live": true, "percentiles": ""}}, {"type": "Feature", "geometry": {"type": "Point", "coordinates": [-58.506205, -26.92629]}, "properties": {"series_id": 26300, "station_id": 58, "station": "Bermejo", "river": "PARAGUAY", "variable": "Altura hidrométrica media diaria", "var_id": 39, "unit": "", "network": "alturas_prefe", "province": "", "procedure": "", "live": true, "percentiles": ""}}, {"type": "Feature", "geometry": {"type": "Point", "coordinates": [-58.6166666666667, -27.3166666666667]}, "properties": {"series_id": 25537, "station_id": 59, "station": "Isla del Cerrito", "river": "PARAGUAY", "variable": "Altura hidrométrica media mensual", "var_id": 33, "unit": "", "network": "alturas_prefe", "province": "", "procedure": "", "live": true, "percentiles": ""}}, {"type": "Feature", "geometry": {"type": "Point", "coordinates": [-53.933149, -27.153744]}, "properties": {"series_id": 60, "station_id": 60, "station": "Pepirí Miní", "river": "URUGUAY", "variable": "Altura hidrométrica", "var_id": 2, "unit": "", "network": "alturas_prefe", "province": "", "procedure": "", "live": true, "percentiles": ""}}, {"type": "Feature", "geometry": {"type": "Point", "coordinates": [-54.2, -27.3]}, "properties": {"series_id": 3273, "station_id": 61, "station": "El Soberbio", "river": "URUGUAY", "variable": "Altura hidrométrica", "var_id": 2, "unit": "", "network": "alturas_prefe", "province": "", "procedure": "", "live": true, "percentiles": ""}}, {"type": "Feature", "geometry": {"type": "Point", "coordinates": [-54.2, -27.3]}, "properties": {"series_id": 3266, "station_id": 61, "station": "El Soberbio", "river": "URUGUAY", "variable": "Caudal", "var_id": 4, "unit": "", "network": "alturas_prefe", "province": "", "procedure": "", "live": true, "percentiles": ""}}, {"type": "Feature", "geometry": {"type": "Point", "coordinates": [-54.2, -27.3]}, "properties": {"series_id": 25539, "station_id": 61, "station": "El Soberbio", "river": "URUGUAY", "variable": "Altura hidrométrica media mensual", "var_id": 33, "unit": "", "network": "alturas_prefe", "province": "", "procedure": "", "live": true, "percentiles": ""}}, {"type": "Feature", "geometry": {"type": "Point", "coordinates": [-54.2, -27.3]}, "properties": {"series_id": 26658, "station_id": 61, "station": "El Soberbio", "river": "URUGUAY", "variable": "Caudal medio diario", "var_id": 40, "unit": "", "network": "alturas_prefe", "province": "", "procedure": "", "live": true, "percentiles": ""}}, {"type": "Feature", "geometry": {"type": "Point", "coordinates": [-54.3553, -27.4375]}, "properties": {"series_id": 25540, "station_id": 62, "station": "Alicia", "river": "URUGUAY", "variable": "Altura hidrométrica media mensual", "var_id": 33, "unit": "", "network": "alturas_prefe", "province": "", "procedure": "", "live": true, "percentiles": ""}}, {"type": "Feature", "geometry": {"type": "Point", "coordinates": [-54.3553, -27.4375]}, "properties": {"series_id": 26659, "station_id": 62, "station": "Alicia", "river": "URUGUAY", "variable": "Caudal medio diario", "var_id": 40, "unit": "", "network": "alturas_prefe", "province": "", "procedure": "", "live": true, "percentiles": ""}}, {"type": "Feature", "geometry": {"type": "Point", "coordinates": [-54.678494, -27.572]}, "properties": {"series_id": 912, "station_id": 63, "station": "Alba Posse", "river": "URUGUAY", "variable": "Caudal", "var_id": 4, "unit": "", "network": "alturas_prefe", "province": "", "procedure": "", "live": true, "percentiles": ""}}, {"type": "Feature", "geometry": {"type": "Point", "coordinates": [-54.678494, -27.572]}, "properties": {"series_id": 25541, "station_id": 63, "station": "Alba Posse", "river": "URUGUAY", "variable": "Altura hidrométrica media mensual", "var_id": 33, "unit": "", "network": "alturas_prefe", "province": "", "procedure": "", "live": true, "percentiles": ""}}, {"type": "Feature", "geometry": {"type": "Point", "coordinates": [-54.91305, -27.730627]}, "properties": {"series_id": 64, "station_id": 64, "station": "Panambí", "river": "URUGUAY", "variable": "Altura hidrométrica", "var_id": 2, "unit": "", "network": "alturas_prefe", "province": "", "procedure": "", "live": true, "percentiles": ""}}, {"type": "Feature", "geometry": {"type": "Point", "coordinates": [-54.91305, -27.730627]}, "properties": {"series_id": 26306, "station_id": 64, "station": "Panambí", "river": "URUGUAY", "variable": "Altura hidrométrica media diaria", "var_id": 39, "unit": "", "network": "alturas_prefe", "province": "", "procedure": "", "live": true, "percentiles": ""}}, {"type": "Feature", "geometry": {"type": "Point", "coordinates": [-54.91305, -27.730627]}, "properties": {"series_id": 26661, "station_id": 64, "station": "Panambí", "river": "URUGUAY", "variable": "Caudal medio diario", "var_id": 40, "unit": "", "network": "alturas_prefe", "province": "", "procedure": "", "live": true, "percentiles": ""}}, {"type": "Feature", "geometry": {"type": "Point", "coordinates": [-55.1333333333333, -27.8833333333333]}, "properties": {"series_id": 7828, "station_id": 65, "station": "San Javier", "river": "URUGUAY", "variable": "Altura hidrométrica", "var_id": 2, "unit": "", "network": "alturas_prefe", "province": "", "procedure": "", "live": true, "percentiles": ""}}, {"type": "Feature", "geometry": {"type": "Point", "coordinates": [-55.1333333333333, -27.8833333333333]}, "properties": {"series_id": 914, "station_id": 65, "station": "San Javier", "river": "URUGUAY", "variable": "Caudal", "var_id": 4, "unit": "", "network": "alturas_prefe", "province": "", "procedure": "", "live": true, "percentiles": ""}}, {"type": "Feature", "geometry": {"type": "Point", "coordinates": [-55.1333333333333, -27.8833333333333]}, "properties": {"series_id": 25543, "station_id": 65, "station": "San Javier", "river": "URUGUAY", "variable": "Altura hidrométrica media mensual", "var_id": 33, "unit": "", "network": "alturas_prefe", "province": "", "procedure": "", "live": true, "percentiles": ""}}, {"type": "Feature", "geometry": {"type": "Point", "coordinates": [-55.1333333333333, -27.8833333333333]}, "properties": {"series_id": 26307, "station_id": 65, "station": "San Javier", "river": "URUGUAY", "variable": "Altura hidrométrica media diaria", "var_id": 39, "unit": "", "network": "alturas_prefe", "province": "", "procedure": "", "live": true, "percentiles": ""}}, {"type": "Feature", "geometry": {"type": "Point", "coordinates": [-55.1333333333333, -27.8833333333333]}, "properties": {"series_id": 26662, "station_id": 65, "station": "San Javier", "river": "URUGUAY", "variable": "Caudal medio diario", "var_id": 40, "unit": "", "network": "alturas_prefe", "province": "", "procedure": "", "live": true, "percentiles": ""}}, {"type": "Feature", "geometry": {"type": "Point", "coordinates": [-55.581369, -28.119193]}, "properties": {"series_id": 66, "station_id": 66, "station": "Puerto Concepción", "river": "URUGUAY", "variable": "Altura hidrométrica", "var_id": 2, "unit": "", "network": "alturas_prefe", "province": "", "procedure": "", "live": true, "percentiles": ""}}, {"type": "Feature", "geometry": {"type": "Point", "coordinates": [-55.581369, -28.119193]}, "properties": {"series_id": 25544, "station_id": 66, "station": "Puerto Concepción", "river": "URUGUAY", "variable": "Altura hidrométrica media mensual", "var_id": 33, "unit": "", "network": "alturas_prefe", "province": "", "procedure": "", "live": true, "percentiles": ""}}, {"type": "Feature", "geometry": {"type": "Point", "coordinates": [-55.581369, -28.119193]}, "properties": {"series_id": 26308, "station_id": 66, "station": "Puerto Concepción", "river": "URUGUAY", "variable": "Altura hidrométrica media diaria", "var_id": 39, "unit": "", "network": "alturas_prefe", "province": "", "procedure": "", "live": true, "percentiles": ""}}, {"type": "Feature", "geometry": {"type": "Point", "coordinates": [-55.65, -28.1833333333333]}, "properties": {"series_id": 67, "station_id": 67, "station": "Garruchos", "river": "URUGUAY", "variable": "Altura hidrométrica", "var_id": 2, "unit": "", "network": "alturas_prefe", "province": "", "procedure": "", "live": true, "percentiles": ""}}, {"type": "Feature", "geometry": {"type": "Point", "coordinates": [-55.65, -28.1833333333333]}, "properties": {"series_id": 26309, "station_id": 67, "station": "Garruchos", "river": "URUGUAY", "variable": "Altura hidrométrica media diaria", "var_id": 39, "unit": "", "network": "alturas_prefe", "province": "", "procedure": "", "live": true, "percentiles": ""}}, {"type": "Feature", "geometry": {"type": "Point", "coordinates": [-55.65, -28.1833333333333]}, "properties": {"series_id": 26664, "station_id": 67, "station": "Garruchos", "river": "URUGUAY", "variable": "Caudal medio diario", "var_id": 40, "unit": "", "network": "alturas_prefe", "province": "", "procedure": "", "live": true, "percentiles": ""}}, {"type": "Feature", "geometry": {"type": "Point", "coordinates": [-56.0333333333333, -28.55]}, "properties": {"series_id": 68, "station_id": 68, "station": "Santo Tomé", "river": "URUGUAY", "variable": "Altura hidrométrica", "var_id": 2, "unit": "", "network": "alturas_prefe", "province": "", "procedure": "", "live": true, "percentiles": ""}}, {"type": "Feature", "geometry": {"type": "Point", "coordinates": [-56.0333333333333, -28.55]}, "properties": {"series_id": 7823, "station_id": 68, "station": "Santo Tomé", "river": "URUGUAY", "variable": "Caudal", "var_id": 4, "unit": "", "network": "alturas_prefe", "province": "", "procedure": "", "live": true, "percentiles": ""}}, {"type": "Feature", "geometry": {"type": "Point", "coordinates": [-56.0333333333333, -28.55]}, "properties": {"series_id": 25546, "station_id": 68, "station": "Santo Tomé", "river": "URUGUAY", "variable": "Altura hidrométrica media mensual", "var_id": 33, "unit": "", "network": "alturas_prefe", "province": "", "procedure": "", "live": true, "percentiles": ""}}, {"type": "Feature", "geometry": {"type": "Point", "coordinates": [-56.55, -29.1]}, "properties": {"series_id": 25547, "station_id": 69, "station": "Alvear", "river": "URUGUAY", "variable": "Altura hidrométrica media mensual", "var_id": 33, "unit": "", "network": "alturas_prefe", "province": "", "procedure": "", "live": true, "percentiles": ""}}, {"type": "Feature", "geometry": {"type": "Point", "coordinates": [-56.633977, -29.18062]}, "properties": {"series_id": 70, "station_id": 70, "station": "La Cruz", "river": "URUGUAY", "variable": "Altura hidrométrica", "var_id": 2, "unit": "", "network": "alturas_prefe", "province": "", "procedure": "", "live": true, "percentiles": ""}}, {"type": "Feature", "geometry": {"type": "Point", "coordinates": [-56.633977, -29.18062]}, "properties": {"series_id": 919, "station_id": 70, "station": "La Cruz", "river": "URUGUAY", "variable": "Caudal", "var_id": 4, "unit": "", "network": "alturas_prefe", "province": "", "procedure": "", "live": true, "percentiles": ""}}, {"type": "Feature", "geometry": {"type": "Point", "coordinates": [-56.633977, -29.18062]}, "properties": {"series_id": 26667, "station_id": 70, "station": "La Cruz", "river": "URUGUAY", "variable": "Caudal medio diario", "var_id": 40, "unit": "", "network": "alturas_prefe", "province": "", "procedure": "", "live": true, "percentiles": ""}}, {"type": "Feature", "geometry": {"type": "Point", "coordinates": [-56.810674, -29.470031]}, "properties": {"series_id": 71, "station_id": 71, "station": "Yapeyú", "river": "URUGUAY", "variable": "Altura hidrométrica", "var_id": 2, "unit": "", "network": "alturas_prefe", "province": "", "procedure": "", "live": true, "percentiles": ""}}, {"type": "Feature", "geometry": {"type": "Point", "coordinates": [-57.0833333333333, -29.7166666666667]}, "properties": {"series_id": 3271, "station_id": 72, "station": "Paso de los Libres", "river": "URUGUAY", "variable": "Altura hidrométrica", "var_id": 2, "unit": "", "network": "alturas_prefe", "province": "", "procedure": "", "live": true, "percentiles": ""}}, {"type": "Feature", "geometry": {"type": "Point", "coordinates": [-57.0833333333333, -29.7166666666667]}, "properties": {"series_id": 921, "station_id": 72, "station": "Paso de los Libres", "river": "URUGUAY", "variable": "Caudal", "var_id": 4, "unit": "", "network": "alturas_prefe", "province": "", "procedure": "", "live": true, "percentiles": ""}}, {"type": "Feature", "geometry": {"type": "Point", "coordinates": [-57.0833333333333, -29.7166666666667]}, "properties": {"series_id": 3268, "station_id": 72, "station": "Paso de los Libres", "river": "URUGUAY", "variable": "Caudal", "var_id": 4, "unit": "", "network": "alturas_prefe", "province": "", "procedure": "", "live": true, "percentiles": ""}}, {"type": "Feature", "geometry": {"type": "Point", "coordinates": [-57.0833333333333, -29.7166666666667]}, "properties": {"series_id": 25550, "station_id": 72, "station": "Paso de los Libres", "river": "URUGUAY", "variable": "Altura hidrométrica media mensual", "var_id": 33, "unit": "", "network": "alturas_prefe", "province": "", "procedure": "", "live": true, "percentiles": ""}}, {"type": "Feature", "geometry": {"type": "Point", "coordinates": [-57.332887, -29.872652]}, "properties": {"series_id": 73, "station_id": 73, "station": "Bompland", "river": "URUGUAY", "variable": "Altura hidrométrica", "var_id": 2, "unit": "", "network": "alturas_prefe", "province": "", "procedure": "", "live": true, "percentiles": ""}}, {"type": "Feature", "geometry": {"type": "Point", "coordinates": [-57.332887, -29.872652]}, "properties": {"series_id": 922, "station_id": 73, "station": "Bompland", "river": "URUGUAY", "variable": "Caudal", "var_id": 4, "unit": "", "network": "alturas_prefe", "province": "", "procedure": "", "live": true, "percentiles": ""}}, {"type": "Feature", "geometry": {"type": "Point", "coordinates": [-57.332887, -29.872652]}, "properties": {"series_id": 26670, "station_id": 73, "station": "Bompland", "river": "URUGUAY", "variable": "Caudal medio diario", "var_id": 40, "unit": "", "network": "alturas_prefe", "province": "", "procedure": "", "live": true, "percentiles": ""}}, {"type": "Feature", "geometry": {"type": "Point", "coordinates": [-57.6333333333333, -30.25]}, "properties": {"series_id": 74, "station_id": 74, "station": "Monte Caseros", "river": "URUGUAY", "variable": "Altura hidrométrica", "var_id": 2, "unit": "", "network": "alturas_prefe", "province": "", "procedure": "", "live": true, "percentiles": ""}}, {"type": "Feature", "geometry": {"type": "Point", "coordinates": [-57.6333333333333, -30.25]}, "properties": {"series_id": 25552, "station_id": 74, "station": "Monte Caseros", "river": "URUGUAY", "variable": "Altura hidrométrica media mensual", "var_id": 33, "unit": "", "network": "alturas_prefe", "province": "", "procedure": "", "live": true, "percentiles": false}}, {"type": "Feature", "geometry": {"type": "Point", "coordinates": [-57.81776, -30.715682]}, "properties": {"series_id": 75, "station_id": 75, "station": "Mocoretá", "river": "URUGUAY", "variable": "Altura hidrométrica", "var_id": 2, "unit": "", "network": "alturas_prefe", "province": "", "procedure": "", "live": true, "percentiles": ""}}, {"type": "Feature", "geometry": {"type": "Point", "coordinates": [-57.81776, -30.715682]}, "properties": {"series_id": 924, "station_id": 75, "station": "Mocoretá", "river": "URUGUAY", "variable": "Caudal", "var_id": 4, "unit": "", "network": "alturas_prefe", "province": "", "procedure": "", "live": true, "percentiles": ""}}, {"type": "Feature", "geometry": {"type": "Point", "coordinates": [-57.914682, -30.993221]}, "properties": {"series_id": 925, "station_id": 76, "station": "Federación", "river": "URUGUAY", "variable": "Caudal", "var_id": 4, "unit": "", "network": "alturas_prefe", "province": "", "procedure": "", "live": true, "percentiles": ""}}, {"type": "Feature", "geometry": {"type": "Point", "coordinates": [-57.914682, -30.993221]}, "properties": {"series_id": 26318, "station_id": 76, "station": "Federación", "river": "URUGUAY", "variable": "Altura hidrométrica media diaria", "var_id": 39, "unit": "", "network": "alturas_prefe", "province": "", "procedure": "", "live": true, "percentiles": ""}}, {"type": "Feature", "geometry": {"type": "Point", "coordinates": [-57.914682, -30.993221]}, "properties": {"series_id": 26673, "station_id": 76, "station": "Federación", "river": "URUGUAY", "variable": "Caudal medio diario", "var_id": 40, "unit": "", "network": "alturas_prefe", "province": "", "procedure": "", "live": true, "percentiles": ""}}, {"type": "Feature", "geometry": {"type": "Point", "coordinates": [-57.936945, -31.27547]}, "properties": {"series_id": 77, "station_id": 77, "station": "Salto Grande Arriba", "river": "URUGUAY", "variable": "Altura hidrométrica", "var_id": 2, "unit": "", "network": "alturas_prefe", "province": "", "procedure": "", "live": true, "percentiles": ""}}, {"type": "Feature", "geometry": {"type": "Point", "coordinates": [-57.936945, -31.27547]}, "properties": {"series_id": 926, "station_id": 77, "station": "Salto Grande Arriba", "river": "URUGUAY", "variable": "Caudal", "var_id": 4, "unit": "", "network": "alturas_prefe", "province": "", "procedure": "", "live": true, "percentiles": ""}}, {"type": "Feature", "geometry": {"type": "Point", "coordinates": [-57.936945, -31.27547]}, "properties": {"series_id": 25555, "station_id": 77, "station": "Salto Grande Arriba", "river": "URUGUAY", "variable": "Altura hidrométrica media mensual", "var_id": 33, "unit": "", "network": "alturas_prefe", "province": "", "procedure": "", "live": true, "percentiles": ""}}, {"type": "Feature", "geometry": {"type": "Point", "coordinates": [-57.936945, -31.27547]}, "properties": {"series_id": 26674, "station_id": 77, "station": "Salto Grande Arriba", "river": "URUGUAY", "variable": "Caudal medio diario", "var_id": 40, "unit": "", "network": "alturas_prefe", "province": "", "procedure": "", "live": true, "percentiles": ""}}, {"type": "Feature", "geometry": {"type": "Point", "coordinates": [-57.936945, -31.27547]}, "properties": {"series_id": 78, "station_id": 78, "station": "Salto Grande Abajo", "river": "URUGUAY", "variable": "Altura hidrométrica", "var_id": 2, "unit": "", "network": "alturas_prefe", "province": "", "procedure": "", "live": true, "percentiles": ""}}, {"type": "Feature", "geometry": {"type": "Point", "coordinates": [-57.936945, -31.27547]}, "properties": {"series_id": 7833, "station_id": 78, "station": "Salto Grande Abajo", "river": "URUGUAY", "variable": "Caudal", "var_id": 4, "unit": "", "network": "alturas_prefe", "province": "", "procedure": "", "live": true, "percentiles": ""}}, {"type": "Feature", "geometry": {"type": "Point", "coordinates": [-57.936945, -31.27547]}, "properties": {"series_id": 31552, "station_id": 78, "station": "Salto Grande Abajo", "river": "URUGUAY", "variable": "Caudal", "var_id": 4, "unit": "", "network": "alturas_prefe", "province": "", "procedure": "", "live": true, "percentiles": ""}}, {"type": "Feature", "geometry": {"type": "Point", "coordinates": [-57.936945, -31.27547]}, "properties": {"series_id": 25556, "station_id": 78, "station": "Salto Grande Abajo", "river": "URUGUAY", "variable": "Altura hidrométrica media mensual", "var_id": 33, "unit": "", "network": "alturas_prefe", "province": "", "procedure": "", "live": true, "percentiles": ""}}, {"type": "Feature", "geometry": {"type": "Point", "coordinates": [-57.936945, -31.27547]}, "properties": {"series_id": 26675, "station_id": 78, "station": "Salto Grande Abajo", "river": "URUGUAY", "variable": "Caudal medio diario", "var_id": 40, "unit": "", "network": "alturas_prefe", "province": "", "procedure": "", "live": true, "percentiles": ""}}, {"type": "Feature", "geometry": {"type": "Point", "coordinates": [-58.0166666666667, -31.4]}, "properties": {"series_id": 7836, "station_id": 79, "station": "Concordia", "river": "URUGUAY", "variable": "Altura hidrométrica", "var_id": 2, "unit": "", "network": "alturas_prefe", "province": "", "procedure": "", "live": true, "percentiles": ""}}, {"type": "Feature", "geometry": {"type": "Point", "coordinates": [-58.0166666666667, -31.4]}, "properties": {"series_id": 928, "station_id": 79, "station": "Concordia", "river": "URUGUAY", "variable": "Caudal", "var_id": 4, "unit": "", "network": "alturas_prefe", "province": "", "procedure": "", "live": true, "percentiles": ""}}, {"type": "Feature", "geometry": {"type": "Point", "coordinates": [-58.0166666666667, -31.4]}, "properties": {"series_id": 7835, "station_id": 79, "station": "Concordia", "river": "URUGUAY", "variable": "Caudal", "var_id": 4, "unit": "", "network": "alturas_prefe", "province": "", "procedure": "", "live": true, "percentiles": ""}}, {"type": "Feature", "geometry": {"type": "Point", "coordinates": [-58.0166666666667, -31.4]}, "properties": {"series_id": 25557, "station_id": 79, "station": "Concordia", "river": "URUGUAY", "variable": "Altura hidrométrica media mensual", "var_id": 33, "unit": "", "network": "alturas_prefe", "province": "", "procedure": "", "live": true, "percentiles": ""}}, {"type": "Feature", "geometry": {"type": "Point", "coordinates": [-58.0166666666667, -31.4]}, "properties": {"series_id": 26321, "station_id": 79, "station": "Concordia", "river": "URUGUAY", "variable": "Altura hidrométrica media diaria", "var_id": 39, "unit": "", "network": "alturas_prefe", "province": "", "procedure": "", "live": true, "percentiles": ""}}, {"type": "Feature", "geometry": {"type": "Point", "coordinates": [-58.1166666666667, -32.2333333333333]}, "properties": {"series_id": 25558, "station_id": 80, "station": "Colón", "river": "URUGUAY", "variable": "Altura hidrométrica media mensual", "var_id": 33, "unit": "", "network": "alturas_prefe", "province": "", "procedure": "", "live": true, "percentiles": ""}}, {"type": "Feature", "geometry": {"type": "Point", "coordinates": [-58.1166666666667, -32.2333333333333]}, "properties": {"series_id": 26322, "station_id": 80, "station": "Colón", "river": "URUGUAY", "variable": "Altura hidrométrica media diaria", "var_id": 39, "unit": "", "network": "alturas_prefe", "province": "", "procedure": "", "live": true, "percentiles": ""}}, {"type": "Feature", "geometry": {"type": "Point", "coordinates": [-58.1166666666667, -32.2333333333333]}, "properties": {"series_id": 26677, "station_id": 80, "station": "Colón", "river": "URUGUAY", "variable": "Caudal medio diario", "var_id": 40, "unit": "", "network": "alturas_prefe", "province": "", "procedure": "", "live": true, "percentiles": ""}}, {"type": "Feature", "geometry": {"type": "Point", "coordinates": [-58.2333333333333, -32.4833333333333]}, "properties": {"series_id": 3270, "station_id": 81, "station": "Concepción del Uruguay", "river": "URUGUAY", "variable": "Altura hidrométrica", "var_id": 2, "unit": "", "network": "alturas_prefe", "province": "", "procedure": "", "live": true, "percentiles": ""}}, {"type": "Feature", "geometry": {"type": "Point", "coordinates": [-58.2333333333333, -32.4833333333333]}, "properties": {"series_id": 3269, "station_id": 81, "station": "Concepción del Uruguay", "river": "URUGUAY", "variable": "Caudal", "var_id": 4, "unit": "", "network": "alturas_prefe", "province": "", "procedure": "", "live": true, "percentiles": ""}}, {"type": "Feature", "geometry": {"type": "Point", "coordinates": [-58.2333333333333, -32.4833333333333]}, "properties": {"series_id": 26323, "station_id": 81, "station": "Concepción del Uruguay", "river": "URUGUAY", "variable": "Altura hidrométrica media diaria", "var_id": 39, "unit": "", "network": "alturas_prefe", "province": "", "procedure": "", "live": true, "percentiles": ""}}, {"type": "Feature", "geometry": {"type": "Point", "coordinates": [-58.1834, -32.70101]}, "properties": {"series_id": 82, "station_id": 82, "station": "Campichuelo", "river": "URUGUAY", "variable": "Altura hidrométrica", "var_id": 2, "unit": "", "network": "alturas_prefe", "province": "", "procedure": "", "live": true, "percentiles": ""}}, {"type": "Feature", "geometry": {"type": "Point", "coordinates": [-58.5, -33.0166666666667]}, "properties": {"series_id": 932, "station_id": 83, "station": "Puerto Gualeguaychú", "river": "GUALEGUAYCHU", "variable": "Caudal", "var_id": 4, "unit": "", "network": "alturas_prefe", "province": "", "procedure": "", "live": true, "percentiles": ""}}, {"type": "Feature", "geometry": {"type": "Point", "coordinates": [-58.5, -33.0166666666667]}, "properties": {"series_id": 25561, "station_id": 83, "station": "Puerto Gualeguaychú", "river": "GUALEGUAYCHU", "variable": "Altura hidrométrica media mensual", "var_id": 33, "unit": "", "network": "alturas_prefe", "province": "", "procedure": "", "live": true, "percentiles": ""}}, {"type": "Feature", "geometry": {"type": "Point", "coordinates": [-58.5, -33.0166666666667]}, "properties": {"series_id": 26325, "station_id": 83, "station": "Puerto Gualeguaychú", "river": "GUALEGUAYCHU", "variable": "Altura hidrométrica media diaria", "var_id": 39, "unit": "", "network": "alturas_prefe", "province": "", "procedure": "", "live": true, "percentiles": ""}}, {"type": "Feature", "geometry": {"type": "Point", "coordinates": [-58.4166666666667, -33.0666666666667]}, "properties": {"series_id": 84, "station_id": 84, "station": "Boca Gualeguaychú", "river": "URUGUAY", "variable": "Altura hidrométrica", "var_id": 2, "unit": "", "network": "alturas_prefe", "province": "", "procedure": "", "live": true, "percentiles": ""}}, {"type": "Feature", "geometry": {"type": "Point", "coordinates": [-58.399288, -34.56108]}, "properties": {"series_id": 29580, "station_id": 85, "station": "Buenos Aires", "river": "RIODELAPLATA", "variable": "Altura hidrométrica", "var_id": 2, "unit": "", "network": "alturas_prefe", "province": "", "procedure": "", "live": true, "percentiles": ""}}, {"type": "Feature", "geometry": {"type": "Point", "coordinates": [-58.399288, -34.56108]}, "properties": {"series_id": 26327, "station_id": 85, "station": "Buenos Aires", "river": "RIODELAPLATA", "variable": "Altura hidrométrica media diaria", "var_id": 39, "unit": "", "network": "alturas_prefe", "province": "", "procedure": "", "live": true, "percentiles": ""}}, {"type": "Feature", "geometry": {"type": "Point", "coordinates": [-57.873546, -34.824196]}, "properties": {"series_id": 86, "station_id": 86, "station": "La Plata", "river": "RIODELAPLATA", "variable": "Altura hidrométrica", "var_id": 2, "unit": "", "network": "alturas_prefe", "province": "", "procedure": "", "live": true, "percentiles": ""}}, {"type": "Feature", "geometry": {"type": "Point", "coordinates": [-57.873546, -34.824196]}, "properties": {"series_id": 26328, "station_id": 86, "station": "La Plata", "river": "RIODELAPLATA", "variable": "Altura hidrométrica media diaria", "var_id": 39, "unit": "", "network": "alturas_prefe", "province": "", "procedure": "", "live": true, "percentiles": ""}}, {"type": "Feature", "geometry": {"type": "Point", "coordinates": [-57.873546, -34.824196]}, "properties": {"series_id": 26683, "station_id": 86, "station": "La Plata", "river": "RIODELAPLATA", "variable": "Caudal medio diario", "var_id": 40, "unit": "", "network": "alturas_prefe", "province": "", "procedure": "", "live": true, "percentiles": ""}}, {"type": "Feature", "geometry": {"type": "Point", "coordinates": [-56.727244, -27.482557]}, "properties": {"series_id": 87, "station_id": 87, "station": "Yacyretá afluente", "river": "PARANAMED", "variable": "Altura hidrométrica", "var_id": 2, "unit": "", "network": "alturas_prefe", "province": "", "procedure": "", "live": true, "percentiles": ""}}, {"type": "Feature", "geometry": {"type": "Point", "coordinates": [-56.727244, -27.482557]}, "properties": {"series_id": 3265, "station_id": 87, "station": "Yacyretá afluente", "river": "PARANAMED", "variable": "Altura hidrométrica", "var_id": 2, "unit": "", "network": "alturas_prefe", "province": "", "procedure": "", "live": true, "percentiles": ""}}, {"type": "Feature", "geometry": {"type": "Point", "coordinates": [-56.727244, -27.482557]}, "properties": {"series_id": 1419, "station_id": 87, "station": "Yacyretá afluente", "river": "PARANAMED", "variable": "Caudal", "var_id": 4, "unit": "", "network": "alturas_prefe", "province": "", "procedure": "", "live": true, "percentiles": ""}}, {"type": "Feature", "geometry": {"type": "Point", "coordinates": [-56.727244, -27.482557]}, "properties": {"series_id": 26329, "station_id": 87, "station": "Yacyretá afluente", "river": "PARANAMED", "variable": "Altura hidrométrica media diaria", "var_id": 39, "unit": "", "network": "alturas_prefe", "province": "", "procedure": "", "live": true, "percentiles": ""}}, {"type": "Feature", "geometry": {"type": "Point", "coordinates": [-56.727244, -27.482557]}, "properties": {"series_id": 26684, "station_id": 87, "station": "Yacyretá afluente", "river": "PARANAMED", "variable": "Caudal medio diario", "var_id": 40, "unit": "", "network": "alturas_prefe", "province": "", "procedure": "", "live": true, "percentiles": ""}}, {"type": "Feature", "geometry": {"type": "Point", "coordinates": [-56.727244, -27.482557]}, "properties": {"series_id": 88, "station_id": 88, "station": "Yacyretá efluente", "river": "PARANAMED", "variable": "Altura hidrométrica", "var_id": 2, "unit": "", "network": "alturas_prefe", "province": "", "procedure": "", "live": true, "percentiles": false}}, {"type": "Feature", "geometry": {"type": "Point", "coordinates": [-56.727244, -27.482557]}, "properties": {"series_id": 1532, "station_id": 88, "station": "Yacyretá efluente", "river": "PARANAMED", "variable": "Altura hidrométrica", "var_id": 2, "unit": "", "network": "alturas_prefe", "province": "", "procedure": "", "live": true, "percentiles": ""}}, {"type": "Feature", "geometry": {"type": "Point", "coordinates": [-56.727244, -27.482557]}, "properties": {"series_id": 937, "station_id": 88, "station": "Yacyretá efluente", "river": "PARANAMED", "variable": "Caudal", "var_id": 4, "unit": "", "network": "alturas_prefe", "province": "", "procedure": "", "live": true, "percentiles": ""}}, {"type": "Feature", "geometry": {"type": "Point", "coordinates": [-56.727244, -27.482557]}, "properties": {"series_id": 26330, "station_id": 88, "station": "Yacyretá efluente", "river": "PARANAMED", "variable": "Altura hidrométrica media diaria", "var_id": 39, "unit": "", "network": "alturas_prefe", "province": "", "procedure": "", "live": true, "percentiles": ""}}, {"type": "Feature", "geometry": {"type": "Point", "coordinates": [-56.727244, -27.482557]}, "properties": {"series_id": 26685, "station_id": 88, "station": "Yacyretá efluente", "river": "PARANAMED", "variable": "Caudal medio diario", "var_id": 40, "unit": "", "network": "alturas_prefe", "province": "", "procedure": "", "live": true, "percentiles": ""}}, {"type": "Feature", "geometry": {"type": "Point", "coordinates": [-57.938011, -31.273969]}, "properties": {"series_id": 89, "station_id": 89, "station": "Aporte Salto Grande", "river": "URUGUAY", "variable": "Altura hidrométrica", "var_id": 2, "unit": "", "network": "alturas_prefe", "province": "", "procedure": "", "live": true, "percentiles": false}}, {"type": "Feature", "geometry": {"type": "Point", "coordinates": [-57.938011, -31.273969]}, "properties": {"series_id": 938, "station_id": 89, "station": "Aporte Salto Grande", "river": "URUGUAY", "variable": "Caudal", "var_id": 4, "unit": "", "network": "alturas_prefe", "province": "", "procedure": "", "live": true, "percentiles": ""}}, {"type": "Feature", "geometry": {"type": "Point", "coordinates": [-57.938011, -31.273969]}, "properties": {"series_id": 25568, "station_id": 90, "station": "Erogado Salto Grande", "river": "URUGUAY", "variable": "Altura hidrométrica media mensual", "var_id": 33, "unit": "", "network": "alturas_prefe", "province": "", "procedure": "", "live": true, "percentiles": ""}}, {"type": "Feature", "geometry": {"type": "Point", "coordinates": [-57.938011, -31.273969]}, "properties": {"series_id": 26332, "station_id": 90, "station": "Erogado Salto Grande", "river": "URUGUAY", "variable": "Altura hidrométrica media diaria", "var_id": 39, "unit": "", "network": "alturas_prefe", "province": "", "procedure": "", "live": true, "percentiles": ""}}, {"type": "Feature", "geometry": {"type": "Point", "coordinates": [-57.938011, -31.273969]}, "properties": {"series_id": 26687, "station_id": 90, "station": "Erogado Salto Grande", "river": "URUGUAY", "variable": "Caudal medio diario", "var_id": 40, "unit": "", "network": "alturas_prefe", "province": "", "procedure": "", "live": true, "percentiles": ""}}, {"type": "Feature", "geometry": {"type": "Point", "coordinates": [-54.593363, -25.592701]}, "properties": {"series_id": 3159, "station_id": 93, "station": "Confluencia", "river": "PARANAMED", "variable": "Altura hidrométrica", "var_id": 2, "unit": "", "network": "alturas_prefe", "province": "", "procedure": "", "live": true, "percentiles": ""}}, {"type": "Feature", "geometry": {"type": "Point", "coordinates": [-54.593363, -25.592701]}, "properties": {"series_id": 942, "station_id": 93, "station": "Confluencia", "river": "PARANAMED", "variable": "Caudal", "var_id": 4, "unit": "", "network": "alturas_prefe", "province": "", "procedure": "", "live": true, "percentiles": ""}}, {"type": "Feature", "geometry": {"type": "Point", "coordinates": [-54.593363, -25.592701]}, "properties": {"series_id": 25571, "station_id": 93, "station": "Confluencia", "river": "PARANAMED", "variable": "Altura hidrométrica media mensual", "var_id": 33, "unit": "", "network": "alturas_prefe", "province": "", "procedure": "", "live": true, "percentiles": ""}}, {"type": "Feature", "geometry": {"type": "Point", "coordinates": [-54.593363, -25.592701]}, "properties": {"series_id": 26335, "station_id": 93, "station": "Confluencia", "river": "PARANAMED", "variable": "Altura hidrométrica media diaria", "var_id": 39, "unit": "", "network": "alturas_prefe", "province": "", "procedure": "", "live": true, "percentiles": ""}}, {"type": "Feature", "geometry": {"type": "Point", "coordinates": [-58.9, -33.8833333333]}, "properties": {"series_id": 97, "station_id": 97, "station": "Brazo Largo", "river": "PARANAGUAZU", "variable": "Altura hidrométrica", "var_id": 2, "unit": "", "network": "alturas_prefe", "province": "", "procedure": "", "live": true, "percentiles": ""}}, {"type": "Feature", "geometry": {"type": "Point", "coordinates": [-58.9, -33.8833333333]}, "properties": {"series_id": 946, "station_id": 97, "station": "Brazo Largo", "river": "PARANAGUAZU", "variable": "Caudal", "var_id": 4, "unit": "", "network": "alturas_prefe", "province": "", "procedure": "", "live": true, "percentiles": ""}}, {"type": "Feature", "geometry": {"type": "Point", "coordinates": [-58.9, -33.8833333333]}, "properties": {"series_id": 25575, "station_id": 97, "station": "Brazo Largo", "river": "PARANAGUAZU", "variable": "Altura hidrométrica media mensual", "var_id": 33, "unit": "", "network": "alturas_prefe", "province": "", "procedure": "", "live": true, "percentiles": ""}}, {"type": "Feature", "geometry": {"type": "Point", "coordinates": [-58.6166666667, -33.7833333333]}, "properties": {"series_id": 98, "station_id": 98, "station": "Virtuani", "river": "BRAZOLARGO", "variable": "Altura hidrométrica", "var_id": 2, "unit": "", "network": "alturas_prefe", "province": "", "procedure": "", "live": true, "percentiles": ""}}, {"type": "Feature", "geometry": {"type": "Point", "coordinates": [-58.6166666667, -33.7833333333]}, "properties": {"series_id": 947, "station_id": 98, "station": "Virtuani", "river": "BRAZOLARGO", "variable": "Caudal", "var_id": 4, "unit": "", "network": "alturas_prefe", "province": "", "procedure": "", "live": true, "percentiles": ""}}, {"type": "Feature", "geometry": {"type": "Point", "coordinates": [-58.6166666667, -33.7833333333]}, "properties": {"series_id": 25576, "station_id": 98, "station": "Virtuani", "river": "BRAZOLARGO", "variable": "Altura hidrométrica media mensual", "var_id": 33, "unit": "", "network": "alturas_prefe", "province": "", "procedure": "", "live": true, "percentiles": ""}}, {"type": "Feature", "geometry": {"type": "Point", "coordinates": [-58.6166666667, -33.7833333333]}, "properties": {"series_id": 26695, "station_id": 98, "station": "Virtuani", "river": "BRAZOLARGO", "variable": "Caudal medio diario", "var_id": 40, "unit": "", "network": "alturas_prefe", "province": "", "procedure": "", "live": true, "percentiles": ""}}, {"type": "Feature", "geometry": {"type": "Point", "coordinates": [-58.5041666666667, -33.0144444444444]}, "properties": {"series_id": 99, "station_id": 99, "station": "Gualeguaychú", "river": "URUGUAY", "variable": "Altura hidrométrica", "var_id": 2, "unit": "", "network": "alturas_prefe", "province": "", "procedure": "", "live": true, "percentiles": ""}}, {"type": "Feature", "geometry": {"type": "Point", "coordinates": [-58.5041666666667, -33.0144444444444]}, "properties": {"series_id": 948, "station_id": 99, "station": "Gualeguaychú", "river": "URUGUAY", "variable": "Caudal", "var_id": 4, "unit": "", "network": "alturas_prefe", "province": "", "procedure": "", "live": true, "percentiles": ""}}, {"type": "Feature", "geometry": {"type": "Point", "coordinates": [-58.5041666666667, -33.0144444444444]}, "properties": {"series_id": 26696, "station_id": 99, "station": "Gualeguaychú", "river": "URUGUAY", "variable": "Caudal medio diario", "var_id": 40, "unit": "", "network": "alturas_prefe", "province": "", "procedure": "", "live": true, "percentiles": ""}}, {"type": "Feature", "geometry": {"type": "Point", "coordinates": [-58.4904722222222, -32.1046111111111]}, "properties": {"series_id": 102, "station_id": 102, "station": "Ruta Nacional nº 130", "river": "GUALEGUAYCHU", "variable": "Altura hidrométrica", "var_id": 2, "unit": "", "network": "alturas_bdhi", "province": "", "procedure": "", "live": true, "percentiles": ""}}, {"type": "Feature", "geometry": {"type": "Point", "coordinates": [-60.7805555555556, -31.4912222222222]}, "properties": {"series_id": 1521, "station_id": 103, "station": "Recreo - Ruta Provincial nº 70", "river": "SALADOSANTAFE", "variable": "Altura hidrométrica", "var_id": 2, "unit": "", "network": "alturas_bdhi", "province": "", "procedure": "", "live": true, "percentiles": ""}}, {"type": "Feature", "geometry": {"type": "Point", "coordinates": [-60.7805555555556, -31.4912222222222]}, "properties": {"series_id": 6659, "station_id": 103, "station": "Recreo - Ruta Provincial nº 70", "river": "SALADOSANTAFE", "variable": "Caudal", "var_id": 4, "unit": "", "network": "alturas_bdhi", "province": "", "procedure": "", "live": true, "percentiles": ""}}, {"type": "Feature", "geometry": {"type": "Point", "coordinates": [-60.7805555555556, -31.4912222222222]}, "properties": {"series_id": 43040, "station_id": 103, "station": "Recreo - Ruta Provincial nº 70", "river": "SALADOSANTAFE", "variable": "Caudal medio diario", "var_id": 40, "unit": "", "network": "alturas_bdhi", "province": "", "procedure": "", "live": true, "percentiles": ""}}, {"type": "Feature", "geometry": {"type": "Point", "coordinates": [-61.7439444444444, -29.2751666666667]}, "properties": {"series_id": 954, "station_id": 105, "station": "Tostado", "river": "SALADOSANTAFE", "variable": "Caudal", "var_id": 4, "unit": "", "network": "alturas_bdhi", "province": "", "procedure": "", "live": true, "percentiles": ""}}, {"type": "Feature", "geometry": {"type": "Point", "coordinates": [-59.0982222222222, -28.9911111111111]}, "properties": {"series_id": 107, "station_id": 107, "station": "Santa Lucía", "river": "SANTALUCIA", "variable": "Altura hidrométrica", "var_id": 2, "unit": "", "network": "alturas_bdhi", "province": "", "procedure": "", "live": true, "percentiles": ""}}, {"type": "Feature", "geometry": {"type": "Point", "coordinates": [-59.0982222222222, -28.9911111111111]}, "properties": {"series_id": 29868, "station_id": 107, "station": "Santa Lucía", "river": "SANTALUCIA", "variable": "Altura hidrométrica media diaria", "var_id": 39, "unit": "", "network": "alturas_bdhi", "province": "", "procedure": "", "live": true, "percentiles": ""}}, {"type": "Feature", "geometry": {"type": "Point", "coordinates": [-58.7214166666667, -28.5711388888889]}, "properties": {"series_id": 108, "station_id": 108, "station": "San Roque", "river": "SANTALUCIA", "variable": "Altura hidrométrica", "var_id": 2, "unit": "", "network": "alturas_bdhi", "province": "", "procedure": "", "live": true, "percentiles": ""}}, {"type": "Feature", "geometry": {"type": "Point", "coordinates": [-58.7214166666667, -28.5711388888889]}, "properties": {"series_id": 957, "station_id": 108, "station": "San Roque", "river": "SANTALUCIA", "variable": "Caudal", "var_id": 4, "unit": "", "network": "alturas_bdhi", "province": "", "procedure": "", "live": true, "percentiles": ""}}, {"type": "Feature", "geometry": {"type": "Point", "coordinates": [-58.7214166666667, -28.5711388888889]}, "properties": {"series_id": 29869, "station_id": 108, "station": "San Roque", "river": "SANTALUCIA", "variable": "Altura hidrométrica media diaria", "var_id": 39, "unit": "", "network": "alturas_bdhi", "province": "", "procedure": "", "live": true, "percentiles": ""}}, {"type": "Feature", "geometry": {"type": "Point", "coordinates": [-58.5593888888889, -28.9943611111111]}, "properties": {"series_id": 6650, "station_id": 109, "station": "Paso Lucero", "river": "CORRIENTE", "variable": "Caudal", "var_id": 4, "unit": "", "network": "alturas_bdhi", "province": "", "procedure": "", "live": true, "percentiles": ""}}, {"type": "Feature", "geometry": {"type": "Point", "coordinates": [-58.5593888888889, -28.9943611111111]}, "properties": {"series_id": 958, "station_id": 109, "station": "Paso Lucero", "river": "CORRIENTE", "variable": "Caudal", "var_id": 4, "unit": "", "network": "alturas_bdhi", "province": "", "procedure": "", "live": true, "percentiles": ""}}, {"type": "Feature", "geometry": {"type": "Point", "coordinates": [-58.5593888888889, -28.9943611111111]}, "properties": {"series_id": 29870, "station_id": 109, "station": "Paso Lucero", "river": "CORRIENTE", "variable": "Altura hidrométrica media diaria", "var_id": 39, "unit": "", "network": "alturas_bdhi", "province": "", "procedure": "", "live": true, "percentiles": ""}}, {"type": "Feature", "geometry": {"type": "Point", "coordinates": [-60.1263888888889, -31.95]}, "properties": {"series_id": 110, "station_id": 110, "station": "Segui", "river": "LASCONCHAS", "variable": "Altura hidrométrica", "var_id": 2, "unit": "", "network": "alturas_bdhi", "province": "", "procedure": "", "live": true, "percentiles": ""}}, {"type": "Feature", "geometry": {"type": "Point", "coordinates": [-60.1263888888889, -31.95]}, "properties": {"series_id": 959, "station_id": 110, "station": "Segui", "river": "LASCONCHAS", "variable": "Caudal", "var_id": 4, "unit": "", "network": "alturas_bdhi", "province": "", "procedure": "", "live": true, "percentiles": ""}}, {"type": "Feature", "geometry": {"type": "Point", "coordinates": [-58.7846388888889, -30.2166388888889]}, "properties": {"series_id": 111, "station_id": 111, "station": "Límite con Entre Ríos – Ruta Provincial nº 28", "river": "GUAYQUIRARO", "variable": "Altura hidrométrica", "var_id": 2, "unit": "", "network": "alturas_bdhi", "province": "", "procedure": "", "live": true, "percentiles": ""}}, {"type": "Feature", "geometry": {"type": "Point", "coordinates": [-58.7846388888889, -30.2166388888889]}, "properties": {"series_id": 960, "station_id": 111, "station": "Límite con Entre Ríos – Ruta Provincial nº 28", "river": "GUAYQUIRARO", "variable": "Caudal", "var_id": 4, "unit": "", "network": "alturas_bdhi", "province": "", "procedure": "", "live": true, "percentiles": ""}}, {"type": "Feature", "geometry": {"type": "Point", "coordinates": [-59.864625, -32.841975]}, "properties": {"series_id": 6652, "station_id": 112, "station": "Nogoyá Ruta Provincial nº 11", "river": "NOGOYA", "variable": "Caudal", "var_id": 4, "unit": "", "network": "alturas_bdhi", "province": "", "procedure": "", "live": true, "percentiles": ""}}, {"type": "Feature", "geometry": {"type": "Point", "coordinates": [-59.864625, -32.841975]}, "properties": {"series_id": 961, "station_id": 112, "station": "Nogoyá Ruta Provincial nº 11", "river": "NOGOYA", "variable": "Caudal", "var_id": 4, "unit": "", "network": "alturas_bdhi", "province": "", "procedure": "", "live": true, "percentiles": ""}}, {"type": "Feature", "geometry": {"type": "Point", "coordinates": [-59.864625, -32.841975]}, "properties": {"series_id": 29873, "station_id": 112, "station": "Nogoyá Ruta Provincial nº 11", "river": "NOGOYA", "variable": "Altura hidrométrica media diaria", "var_id": 39, "unit": "", "network": "alturas_bdhi", "province": "", "procedure": "", "live": true, "percentiles": ""}}, {"type": "Feature", "geometry": {"type": "Point", "coordinates": [-59.7638611111111, -32.3946388888889]}, "properties": {"series_id": 29875, "station_id": 116, "station": "Ruta Nacional Nº 12", "river": "NOGOYA", "variable": "Altura hidrométrica media diaria", "var_id": 39, "unit": "", "network": "alturas_bdhi", "province": "", "procedure": "", "live": true, "percentiles": ""}}, {"type": "Feature", "geometry": {"type": "Point", "coordinates": [-60.8659444444444, -32.6733333333333]}, "properties": {"series_id": 118, "station_id": 118, "station": "Pueblo Andino", "river": "CARCARAÑA", "variable": "Altura hidrométrica", "var_id": 2, "unit": "", "network": "alturas_bdhi", "province": "", "procedure": "", "live": true, "percentiles": ""}}, {"type": "Feature", "geometry": {"type": "Point", "coordinates": [-60.8659444444444, -32.6733333333333]}, "properties": {"series_id": 6670, "station_id": 118, "station": "Pueblo Andino", "river": "CARCARAÑA", "variable": "Caudal", "var_id": 4, "unit": "", "network": "alturas_bdhi", "province": "", "procedure": "", "live": true, "percentiles": ""}}, {"type": "Feature", "geometry": {"type": "Point", "coordinates": [-60.8659444444444, -32.6733333333333]}, "properties": {"series_id": 967, "station_id": 118, "station": "Pueblo Andino", "river": "CARCARAÑA", "variable": "Caudal", "var_id": 4, "unit": "", "network": "alturas_bdhi", "province": "", "procedure": "", "live": true, "percentiles": ""}}, {"type": "Feature", "geometry": {"type": "Point", "coordinates": [-59.2586944444444, -30.3616388888889]}, "properties": {"series_id": 119, "station_id": 119, "station": "Paso Juncué", "river": "GUAYQUIRARO", "variable": "Altura hidrométrica", "var_id": 2, "unit": "", "network": "alturas_bdhi", "province": "", "procedure": "", "live": true, "percentiles": ""}}, {"type": "Feature", "geometry": {"type": "Point", "coordinates": [-59.2586944444444, -30.3616388888889]}, "properties": {"series_id": 968, "station_id": 119, "station": "Paso Juncué", "river": "GUAYQUIRARO", "variable": "Caudal", "var_id": 4, "unit": "", "network": "alturas_bdhi", "province": "", "procedure": "", "live": true, "percentiles": ""}}, {"type": "Feature", "geometry": {"type": "Point", "coordinates": [-59.2586944444444, -30.3616388888889]}, "properties": {"series_id": 29877, "station_id": 119, "station": "Paso Juncué", "river": "GUAYQUIRARO", "variable": "Altura hidrométrica media diaria", "var_id": 39, "unit": "", "network": "alturas_bdhi", "province": "", "procedure": "", "live": true, "percentiles": ""}}, {"type": "Feature", "geometry": {"type": "Point", "coordinates": [-59.5129722222222, -30.34375]}, "properties": {"series_id": 120, "station_id": 120, "station": "Paso Telégrafo", "river": "GUAYQUIRARO", "variable": "Altura hidrométrica", "var_id": 2, "unit": "", "network": "alturas_bdhi", "province": "", "procedure": "", "live": true, "percentiles": ""}}, {"type": "Feature", "geometry": {"type": "Point", "coordinates": [-59.2171666666667, -29.7571111111111]}, "properties": {"series_id": 121, "station_id": 121, "station": "Los Laureles", "river": "CORRIENTE", "variable": "Altura hidrométrica", "var_id": 2, "unit": "", "network": "alturas_bdhi", "province": "", "procedure": "", "live": true, "percentiles": ""}}, {"type": "Feature", "geometry": {"type": "Point", "coordinates": [-59.2171666666667, -29.7571111111111]}, "properties": {"series_id": 970, "station_id": 121, "station": "Los Laureles", "river": "CORRIENTE", "variable": "Caudal", "var_id": 4, "unit": "", "network": "alturas_bdhi", "province": "", "procedure": "", "live": true, "percentiles": ""}}, {"type": "Feature", "geometry": {"type": "Point", "coordinates": [-59.2171666666667, -29.7571111111111]}, "properties": {"series_id": 29879, "station_id": 121, "station": "Los Laureles", "river": "CORRIENTE", "variable": "Altura hidrométrica media diaria", "var_id": 39, "unit": "", "network": "alturas_bdhi", "province": "", "procedure": "", "live": true, "percentiles": ""}}, {"type": "Feature", "geometry": {"type": "Point", "coordinates": [-59.2171666666667, -29.7571111111111]}, "properties": {"series_id": 42633, "station_id": 121, "station": "Los Laureles", "river": "CORRIENTE", "variable": "Caudal medio diario", "var_id": 40, "unit": "", "network": "alturas_bdhi", "province": "", "procedure": "", "live": true, "percentiles": ""}}, {"type": "Feature", "geometry": {"type": "Point", "coordinates": [-60.6020555555556, -31.6611388888889]}, "properties": {"series_id": 122, "station_id": 122, "station": "Ruta Nacional nº 168", "river": "COLASTINE", "variable": "Altura hidrométrica", "var_id": 2, "unit": "", "network": "alturas_bdhi", "province": "", "procedure": "", "live": true, "percentiles": ""}}, {"type": "Feature", "geometry": {"type": "Point", "coordinates": [-60.6020555555556, -31.6611388888889]}, "properties": {"series_id": 30122, "station_id": 122, "station": "Ruta Nacional nº 168", "river": "COLASTINE", "variable": "Caudal medio diario", "var_id": 40, "unit": "", "network": "alturas_bdhi", "province": "", "procedure": "", "live": true, "percentiles": ""}}, {"type": "Feature", "geometry": {"type": "Point", "coordinates": [-60.990275, -32.0178611111111]}, "properties": {"series_id": 123, "station_id": 123, "station": "Autopista", "river": "COLASTINE", "variable": "Altura hidrométrica", "var_id": 2, "unit": "", "network": "alturas_bdhi", "province": "", "procedure": "", "live": true, "percentiles": ""}}, {"type": "Feature", "geometry": {"type": "Point", "coordinates": [-60.990275, -32.0178611111111]}, "properties": {"series_id": 6663, "station_id": 123, "station": "Autopista", "river": "COLASTINE", "variable": "Caudal", "var_id": 4, "unit": "", "network": "alturas_bdhi", "province": "", "procedure": "", "live": true, "percentiles": ""}}, {"type": "Feature", "geometry": {"type": "Point", "coordinates": [-60.990275, -32.0178611111111]}, "properties": {"series_id": 43044, "station_id": 123, "station": "Autopista", "river": "COLASTINE", "variable": "Caudal medio diario", "var_id": 40, "unit": "", "network": "alturas_bdhi", "province": "", "procedure": "", "live": true, "percentiles": ""}}, {"type": "Feature", "geometry": {"type": "Point", "coordinates": [-60.6635555555556, -33.0272222222222]}, "properties": {"series_id": 124, "station_id": 124, "station": "Autopista", "river": "SALADILLO", "variable": "Altura hidrométrica", "var_id": 2, "unit": "", "network": "alturas_bdhi", "province": "", "procedure": "", "live": true, "percentiles": ""}}, {"type": "Feature", "geometry": {"type": "Point", "coordinates": [-59.3879444444444, -28.4912222222222]}, "properties": {"series_id": 6660, "station_id": 126, "station": "Villa Ocampo (Ruta Prov. Nº 32)", "river": "LOSAMORES", "variable": "Caudal", "var_id": 4, "unit": "", "network": "alturas_bdhi", "province": "", "procedure": "", "live": true, "percentiles": ""}}, {"type": "Feature", "geometry": {"type": "Point", "coordinates": [-59.3879444444444, -28.4912222222222]}, "properties": {"series_id": 29884, "station_id": 126, "station": "Villa Ocampo (Ruta Prov. Nº 32)", "river": "LOSAMORES", "variable": "Altura hidrométrica media diaria", "var_id": 39, "unit": "", "network": "alturas_bdhi", "province": "", "procedure": "", "live": true, "percentiles": ""}}, {"type": "Feature", "geometry": {"type": "Point", "coordinates": [-59.3879444444444, -28.4912222222222]}, "properties": {"series_id": 43043, "station_id": 126, "station": "Villa Ocampo (Ruta Prov. Nº 32)", "river": "LOSAMORES", "variable": "Caudal medio diario", "var_id": 40, "unit": "", "network": "alturas_bdhi", "province": "", "procedure": "", "live": true, "percentiles": ""}}, {"type": "Feature", "geometry": {"type": "Point", "coordinates": [-59.7526111111111, -28.9979166666667]}, "properties": {"series_id": 127, "station_id": 127, "station": "Moussy", "river": "ELREY", "variable": "Altura hidrométrica", "var_id": 2, "unit": "", "network": "alturas_bdhi", "province": "", "procedure": "", "live": true, "percentiles": ""}}, {"type": "Feature", "geometry": {"type": "Point", "coordinates": [-59.7526111111111, -28.9979166666667]}, "properties": {"series_id": 6666, "station_id": 127, "station": "Moussy", "river": "ELREY", "variable": "Caudal", "var_id": 4, "unit": "", "network": "alturas_bdhi", "province": "", "procedure": "", "live": true, "percentiles": ""}}, {"type": "Feature", "geometry": {"type": "Point", "coordinates": [-59.7526111111111, -28.9979166666667]}, "properties": {"series_id": 976, "station_id": 127, "station": "Moussy", "river": "ELREY", "variable": "Caudal", "var_id": 4, "unit": "", "network": "alturas_bdhi", "province": "", "procedure": "", "live": true, "percentiles": ""}}, {"type": "Feature", "geometry": {"type": "Point", "coordinates": [-59.7526111111111, -28.9979166666667]}, "properties": {"series_id": 29885, "station_id": 127, "station": "Moussy", "river": "ELREY", "variable": "Altura hidrométrica media diaria", "var_id": 39, "unit": "", "network": "alturas_bdhi", "province": "", "procedure": "", "live": true, "percentiles": ""}}, {"type": "Feature", "geometry": {"type": "Point", "coordinates": [-59.7526111111111, -28.9979166666667]}, "properties": {"series_id": 43039, "station_id": 127, "station": "Moussy", "river": "ELREY", "variable": "Caudal medio diario", "var_id": 40, "unit": "", "network": "alturas_bdhi", "province": "", "procedure": "", "live": true, "percentiles": ""}}, {"type": "Feature", "geometry": {"type": "Point", "coordinates": [-60.4971666666667, -29.0655]}, "properties": {"series_id": 128, "station_id": 128, "station": "Fortín Olmos", "river": "GOLONDRINA", "variable": "Altura hidrométrica", "var_id": 2, "unit": "", "network": "alturas_bdhi", "province": "", "procedure": "", "live": true, "percentiles": ""}}, {"type": "Feature", "geometry": {"type": "Point", "coordinates": [-60.4971666666667, -29.0655]}, "properties": {"series_id": 6671, "station_id": 128, "station": "Fortín Olmos", "river": "GOLONDRINA", "variable": "Caudal", "var_id": 4, "unit": "", "network": "alturas_bdhi", "province": "", "procedure": "", "live": true, "percentiles": ""}}, {"type": "Feature", "geometry": {"type": "Point", "coordinates": [-60.4971666666667, -29.0655]}, "properties": {"series_id": 29886, "station_id": 128, "station": "Fortín Olmos", "river": "GOLONDRINA", "variable": "Altura hidrométrica media diaria", "var_id": 39, "unit": "", "network": "alturas_bdhi", "province": "", "procedure": "", "live": true, "percentiles": ""}}, {"type": "Feature", "geometry": {"type": "Point", "coordinates": [-59, -27.4397222222222]}, "properties": {"series_id": 129, "station_id": 129, "station": "Resistencia", "river": "NEGRO", "variable": "Altura hidrométrica", "var_id": 2, "unit": "", "network": "alturas_bdhi", "province": "", "procedure": "", "live": true, "percentiles": ""}}, {"type": "Feature", "geometry": {"type": "Point", "coordinates": [-59, -27.4397222222222]}, "properties": {"series_id": 29887, "station_id": 129, "station": "Resistencia", "river": "NEGRO", "variable": "Altura hidrométrica media diaria", "var_id": 39, "unit": "", "network": "alturas_bdhi", "province": "", "procedure": "", "live": true, "percentiles": ""}}, {"type": "Feature", "geometry": {"type": "Point", "coordinates": [-57.6745111111111, -29.8458]}, "properties": {"series_id": 130, "station_id": 130, "station": "Paso Ledesma", "river": "MIRIÑAY", "variable": "Altura hidrométrica", "var_id": 2, "unit": "", "network": "alturas_bdhi", "province": "", "procedure": "", "live": true, "percentiles": ""}}, {"type": "Feature", "geometry": {"type": "Point", "coordinates": [-57.6745111111111, -29.8458]}, "properties": {"series_id": 979, "station_id": 130, "station": "Paso Ledesma", "river": "MIRIÑAY", "variable": "Caudal", "var_id": 4, "unit": "", "network": "alturas_bdhi", "province": "", "procedure": "", "live": true, "percentiles": ""}}, {"type": "Feature", "geometry": {"type": "Point", "coordinates": [-57.6745111111111, -29.8458]}, "properties": {"series_id": 29888, "station_id": 130, "station": "Paso Ledesma", "river": "MIRIÑAY", "variable": "Altura hidrométrica media diaria", "var_id": 39, "unit": "", "network": "alturas_bdhi", "province": "", "procedure": "", "live": true, "percentiles": ""}}, {"type": "Feature", "geometry": {"type": "Point", "coordinates": [-55.5221666666667, -27.1063611111111]}, "properties": {"series_id": 131, "station_id": 131, "station": "Puerto Maní", "river": "PARANAMED", "variable": "Altura hidrométrica", "var_id": 2, "unit": "", "network": "alturas_prefe", "province": "", "procedure": "", "live": true, "percentiles": ""}}, {"type": "Feature", "geometry": {"type": "Point", "coordinates": [-55.5221666666667, -27.1063611111111]}, "properties": {"series_id": 26342, "station_id": 131, "station": "Puerto Maní", "river": "PARANAMED", "variable": "Altura hidrométrica media diaria", "var_id": 39, "unit": "", "network": "alturas_prefe", "province": "", "procedure": "", "live": true, "percentiles": ""}}, {"type": "Feature", "geometry": {"type": "Point", "coordinates": [-55.5221666666667, -27.1063611111111]}, "properties": {"series_id": 26697, "station_id": 131, "station": "Puerto Maní", "river": "PARANAMED", "variable": "Caudal medio diario", "var_id": 40, "unit": "", "network": "alturas_prefe", "province": "", "procedure": "", "live": true, "percentiles": ""}}, {"type": "Feature", "geometry": {"type": "Point", "coordinates": [-60.3346777777778, -33.3989194444444]}, "properties": {"series_id": 133, "station_id": 133, "station": "La Emilia", "river": "DELMEDIO", "variable": "Altura hidrométrica", "var_id": 2, "unit": "", "network": "alturas_bdhi", "province": "", "procedure": "", "live": true, "percentiles": ""}}, {"type": "Feature", "geometry": {"type": "Point", "coordinates": [-60.3346777777778, -33.3989194444444]}, "properties": {"series_id": 982, "station_id": 133, "station": "La Emilia", "river": "DELMEDIO", "variable": "Caudal", "var_id": 4, "unit": "", "network": "alturas_bdhi", "province": "", "procedure": "", "live": true, "percentiles": ""}}, {"type": "Feature", "geometry": {"type": "Point", "coordinates": [-60.3346777777778, -33.3989194444444]}, "properties": {"series_id": 29889, "station_id": 133, "station": "La Emilia", "river": "DELMEDIO", "variable": "Altura hidrométrica media diaria", "var_id": 39, "unit": "", "network": "alturas_bdhi", "province": "", "procedure": "", "live": true, "percentiles": ""}}, {"type": "Feature", "geometry": {"type": "Point", "coordinates": [-58.8086111111111, -28.1141666666667]}, "properties": {"series_id": 134, "station_id": 134, "station": "Ruta Nacional nº 12", "river": "SANLORENZO", "variable": "Altura hidrométrica", "var_id": 2, "unit": "", "network": "alturas_bdhi", "province": "", "procedure": "", "live": true, "percentiles": ""}}, {"type": "Feature", "geometry": {"type": "Point", "coordinates": [-58.8086111111111, -28.1141666666667]}, "properties": {"series_id": 1515, "station_id": 134, "station": "Ruta Nacional nº 12", "river": "SANLORENZO", "variable": "Altura hidrométrica", "var_id": 2, "unit": "", "network": "alturas_bdhi", "province": "", "procedure": "", "live": true, "percentiles": ""}}, {"type": "Feature", "geometry": {"type": "Point", "coordinates": [-58.8086111111111, -28.1141666666667]}, "properties": {"series_id": 983, "station_id": 134, "station": "Ruta Nacional nº 12", "river": "SANLORENZO", "variable": "Caudal", "var_id": 4, "unit": "", "network": "alturas_bdhi", "province": "", "procedure": "", "live": true, "percentiles": ""}}, {"type": "Feature", "geometry": {"type": "Point", "coordinates": [-60.9411111111111, -32.3929722222222]}, "properties": {"series_id": 29395, "station_id": 135, "station": "Autopista", "river": "ELMONJE", "variable": "Caudal", "var_id": 4, "unit": "", "network": "alturas_bdhi", "province": "", "procedure": "", "live": true, "percentiles": ""}}, {"type": "Feature", "geometry": {"type": "Point", "coordinates": [-59.7856666666667, -29.2786666666667]}, "properties": {"series_id": 6661, "station_id": 136, "station": "Ruta Nacional nº 11", "river": "MALABRIGO", "variable": "Caudal", "var_id": 4, "unit": "", "network": "alturas_bdhi", "province": "", "procedure": "", "live": true, "percentiles": ""}}, {"type": "Feature", "geometry": {"type": "Point", "coordinates": [-59.7856666666667, -29.2786666666667]}, "properties": {"series_id": 985, "station_id": 136, "station": "Ruta Nacional nº 11", "river": "MALABRIGO", "variable": "Caudal", "var_id": 4, "unit": "", "network": "alturas_bdhi", "province": "", "procedure": "", "live": true, "percentiles": ""}}, {"type": "Feature", "geometry": {"type": "Point", "coordinates": [-60.6820277777778, -33.02925]}, "properties": {"series_id": 139, "station_id": 139, "station": "Ruta Provincial nº 18", "river": "SALADILLO", "variable": "Altura hidrométrica", "var_id": 2, "unit": "", "network": "alturas_bdhi", "province": "", "procedure": "", "live": true, "percentiles": ""}}, {"type": "Feature", "geometry": {"type": "Point", "coordinates": [-60.6820277777778, -33.02925]}, "properties": {"series_id": 988, "station_id": 139, "station": "Ruta Provincial nº 18", "river": "SALADILLO", "variable": "Caudal", "var_id": 4, "unit": "", "network": "alturas_bdhi", "province": "", "procedure": "", "live": true, "percentiles": ""}}, {"type": "Feature", "geometry": {"type": "Point", "coordinates": [-60.576775, -33.3600611111111]}, "properties": {"series_id": 140, "station_id": 140, "station": "Cnel. Bogado", "river": "PAVON", "variable": "Altura hidrométrica", "var_id": 2, "unit": "", "network": "alturas_bdhi", "province": "", "procedure": "", "live": true, "percentiles": ""}}, {"type": "Feature", "geometry": {"type": "Point", "coordinates": [-60.576775, -33.3600611111111]}, "properties": {"series_id": 6665, "station_id": 140, "station": "Cnel. Bogado", "river": "PAVON", "variable": "Caudal", "var_id": 4, "unit": "", "network": "alturas_bdhi", "province": "", "procedure": "", "live": true, "percentiles": ""}}, {"type": "Feature", "geometry": {"type": "Point", "coordinates": [-60.576775, -33.3600611111111]}, "properties": {"series_id": 29894, "station_id": 140, "station": "Cnel. Bogado", "river": "PAVON", "variable": "Altura hidrométrica media diaria", "var_id": 39, "unit": "", "network": "alturas_bdhi", "province": "", "procedure": "", "live": true, "percentiles": ""}}, {"type": "Feature", "geometry": {"type": "Point", "coordinates": [-60.576775, -33.3600611111111]}, "properties": {"series_id": 43048, "station_id": 140, "station": "Cnel. Bogado", "river": "PAVON", "variable": "Caudal medio diario", "var_id": 40, "unit": "", "network": "alturas_bdhi", "province": "", "procedure": "", "live": true, "percentiles": ""}}, {"type": "Feature", "geometry": {"type": "Point", "coordinates": [-62.68333, -32.61667]}, "properties": {"series_id": 29895, "station_id": 143, "station": "Bell Ville", "river": "TERCERO", "variable": "Altura hidrométrica media diaria", "var_id": 39, "unit": "", "network": "alturas_bdhi", "province": "", "procedure": "", "live": true, "percentiles": ""}}, {"type": "Feature", "geometry": {"type": "Point", "coordinates": [-59.280502, -35.372613]}, "properties": {"series_id": 146, "station_id": 146, "station": "Roque Perez", "river": "SALADOBONAERENSE", "variable": "Altura hidrométrica", "var_id": 2, "unit": "", "network": "alturas_bdhi", "province": "", "procedure": "", "live": true, "percentiles": ""}}, {"type": "Feature", "geometry": {"type": "Point", "coordinates": [-59.280502, -35.372613]}, "properties": {"series_id": 995, "station_id": 146, "station": "Roque Perez", "river": "SALADOBONAERENSE", "variable": "Caudal", "var_id": 4, "unit": "", "network": "alturas_bdhi", "province": "", "procedure": "", "live": true, "percentiles": ""}}, {"type": "Feature", "geometry": {"type": "Point", "coordinates": [-66.156666, -25.123332]}, "properties": {"series_id": 147, "station_id": 147, "station": "Cachi", "river": "CALCHAQUI", "variable": "Altura hidrométrica", "var_id": 2, "unit": "", "network": "alturas_bdhi", "province": "", "procedure": "", "live": true, "percentiles": ""}}, {"type": "Feature", "geometry": {"type": "Point", "coordinates": [-66.156666, -25.123332]}, "properties": {"series_id": 29897, "station_id": 147, "station": "Cachi", "river": "CALCHAQUI", "variable": "Altura hidrométrica media diaria", "var_id": 39, "unit": "", "network": "alturas_bdhi", "province": "", "procedure": "", "live": true, "percentiles": ""}}, {"type": "Feature", "geometry": {"type": "Point", "coordinates": [-59.893888, -36.831082]}, "properties": {"series_id": 997, "station_id": 148, "station": "Seminario Diocesano de Azul", "river": "AZUL", "variable": "Caudal", "var_id": 4, "unit": "", "network": "alturas_bdhi", "province": "", "procedure": "", "live": true, "percentiles": ""}}, {"type": "Feature", "geometry": {"type": "Point", "coordinates": [-59.893888, -36.831082]}, "properties": {"series_id": 29898, "station_id": 148, "station": "Seminario Diocesano de Azul", "river": "AZUL", "variable": "Altura hidrométrica media diaria", "var_id": 39, "unit": "", "network": "alturas_bdhi", "province": "", "procedure": "", "live": true, "percentiles": ""}}, {"type": "Feature", "geometry": {"type": "Point", "coordinates": [-58.638166667, -34.166861111]}, "properties": {"series_id": 998, "station_id": 149, "station": "Canal Seoane", "river": "Canal Seoane", "variable": "Caudal", "var_id": 4, "unit": "", "network": "ina_delta", "province": "", "procedure": "", "live": true, "percentiles": ""}}, {"type": "Feature", "geometry": {"type": "Point", "coordinates": [-59.548977778, -34.702202778]}, "properties": {"series_id": 29899, "station_id": 150, "station": "J.M. García", "river": "LUJAN", "variable": "Altura hidrométrica media diaria", "var_id": 39, "unit": "", "network": "alturas_bdhi", "province": "", "procedure": "", "live": true, "percentiles": ""}}, {"type": "Feature", "geometry": {"type": "Point", "coordinates": [-71.4061388888889, -43.6683333333333]}, "properties": {"series_id": 170, "station_id": 170, "station": "Ruta Provincial Nº 044", "river": "Poncho Moro", "variable": "Altura hidrométrica", "var_id": 2, "unit": "", "network": "alturas_bdhi", "province": "", "procedure": "", "live": true, "percentiles": ""}}, {"type": "Feature", "geometry": {"type": "Point", "coordinates": [-71.4061388888889, -43.6683333333333]}, "properties": {"series_id": 6395, "station_id": 170, "station": "Ruta Provincial Nº 044", "river": "Poncho Moro", "variable": "Caudal", "var_id": 4, "unit": "", "network": "alturas_bdhi", "province": "", "procedure": "", "live": true, "percentiles": ""}}, {"type": "Feature", "geometry": {"type": "Point", "coordinates": [-71.4061388888889, -43.6683333333333]}, "properties": {"series_id": 1019, "station_id": 170, "station": "Ruta Provincial Nº 044", "river": "Poncho Moro", "variable": "Caudal", "var_id": 4, "unit": "", "network": "alturas_bdhi", "province": "", "procedure": "", "live": true, "percentiles": ""}}, {"type": "Feature", "geometry": {"type": "Point", "coordinates": [-60.624247, -30.744031]}, "properties": {"series_id": 174, "station_id": 174, "station": "San Justo - Ruta Provincial nº 2", "river": "SALADOSANTAFE", "variable": "Altura hidrométrica", "var_id": 2, "unit": "", "network": "alturas_bdhi", "province": "", "procedure": "", "live": true, "percentiles": ""}}, {"type": "Feature", "geometry": {"type": "Point", "coordinates": [-60.624247, -30.744031]}, "properties": {"series_id": 29902, "station_id": 174, "station": "San Justo - Ruta Provincial nº 2", "river": "SALADOSANTAFE", "variable": "Altura hidrométrica media diaria", "var_id": 39, "unit": "", "network": "alturas_bdhi", "province": "", "procedure": "", "live": true, "percentiles": ""}}, {"type": "Feature", "geometry": {"type": "Point", "coordinates": [-60.624247, -30.744031]}, "properties": {"series_id": 39727, "station_id": 174, "station": "San Justo - Ruta Provincial nº 2", "river": "SALADOSANTAFE", "variable": "Caudal medio diario", "var_id": 40, "unit": "", "network": "alturas_bdhi", "province": "", "procedure": "", "live": true, "percentiles": ""}}, {"type": "Feature", "geometry": {"type": "Point", "coordinates": [-60.841003, -31.042868]}, "properties": {"series_id": 1024, "station_id": 175, "station": "Emilia - Ruta Provincial nº 62", "river": "Salado Santafesino", "variable": "Caudal", "var_id": 4, "unit": "", "network": "alturas_bdhi", "province": "", "procedure": "", "live": true, "percentiles": ""}}, {"type": "Feature", "geometry": {"type": "Point", "coordinates": [-60.841003, -31.042868]}, "properties": {"series_id": 29903, "station_id": 175, "station": "Emilia - Ruta Provincial nº 62", "river": "Salado Santafesino", "variable": "Altura hidrométrica media diaria", "var_id": 39, "unit": "", "network": "alturas_bdhi", "province": "", "procedure": "", "live": true, "percentiles": ""}}, {"type": "Feature", "geometry": {"type": "Point", "coordinates": [-60.841003, -31.042868]}, "properties": {"series_id": 39728, "station_id": 175, "station": "Emilia - Ruta Provincial nº 62", "river": "Salado Santafesino", "variable": "Caudal medio diario", "var_id": 40, "unit": "", "network": "alturas_bdhi", "province": "", "procedure": "", "live": true, "percentiles": ""}}, {"type": "Feature", "geometry": {"type": "Point", "coordinates": [-55.13, -27.88]}, "properties": {"series_id": 1494, "station_id": 304, "station": "San Javier", "river": "URUGUAY", "variable": "Caudal", "var_id": 4, "unit": "", "network": "alturas_bdhi", "province": "", "procedure": "", "live": true, "percentiles": ""}}, {"type": "Feature", "geometry": {"type": "Point", "coordinates": [-56.5421666666667, -28.4166666666667]}, "properties": {"series_id": 319, "station_id": 319, "station": "La Sirena", "river": "AGUAPEY", "variable": "Altura hidrométrica", "var_id": 2, "unit": "", "network": "alturas_bdhi", "province": "", "procedure": "", "live": true, "percentiles": ""}}, {"type": "Feature", "geometry": {"type": "Point", "coordinates": [-56.5421666666667, -28.4166666666667]}, "properties": {"series_id": 6073, "station_id": 319, "station": "La Sirena", "river": "AGUAPEY", "variable": "Altura hidrométrica", "var_id": 2, "unit": "", "network": "alturas_bdhi", "province": "", "procedure": "", "live": true, "percentiles": ""}}, {"type": "Feature", "geometry": {"type": "Point", "coordinates": [-56.5421666666667, -28.4166666666667]}, "properties": {"series_id": 6651, "station_id": 319, "station": "La Sirena", "river": "AGUAPEY", "variable": "Caudal", "var_id": 4, "unit": "", "network": "alturas_bdhi", "province": "", "procedure": "", "live": true, "percentiles": ""}}, {"type": "Feature", "geometry": {"type": "Point", "coordinates": [-56.5421666666667, -28.4166666666667]}, "properties": {"series_id": 1168, "station_id": 319, "station": "La Sirena", "river": "AGUAPEY", "variable": "Caudal", "var_id": 4, "unit": "", "network": "alturas_bdhi", "province": "", "procedure": "", "live": true, "percentiles": ""}}, {"type": "Feature", "geometry": {"type": "Point", "coordinates": [-56.5421666666667, -28.4166666666667]}, "properties": {"series_id": 6072, "station_id": 319, "station": "La Sirena", "river": "AGUAPEY", "variable": "Caudal", "var_id": 4, "unit": "", "network": "alturas_bdhi", "province": "", "procedure": "", "live": true, "percentiles": ""}}, {"type": "Feature", "geometry": {"type": "Point", "coordinates": [-56.5421666666667, -28.4166666666667]}, "properties": {"series_id": 29904, "station_id": 319, "station": "La Sirena", "river": "AGUAPEY", "variable": "Altura hidrométrica media diaria", "var_id": 39, "unit": "", "network": "alturas_bdhi", "province": "", "procedure": "", "live": true, "percentiles": ""}}, {"type": "Feature", "geometry": {"type": "Point", "coordinates": [-59.5, -34.24]}, "properties": {"series_id": 526, "station_id": 526, "station": "ARECO", "river": "", "variable": "precipitación diaria 12Z", "var_id": 1, "unit": "", "network": "otros_registros", "province": "", "procedure": "", "live": true, "percentiles": ""}}, {"type": "Feature", "geometry": {"type": "Point", "coordinates": [-60.1269989013672, -35.4790000915527]}, "properties": {"series_id": 2406, "station_id": 769, "station": "25 de Mayo - EEA Pergamino - Estacion Forestal INTA", "river": "", "variable": "precipitación diaria 12Z", "var_id": 1, "unit": "", "network": "red_inta", "province": "", "procedure": "", "live": true, "percentiles": ""}}, {"type": "Feature", "geometry": {"type": "Point", "coordinates": [-65.8259963989258, -22.798999786377]}, "properties": {"series_id": 2407, "station_id": 770, "station": "Abra Pampa - EEA Abra Pampa", "river": "", "variable": "precipitación diaria 12Z", "var_id": 1, "unit": "", "network": "red_inta", "province": "", "procedure": "", "live": true, "percentiles": ""}}, {"type": "Feature", "geometry": {"type": "Point", "coordinates": [-65.8259963989258, -22.798999786377]}, "properties": {"series_id": 4324, "station_id": 770, "station": "Abra Pampa - EEA Abra Pampa", "river": "", "variable": "precipitación horaria", "var_id": 31, "unit": "", "network": "red_inta", "province": "", "procedure": "", "live": true, "percentiles": ""}}, {"type": "Feature", "geometry": {"type": "Point", "coordinates": [-66.3359985351562, -27.6040000915527]}, "properties": {"series_id": 2409, "station_id": 772, "station": "Andalgala - EEA Catamarca - AER Andalgala", "river": "", "variable": "precipitación diaria 12Z", "var_id": 1, "unit": "", "network": "red_inta", "province": "", "procedure": "", "live": true, "percentiles": ""}}, {"type": "Feature", "geometry": {"type": "Point", "coordinates": [-66.3359985351562, -27.6040000915527]}, "properties": {"series_id": 4326, "station_id": 772, "station": "Andalgala - EEA Catamarca - AER Andalgala", "river": "", "variable": "precipitación horaria", "var_id": 31, "unit": "", "network": "red_inta", "province": "", "procedure": "", "live": true, "percentiles": ""}}, {"type": "Feature", "geometry": {"type": "Point", "coordinates": [-63.9910011291504, -36.5419998168945]}, "properties": {"series_id": 2410, "station_id": 773, "station": "Anguil -EEA Anguil - EEA INTA Anguil - Guillermo Covas", "river": "", "variable": "precipitación diaria 12Z", "var_id": 1, "unit": "", "network": "red_inta", "province": "", "procedure": "", "live": true, "percentiles": ""}}, {"type": "Feature", "geometry": {"type": "Point", "coordinates": [-63.9910011291504, -36.5419998168945]}, "properties": {"series_id": 4265, "station_id": 773, "station": "Anguil -EEA Anguil - EEA INTA Anguil - Guillermo Covas", "river": "", "variable": "precipitación horaria", "var_id": 31, "unit": "", "network": "red_inta", "province": "", "procedure": "", "live": true, "percentiles": ""}}, {"type": "Feature", "geometry": {"type": "Point", "coordinates": [-63.9889984130859, -24.4349994659424]}, "properties": {"series_id": 2411, "station_id": 774, "station": "Apolinario Saravia - EEA Salta - OIT Apolinario Saravia", "river": "", "variable": "precipitación diaria 12Z", "var_id": 1, "unit": "", "network": "red_inta", "province": "", "procedure": "", "live": true, "percentiles": ""}}, {"type": "Feature", "geometry": {"type": "Point", "coordinates": [-63.9889984130859, -24.4349994659424]}, "properties": {"series_id": 4266, "station_id": 774, "station": "Apolinario Saravia - EEA Salta - OIT Apolinario Saravia", "river": "", "variable": "precipitación horaria", "var_id": 31, "unit": "", "network": "red_inta", "province": "", "procedure": "", "live": true, "percentiles": ""}}, {"type": "Feature", "geometry": {"type": "Point", "coordinates": [-60.1360015869141, -34.0499992370605]}, "properties": {"series_id": 2412, "station_id": 775, "station": "Arrecifes - EEA Pergamino - Escuela Agropecuaria N 1 de Arrecifes", "river": "", "variable": "precipitación diaria 12Z", "var_id": 1, "unit": "", "network": "red_inta", "province": "", "procedure": "", "live": true, "percentiles": ""}}, {"type": "Feature", "geometry": {"type": "Point", "coordinates": [-58.2980003356934, -37.7630004882812]}, "properties": {"series_id": 2400, "station_id": 776, "station": "Balcarce - EEA Balcarce - EEA Balcarce", "river": "", "variable": "precipitación diaria 12Z", "var_id": 1, "unit": "", "network": "red_inta", "province": "", "procedure": "", "live": true, "percentiles": ""}}, {"type": "Feature", "geometry": {"type": "Point", "coordinates": [-62.2750015258789, -28.8929996490479]}, "properties": {"series_id": 2401, "station_id": 777, "station": "Bandera - Predio AER INTA Bandera", "river": "", "variable": "precipitación diaria 12Z", "var_id": 1, "unit": "", "network": "red_inta", "province": "", "procedure": "", "live": true, "percentiles": ""}}, {"type": "Feature", "geometry": {"type": "Point", "coordinates": [-59.2949981689453, -27.8969993591309]}, "properties": {"series_id": 2402, "station_id": 778, "station": "Basail - INTA - Basail", "river": "", "variable": "precipitación diaria 12Z", "var_id": 1, "unit": "", "network": "red_inta", "province": "", "procedure": "", "live": true, "percentiles": ""}}, {"type": "Feature", "geometry": {"type": "Point", "coordinates": [-59.2949981689453, -27.8969993591309]}, "properties": {"series_id": 4319, "station_id": 778, "station": "Basail - INTA - Basail", "river": "", "variable": "precipitación horaria", "var_id": 31, "unit": "", "network": "red_inta", "province": "", "procedure": "", "live": true, "percentiles": ""}}, {"type": "Feature", "geometry": {"type": "Point", "coordinates": [-57.6160011291504, -27.75]}, "properties": {"series_id": 4320, "station_id": 779, "station": "Caa Cati - Caa Cati", "river": "", "variable": "precipitación horaria", "var_id": 31, "unit": "", "network": "red_inta", "province": "", "procedure": "", "live": true, "percentiles": ""}}, {"type": "Feature", "geometry": {"type": "Point", "coordinates": [-59.9939994812012, -32.0750007629395]}, "properties": {"series_id": 2398, "station_id": 780, "station": "CAFER - Don Cristobal", "river": "", "variable": "precipitación diaria 12Z", "var_id": 1, "unit": "", "network": "red_inta", "province": "", "procedure": "", "live": true, "percentiles": ""}}, {"type": "Feature", "geometry": {"type": "Point", "coordinates": [-59.0330009460449, -30.4669990539551]}, "properties": {"series_id": 2397, "station_id": 781, "station": "CAFER - San Victor", "river": "", "variable": "precipitación diaria 12Z", "var_id": 1, "unit": "", "network": "red_inta", "province": "", "procedure": "", "live": true, "percentiles": ""}}, {"type": "Feature", "geometry": {"type": "Point", "coordinates": [-58.6699981689453, -34.6049995422363]}, "properties": {"series_id": 2404, "station_id": 782, "station": "Castelar (Observatorio) - Obs. Principal-Predio INTA Castelar", "river": "", "variable": "precipitación diaria 12Z", "var_id": 1, "unit": "", "network": "red_inta", "province": "", "procedure": "", "live": true, "percentiles": ""}}, {"type": "Feature", "geometry": {"type": "Point", "coordinates": [-58.6699981689453, -34.6049995422363]}, "properties": {"series_id": 4321, "station_id": 782, "station": "Castelar (Observatorio) - Obs. Principal-Predio INTA Castelar", "river": "", "variable": "precipitación horaria", "var_id": 31, "unit": "", "network": "red_inta", "province": "", "procedure": "", "live": true, "percentiles": ""}}, {"type": "Feature", "geometry": {"type": "Point", "coordinates": [-55.4379997253418, -27.6560001373291]}, "properties": {"series_id": 4322, "station_id": 783, "station": "Cerro Azul - EEA INTA - Cerro Azul", "river": "", "variable": "precipitación horaria", "var_id": 31, "unit": "", "network": "red_inta", "province": "", "procedure": "", "live": true, "percentiles": ""}}, {"type": "Feature", "geometry": {"type": "Point", "coordinates": [-58.3479995727539, -32.4879989624023]}, "properties": {"series_id": 4316, "station_id": 784, "station": "Concepcion del Uruguay - Predio observatorio agrometeorologico", "river": "", "variable": "precipitación horaria", "var_id": 31, "unit": "", "network": "red_inta", "province": "", "procedure": "", "live": true, "percentiles": ""}}, {"type": "Feature", "geometry": {"type": "Point", "coordinates": [-54.0699996948242, -25.617000579834]}, "properties": {"series_id": 2162, "station_id": 786, "station": "EFA Andresito - Escuela de la Familia Agricola (EFA 704 ANDRESITO)", "river": "", "variable": "precipitación diaria 12Z", "var_id": 1, "unit": "", "network": "red_inta", "province": "", "procedure": "", "live": true, "percentiles": ""}}, {"type": "Feature", "geometry": {"type": "Point", "coordinates": [-54.0699996948242, -25.617000579834]}, "properties": {"series_id": 4039, "station_id": 786, "station": "EFA Andresito - Escuela de la Familia Agricola (EFA 704 ANDRESITO)", "river": "", "variable": "precipitación horaria", "var_id": 31, "unit": "", "network": "red_inta", "province": "", "procedure": "", "live": true, "percentiles": ""}}, {"type": "Feature", "geometry": {"type": "Point", "coordinates": [-53.673999786377, -26.4360008239746]}, "properties": {"series_id": 4037, "station_id": 787, "station": "EFA Bernardo de Irigoyen - Predio del Servicio Meteorologico Nacional", "river": "", "variable": "precipitación horaria", "var_id": 31, "unit": "", "network": "red_inta", "province": "", "procedure": "", "live": true, "percentiles": ""}}, {"type": "Feature", "geometry": {"type": "Point", "coordinates": [-58.2589988708496, -31.8640003204346]}, "properties": {"series_id": 2153, "station_id": 789, "station": "El Palmar - Ubicada en Parque Nac. El Palmar", "river": "", "variable": "precipitación diaria 12Z", "var_id": 1, "unit": "", "network": "red_inta", "province": "", "procedure": "", "live": true, "percentiles": ""}}, {"type": "Feature", "geometry": {"type": "Point", "coordinates": [-66.6969985961914, -30.8360004425049]}, "properties": {"series_id": 2154, "station_id": 790, "station": "El Portezuelo - EEA La Rioja - AER El Portezuelo", "river": "", "variable": "precipitación diaria 12Z", "var_id": 1, "unit": "", "network": "red_inta", "province": "", "procedure": "", "live": true, "percentiles": ""}}, {"type": "Feature", "geometry": {"type": "Point", "coordinates": [-64.3830032348633, -23.4710006713867]}, "properties": {"series_id": 2155, "station_id": 791, "station": "El Potrero - EEA Yuto - Predio Empresa CITRUSALTA S.A.", "river": "", "variable": "precipitación diaria 12Z", "var_id": 1, "unit": "", "network": "red_inta", "province": "", "procedure": "", "live": true, "percentiles": false}}, {"type": "Feature", "geometry": {"type": "Point", "coordinates": [-59.5330009460449, -30.0389995574951]}, "properties": {"series_id": 4062, "station_id": 792, "station": "Esquina - Predio del Aero Club Esquina", "river": "", "variable": "precipitación horaria", "var_id": 31, "unit": "", "network": "red_inta", "province": "", "procedure": "", "live": true, "percentiles": ""}}, {"type": "Feature", "geometry": {"type": "Point", "coordinates": [-58.7729988098145, -30.9290008544922]}, "properties": {"series_id": 2157, "station_id": 793, "station": "Federal - Parcela frutal de experimental Va. Federal", "river": "", "variable": "precipitación diaria 12Z", "var_id": 1, "unit": "", "network": "red_inta", "province": "", "procedure": "", "live": true, "percentiles": ""}}, {"type": "Feature", "geometry": {"type": "Point", "coordinates": [-58.7729988098145, -30.9290008544922]}, "properties": {"series_id": 4063, "station_id": 793, "station": "Federal - Parcela frutal de experimental Va. Federal", "river": "", "variable": "precipitación horaria", "var_id": 31, "unit": "", "network": "red_inta", "province": "", "procedure": "", "live": true, "percentiles": ""}}, {"type": "Feature", "geometry": {"type": "Point", "coordinates": [-61.1399993896484, -34.0999984741211]}, "properties": {"series_id": 4064, "station_id": 794, "station": "Ferre - EEA Pergamino - Escuela Agrotecnica Salesiana de Ferre", "river": "", "variable": "precipitación horaria", "var_id": 31, "unit": "", "network": "red_inta", "province": "", "procedure": "", "live": true, "percentiles": ""}}, {"type": "Feature", "geometry": {"type": "Point", "coordinates": [-58.4039993286133, -31.5300006866455]}, "properties": {"series_id": 2159, "station_id": 795, "station": "General Campos - Predio productor arrocero", "river": "", "variable": "precipitación diaria 12Z", "var_id": 1, "unit": "", "network": "red_inta", "province": "", "procedure": "", "live": true, "percentiles": ""}}, {"type": "Feature", "geometry": {"type": "Point", "coordinates": [-59.0919990539551, -29.17799949646]}, "properties": {"series_id": 2160, "station_id": 796, "station": "Goya - Escuela de la Familia Agricola Coembota IS 16", "river": "", "variable": "precipitación diaria 12Z", "var_id": 1, "unit": "", "network": "red_inta", "province": "", "procedure": "", "live": true, "percentiles": ""}}, {"type": "Feature", "geometry": {"type": "Point", "coordinates": [-59.0919990539551, -29.17799949646]}, "properties": {"series_id": 4066, "station_id": 796, "station": "Goya - Escuela de la Familia Agricola Coembota IS 16", "river": "", "variable": "precipitación horaria", "var_id": 31, "unit": "", "network": "red_inta", "province": "", "procedure": "", "live": true, "percentiles": ""}}, {"type": "Feature", "geometry": {"type": "Point", "coordinates": [-61.5250015258789, -37.742000579834]}, "properties": {"series_id": 4001, "station_id": 798, "station": "INTA - Coronel Pringle - Dir. Rem.Vet.", "river": "", "variable": "precipitación horaria", "var_id": 31, "unit": "", "network": "red_inta", "province": "", "procedure": "", "live": true, "percentiles": ""}}, {"type": "Feature", "geometry": {"type": "Point", "coordinates": [-59.2599983215332, -33.1969985961914]}, "properties": {"series_id": 2122, "station_id": 799, "station": "INTA - Cuchilla - Establecimiento Cuchilla", "river": "", "variable": "precipitación diaria 12Z", "var_id": 1, "unit": "", "network": "red_inta", "province": "", "procedure": "", "live": true, "percentiles": ""}}, {"type": "Feature", "geometry": {"type": "Point", "coordinates": [-58.8629989624023, -34.1749992370605]}, "properties": {"series_id": 4009, "station_id": 800, "station": "INTA - Delta - EEA Delta del Parana", "river": "", "variable": "precipitación horaria", "var_id": 31, "unit": "", "network": "red_inta", "province": "", "procedure": "", "live": true, "percentiles": ""}}, {"type": "Feature", "geometry": {"type": "Point", "coordinates": [-61.1699981689453, -27.2150001525879]}, "properties": {"series_id": 2124, "station_id": 801, "station": "INTA - EMA Charata - EMA Charata - Escuela Agropecuaria", "river": "", "variable": "precipitación diaria 12Z", "var_id": 1, "unit": "", "network": "red_inta", "province": "", "procedure": "", "live": true, "percentiles": ""}}, {"type": "Feature", "geometry": {"type": "Point", "coordinates": [-61.1699981689453, -27.2150001525879]}, "properties": {"series_id": 4010, "station_id": 801, "station": "INTA - EMA Charata - EMA Charata - Escuela Agropecuaria", "river": "", "variable": "precipitación horaria", "var_id": 31, "unit": "", "network": "red_inta", "province": "", "procedure": "", "live": true, "percentiles": ""}}, {"type": "Feature", "geometry": {"type": "Point", "coordinates": [-59.3940010070801, -32.1580009460449]}, "properties": {"series_id": 2166, "station_id": 802, "station": "INTA - Escuela Macia - Escuela Agrotecnica G. Macia", "river": "", "variable": "precipitación diaria 12Z", "var_id": 1, "unit": "", "network": "red_inta", "province": "", "procedure": "", "live": true, "percentiles": ""}}, {"type": "Feature", "geometry": {"type": "Point", "coordinates": [-59.3940010070801, -32.1580009460449]}, "properties": {"series_id": 4098, "station_id": 802, "station": "INTA - Escuela Macia - Escuela Agrotecnica G. Macia", "river": "", "variable": "precipitación horaria", "var_id": 31, "unit": "", "network": "red_inta", "province": "", "procedure": "", "live": true, "percentiles": ""}}, {"type": "Feature", "geometry": {"type": "Point", "coordinates": [-61.1599998474121, -32.0299987792969]}, "properties": {"series_id": 2116, "station_id": 803, "station": "INTA - Galvez - EMA Galvez", "river": "", "variable": "precipitación diaria 12Z", "var_id": 1, "unit": "", "network": "red_inta", "province": "", "procedure": "", "live": true, "percentiles": ""}}, {"type": "Feature", "geometry": {"type": "Point", "coordinates": [-64.5999984741211, -37.382999420166]}, "properties": {"series_id": 2125, "station_id": 804, "station": "INTA - General Acha - EEA Anguil - Gral. Acha", "river": "", "variable": "precipitación diaria 12Z", "var_id": 1, "unit": "", "network": "red_inta", "province": "", "procedure": "", "live": true, "percentiles": ""}}, {"type": "Feature", "geometry": {"type": "Point", "coordinates": [-63.0200004577637, -31.011999130249]}, "properties": {"series_id": 4012, "station_id": 805, "station": "INTA - La Para - Campo", "river": "", "variable": "precipitación horaria", "var_id": 31, "unit": "", "network": "red_inta", "province": "", "procedure": "", "live": true, "percentiles": ""}}, {"type": "Feature", "geometry": {"type": "Point", "coordinates": [-61.0620002746582, -27.0729999542236]}, "properties": {"series_id": 2127, "station_id": 806, "station": "INTA - Las Brenas - INTA - Las Brenas", "river": "", "variable": "precipitación diaria 12Z", "var_id": 1, "unit": "", "network": "red_inta", "province": "", "procedure": "", "live": true, "percentiles": ""}}, {"type": "Feature", "geometry": {"type": "Point", "coordinates": [-61.0620002746582, -27.0729999542236]}, "properties": {"series_id": 4013, "station_id": 806, "station": "INTA - Las Brenas - INTA - Las Brenas", "river": "", "variable": "precipitación horaria", "var_id": 31, "unit": "", "network": "red_inta", "province": "", "procedure": "", "live": true, "percentiles": ""}}, {"type": "Feature", "geometry": {"type": "Point", "coordinates": [-60.5299987792969, -31.8560009002686]}, "properties": {"series_id": 2129, "station_id": 807, "station": "INTA - Parana - EEA Parana - Parana", "river": "", "variable": "precipitación diaria 12Z", "var_id": 1, "unit": "", "network": "red_inta", "province": "", "procedure": "", "live": true, "percentiles": ""}}, {"type": "Feature", "geometry": {"type": "Point", "coordinates": [-60.5690002441406, -33.8880004882812]}, "properties": {"series_id": 2130, "station_id": 808, "station": "INTA - Pergamino - EEA Pergamino", "river": "", "variable": "precipitación diaria 12Z", "var_id": 1, "unit": "", "network": "red_inta", "province": "", "procedure": "", "live": true, "percentiles": ""}}, {"type": "Feature", "geometry": {"type": "Point", "coordinates": [-59.382999420166, -30.6669998168945]}, "properties": {"series_id": 2131, "station_id": 809, "station": "INTA - San Gustavo - EEA Parana - San Gustavo", "river": "", "variable": "precipitación diaria 12Z", "var_id": 1, "unit": "", "network": "red_inta", "province": "", "procedure": "", "live": true, "percentiles": ""}}, {"type": "Feature", "geometry": {"type": "Point", "coordinates": [-65.431999206543, -36.2159996032715]}, "properties": {"series_id": 2133, "station_id": 811, "station": "INTA - Victorica - EEA Anguil - Victorica", "river": "", "variable": "precipitación diaria 12Z", "var_id": 1, "unit": "", "network": "red_inta", "province": "", "procedure": "", "live": true, "percentiles": false}}, {"type": "Feature", "geometry": {"type": "Point", "coordinates": [-65.431999206543, -36.2159996032715]}, "properties": {"series_id": 4019, "station_id": 811, "station": "INTA - Victorica - EEA Anguil - Victorica", "river": "", "variable": "precipitación horaria", "var_id": 31, "unit": "", "network": "red_inta", "province": "", "procedure": "", "live": true, "percentiles": false}}, {"type": "Feature", "geometry": {"type": "Point", "coordinates": [-58.4000015258789, -32.1669998168945]}, "properties": {"series_id": 2134, "station_id": 812, "station": "INTA - Villa Elisa - EEA Parana - Villa Elisa", "river": "", "variable": "precipitación diaria 12Z", "var_id": 1, "unit": "", "network": "red_inta", "province": "", "procedure": "", "live": true, "percentiles": ""}}, {"type": "Feature", "geometry": {"type": "Point", "coordinates": [-58.4000015258789, -32.1669998168945]}, "properties": {"series_id": 4020, "station_id": 812, "station": "INTA - Villa Elisa - EEA Parana - Villa Elisa", "river": "", "variable": "precipitación horaria", "var_id": 31, "unit": "", "network": "red_inta", "province": "", "procedure": "", "live": true, "percentiles": ""}}, {"type": "Feature", "geometry": {"type": "Point", "coordinates": [-67.1060028076172, -39.1259994506836]}, "properties": {"series_id": 2135, "station_id": 813, "station": "INTA - Villa Regina - Villa Regina", "river": "", "variable": "precipitación diaria 12Z", "var_id": 1, "unit": "", "network": "red_inta", "province": "", "procedure": "", "live": true, "percentiles": ""}}, {"type": "Feature", "geometry": {"type": "Point", "coordinates": [-67.1060028076172, -39.1259994506836]}, "properties": {"series_id": 4021, "station_id": 813, "station": "INTA - Villa Regina - Villa Regina", "river": "", "variable": "precipitación horaria", "var_id": 31, "unit": "", "network": "red_inta", "province": "", "procedure": "", "live": true, "percentiles": ""}}, {"type": "Feature", "geometry": {"type": "Point", "coordinates": [-56.5550003051758, -27.5520000457764]}, "properties": {"series_id": 4022, "station_id": 814, "station": "Ituzaingo - Establecimiento Ibera Costa", "river": "", "variable": "precipitación horaria", "var_id": 31, "unit": "", "network": "red_inta", "province": "", "procedure": "", "live": true, "percentiles": ""}}, {"type": "Feature", "geometry": {"type": "Point", "coordinates": [-60.6069984436035, -25.9400005340576]}, "properties": {"series_id": 4005, "station_id": 816, "station": "Juan Jose Castelli - Juan Jose Castelli", "river": "", "variable": "precipitación horaria", "var_id": 31, "unit": "", "network": "red_inta", "province": "", "procedure": "", "live": true, "percentiles": ""}}, {"type": "Feature", "geometry": {"type": "Point", "coordinates": [-63.3199996948242, -27.4300003051758]}, "properties": {"series_id": 2137, "station_id": 817, "station": "Jumial Grande - Parque agente INTA Prohuerta", "river": "", "variable": "precipitación diaria 12Z", "var_id": 1, "unit": "", "network": "red_inta", "province": "", "procedure": "", "live": true, "percentiles": ""}}, {"type": "Feature", "geometry": {"type": "Point", "coordinates": [-59.007999420166, -38.3370018005371]}, "properties": {"series_id": 2139, "station_id": 819, "station": "La Dulce - EEA Balcarce - Campo Experimental Buck Semillas SA", "river": "", "variable": "precipitación diaria 12Z", "var_id": 1, "unit": "", "network": "red_inta", "province": "", "procedure": "", "live": true, "percentiles": ""}}, {"type": "Feature", "geometry": {"type": "Point", "coordinates": [-59.007999420166, -38.3370018005371]}, "properties": {"series_id": 4025, "station_id": 819, "station": "La Dulce - EEA Balcarce - Campo Experimental Buck Semillas SA", "river": "", "variable": "precipitación horaria", "var_id": 31, "unit": "", "network": "red_inta", "province": "", "procedure": "", "live": true, "percentiles": ""}}, {"type": "Feature", "geometry": {"type": "Point", "coordinates": [-59.1440010070801, -27.2740001678467]}, "properties": {"series_id": 4006, "station_id": 822, "station": "Las Marianas - Establecimiento Las Marianas", "river": "", "variable": "precipitación horaria", "var_id": 31, "unit": "", "network": "red_inta", "province": "", "procedure": "", "live": true, "percentiles": ""}}, {"type": "Feature", "geometry": {"type": "Point", "coordinates": [-61.6129989624023, -26.8159999847412]}, "properties": {"series_id": 4028, "station_id": 823, "station": "Las piedritas - INTA - Las piedritas", "river": "", "variable": "precipitación horaria", "var_id": 31, "unit": "", "network": "red_inta", "province": "", "procedure": "", "live": true, "percentiles": ""}}, {"type": "Feature", "geometry": {"type": "Point", "coordinates": [-61.5670013427734, -32.492000579834]}, "properties": {"series_id": 2143, "station_id": 824, "station": "Las Rosas - Establecimiento Agricola - Flia Giampieri", "river": "", "variable": "precipitación diaria 12Z", "var_id": 1, "unit": "", "network": "red_inta", "province": "", "procedure": "", "live": true, "percentiles": ""}}, {"type": "Feature", "geometry": {"type": "Point", "coordinates": [-61.5670013427734, -32.492000579834]}, "properties": {"series_id": 4029, "station_id": 824, "station": "Las Rosas - Establecimiento Agricola - Flia Giampieri", "river": "", "variable": "precipitación horaria", "var_id": 31, "unit": "", "network": "red_inta", "province": "", "procedure": "", "live": true, "percentiles": ""}}, {"type": "Feature", "geometry": {"type": "Point", "coordinates": [-59.685001373291, -31.871000289917]}, "properties": {"series_id": 2144, "station_id": 825, "station": "Las Tunas - Establecimiento San Antonio", "river": "", "variable": "precipitación diaria 12Z", "var_id": 1, "unit": "", "network": "red_inta", "province": "", "procedure": "", "live": true, "percentiles": ""}}, {"type": "Feature", "geometry": {"type": "Point", "coordinates": [-59.685001373291, -31.871000289917]}, "properties": {"series_id": 4030, "station_id": 825, "station": "Las Tunas - Establecimiento San Antonio", "river": "", "variable": "precipitación horaria", "var_id": 31, "unit": "", "network": "red_inta", "province": "", "procedure": "", "live": true, "percentiles": ""}}, {"type": "Feature", "geometry": {"type": "Point", "coordinates": [-59.390998840332, -32.1660003662109]}, "properties": {"series_id": 4032, "station_id": 827, "station": "Macia - INTA - Macia - Establecimiento Casa Juan", "river": "", "variable": "precipitación horaria", "var_id": 31, "unit": "", "network": "red_inta", "province": "", "procedure": "", "live": true, "percentiles": ""}}, {"type": "Feature", "geometry": {"type": "Point", "coordinates": [-63.7700004577637, -31.8199996948242]}, "properties": {"series_id": 2128, "station_id": 828, "station": "Manfredi (EMA) - INTA - Manfredi (EMA)", "river": "", "variable": "precipitación diaria 12Z", "var_id": 1, "unit": "", "network": "red_inta", "province": "", "procedure": "", "live": true, "percentiles": ""}}, {"type": "Feature", "geometry": {"type": "Point", "coordinates": [-63.7700004577637, -31.8199996948242]}, "properties": {"series_id": 4014, "station_id": 828, "station": "Manfredi (EMA) - INTA - Manfredi (EMA)", "river": "", "variable": "precipitación horaria", "var_id": 31, "unit": "", "network": "red_inta", "province": "", "procedure": "", "live": true, "percentiles": ""}}, {"type": "Feature", "geometry": {"type": "Point", "coordinates": [-62.1059989929199, -32.7190017700195]}, "properties": {"series_id": 2117, "station_id": 829, "station": "Marcos Juarez - En predio de EEA Marcos Juarez", "river": "", "variable": "precipitación diaria 12Z", "var_id": 1, "unit": "", "network": "red_inta", "province": "", "procedure": "", "live": true, "percentiles": ""}}, {"type": "Feature", "geometry": {"type": "Point", "coordinates": [-62.1059989929199, -32.7190017700195]}, "properties": {"series_id": 4004, "station_id": 829, "station": "Marcos Juarez - En predio de EEA Marcos Juarez", "river": "", "variable": "precipitación horaria", "var_id": 31, "unit": "", "network": "red_inta", "province": "", "procedure": "", "live": true, "percentiles": ""}}, {"type": "Feature", "geometry": {"type": "Point", "coordinates": [-57.9939994812012, -38.1549987792969]}, "properties": {"series_id": 2147, "station_id": 830, "station": "Miramar - EEA Balcarce - Chacra Experimental Miramar", "river": "", "variable": "precipitación diaria 12Z", "var_id": 1, "unit": "", "network": "red_inta", "province": "", "procedure": "", "live": true, "percentiles": ""}}, {"type": "Feature", "geometry": {"type": "Point", "coordinates": [-57.9939994812012, -38.1549987792969]}, "properties": {"series_id": 4033, "station_id": 830, "station": "Miramar - EEA Balcarce - Chacra Experimental Miramar", "river": "", "variable": "precipitación horaria", "var_id": 31, "unit": "", "network": "red_inta", "province": "", "procedure": "", "live": true, "percentiles": ""}}, {"type": "Feature", "geometry": {"type": "Point", "coordinates": [-55.8899993896484, -27.4270000457764]}, "properties": {"series_id": 2475, "station_id": 832, "station": "Posadas - Ruta Nacional 12 km 7.5 Villa Miguel Lanus", "river": "", "variable": "precipitación diaria 12Z", "var_id": 1, "unit": "", "network": "red_inta", "province": "", "procedure": "", "live": true, "percentiles": ""}}, {"type": "Feature", "geometry": {"type": "Point", "coordinates": [-61.5, -31.2000007629395]}, "properties": {"series_id": 2470, "station_id": 833, "station": "Rafaela - EEA Rafaela", "river": "", "variable": "precipitación diaria 12Z", "var_id": 1, "unit": "", "network": "red_inta", "province": "", "procedure": "", "live": true, "percentiles": ""}}, {"type": "Feature", "geometry": {"type": "Point", "coordinates": [-61.5, -31.2000007629395]}, "properties": {"series_id": 4358, "station_id": 833, "station": "Rafaela - EEA Rafaela", "river": "", "variable": "precipitación horaria", "var_id": 31, "unit": "", "network": "red_inta", "province": "", "procedure": "", "live": true, "percentiles": ""}}, {"type": "Feature", "geometry": {"type": "Point", "coordinates": [-65.0449981689453, -29.1660003662109]}, "properties": {"series_id": 2471, "station_id": 834, "station": "Recreo - EEA Catamarca - Parque Industrial Recreo", "river": "", "variable": "precipitación diaria 12Z", "var_id": 1, "unit": "", "network": "red_inta", "province": "", "procedure": "", "live": true, "percentiles": ""}}, {"type": "Feature", "geometry": {"type": "Point", "coordinates": [-59.6269989013672, -33.7649993896484]}, "properties": {"series_id": 2473, "station_id": 836, "station": "Rio Tala - EEA San Pedro - Vivero Las Margaritas SRL", "river": "", "variable": "precipitación diaria 12Z", "var_id": 1, "unit": "", "network": "red_inta", "province": "", "procedure": "", "live": true, "percentiles": ""}}, {"type": "Feature", "geometry": {"type": "Point", "coordinates": [-59.6269989013672, -33.7649993896484]}, "properties": {"series_id": 4361, "station_id": 836, "station": "Rio Tala - EEA San Pedro - Vivero Las Margaritas SRL", "river": "", "variable": "precipitación horaria", "var_id": 31, "unit": "", "network": "red_inta", "province": "", "procedure": "", "live": true, "percentiles": ""}}, {"type": "Feature", "geometry": {"type": "Point", "coordinates": [-61.8160018920898, -26.4640007019043]}, "properties": {"series_id": 4034, "station_id": 838, "station": "Sachayoj - Establecimiento El Toba de Martin Hnos.", "river": "", "variable": "precipitación horaria", "var_id": 31, "unit": "", "network": "red_inta", "province": "", "procedure": "", "live": true, "percentiles": false}}, {"type": "Feature", "geometry": {"type": "Point", "coordinates": [-60.2249984741211, -33.3580017089844]}, "properties": {"series_id": 2149, "station_id": 839, "station": "San Nicolas - EEA San Pedro - Establecimiento Don Umberto", "river": "", "variable": "precipitación diaria 12Z", "var_id": 1, "unit": "", "network": "red_inta", "province": "", "procedure": "", "live": true, "percentiles": ""}}, {"type": "Feature", "geometry": {"type": "Point", "coordinates": [-54.4169998168945, -26.9169998168945]}, "properties": {"series_id": 2466, "station_id": 840, "station": "San Vicente - Campo Anexo Cuartel Rio Victoria (INTA)", "river": "", "variable": "precipitación diaria 12Z", "var_id": 1, "unit": "", "network": "red_inta", "province": "", "procedure": "", "live": true, "percentiles": ""}}, {"type": "Feature", "geometry": {"type": "Point", "coordinates": [-54.4169998168945, -26.9169998168945]}, "properties": {"series_id": 4354, "station_id": 840, "station": "San Vicente - Campo Anexo Cuartel Rio Victoria (INTA)", "river": "", "variable": "precipitación horaria", "var_id": 31, "unit": "", "network": "red_inta", "province": "", "procedure": "", "live": true, "percentiles": ""}}, {"type": "Feature", "geometry": {"type": "Point", "coordinates": [-58.1290016174316, -28.2740001678467]}, "properties": {"series_id": 2464, "station_id": 841, "station": "Santa Rosa - Productor Cornelio Atemberg", "river": "", "variable": "precipitación diaria 12Z", "var_id": 1, "unit": "", "network": "red_inta", "province": "", "procedure": "", "live": true, "percentiles": ""}}, {"type": "Feature", "geometry": {"type": "Point", "coordinates": [-62.7649993896484, -35.9729995727539]}, "properties": {"series_id": 2171, "station_id": 844, "station": "Trenque Lauquen - EEA Villegas - Predio de Aeroclub T. Lauquen", "river": "", "variable": "precipitación diaria 12Z", "var_id": 1, "unit": "", "network": "red_inta", "province": "", "procedure": "", "live": true, "percentiles": ""}}, {"type": "Feature", "geometry": {"type": "Point", "coordinates": [-60.3470001220703, -32.3619995117188]}, "properties": {"series_id": 2172, "station_id": 845, "station": "Tres Esquinas - Cooperativa La Ganadera de Gral. Ramirez", "river": "", "variable": "precipitación diaria 12Z", "var_id": 1, "unit": "", "network": "red_inta", "province": "", "procedure": "", "live": true, "percentiles": ""}}, {"type": "Feature", "geometry": {"type": "Point", "coordinates": [-60.3470001220703, -32.3619995117188]}, "properties": {"series_id": 4296, "station_id": 845, "station": "Tres Esquinas - Cooperativa La Ganadera de Gral. Ramirez", "river": "", "variable": "precipitación horaria", "var_id": 31, "unit": "", "network": "red_inta", "province": "", "procedure": "", "live": true, "percentiles": ""}}, {"type": "Feature", "geometry": {"type": "Point", "coordinates": [-63.0200004577637, -33.8199996948242]}, "properties": {"series_id": 4297, "station_id": 847, "station": "Viamonte - Establecimiento El Viejo Roble", "river": "", "variable": "precipitación horaria", "var_id": 31, "unit": "", "network": "red_inta", "province": "", "procedure": "", "live": true, "percentiles": ""}}, {"type": "Feature", "geometry": {"type": "Point", "coordinates": [-58.11, -29.87]}, "properties": {"series_id": 4356, "station_id": 849, "station": "Curuzu Cuatia - EEA Mercedes - Estancia Santa Braulia", "river": "", "variable": "precipitación horaria", "var_id": 31, "unit": "", "network": "red_inta", "province": "", "procedure": "", "live": true, "percentiles": ""}}, {"type": "Feature", "geometry": {"type": "Point", "coordinates": [-59.5040016174316, -25.4479999542236]}, "properties": {"series_id": 4007, "station_id": 851, "station": "Bartolomé de las Casas - EEA Colorado", "river": "", "variable": "precipitación horaria", "var_id": 31, "unit": "", "network": "red_inta", "province": "", "procedure": "", "live": true, "percentiles": ""}}, {"type": "Feature", "geometry": {"type": "Point", "coordinates": [-61.1419448852539, -32.9283332824707]}, "properties": {"series_id": 807, "station_id": 855, "station": "carcaraña", "river": "", "variable": "precipitación diaria 12Z", "var_id": 1, "unit": "", "network": "red_salado", "province": "", "procedure": "", "live": true, "percentiles": ""}}, {"type": "Feature", "geometry": {"type": "Point", "coordinates": [-61.518611907959, -28.2286109924316]}, "properties": {"series_id": 810, "station_id": 858, "station": "gregoria denis", "river": "", "variable": "precipitación diaria 12Z", "var_id": 1, "unit": "", "network": "red_salado", "province": "", "procedure": "", "live": true, "percentiles": ""}}, {"type": "Feature", "geometry": {"type": "Point", "coordinates": [-61.0716667175293, -31.3888893127441]}, "properties": {"series_id": 812, "station_id": 860, "station": "humboltd", "river": "", "variable": "precipitación diaria 12Z", "var_id": 1, "unit": "", "network": "red_salado", "province": "", "procedure": "", "live": true, "percentiles": ""}}, {"type": "Feature", "geometry": {"type": "Point", "coordinates": [-61.0716667175293, -32.8097229003906]}, "properties": {"series_id": 813, "station_id": 861, "station": "las rosas", "river": "", "variable": "precipitación diaria 12Z", "var_id": 1, "unit": "", "network": "red_salado", "province": "", "procedure": "", "live": true, "percentiles": ""}}, {"type": "Feature", "geometry": {"type": "Point", "coordinates": [-60.2505569458008, -29.6963882446289]}, "properties": {"series_id": 814, "station_id": 862, "station": "margarita", "river": "", "variable": "precipitación diaria 12Z", "var_id": 1, "unit": "", "network": "red_salado", "province": "", "procedure": "", "live": true, "percentiles": ""}}, {"type": "Feature", "geometry": {"type": "Point", "coordinates": [-60.9319458007812, -32.3675003051758]}, "properties": {"series_id": 815, "station_id": 863, "station": "monje", "river": "", "variable": "precipitación diaria 12Z", "var_id": 1, "unit": "", "network": "red_salado", "province": "", "procedure": "", "live": true, "percentiles": ""}}, {"type": "Feature", "geometry": {"type": "Point", "coordinates": [-61.4419441223145, -31.2099990844727]}, "properties": {"series_id": 816, "station_id": 864, "station": "srrafaela", "river": "", "variable": "precipitación diaria 12Z", "var_id": 1, "unit": "", "network": "red_salado", "province": "", "procedure": "", "live": true, "percentiles": ""}}, {"type": "Feature", "geometry": {"type": "Point", "coordinates": [-61.96, -33.68]}, "properties": {"series_id": 24643, "station_id": 869, "station": "Venado Tuerto", "river": "null", "variable": "precipitación horaria", "var_id": 31, "unit": "", "network": "red_salado", "province": "", "procedure": "", "live": true, "percentiles": ""}}, {"type": "Feature", "geometry": {"type": "Point", "coordinates": [-61.5666656494141, -32.4797210693359]}, "properties": {"series_id": 822, "station_id": 870, "station": "villa amelia", "river": "", "variable": "precipitación diaria 12Z", "var_id": 1, "unit": "", "network": "red_salado", "province": "", "procedure": "", "live": true, "percentiles": ""}}, {"type": "Feature", "geometry": {"type": "Point", "coordinates": [-61.54633, -32.96304]}, "properties": {"series_id": 24632, "station_id": 871, "station": "Villa Eloisa", "river": "", "variable": "precipitación horaria", "var_id": 31, "unit": "", "network": "red_salado", "province": "", "procedure": "", "live": true, "percentiles": ""}}, {"type": "Feature", "geometry": {"type": "Point", "coordinates": [-58.3580555555556, -34.6366666666667]}, "properties": {"series_id": 2985, "station_id": 872, "station": "La Boca", "river": "null", "variable": "precipitación horaria", "var_id": 31, "unit": "", "network": "red_acumar", "province": "", "procedure": "", "live": true, "percentiles": ""}}, {"type": "Feature", "geometry": {"type": "Point", "coordinates": [-58.6277055555556, -34.6608222222222]}, "properties": {"series_id": 2986, "station_id": 873, "station": "Morón", "river": "", "variable": "precipitación horaria", "var_id": 31, "unit": "", "network": "red_acumar", "province": "", "procedure": "", "live": true, "percentiles": ""}}, {"type": "Feature", "geometry": {"type": "Point", "coordinates": [-58.7250194444444, -34.6702861111111]}, "properties": {"series_id": 2987, "station_id": 874, "station": "Merlo", "river": "", "variable": "precipitación horaria", "var_id": 31, "unit": "", "network": "red_acumar", "province": "", "procedure": "", "live": true, "percentiles": ""}}, {"type": "Feature", "geometry": {"type": "Point", "coordinates": [-58.8355555555556, -34.7833333333333]}, "properties": {"series_id": 772, "station_id": 875, "station": "Marcos Paz", "river": "", "variable": "precipitación diaria 12Z", "var_id": 1, "unit": "", "network": "red_acumar", "province": "", "procedure": "", "live": true, "percentiles": ""}}, {"type": "Feature", "geometry": {"type": "Point", "coordinates": [-58.8355555555556, -34.7833333333333]}, "properties": {"series_id": 2988, "station_id": 875, "station": "Marcos Paz", "river": "", "variable": "precipitación horaria", "var_id": 31, "unit": "", "network": "red_acumar", "province": "", "procedure": "", "live": true, "percentiles": ""}}, {"type": "Feature", "geometry": {"type": "Point", "coordinates": [-58.2933805555556, -34.7166805555556]}, "properties": {"series_id": 774, "station_id": 877, "station": "Avellaneda", "river": "", "variable": "precipitación diaria 12Z", "var_id": 1, "unit": "", "network": "red_acumar", "province": "", "procedure": "", "live": true, "percentiles": ""}}, {"type": "Feature", "geometry": {"type": "Point", "coordinates": [-58.2933805555556, -34.7166805555556]}, "properties": {"series_id": 2990, "station_id": 877, "station": "Avellaneda", "river": "", "variable": "precipitación horaria", "var_id": 31, "unit": "", "network": "red_acumar", "province": "", "procedure": "", "live": true, "percentiles": ""}}, {"type": "Feature", "geometry": {"type": "Point", "coordinates": [-58.3880944444444, -34.7975361111111]}, "properties": {"series_id": 775, "station_id": 878, "station": "Almirante Brown", "river": "", "variable": "precipitación diaria 12Z", "var_id": 1, "unit": "", "network": "red_acumar", "province": "", "procedure": "", "live": true, "percentiles": ""}}, {"type": "Feature", "geometry": {"type": "Point", "coordinates": [-58.4716666666667, -34.8222222222222]}, "properties": {"series_id": 2992, "station_id": 879, "station": "Esteban Echeverría", "river": "", "variable": "precipitación horaria", "var_id": 31, "unit": "", "network": "red_acumar", "province": "", "procedure": "", "live": true, "percentiles": ""}}, {"type": "Feature", "geometry": {"type": "Point", "coordinates": [-58.4564583333333, -34.714275]}, "properties": {"series_id": 2993, "station_id": 880, "station": "Lomas de Zamora", "river": "", "variable": "precipitación horaria", "var_id": 31, "unit": "", "network": "red_acumar", "province": "", "procedure": "", "live": true, "percentiles": ""}}, {"type": "Feature", "geometry": {"type": "Point", "coordinates": [-58.4094444444444, -35.0411111111111]}, "properties": {"series_id": 778, "station_id": 881, "station": "San Vicente", "river": "", "variable": "precipitación diaria 12Z", "var_id": 1, "unit": "", "network": "red_acumar", "province": "", "procedure": "", "live": true, "percentiles": ""}}, {"type": "Feature", "geometry": {"type": "Point", "coordinates": [-58.4094444444444, -35.0411111111111]}, "properties": {"series_id": 2994, "station_id": 881, "station": "San Vicente", "river": "", "variable": "precipitación horaria", "var_id": 31, "unit": "", "network": "red_acumar", "province": "", "procedure": "", "live": true, "percentiles": ""}}, {"type": "Feature", "geometry": {"type": "Point", "coordinates": [-58.3809472222222, -34.9465055555556]}, "properties": {"series_id": 779, "station_id": 882, "station": "Presidente Perón", "river": "", "variable": "precipitación diaria 12Z", "var_id": 1, "unit": "", "network": "red_acumar", "province": "", "procedure": "", "live": true, "percentiles": ""}}, {"type": "Feature", "geometry": {"type": "Point", "coordinates": [-58.3809472222222, -34.9465055555556]}, "properties": {"series_id": 2995, "station_id": 882, "station": "Presidente Perón", "river": "", "variable": "precipitación horaria", "var_id": 31, "unit": "", "network": "red_acumar", "province": "", "procedure": "", "live": true, "percentiles": ""}}, {"type": "Feature", "geometry": {"type": "Point", "coordinates": [-58.5256805555556, -34.8551555555556]}, "properties": {"series_id": 781, "station_id": 884, "station": "Ezeiza", "river": "", "variable": "precipitación diaria 12Z", "var_id": 1, "unit": "", "network": "red_acumar", "province": "", "procedure": "", "live": true, "percentiles": ""}}, {"type": "Feature", "geometry": {"type": "Point", "coordinates": [-58.5256805555556, -34.8551555555556]}, "properties": {"series_id": 2997, "station_id": 884, "station": "Ezeiza", "river": "", "variable": "precipitación horaria", "var_id": 31, "unit": "", "network": "red_acumar", "province": "", "procedure": "", "live": true, "percentiles": ""}}, {"type": "Feature", "geometry": {"type": "Point", "coordinates": [-58.8, -35.1]}, "properties": {"series_id": 782, "station_id": 885, "station": "Cañuelas", "river": "", "variable": "precipitación diaria 12Z", "var_id": 1, "unit": "", "network": "red_acumar", "province": "", "procedure": "", "live": true, "percentiles": ""}}, {"type": "Feature", "geometry": {"type": "Point", "coordinates": [-58.8, -35.1]}, "properties": {"series_id": 2998, "station_id": 885, "station": "Cañuelas", "river": "", "variable": "precipitación horaria", "var_id": 31, "unit": "", "network": "red_acumar", "province": "", "procedure": "", "live": true, "percentiles": ""}}, {"type": "Feature", "geometry": {"type": "Point", "coordinates": [-58.5, -34.5833333333333]}, "properties": {"series_id": 783, "station_id": 886, "station": "SMN Ortuzar", "river": "", "variable": "precipitación diaria 12Z", "var_id": 1, "unit": "", "network": "red_acumar", "province": "", "procedure": "", "live": true, "percentiles": ""}}, {"type": "Feature", "geometry": {"type": "Point", "coordinates": [-58.5, -34.5833333333333]}, "properties": {"series_id": 2999, "station_id": 886, "station": "SMN Ortuzar", "river": "", "variable": "precipitación horaria", "var_id": 31, "unit": "", "network": "red_acumar", "province": "", "procedure": "", "live": true, "percentiles": ""}}, {"type": "Feature", "geometry": {"type": "Point", "coordinates": [-58.5016666666667, -34.51]}, "properties": {"series_id": 784, "station_id": 887, "station": "Mercobras", "river": "", "variable": "precipitación diaria 12Z", "var_id": 1, "unit": "", "network": "red_acumar", "province": "", "procedure": "", "live": true, "percentiles": ""}}, {"type": "Feature", "geometry": {"type": "Point", "coordinates": [-58.5016666666667, -34.51]}, "properties": {"series_id": 3000, "station_id": 887, "station": "Mercobras", "river": "", "variable": "precipitación horaria", "var_id": 31, "unit": "", "network": "red_acumar", "province": "", "procedure": "", "live": true, "percentiles": ""}}, {"type": "Feature", "geometry": {"type": "Point", "coordinates": [-58.5261111111111, -34.5786111111111]}, "properties": {"series_id": 3001, "station_id": 888, "station": "UNSAM", "river": "", "variable": "precipitación horaria", "var_id": 31, "unit": "", "network": "red_acumar", "province": "", "procedure": "", "live": true, "percentiles": ""}}, {"type": "Feature", "geometry": {"type": "Point", "coordinates": [-58.44, -34.5419444444444]}, "properties": {"series_id": 786, "station_id": 889, "station": "FCEN", "river": "", "variable": "precipitación diaria 12Z", "var_id": 1, "unit": "", "network": "red_acumar", "province": "", "procedure": "", "live": true, "percentiles": ""}}, {"type": "Feature", "geometry": {"type": "Point", "coordinates": [-58.44, -34.5419444444444]}, "properties": {"series_id": 3002, "station_id": 889, "station": "FCEN", "river": "", "variable": "precipitación horaria", "var_id": 31, "unit": "", "network": "red_acumar", "province": "", "procedure": "", "live": true, "percentiles": ""}}, {"type": "Feature", "geometry": {"type": "Point", "coordinates": [-58.5375, -34.4686111111111]}, "properties": {"series_id": 787, "station_id": 890, "station": "San Isidro Beccar", "river": "", "variable": "precipitación diaria 12Z", "var_id": 1, "unit": "", "network": "red_acumar", "province": "", "procedure": "", "live": true, "percentiles": ""}}, {"type": "Feature", "geometry": {"type": "Point", "coordinates": [-60.4, -34.6]}, "properties": {"series_id": 791, "station_id": 894, "station": "Aeroclub Chacabuco", "river": "", "variable": "precipitación diaria 12Z", "var_id": 1, "unit": "", "network": "red_acumar", "province": "", "procedure": "", "live": true, "percentiles": ""}}, {"type": "Feature", "geometry": {"type": "Point", "coordinates": [-58.279983, -34.804369]}, "properties": {"series_id": 792, "station_id": 895, "station": "Florencio Varela M", "river": "", "variable": "precipitación diaria 12Z", "var_id": 1, "unit": "", "network": "red_acumar", "province": "", "procedure": "", "live": true, "percentiles": ""}}, {"type": "Feature", "geometry": {"type": "Point", "coordinates": [-58.2747, -34.9286]}, "properties": {"series_id": 803, "station_id": 896, "station": "La Capilla (FV)", "river": "", "variable": "precipitación diaria 12Z", "var_id": 1, "unit": "", "network": "red_acumar", "province": "", "procedure": "", "live": true, "percentiles": ""}}, {"type": "Feature", "geometry": {"type": "Point", "coordinates": [-58.2747, -34.9286]}, "properties": {"series_id": 3009, "station_id": 896, "station": "La Capilla (FV)", "river": "", "variable": "precipitación horaria", "var_id": 31, "unit": "", "network": "red_acumar", "province": "", "procedure": "", "live": true, "percentiles": ""}}, {"type": "Feature", "geometry": {"type": "Point", "coordinates": [-58.9947222222222, -33.0444444444444]}, "properties": {"series_id": 824, "station_id": 907, "station": "larroque", "river": "", "variable": "precipitación diaria 12Z", "var_id": 1, "unit": "", "network": "emas", "province": "", "procedure": "", "live": true, "percentiles": ""}}, {"type": "Feature", "geometry": {"type": "Point", "coordinates": [-58.9947222222222, -33.0444444444444]}, "properties": {"series_id": 5928, "station_id": 907, "station": "larroque", "river": "", "variable": "precipitación horaria", "var_id": 31, "unit": "", "network": "emas", "province": "", "procedure": "", "live": true, "percentiles": ""}}, {"type": "Feature", "geometry": {"type": "Point", "coordinates": [-59.2219444444444, -31.2383333333333]}, "properties": {"series_id": 826, "station_id": 909, "station": "saucedeluna", "river": "", "variable": "precipitación diaria 12Z", "var_id": 1, "unit": "", "network": "emas", "province": "", "procedure": "", "live": true, "percentiles": ""}}, {"type": "Feature", "geometry": {"type": "Point", "coordinates": [-59.2219444444444, -31.2383333333333]}, "properties": {"series_id": 5939, "station_id": 909, "station": "saucedeluna", "river": "", "variable": "precipitación horaria", "var_id": 31, "unit": "", "network": "emas", "province": "", "procedure": "", "live": true, "percentiles": ""}}, {"type": "Feature", "geometry": {"type": "Point", "coordinates": [-58.52472, -31.62222]}, "properties": {"series_id": 828, "station_id": 911, "station": "sansalvador", "river": "", "variable": "precipitación diaria 12Z", "var_id": 1, "unit": "", "network": "emas", "province": "", "procedure": "", "live": true, "percentiles": ""}}, {"type": "Feature", "geometry": {"type": "Point", "coordinates": [-58.52472, -31.62222]}, "properties": {"series_id": 5923, "station_id": 911, "station": "sansalvador", "river": "", "variable": "precipitación horaria", "var_id": 31, "unit": "", "network": "emas", "province": "", "procedure": "", "live": true, "percentiles": ""}}, {"type": "Feature", "geometry": {"type": "Point", "coordinates": [-59.3941666666667, -32.7288888888889]}, "properties": {"series_id": 5930, "station_id": 912, "station": "galarza", "river": "", "variable": "precipitación horaria", "var_id": 31, "unit": "", "network": "emas", "province": "", "procedure": "", "live": true, "percentiles": ""}}, {"type": "Feature", "geometry": {"type": "Point", "coordinates": [-59.399925, -32.1728527777778]}, "properties": {"series_id": 5931, "station_id": 914, "station": "macia", "river": "", "variable": "precipitación horaria", "var_id": 31, "unit": "", "network": "emas", "province": "", "procedure": "", "live": true, "percentiles": ""}}, {"type": "Feature", "geometry": {"type": "Point", "coordinates": [-59.6, -30.7]}, "properties": {"series_id": 833, "station_id": 916, "station": "lapaz", "river": "", "variable": "precipitación diaria 12Z", "var_id": 1, "unit": "", "network": "emas", "province": "", "procedure": "", "live": true, "percentiles": ""}}, {"type": "Feature", "geometry": {"type": "Point", "coordinates": [-59.6, -30.7]}, "properties": {"series_id": 5934, "station_id": 916, "station": "lapaz", "river": "", "variable": "precipitación horaria", "var_id": 31, "unit": "", "network": "emas", "province": "", "procedure": "", "live": true, "percentiles": false}}, {"type": "Feature", "geometry": {"type": "Point", "coordinates": [-59.7991666666667, -32.3908333333333]}, "properties": {"series_id": 834, "station_id": 917, "station": "nogoya", "river": "", "variable": "precipitación diaria 12Z", "var_id": 1, "unit": "", "network": "emas", "province": "", "procedure": "", "live": true, "percentiles": ""}}, {"type": "Feature", "geometry": {"type": "Point", "coordinates": [-60.0177777777778, -31.8688888888889]}, "properties": {"series_id": 836, "station_id": 919, "station": "viale", "river": "", "variable": "precipitación diaria 12Z", "var_id": 1, "unit": "", "network": "emas", "province": "", "procedure": "", "live": true, "percentiles": ""}}, {"type": "Feature", "geometry": {"type": "Point", "coordinates": [-60.0177777777778, -31.8688888888889]}, "properties": {"series_id": 5935, "station_id": 919, "station": "viale", "river": "", "variable": "precipitación horaria", "var_id": 31, "unit": "", "network": "emas", "province": "", "procedure": "", "live": true, "percentiles": ""}}, {"type": "Feature", "geometry": {"type": "Point", "coordinates": [-60.5308333333333, -31.7219444444444]}, "properties": {"series_id": 5915, "station_id": 923, "station": "parana", "river": "", "variable": "precipitación horaria", "var_id": 31, "unit": "", "network": "emas", "province": "", "procedure": "", "live": true, "percentiles": ""}}, {"type": "Feature", "geometry": {"type": "Point", "coordinates": [-58.4, -32.167]}, "properties": {"series_id": 5917, "station_id": 924, "station": "villaelisa", "river": "", "variable": "precipitación horaria", "var_id": 31, "unit": "", "network": "emas", "province": "", "procedure": "", "live": true, "percentiles": ""}}, {"type": "Feature", "geometry": {"type": "Point", "coordinates": [-58.315, -30.357]}, "properties": {"series_id": 842, "station_id": 925, "station": "sjdelafrontera", "river": "", "variable": "precipitación diaria 12Z", "var_id": 1, "unit": "", "network": "emas", "province": "", "procedure": "", "live": true, "percentiles": ""}}, {"type": "Feature", "geometry": {"type": "Point", "coordinates": [-58.315, -30.357]}, "properties": {"series_id": 5918, "station_id": 925, "station": "sjdelafrontera", "river": "", "variable": "precipitación horaria", "var_id": 31, "unit": "", "network": "emas", "province": "", "procedure": "", "live": true, "percentiles": ""}}, {"type": "Feature", "geometry": {"type": "Point", "coordinates": [-59.26, -33.197]}, "properties": {"series_id": 5919, "station_id": 926, "station": "cuchilla", "river": "", "variable": "precipitación horaria", "var_id": 31, "unit": "", "network": "emas", "province": "", "procedure": "", "live": true, "percentiles": ""}}, {"type": "Feature", "geometry": {"type": "Point", "coordinates": [-58.1459416666667, -32.2261611111111]}, "properties": {"series_id": 844, "station_id": 927, "station": "colon", "river": "", "variable": "precipitación diaria 12Z", "var_id": 1, "unit": "", "network": "emas", "province": "", "procedure": "", "live": true, "percentiles": ""}}, {"type": "Feature", "geometry": {"type": "Point", "coordinates": [-58.1459416666667, -32.2261611111111]}, "properties": {"series_id": 5920, "station_id": 927, "station": "colon", "river": "", "variable": "precipitación horaria", "var_id": 31, "unit": "", "network": "emas", "province": "", "procedure": "", "live": true, "percentiles": ""}}, {"type": "Feature", "geometry": {"type": "Point", "coordinates": [-58.3, -32.5]}, "properties": {"series_id": 5921, "station_id": 928, "station": "concepciondeluruguay", "river": "", "variable": "precipitación horaria", "var_id": 31, "unit": "", "network": "emas", "province": "", "procedure": "", "live": true, "percentiles": ""}}, {"type": "Feature", "geometry": {"type": "Point", "coordinates": [-58.5041666666667, -33.0144444444444]}, "properties": {"series_id": 846, "station_id": 929, "station": "gualeguaychu", "river": "", "variable": "precipitación diaria 12Z", "var_id": 1, "unit": "", "network": "emas", "province": "", "procedure": "", "live": true, "percentiles": ""}}, {"type": "Feature", "geometry": {"type": "Point", "coordinates": [-58.6602777777778, -33.7116666666667]}, "properties": {"series_id": 847, "station_id": 930, "station": "villaparanacito", "river": "", "variable": "precipitación diaria 12Z", "var_id": 1, "unit": "", "network": "emas", "province": "", "procedure": "", "live": true, "percentiles": ""}}, {"type": "Feature", "geometry": {"type": "Point", "coordinates": [-57.85945, -30.014261]}, "properties": {"series_id": 5900, "station_id": 1015, "station": "Libertad", "river": "", "variable": "precipitación horaria", "var_id": 31, "unit": "", "network": "estaciones_salto_grande", "province": "", "procedure": "", "live": true, "percentiles": ""}}, {"type": "Feature", "geometry": {"type": "Point", "coordinates": [-58.002561, -31.404212]}, "properties": {"series_id": 1303, "station_id": 1016, "station": "Puerto Concordia", "river": "null", "variable": "precipitación diaria 12Z", "var_id": 1, "unit": "", "network": "estaciones_salto_grande", "province": "", "procedure": "", "live": true, "percentiles": ""}}, {"type": "Feature", "geometry": {"type": "Point", "coordinates": [-58.002561, -31.404212]}, "properties": {"series_id": 5853, "station_id": 1016, "station": "Puerto Concordia", "river": "null", "variable": "precipitación horaria", "var_id": 31, "unit": "", "network": "estaciones_salto_grande", "province": "", "procedure": "", "live": true, "percentiles": ""}}, {"type": "Feature", "geometry": {"type": "Point", "coordinates": [-56.555522, -29.112957]}, "properties": {"series_id": 1369, "station_id": 1019, "station": "Alvear", "river": "", "variable": "Altura hidrométrica", "var_id": 2, "unit": "", "network": "estaciones_salto_grande", "province": "", "procedure": "", "live": true, "percentiles": ""}}, {"type": "Feature", "geometry": {"type": "Point", "coordinates": [-56.555522, -29.112957]}, "properties": {"series_id": 26741, "station_id": 1019, "station": "Alvear", "river": "", "variable": "Altura hidrométrica media mensual", "var_id": 33, "unit": "", "network": "estaciones_salto_grande", "province": "", "procedure": "", "live": true, "percentiles": ""}}, {"type": "Feature", "geometry": {"type": "Point", "coordinates": [-56.555522, -29.112957]}, "properties": {"series_id": 26365, "station_id": 1019, "station": "Alvear", "river": "", "variable": "Altura hidrométrica media diaria", "var_id": 39, "unit": "", "network": "estaciones_salto_grande", "province": "", "procedure": "", "live": true, "percentiles": ""}}, {"type": "Feature", "geometry": {"type": "Point", "coordinates": [-57.082856, -29.721745]}, "properties": {"series_id": 5859, "station_id": 1021, "station": "Paso de los Libres", "river": "", "variable": "precipitación horaria", "var_id": 31, "unit": "", "network": "estaciones_salto_grande", "province": "", "procedure": "", "live": true, "percentiles": ""}}, {"type": "Feature", "geometry": {"type": "Point", "coordinates": [-57.913847, -30.992189]}, "properties": {"series_id": 5860, "station_id": 1022, "station": "Federación", "river": "", "variable": "precipitación horaria", "var_id": 31, "unit": "", "network": "estaciones_salto_grande", "province": "", "procedure": "", "live": true, "percentiles": ""}}, {"type": "Feature", "geometry": {"type": "Point", "coordinates": [-57.913847, -30.992189]}, "properties": {"series_id": 26368, "station_id": 1022, "station": "Federación", "river": "", "variable": "Altura hidrométrica media diaria", "var_id": 39, "unit": "", "network": "estaciones_salto_grande", "province": "", "procedure": "", "live": true, "percentiles": ""}}, {"type": "Feature", "geometry": {"type": "Point", "coordinates": [-58.247317, -30.971026]}, "properties": {"series_id": 1311, "station_id": 1024, "station": "El Trompo", "river": "", "variable": "precipitación diaria 12Z", "var_id": 1, "unit": "", "network": "estaciones_salto_grande", "province": "", "procedure": "", "live": true, "percentiles": ""}}, {"type": "Feature", "geometry": {"type": "Point", "coordinates": [-58.247317, -30.971026]}, "properties": {"series_id": 5862, "station_id": 1024, "station": "El Trompo", "river": "", "variable": "precipitación horaria", "var_id": 31, "unit": "", "network": "estaciones_salto_grande", "province": "", "procedure": "", "live": true, "percentiles": ""}}, {"type": "Feature", "geometry": {"type": "Point", "coordinates": [-55.642269, -28.177515]}, "properties": {"series_id": 1322, "station_id": 1035, "station": "Garruchos", "river": "", "variable": "precipitación diaria 12Z", "var_id": 1, "unit": "", "network": "estaciones_salto_grande", "province": "", "procedure": "", "live": true, "percentiles": ""}}, {"type": "Feature", "geometry": {"type": "Point", "coordinates": [-55.642269, -28.177515]}, "properties": {"series_id": 1375, "station_id": 1035, "station": "Garruchos", "river": "", "variable": "Altura hidrométrica", "var_id": 2, "unit": "", "network": "estaciones_salto_grande", "province": "", "procedure": "", "live": true, "percentiles": ""}}, {"type": "Feature", "geometry": {"type": "Point", "coordinates": [-55.642269, -28.177515]}, "properties": {"series_id": 5881, "station_id": 1035, "station": "Garruchos", "river": "", "variable": "precipitación horaria", "var_id": 31, "unit": "", "network": "estaciones_salto_grande", "province": "", "procedure": "", "live": true, "percentiles": ""}}, {"type": "Feature", "geometry": {"type": "Point", "coordinates": [-55.642269, -28.177515]}, "properties": {"series_id": 26371, "station_id": 1035, "station": "Garruchos", "river": "", "variable": "Altura hidrométrica media diaria", "var_id": 39, "unit": "", "network": "estaciones_salto_grande", "province": "", "procedure": "", "live": true, "percentiles": ""}}, {"type": "Feature", "geometry": {"type": "Point", "coordinates": [-56.028995, -28.545073]}, "properties": {"series_id": 1323, "station_id": 1036, "station": "Santo Tomé", "river": "", "variable": "precipitación diaria 12Z", "var_id": 1, "unit": "", "network": "estaciones_salto_grande", "province": "", "procedure": "", "live": true, "percentiles": ""}}, {"type": "Feature", "geometry": {"type": "Point", "coordinates": [-56.028995, -28.545073]}, "properties": {"series_id": 1376, "station_id": 1036, "station": "Santo Tomé", "river": "", "variable": "Altura hidrométrica", "var_id": 2, "unit": "", "network": "estaciones_salto_grande", "province": "", "procedure": "", "live": true, "percentiles": ""}}, {"type": "Feature", "geometry": {"type": "Point", "coordinates": [-56.028995, -28.545073]}, "properties": {"series_id": 1391, "station_id": 1036, "station": "Santo Tomé", "river": "", "variable": "Caudal", "var_id": 4, "unit": "", "network": "estaciones_salto_grande", "province": "", "procedure": "", "live": true, "percentiles": ""}}, {"type": "Feature", "geometry": {"type": "Point", "coordinates": [-56.028995, -28.545073]}, "properties": {"series_id": 26372, "station_id": 1036, "station": "Santo Tomé", "river": "", "variable": "Altura hidrométrica media diaria", "var_id": 39, "unit": "", "network": "estaciones_salto_grande", "province": "", "procedure": "", "live": true, "percentiles": ""}}, {"type": "Feature", "geometry": {"type": "Point", "coordinates": [-56.028995, -28.545073]}, "properties": {"series_id": 18602, "station_id": 1036, "station": "Santo Tomé", "river": "", "variable": "Caudal medio diario", "var_id": 40, "unit": "", "network": "estaciones_salto_grande", "province": "", "procedure": "", "live": true, "percentiles": ""}}, {"type": "Feature", "geometry": {"type": "Point", "coordinates": [-55.129216, -27.869343]}, "properties": {"series_id": 1324, "station_id": 1037, "station": "San Javier", "river": "", "variable": "precipitación diaria 12Z", "var_id": 1, "unit": "", "network": "estaciones_salto_grande", "province": "", "procedure": "", "live": true, "percentiles": ""}}, {"type": "Feature", "geometry": {"type": "Point", "coordinates": [-55.129216, -27.869343]}, "properties": {"series_id": 1377, "station_id": 1037, "station": "San Javier", "river": "", "variable": "Altura hidrométrica", "var_id": 2, "unit": "", "network": "estaciones_salto_grande", "province": "", "procedure": "", "live": true, "percentiles": ""}}, {"type": "Feature", "geometry": {"type": "Point", "coordinates": [-55.129216, -27.869343]}, "properties": {"series_id": 1392, "station_id": 1037, "station": "San Javier", "river": "", "variable": "Caudal", "var_id": 4, "unit": "", "network": "estaciones_salto_grande", "province": "", "procedure": "", "live": true, "percentiles": ""}}, {"type": "Feature", "geometry": {"type": "Point", "coordinates": [-55.129216, -27.869343]}, "properties": {"series_id": 5883, "station_id": 1037, "station": "San Javier", "river": "", "variable": "precipitación horaria", "var_id": 31, "unit": "", "network": "estaciones_salto_grande", "province": "", "procedure": "", "live": true, "percentiles": ""}}, {"type": "Feature", "geometry": {"type": "Point", "coordinates": [-55.129216, -27.869343]}, "properties": {"series_id": 26373, "station_id": 1037, "station": "San Javier", "river": "", "variable": "Altura hidrométrica media diaria", "var_id": 39, "unit": "", "network": "estaciones_salto_grande", "province": "", "procedure": "", "live": true, "percentiles": ""}}, {"type": "Feature", "geometry": {"type": "Point", "coordinates": [-54.193437, -27.298582]}, "properties": {"series_id": 1325, "station_id": 1038, "station": "El Soberbio", "river": "", "variable": "precipitación diaria 12Z", "var_id": 1, "unit": "", "network": "estaciones_salto_grande", "province": "", "procedure": "", "live": true, "percentiles": ""}}, {"type": "Feature", "geometry": {"type": "Point", "coordinates": [-54.193437, -27.298582]}, "properties": {"series_id": 1378, "station_id": 1038, "station": "El Soberbio", "river": "", "variable": "Altura hidrométrica", "var_id": 2, "unit": "", "network": "estaciones_salto_grande", "province": "", "procedure": "", "live": true, "percentiles": ""}}, {"type": "Feature", "geometry": {"type": "Point", "coordinates": [-54.193437, -27.298582]}, "properties": {"series_id": 5884, "station_id": 1038, "station": "El Soberbio", "river": "", "variable": "precipitación horaria", "var_id": 31, "unit": "", "network": "estaciones_salto_grande", "province": "", "procedure": "", "live": true, "percentiles": ""}}, {"type": "Feature", "geometry": {"type": "Point", "coordinates": [-54.193437, -27.298582]}, "properties": {"series_id": 26374, "station_id": 1038, "station": "El Soberbio", "river": "", "variable": "Altura hidrométrica media diaria", "var_id": 39, "unit": "", "network": "estaciones_salto_grande", "province": "", "procedure": "", "live": true, "percentiles": ""}}, {"type": "Feature", "geometry": {"type": "Point", "coordinates": [-54.193437, -27.298582]}, "properties": {"series_id": 18604, "station_id": 1038, "station": "El Soberbio", "river": "", "variable": "Caudal medio diario", "var_id": 40, "unit": "", "network": "estaciones_salto_grande", "province": "", "procedure": "", "live": true, "percentiles": ""}}, {"type": "Feature", "geometry": {"type": "Point", "coordinates": [-53.933283, -27.153304]}, "properties": {"series_id": 1326, "station_id": 1039, "station": "Pepirí Miní", "river": "", "variable": "precipitación diaria 12Z", "var_id": 1, "unit": "", "network": "estaciones_salto_grande", "province": "", "procedure": "", "live": true, "percentiles": ""}}, {"type": "Feature", "geometry": {"type": "Point", "coordinates": [-53.933283, -27.153304]}, "properties": {"series_id": 1379, "station_id": 1039, "station": "Pepirí Miní", "river": "", "variable": "Altura hidrométrica", "var_id": 2, "unit": "", "network": "estaciones_salto_grande", "province": "", "procedure": "", "live": true, "percentiles": ""}}, {"type": "Feature", "geometry": {"type": "Point", "coordinates": [-57.705043, -29.357037]}, "properties": {"series_id": 1349, "station_id": 1062, "station": "Miriñay Medio", "river": "", "variable": "precipitación diaria 12Z", "var_id": 1, "unit": "", "network": "estaciones_salto_grande", "province": "", "procedure": "", "live": true, "percentiles": ""}}, {"type": "Feature", "geometry": {"type": "Point", "coordinates": [-57.705043, -29.357037]}, "properties": {"series_id": 5911, "station_id": 1062, "station": "Miriñay Medio", "river": "", "variable": "precipitación horaria", "var_id": 31, "unit": "", "network": "estaciones_salto_grande", "province": "", "procedure": "", "live": true, "percentiles": ""}}, {"type": "Feature", "geometry": {"type": "Point", "coordinates": [-57.674446, -29.845637]}, "properties": {"series_id": 1383, "station_id": 1063, "station": "Miriñay Río", "river": "", "variable": "Altura hidrométrica", "var_id": 2, "unit": "", "network": "estaciones_salto_grande", "province": "", "procedure": "", "live": true, "percentiles": ""}}, {"type": "Feature", "geometry": {"type": "Point", "coordinates": [-57.674446, -29.845637]}, "properties": {"series_id": 1396, "station_id": 1063, "station": "Miriñay Río", "river": "", "variable": "Caudal", "var_id": 4, "unit": "", "network": "estaciones_salto_grande", "province": "", "procedure": "", "live": true, "percentiles": ""}}, {"type": "Feature", "geometry": {"type": "Point", "coordinates": [-57.674446, -29.845637]}, "properties": {"series_id": 26755, "station_id": 1063, "station": "Miriñay Río", "river": "", "variable": "Altura hidrométrica media mensual", "var_id": 33, "unit": "", "network": "estaciones_salto_grande", "province": "", "procedure": "", "live": true, "percentiles": ""}}, {"type": "Feature", "geometry": {"type": "Point", "coordinates": [-57.674446, -29.845637]}, "properties": {"series_id": 26379, "station_id": 1063, "station": "Miriñay Río", "river": "", "variable": "Altura hidrométrica media diaria", "var_id": 39, "unit": "", "network": "estaciones_salto_grande", "province": "", "procedure": "", "live": true, "percentiles": ""}}, {"type": "Feature", "geometry": {"type": "Point", "coordinates": [-58.193534, -29.377358]}, "properties": {"series_id": 5885, "station_id": 1064, "station": "Solari", "river": "", "variable": "precipitación horaria", "var_id": 31, "unit": "", "network": "estaciones_salto_grande", "province": "", "procedure": "", "live": true, "percentiles": ""}}, {"type": "Feature", "geometry": {"type": "Point", "coordinates": [-58.070281, -29.787069]}, "properties": {"series_id": 5888, "station_id": 1066, "station": "Curuzú Cuatiá", "river": "", "variable": "precipitación horaria", "var_id": 31, "unit": "", "network": "estaciones_salto_grande", "province": "", "procedure": "", "live": true, "percentiles": ""}}, {"type": "Feature", "geometry": {"type": "Point", "coordinates": [-58.468999, -30.590296]}, "properties": {"series_id": 1355, "station_id": 1068, "station": "Los Conquistadores", "river": "", "variable": "precipitación diaria 12Z", "var_id": 1, "unit": "", "network": "estaciones_salto_grande", "province": "", "procedure": "", "live": true, "percentiles": ""}}, {"type": "Feature", "geometry": {"type": "Point", "coordinates": [-58.317145, -30.337372]}, "properties": {"series_id": 5891, "station_id": 1070, "station": "San Jaime", "river": "", "variable": "precipitación horaria", "var_id": 31, "unit": "", "network": "estaciones_salto_grande", "province": "", "procedure": "", "live": true, "percentiles": ""}}, {"type": "Feature", "geometry": {"type": "Point", "coordinates": [-57.966907, -30.214445]}, "properties": {"series_id": 5892, "station_id": 1071, "station": "Mocoretá Medio", "river": "", "variable": "precipitación horaria", "var_id": 31, "unit": "", "network": "estaciones_salto_grande", "province": "", "procedure": "", "live": true, "percentiles": ""}}, {"type": "Feature", "geometry": {"type": "Point", "coordinates": [-57.820722, -30.690307]}, "properties": {"series_id": 1360, "station_id": 1073, "station": "Mocoretá Lago", "river": "", "variable": "precipitación diaria 12Z", "var_id": 1, "unit": "", "network": "estaciones_salto_grande", "province": "", "procedure": "", "live": true, "percentiles": ""}}, {"type": "Feature", "geometry": {"type": "Point", "coordinates": [-57.820722, -30.690307]}, "properties": {"series_id": 1385, "station_id": 1073, "station": "Mocoretá Lago", "river": "", "variable": "Altura hidrométrica", "var_id": 2, "unit": "", "network": "estaciones_salto_grande", "province": "", "procedure": "", "live": true, "percentiles": ""}}, {"type": "Feature", "geometry": {"type": "Point", "coordinates": [-57.622519, -30.249296]}, "properties": {"series_id": 1386, "station_id": 1074, "station": "Monte Caseros", "river": "", "variable": "Altura hidrométrica", "var_id": 2, "unit": "", "network": "estaciones_salto_grande", "province": "", "procedure": "", "live": true, "percentiles": ""}}, {"type": "Feature", "geometry": {"type": "Point", "coordinates": [-57.622519, -30.249296]}, "properties": {"series_id": 26758, "station_id": 1074, "station": "Monte Caseros", "river": "", "variable": "Altura hidrométrica media mensual", "var_id": 33, "unit": "", "network": "estaciones_salto_grande", "province": "", "procedure": "", "live": true, "percentiles": ""}}, {"type": "Feature", "geometry": {"type": "Point", "coordinates": [-57.880984, -30.390258]}, "properties": {"series_id": 1362, "station_id": 1075, "station": "Pujol", "river": "", "variable": "precipitación diaria 12Z", "var_id": 1, "unit": "", "network": "estaciones_salto_grande", "province": "", "procedure": "", "live": true, "percentiles": ""}}, {"type": "Feature", "geometry": {"type": "Point", "coordinates": [-57.880984, -30.390258]}, "properties": {"series_id": 5896, "station_id": 1075, "station": "Pujol", "river": "", "variable": "precipitación horaria", "var_id": 31, "unit": "", "network": "estaciones_salto_grande", "province": "", "procedure": "", "live": true, "percentiles": ""}}, {"type": "Feature", "geometry": {"type": "Point", "coordinates": [-57.982836, -30.626772]}, "properties": {"series_id": 1388, "station_id": 1077, "station": "Mocoretá Río", "river": "", "variable": "Altura hidrométrica", "var_id": 2, "unit": "", "network": "estaciones_salto_grande", "province": "", "procedure": "", "live": true, "percentiles": ""}}, {"type": "Feature", "geometry": {"type": "Point", "coordinates": [-57.982836, -30.626772]}, "properties": {"series_id": 26760, "station_id": 1077, "station": "Mocoretá Río", "river": "", "variable": "Altura hidrométrica media mensual", "var_id": 33, "unit": "", "network": "estaciones_salto_grande", "province": "", "procedure": "", "live": true, "percentiles": ""}}, {"type": "Feature", "geometry": {"type": "Point", "coordinates": [-57.429814, -29.819517]}, "properties": {"series_id": 5899, "station_id": 1078, "station": "Bonpland", "river": "", "variable": "precipitación horaria", "var_id": 31, "unit": "", "network": "estaciones_salto_grande", "province": "", "procedure": "", "live": true, "percentiles": false}}, {"type": "Feature", "geometry": {"type": "Point", "coordinates": [-60.019236111, -35.987583333]}, "properties": {"series_id": 29907, "station_id": 1091, "station": "Gral. Alvear", "river": "Arroyo Las Flores", "variable": "Altura hidrométrica media diaria", "var_id": 39, "unit": "", "network": "alturas_bdhi", "province": "", "procedure": "", "live": true, "percentiles": ""}}, {"type": "Feature", "geometry": {"type": "Point", "coordinates": [-57.6994916666667, -36.2803833333333]}, "properties": {"series_id": 29908, "station_id": 1092, "station": "RN2", "river": "Canal 9", "variable": "Altura hidrométrica media diaria", "var_id": 39, "unit": "", "network": "alturas_bdhi", "province": "", "procedure": "", "live": true, "percentiles": ""}}, {"type": "Feature", "geometry": {"type": "Point", "coordinates": [-60.337943, -29.867045]}, "properties": {"series_id": 3041, "station_id": 1094, "station": "RP38", "river": "Salado Santafesino", "variable": "Altura hidrométrica", "var_id": 2, "unit": "", "network": "alturas_bdhi", "province": "", "procedure": "", "live": true, "percentiles": ""}}, {"type": "Feature", "geometry": {"type": "Point", "coordinates": [-60.337943, -29.867045]}, "properties": {"series_id": 6407, "station_id": 1094, "station": "RP38", "river": "Salado Santafesino", "variable": "Caudal", "var_id": 4, "unit": "", "network": "alturas_bdhi", "province": "", "procedure": "", "live": true, "percentiles": ""}}, {"type": "Feature", "geometry": {"type": "Point", "coordinates": [-58.4426647718186, -34.0752137139779]}, "properties": {"series_id": 26765, "station_id": 1257, "station": "Arroyo Borches", "river": "Arroyo Borches", "variable": "Altura hidrométrica media mensual", "var_id": 33, "unit": "", "network": "ina_delta", "province": "", "procedure": "", "live": true, "percentiles": ""}}, {"type": "Feature", "geometry": {"type": "Point", "coordinates": [-58.4426647718186, -34.0752137139779]}, "properties": {"series_id": 26385, "station_id": 1257, "station": "Arroyo Borches", "river": "Arroyo Borches", "variable": "Altura hidrométrica media diaria", "var_id": 39, "unit": "", "network": "ina_delta", "province": "", "procedure": "", "live": true, "percentiles": ""}}, {"type": "Feature", "geometry": {"type": "Point", "coordinates": [-61.5699996948242, -32.4900016784668]}, "properties": {"series_id": 2115, "station_id": 1261, "station": "Las Rosas - EEA Oliveros", "river": "", "variable": "precipitación diaria 12Z", "var_id": 1, "unit": "", "network": "red_inta", "province": "", "procedure": "", "live": true, "percentiles": ""}}, {"type": "Feature", "geometry": {"type": "Point", "coordinates": [-61.5699996948242, -32.4900016784668]}, "properties": {"series_id": 4002, "station_id": 1261, "station": "Las Rosas - EEA Oliveros", "river": "", "variable": "precipitación horaria", "var_id": 31, "unit": "", "network": "red_inta", "province": "", "procedure": "", "live": true, "percentiles": ""}}, {"type": "Feature", "geometry": {"type": "Point", "coordinates": [-63.0800018310547, -37.75]}, "properties": {"series_id": 2189, "station_id": 1299, "station": "Bordenave - EEA Bordenave", "river": "", "variable": "precipitación diaria 12Z", "var_id": 1, "unit": "", "network": "red_inta", "province": "", "procedure": "", "live": true, "percentiles": ""}}, {"type": "Feature", "geometry": {"type": "Point", "coordinates": [-63.0800018310547, -37.75]}, "properties": {"series_id": 4046, "station_id": 1299, "station": "Bordenave - EEA Bordenave", "river": "", "variable": "precipitación horaria", "var_id": 31, "unit": "", "network": "red_inta", "province": "", "procedure": "", "live": true, "percentiles": ""}}, {"type": "Feature", "geometry": {"type": "Point", "coordinates": [-59.2400016784668, -32.9300003051758]}, "properties": {"series_id": 2195, "station_id": 1341, "station": "Aldea Asuncion", "river": "", "variable": "precipitación diaria 12Z", "var_id": 1, "unit": "", "network": "red_inta", "province": "", "procedure": "", "live": true, "percentiles": ""}}, {"type": "Feature", "geometry": {"type": "Point", "coordinates": [-59.2400016784668, -32.9300003051758]}, "properties": {"series_id": 4052, "station_id": 1341, "station": "Aldea Asuncion", "river": "", "variable": "precipitación horaria", "var_id": 31, "unit": "", "network": "red_inta", "province": "", "procedure": "", "live": true, "percentiles": ""}}, {"type": "Feature", "geometry": {"type": "Point", "coordinates": [-63.1399993896484, -38.8899993896484]}, "properties": {"series_id": 2196, "station_id": 1342, "station": "Algarrobo", "river": "", "variable": "precipitación diaria 12Z", "var_id": 1, "unit": "", "network": "red_inta", "province": "", "procedure": "", "live": true, "percentiles": ""}}, {"type": "Feature", "geometry": {"type": "Point", "coordinates": [-63.1399993896484, -38.8899993896484]}, "properties": {"series_id": 4053, "station_id": 1342, "station": "Algarrobo", "river": "", "variable": "precipitación horaria", "var_id": 31, "unit": "", "network": "red_inta", "province": "", "procedure": "", "live": true, "percentiles": ""}}, {"type": "Feature", "geometry": {"type": "Point", "coordinates": [-59.1599998474121, -32.060001373291]}, "properties": {"series_id": 2198, "station_id": 1344, "station": "Altamirano Norte", "river": "", "variable": "precipitación diaria 12Z", "var_id": 1, "unit": "", "network": "red_inta", "province": "", "procedure": "", "live": true, "percentiles": ""}}, {"type": "Feature", "geometry": {"type": "Point", "coordinates": [-57.4599990844727, -29.7800006866455]}, "properties": {"series_id": 2200, "station_id": 1346, "station": "Arandú", "river": "", "variable": "precipitación diaria 12Z", "var_id": 1, "unit": "", "network": "red_inta", "province": "", "procedure": "", "live": true, "percentiles": ""}}, {"type": "Feature", "geometry": {"type": "Point", "coordinates": [-57.4599990844727, -29.7800006866455]}, "properties": {"series_id": 4057, "station_id": 1346, "station": "Arandú", "river": "", "variable": "precipitación horaria", "var_id": 31, "unit": "", "network": "red_inta", "province": "", "procedure": "", "live": true, "percentiles": ""}}, {"type": "Feature", "geometry": {"type": "Point", "coordinates": [-58.4700012207031, -31.8500003814697]}, "properties": {"series_id": 4067, "station_id": 1347, "station": "Arroyo Barú", "river": "", "variable": "precipitación horaria", "var_id": 31, "unit": "", "network": "red_inta", "province": "", "procedure": "", "live": true, "percentiles": ""}}, {"type": "Feature", "geometry": {"type": "Point", "coordinates": [-59.0900001525879, -31.3099994659424]}, "properties": {"series_id": 4068, "station_id": 1348, "station": "Arroyo del Medio", "river": "", "variable": "precipitación horaria", "var_id": 31, "unit": "", "network": "red_inta", "province": "", "procedure": "", "live": true, "percentiles": ""}}, {"type": "Feature", "geometry": {"type": "Point", "coordinates": [-58.7700004577637, -30.6599998474121]}, "properties": {"series_id": 4069, "station_id": 1349, "station": "Atencio", "river": "", "variable": "precipitación horaria", "var_id": 31, "unit": "", "network": "red_inta", "province": "", "procedure": "", "live": true, "percentiles": ""}}, {"type": "Feature", "geometry": {"type": "Point", "coordinates": [-71.25, -41.1199989318848]}, "properties": {"series_id": 2205, "station_id": 1351, "station": "Bariloche - EEA Bariloche", "river": "", "variable": "precipitación diaria 12Z", "var_id": 1, "unit": "", "network": "red_inta", "province": "", "procedure": "", "live": true, "percentiles": ""}}, {"type": "Feature", "geometry": {"type": "Point", "coordinates": [-71.25, -41.1199989318848]}, "properties": {"series_id": 4071, "station_id": 1351, "station": "Bariloche - EEA Bariloche", "river": "", "variable": "precipitación horaria", "var_id": 31, "unit": "", "network": "red_inta", "province": "", "procedure": "", "live": true, "percentiles": ""}}, {"type": "Feature", "geometry": {"type": "Point", "coordinates": [-58.8800010681152, -32.3800010681152]}, "properties": {"series_id": 4072, "station_id": 1352, "station": "Basavilbaso", "river": "", "variable": "precipitación horaria", "var_id": 31, "unit": "", "network": "red_inta", "province": "", "procedure": "", "live": true, "percentiles": ""}}, {"type": "Feature", "geometry": {"type": "Point", "coordinates": [-58.6599998474121, -30.2900009155273]}, "properties": {"series_id": 2207, "station_id": 1353, "station": "Basualdo", "river": "", "variable": "precipitación diaria 12Z", "var_id": 1, "unit": "", "network": "red_inta", "province": "", "procedure": "", "live": true, "percentiles": false}}, {"type": "Feature", "geometry": {"type": "Point", "coordinates": [-58.9900016784668, -28.4500007629395]}, "properties": {"series_id": 4074, "station_id": 1354, "station": "Bella Vista - EEA Bella Vista", "river": "", "variable": "precipitación horaria", "var_id": 31, "unit": "", "network": "red_inta", "province": "", "procedure": "", "live": true, "percentiles": ""}}, {"type": "Feature", "geometry": {"type": "Point", "coordinates": [-58.2999992370605, -31.9400005340576]}, "properties": {"series_id": 4075, "station_id": 1355, "station": "Berduc", "river": "", "variable": "precipitación horaria", "var_id": 31, "unit": "", "network": "red_inta", "province": "", "procedure": "", "live": true, "percentiles": ""}}, {"type": "Feature", "geometry": {"type": "Point", "coordinates": [-65.9700012207031, -26.1000003814697]}, "properties": {"series_id": 2211, "station_id": 1357, "station": "Bodegas Etchart", "river": "", "variable": "precipitación diaria 12Z", "var_id": 1, "unit": "", "network": "red_inta", "province": "", "procedure": "", "live": true, "percentiles": ""}}, {"type": "Feature", "geometry": {"type": "Point", "coordinates": [-65.9700012207031, -26.1000003814697]}, "properties": {"series_id": 4077, "station_id": 1357, "station": "Bodegas Etchart", "river": "", "variable": "precipitación horaria", "var_id": 31, "unit": "", "network": "red_inta", "province": "", "procedure": "", "live": true, "percentiles": ""}}, {"type": "Feature", "geometry": {"type": "Point", "coordinates": [-64.370002746582, -24.9799995422363]}, "properties": {"series_id": 2213, "station_id": 1359, "station": "Buenaventura", "river": "", "variable": "precipitación diaria 12Z", "var_id": 1, "unit": "", "network": "red_inta", "province": "", "procedure": "", "live": true, "percentiles": ""}}, {"type": "Feature", "geometry": {"type": "Point", "coordinates": [-68.1100006103516, -38.7400016784668]}, "properties": {"series_id": 2214, "station_id": 1360, "station": "C. A. Cordero - EEA Alto Valle", "river": "", "variable": "precipitación diaria 12Z", "var_id": 1, "unit": "", "network": "red_inta", "province": "", "procedure": "", "live": true, "percentiles": ""}}, {"type": "Feature", "geometry": {"type": "Point", "coordinates": [-68.1100006103516, -38.7400016784668]}, "properties": {"series_id": 4080, "station_id": 1360, "station": "C. A. Cordero - EEA Alto Valle", "river": "", "variable": "precipitación horaria", "var_id": 31, "unit": "", "network": "red_inta", "province": "", "procedure": "", "live": true, "percentiles": ""}}, {"type": "Feature", "geometry": {"type": "Point", "coordinates": [-59.9900016784668, -32.0699996948242]}, "properties": {"series_id": 2216, "station_id": 1362, "station": "CAFER - Don Cristóbal", "river": "", "variable": "precipitación diaria 12Z", "var_id": 1, "unit": "", "network": "red_inta", "province": "", "procedure": "", "live": true, "percentiles": ""}}, {"type": "Feature", "geometry": {"type": "Point", "coordinates": [-59.9900016784668, -32.0699996948242]}, "properties": {"series_id": 4312, "station_id": 1362, "station": "CAFER - Don Cristóbal", "river": "", "variable": "precipitación horaria", "var_id": 31, "unit": "", "network": "red_inta", "province": "", "procedure": "", "live": true, "percentiles": ""}}, {"type": "Feature", "geometry": {"type": "Point", "coordinates": [-69.4599990844727, -31.6200008392334]}, "properties": {"series_id": 4083, "station_id": 1364, "station": "Calingasta - EEA San Juan", "river": "", "variable": "precipitación horaria", "var_id": 31, "unit": "", "network": "red_inta", "province": "", "procedure": "", "live": true, "percentiles": ""}}, {"type": "Feature", "geometry": {"type": "Point", "coordinates": [-64.5500030517578, -30.8700008392334]}, "properties": {"series_id": 2220, "station_id": 1366, "station": "Capilla del Monte (EMC)", "river": "", "variable": "precipitación diaria 12Z", "var_id": 1, "unit": "", "network": "red_inta", "province": "", "procedure": "", "live": true, "percentiles": ""}}, {"type": "Feature", "geometry": {"type": "Point", "coordinates": [-66.1699981689453, -30.9599990844727]}, "properties": {"series_id": 4086, "station_id": 1367, "station": "Catuna - EEA La Rioja", "river": "", "variable": "precipitación horaria", "var_id": 31, "unit": "", "network": "red_inta", "province": "", "procedure": "", "live": true, "percentiles": ""}}, {"type": "Feature", "geometry": {"type": "Point", "coordinates": [-68.2900009155273, -31.7000007629395]}, "properties": {"series_id": 2222, "station_id": 1368, "station": "Caucete - EEA San Juan", "river": "", "variable": "precipitación diaria 12Z", "var_id": 1, "unit": "", "network": "red_inta", "province": "", "procedure": "", "live": true, "percentiles": ""}}, {"type": "Feature", "geometry": {"type": "Point", "coordinates": [-68.2900009155273, -31.7000007629395]}, "properties": {"series_id": 4087, "station_id": 1368, "station": "Caucete - EEA San Juan", "river": "", "variable": "precipitación horaria", "var_id": 31, "unit": "", "network": "red_inta", "province": "", "procedure": "", "live": true, "percentiles": ""}}, {"type": "Feature", "geometry": {"type": "Point", "coordinates": [-60.1500015258789, -28.3600006103516]}, "properties": {"series_id": 4088, "station_id": 1369, "station": "Cañada Ombu - EEA Reconquista", "river": "", "variable": "precipitación horaria", "var_id": 31, "unit": "", "network": "red_inta", "province": "", "procedure": "", "live": true, "percentiles": ""}}, {"type": "Feature", "geometry": {"type": "Point", "coordinates": [-62.9000015258789, -34.5499992370605]}, "properties": {"series_id": 4089, "station_id": 1370, "station": "Cañada Seca - EEA Villegas", "river": "", "variable": "precipitación horaria", "var_id": 31, "unit": "", "network": "red_inta", "province": "", "procedure": "", "live": true, "percentiles": ""}}, {"type": "Feature", "geometry": {"type": "Point", "coordinates": [-58.0900001525879, -29.5599994659424]}, "properties": {"series_id": 2226, "station_id": 1372, "station": "CEAGRO", "river": "", "variable": "precipitación diaria 12Z", "var_id": 1, "unit": "", "network": "red_inta", "province": "", "procedure": "", "live": true, "percentiles": ""}}, {"type": "Feature", "geometry": {"type": "Point", "coordinates": [-58.5999984741211, -27.3400001525879]}, "properties": {"series_id": 2227, "station_id": 1373, "station": "Centro de Conservación", "river": "", "variable": "precipitación diaria 12Z", "var_id": 1, "unit": "", "network": "red_inta", "province": "", "procedure": "", "live": true, "percentiles": ""}}, {"type": "Feature", "geometry": {"type": "Point", "coordinates": [-61.9599990844727, -29.8700008392334]}, "properties": {"series_id": 2228, "station_id": 1374, "station": "Ceres - EEA Rafaela", "river": "", "variable": "precipitación diaria 12Z", "var_id": 1, "unit": "", "network": "red_inta", "province": "", "procedure": "", "live": true, "percentiles": ""}}, {"type": "Feature", "geometry": {"type": "Point", "coordinates": [-61.9599990844727, -29.8700008392334]}, "properties": {"series_id": 4093, "station_id": 1374, "station": "Ceres - EEA Rafaela", "river": "", "variable": "precipitación horaria", "var_id": 31, "unit": "", "network": "red_inta", "province": "", "procedure": "", "live": true, "percentiles": ""}}, {"type": "Feature", "geometry": {"type": "Point", "coordinates": [-60.0800018310547, -31.5900001525879]}, "properties": {"series_id": 4094, "station_id": 1375, "station": "Cerrito", "river": "", "variable": "precipitación horaria", "var_id": 31, "unit": "", "network": "red_inta", "province": "", "procedure": "", "live": true, "percentiles": ""}}, {"type": "Feature", "geometry": {"type": "Point", "coordinates": [-65.8199996948242, -43.4000015258789]}, "properties": {"series_id": 2230, "station_id": 1376, "station": "Chacra 25 de Julio", "river": "", "variable": "precipitación diaria 12Z", "var_id": 1, "unit": "", "network": "red_inta", "province": "", "procedure": "", "live": true, "percentiles": ""}}, {"type": "Feature", "geometry": {"type": "Point", "coordinates": [-58.0099983215332, -30.7399997711182]}, "properties": {"series_id": 2231, "station_id": 1377, "station": "Chajarí", "river": "", "variable": "precipitación diaria 12Z", "var_id": 1, "unit": "", "network": "red_inta", "province": "", "procedure": "", "live": true, "percentiles": ""}}, {"type": "Feature", "geometry": {"type": "Point", "coordinates": [-58.0099983215332, -30.7399997711182]}, "properties": {"series_id": 4096, "station_id": 1377, "station": "Chajarí", "river": "", "variable": "precipitación horaria", "var_id": 31, "unit": "", "network": "red_inta", "province": "", "procedure": "", "live": true, "percentiles": ""}}, {"type": "Feature", "geometry": {"type": "Point", "coordinates": [-58.4599990844727, -28.8700008392334]}, "properties": {"series_id": 2233, "station_id": 1379, "station": "Chavarria", "river": "", "variable": "precipitación diaria 12Z", "var_id": 1, "unit": "", "network": "red_inta", "province": "", "procedure": "", "live": true, "percentiles": ""}}, {"type": "Feature", "geometry": {"type": "Point", "coordinates": [-69.9199981689453, -43.2299995422363]}, "properties": {"series_id": 2193, "station_id": 1380, "station": "Colan Conhué - EEA Esquel", "river": "", "variable": "precipitación diaria 12Z", "var_id": 1, "unit": "", "network": "red_inta", "province": "", "procedure": "", "live": true, "percentiles": ""}}, {"type": "Feature", "geometry": {"type": "Point", "coordinates": [-57.2000007629395, -28.5499992370605]}, "properties": {"series_id": 4102, "station_id": 1381, "station": "Colonia Carlos Pellegrini", "river": "", "variable": "precipitación horaria", "var_id": 31, "unit": "", "network": "red_inta", "province": "", "procedure": "", "live": true, "percentiles": ""}}, {"type": "Feature", "geometry": {"type": "Point", "coordinates": [-59.5900001525879, -31.3199996948242]}, "properties": {"series_id": 2235, "station_id": 1382, "station": "Colonia Carrasco", "river": "", "variable": "precipitación diaria 12Z", "var_id": 1, "unit": "", "network": "red_inta", "province": "", "procedure": "", "live": true, "percentiles": ""}}, {"type": "Feature", "geometry": {"type": "Point", "coordinates": [-59.5900001525879, -31.3199996948242]}, "properties": {"series_id": 4103, "station_id": 1382, "station": "Colonia Carrasco", "river": "", "variable": "precipitación horaria", "var_id": 31, "unit": "", "network": "red_inta", "province": "", "procedure": "", "live": true, "percentiles": ""}}, {"type": "Feature", "geometry": {"type": "Point", "coordinates": [-58.5099983215332, -30.8799991607666]}, "properties": {"series_id": 2238, "station_id": 1385, "station": "Colonia Santa Lucia", "river": "", "variable": "precipitación diaria 12Z", "var_id": 1, "unit": "", "network": "red_inta", "province": "", "procedure": "", "live": true, "percentiles": ""}}, {"type": "Feature", "geometry": {"type": "Point", "coordinates": [-58.5099983215332, -30.8799991607666]}, "properties": {"series_id": 4106, "station_id": 1385, "station": "Colonia Santa Lucia", "river": "", "variable": "precipitación horaria", "var_id": 31, "unit": "", "network": "red_inta", "province": "", "procedure": "", "live": true, "percentiles": ""}}, {"type": "Feature", "geometry": {"type": "Point", "coordinates": [-58.1500015258789, -32.25]}, "properties": {"series_id": 2239, "station_id": 1386, "station": "Colón", "river": "", "variable": "precipitación diaria 12Z", "var_id": 1, "unit": "", "network": "red_inta", "province": "", "procedure": "", "live": true, "percentiles": ""}}, {"type": "Feature", "geometry": {"type": "Point", "coordinates": [-58.1500015258789, -32.25]}, "properties": {"series_id": 4107, "station_id": 1386, "station": "Colón", "river": "", "variable": "precipitación horaria", "var_id": 31, "unit": "", "network": "red_inta", "province": "", "procedure": "", "live": true, "percentiles": ""}}, {"type": "Feature", "geometry": {"type": "Point", "coordinates": [-59.689998626709, -25.3600006103516]}, "properties": {"series_id": 2240, "station_id": 1387, "station": "Comandante Fontana", "river": "", "variable": "precipitación diaria 12Z", "var_id": 1, "unit": "", "network": "red_inta", "province": "", "procedure": "", "live": true, "percentiles": ""}}, {"type": "Feature", "geometry": {"type": "Point", "coordinates": [-59.689998626709, -25.3600006103516]}, "properties": {"series_id": 4108, "station_id": 1387, "station": "Comandante Fontana", "river": "", "variable": "precipitación horaria", "var_id": 31, "unit": "", "network": "red_inta", "province": "", "procedure": "", "live": true, "percentiles": ""}}, {"type": "Feature", "geometry": {"type": "Point", "coordinates": [-57.9799995422363, -30.6200008392334]}, "properties": {"series_id": 2241, "station_id": 1388, "station": "Coopecicor", "river": "", "variable": "precipitación diaria 12Z", "var_id": 1, "unit": "", "network": "red_inta", "province": "", "procedure": "", "live": true, "percentiles": ""}}, {"type": "Feature", "geometry": {"type": "Point", "coordinates": [-60.0900001525879, -32.5699996948242]}, "properties": {"series_id": 2242, "station_id": 1389, "station": "Corrales", "river": "", "variable": "precipitación diaria 12Z", "var_id": 1, "unit": "", "network": "red_inta", "province": "", "procedure": "", "live": true, "percentiles": ""}}, {"type": "Feature", "geometry": {"type": "Point", "coordinates": [-60.25, -32.0699996948242]}, "properties": {"series_id": 2243, "station_id": 1390, "station": "Crespo", "river": "", "variable": "precipitación diaria 12Z", "var_id": 1, "unit": "", "network": "red_inta", "province": "", "procedure": "", "live": true, "percentiles": ""}}, {"type": "Feature", "geometry": {"type": "Point", "coordinates": [-60.25, -32.0699996948242]}, "properties": {"series_id": 4111, "station_id": 1390, "station": "Crespo", "river": "", "variable": "precipitación horaria", "var_id": 31, "unit": "", "network": "red_inta", "province": "", "procedure": "", "live": true, "percentiles": false}}, {"type": "Feature", "geometry": {"type": "Point", "coordinates": [-59.8499984741211, -31.9699993133545]}, "properties": {"series_id": 2244, "station_id": 1391, "station": "Crucecita 7ma.", "river": "", "variable": "precipitación diaria 12Z", "var_id": 1, "unit": "", "network": "red_inta", "province": "", "procedure": "", "live": true, "percentiles": ""}}, {"type": "Feature", "geometry": {"type": "Point", "coordinates": [-59.439998626709, -33.0400009155273]}, "properties": {"series_id": 2246, "station_id": 1393, "station": "Cuchilla", "river": "", "variable": "precipitación diaria 12Z", "var_id": 1, "unit": "", "network": "red_inta", "province": "", "procedure": "", "live": true, "percentiles": ""}}, {"type": "Feature", "geometry": {"type": "Point", "coordinates": [-57.9799995422363, -29.75]}, "properties": {"series_id": 2247, "station_id": 1394, "station": "Curuzu Cuatia (Aeropuerto)", "river": "", "variable": "precipitación diaria 12Z", "var_id": 1, "unit": "", "network": "red_inta", "province": "", "procedure": "", "live": true, "percentiles": ""}}, {"type": "Feature", "geometry": {"type": "Point", "coordinates": [-60.3899993896484, -37.8400001525879]}, "properties": {"series_id": 2248, "station_id": 1395, "station": "De La Garma - ICyA CIRN", "river": "", "variable": "precipitación diaria 12Z", "var_id": 1, "unit": "", "network": "red_inta", "province": "", "procedure": "", "live": true, "percentiles": ""}}, {"type": "Feature", "geometry": {"type": "Point", "coordinates": [-64.3199996948242, -30.3400001525879]}, "properties": {"series_id": 2249, "station_id": 1396, "station": "Dean Funes - EEA Manfredi", "river": "", "variable": "precipitación diaria 12Z", "var_id": 1, "unit": "", "network": "red_inta", "province": "", "procedure": "", "live": true, "percentiles": ""}}, {"type": "Feature", "geometry": {"type": "Point", "coordinates": [-58.7900009155273, -27.8299999237061]}, "properties": {"series_id": 4118, "station_id": 1397, "station": "Derqui", "river": "", "variable": "precipitación horaria", "var_id": 31, "unit": "", "network": "red_inta", "province": "", "procedure": "", "live": true, "percentiles": ""}}, {"type": "Feature", "geometry": {"type": "Point", "coordinates": [-62, -36.5]}, "properties": {"series_id": 4040, "station_id": 1401, "station": "EEA Cesareo Naredo", "river": "", "variable": "precipitación horaria", "var_id": 31, "unit": "", "network": "red_inta", "province": "", "procedure": "", "live": true, "percentiles": ""}}, {"type": "Feature", "geometry": {"type": "Point", "coordinates": [-58.2799987792969, -31.0799999237061]}, "properties": {"series_id": 2165, "station_id": 1403, "station": "El Redomon", "river": "", "variable": "precipitación diaria 12Z", "var_id": 1, "unit": "", "network": "red_inta", "province": "", "procedure": "", "live": true, "percentiles": ""}}, {"type": "Feature", "geometry": {"type": "Point", "coordinates": [-58.3800010681152, -29.9899997711182]}, "properties": {"series_id": 2168, "station_id": 1404, "station": "El Remanso", "river": "", "variable": "precipitación diaria 12Z", "var_id": 1, "unit": "", "network": "red_inta", "province": "", "procedure": "", "live": true, "percentiles": ""}}, {"type": "Feature", "geometry": {"type": "Point", "coordinates": [-56.5, -28.7999992370605]}, "properties": {"series_id": 4123, "station_id": 1406, "station": "Est. Torrent - EEA Mercedes", "river": "", "variable": "precipitación horaria", "var_id": 31, "unit": "", "network": "red_inta", "province": "", "procedure": "", "live": true, "percentiles": ""}}, {"type": "Feature", "geometry": {"type": "Point", "coordinates": [-59.2299995422363, -30.5900001525879]}, "properties": {"series_id": 2256, "station_id": 1407, "station": "Estacas", "river": "", "variable": "precipitación diaria 12Z", "var_id": 1, "unit": "", "network": "red_inta", "province": "", "procedure": "", "live": true, "percentiles": ""}}, {"type": "Feature", "geometry": {"type": "Point", "coordinates": [-59.2299995422363, -30.5900001525879]}, "properties": {"series_id": 4124, "station_id": 1407, "station": "Estacas", "river": "", "variable": "precipitación horaria", "var_id": 31, "unit": "", "network": "red_inta", "province": "", "procedure": "", "live": true, "percentiles": ""}}, {"type": "Feature", "geometry": {"type": "Point", "coordinates": [-57.3899993896484, -27.8700008392334]}, "properties": {"series_id": 2258, "station_id": 1409, "station": "Estancia San Nicolas", "river": "", "variable": "precipitación diaria 12Z", "var_id": 1, "unit": "", "network": "red_inta", "province": "", "procedure": "", "live": true, "percentiles": ""}}, {"type": "Feature", "geometry": {"type": "Point", "coordinates": [-65.379997253418, -27.0200004577637]}, "properties": {"series_id": 2259, "station_id": 1410, "station": "Famailla - EEA Famailla", "river": "", "variable": "precipitación diaria 12Z", "var_id": 1, "unit": "", "network": "red_inta", "province": "", "procedure": "", "live": true, "percentiles": false}}, {"type": "Feature", "geometry": {"type": "Point", "coordinates": [-65.379997253418, -27.0200004577637]}, "properties": {"series_id": 4127, "station_id": 1410, "station": "Famailla - EEA Famailla", "river": "", "variable": "precipitación horaria", "var_id": 31, "unit": "", "network": "red_inta", "province": "", "procedure": "", "live": true, "percentiles": ""}}, {"type": "Feature", "geometry": {"type": "Point", "coordinates": [-57.9199981689453, -31.0599994659424]}, "properties": {"series_id": 2260, "station_id": 1411, "station": "Federación", "river": "", "variable": "precipitación diaria 12Z", "var_id": 1, "unit": "", "network": "red_inta", "province": "", "procedure": "", "live": true, "percentiles": ""}}, {"type": "Feature", "geometry": {"type": "Point", "coordinates": [-58.7900009155273, -30.9300003051758]}, "properties": {"series_id": 2261, "station_id": 1412, "station": "Federal", "river": "", "variable": "precipitación diaria 12Z", "var_id": 1, "unit": "", "network": "red_inta", "province": "", "procedure": "", "live": true, "percentiles": ""}}, {"type": "Feature", "geometry": {"type": "Point", "coordinates": [-58.7700004577637, -30.4300003051758]}, "properties": {"series_id": 2262, "station_id": 1413, "station": "Feliciano", "river": "", "variable": "precipitación diaria 12Z", "var_id": 1, "unit": "", "network": "red_inta", "province": "", "procedure": "", "live": true, "percentiles": ""}}, {"type": "Feature", "geometry": {"type": "Point", "coordinates": [-64.6100006103516, -40.0699996948242]}, "properties": {"series_id": 2263, "station_id": 1414, "station": "G Conesa - EEA Valle Inferior", "river": "", "variable": "precipitación diaria 12Z", "var_id": 1, "unit": "", "network": "red_inta", "province": "", "procedure": "", "live": true, "percentiles": ""}}, {"type": "Feature", "geometry": {"type": "Point", "coordinates": [-64.6100006103516, -40.0699996948242]}, "properties": {"series_id": 4131, "station_id": 1414, "station": "G Conesa - EEA Valle Inferior", "river": "", "variable": "precipitación horaria", "var_id": 31, "unit": "", "network": "red_inta", "province": "", "procedure": "", "live": true, "percentiles": ""}}, {"type": "Feature", "geometry": {"type": "Point", "coordinates": [-61.6599998474121, -27.4799995422363]}, "properties": {"series_id": 4133, "station_id": 1416, "station": "Gancedo - EEA Las Breñas", "river": "", "variable": "precipitación horaria", "var_id": 31, "unit": "", "network": "red_inta", "province": "", "procedure": "", "live": true, "percentiles": ""}}, {"type": "Feature", "geometry": {"type": "Point", "coordinates": [-60.189998626709, -28.8899993896484]}, "properties": {"series_id": 2266, "station_id": 1418, "station": "Garabato - EEA Reconquista", "river": "", "variable": "precipitación diaria 12Z", "var_id": 1, "unit": "", "network": "red_inta", "province": "", "procedure": "", "live": true, "percentiles": ""}}, {"type": "Feature", "geometry": {"type": "Point", "coordinates": [-60.189998626709, -28.8899993896484]}, "properties": {"series_id": 4134, "station_id": 1418, "station": "Garabato - EEA Reconquista", "river": "", "variable": "precipitación horaria", "var_id": 31, "unit": "", "network": "red_inta", "province": "", "procedure": "", "live": true, "percentiles": ""}}, {"type": "Feature", "geometry": {"type": "Point", "coordinates": [-57.5999984741211, -27.7199993133545]}, "properties": {"series_id": 2267, "station_id": 1419, "station": "General Paz (Caá Catí)", "river": "", "variable": "precipitación diaria 12Z", "var_id": 1, "unit": "", "network": "red_inta", "province": "", "procedure": "", "live": true, "percentiles": ""}}, {"type": "Feature", "geometry": {"type": "Point", "coordinates": [-57.5999984741211, -27.7199993133545]}, "properties": {"series_id": 4135, "station_id": 1419, "station": "General Paz (Caá Catí)", "river": "", "variable": "precipitación horaria", "var_id": 31, "unit": "", "network": "red_inta", "province": "", "procedure": "", "live": true, "percentiles": ""}}, {"type": "Feature", "geometry": {"type": "Point", "coordinates": [-59.0900001525879, -29.1800003051758]}, "properties": {"series_id": 4136, "station_id": 1420, "station": "Goya - EEA Bella Vista", "river": "", "variable": "precipitación horaria", "var_id": 31, "unit": "", "network": "red_inta", "province": "", "procedure": "", "live": true, "percentiles": ""}}, {"type": "Feature", "geometry": {"type": "Point", "coordinates": [-63.5200004577637, -38]}, "properties": {"series_id": 2269, "station_id": 1421, "station": "Gral San Martin - EEA Anguil", "river": "", "variable": "precipitación diaria 12Z", "var_id": 1, "unit": "", "network": "red_inta", "province": "", "procedure": "", "live": true, "percentiles": ""}}, {"type": "Feature", "geometry": {"type": "Point", "coordinates": [-59.2999992370605, -33.0999984741211]}, "properties": {"series_id": 2271, "station_id": 1423, "station": "Gualeguay", "river": "", "variable": "precipitación diaria 12Z", "var_id": 1, "unit": "", "network": "red_inta", "province": "", "procedure": "", "live": true, "percentiles": ""}}, {"type": "Feature", "geometry": {"type": "Point", "coordinates": [-70.5, -42.7299995422363]}, "properties": {"series_id": 2273, "station_id": 1425, "station": "Gualjaina - EEA Esquel", "river": "", "variable": "precipitación diaria 12Z", "var_id": 1, "unit": "", "network": "red_inta", "province": "", "procedure": "", "live": true, "percentiles": ""}}, {"type": "Feature", "geometry": {"type": "Point", "coordinates": [-59.8400001525879, -31.5200004577637]}, "properties": {"series_id": 4143, "station_id": 1427, "station": "Hasenkamp", "river": "", "variable": "precipitación horaria", "var_id": 31, "unit": "", "network": "red_inta", "province": "", "procedure": "", "live": true, "percentiles": ""}}, {"type": "Feature", "geometry": {"type": "Point", "coordinates": [-58.3699989318848, -27.6200008392334]}, "properties": {"series_id": 4144, "station_id": 1428, "station": "Herliszka - EEA Corrientes", "river": "", "variable": "precipitación horaria", "var_id": 31, "unit": "", "network": "red_inta", "province": "", "procedure": "", "live": true, "percentiles": ""}}, {"type": "Feature", "geometry": {"type": "Point", "coordinates": [-59.9700012207031, -31.2000007629395]}, "properties": {"series_id": 2277, "station_id": 1429, "station": "Hernandarias", "river": "", "variable": "precipitación diaria 12Z", "var_id": 1, "unit": "", "network": "red_inta", "province": "", "procedure": "", "live": true, "percentiles": ""}}, {"type": "Feature", "geometry": {"type": "Point", "coordinates": [-60.1699981689453, -32.3800010681152]}, "properties": {"series_id": 2278, "station_id": 1430, "station": "Hinojal", "river": "", "variable": "precipitación diaria 12Z", "var_id": 1, "unit": "", "network": "red_inta", "province": "", "procedure": "", "live": true, "percentiles": ""}}, {"type": "Feature", "geometry": {"type": "Point", "coordinates": [-60.1699981689453, -32.3800010681152]}, "properties": {"series_id": 4146, "station_id": 1430, "station": "Hinojal", "river": "", "variable": "precipitación horaria", "var_id": 31, "unit": "", "network": "red_inta", "province": "", "procedure": "", "live": true, "percentiles": ""}}, {"type": "Feature", "geometry": {"type": "Point", "coordinates": [-58.189998626709, -31.7999992370605]}, "properties": {"series_id": 4148, "station_id": 1432, "station": "Humaita", "river": "", "variable": "precipitación horaria", "var_id": 31, "unit": "", "network": "red_inta", "province": "", "procedure": "", "live": true, "percentiles": ""}}, {"type": "Feature", "geometry": {"type": "Point", "coordinates": [-57.9599990844727, -29.1700000762939]}, "properties": {"series_id": 4149, "station_id": 1433, "station": "Ibicuy-Copra", "river": "", "variable": "precipitación horaria", "var_id": 31, "unit": "", "network": "red_inta", "province": "", "procedure": "", "live": true, "percentiles": ""}}, {"type": "Feature", "geometry": {"type": "Point", "coordinates": [-63.5299987792969, -40.7099990844727]}, "properties": {"series_id": 4150, "station_id": 1434, "station": "IDEVI - EEA Valle Inferior", "river": "", "variable": "precipitación horaria", "var_id": 31, "unit": "", "network": "red_inta", "province": "", "procedure": "", "live": true, "percentiles": ""}}, {"type": "Feature", "geometry": {"type": "Point", "coordinates": [-69.5500030517578, -41.3300018310547]}, "properties": {"series_id": 2283, "station_id": 1435, "station": "Ing. Jacobacci - EEA Bariloche", "river": "", "variable": "precipitación diaria 12Z", "var_id": 1, "unit": "", "network": "red_inta", "province": "", "procedure": "", "live": true, "percentiles": ""}}, {"type": "Feature", "geometry": {"type": "Point", "coordinates": [-61.75, -23.9500007629395]}, "properties": {"series_id": 2284, "station_id": 1436, "station": "Ing. Juárez - EEA Ing. Juárez", "river": "", "variable": "precipitación diaria 12Z", "var_id": 1, "unit": "", "network": "red_inta", "province": "", "procedure": "", "live": true, "percentiles": ""}}, {"type": "Feature", "geometry": {"type": "Point", "coordinates": [-63.7700004577637, -37.3699989318848]}, "properties": {"series_id": 2287, "station_id": 1439, "station": "INTA - Alpachiri (Imetos)", "river": "", "variable": "precipitación diaria 12Z", "var_id": 1, "unit": "", "network": "red_inta", "province": "", "procedure": "", "live": true, "percentiles": ""}}, {"type": "Feature", "geometry": {"type": "Point", "coordinates": [-67.4000015258789, -39.0099983215332]}, "properties": {"series_id": 2288, "station_id": 1440, "station": "INTA - Alto Valle (EMC)", "river": "", "variable": "precipitación diaria 12Z", "var_id": 1, "unit": "", "network": "red_inta", "province": "", "procedure": "", "live": true, "percentiles": ""}}, {"type": "Feature", "geometry": {"type": "Point", "coordinates": [-63.9799995422363, -36.5]}, "properties": {"series_id": 4157, "station_id": 1441, "station": "INTA - Anguil (EMC)", "river": "", "variable": "precipitación horaria", "var_id": 31, "unit": "", "network": "red_inta", "province": "", "procedure": "", "live": true, "percentiles": ""}}, {"type": "Feature", "geometry": {"type": "Point", "coordinates": [-62.8300018310547, -28.4500007629395]}, "properties": {"series_id": 2290, "station_id": 1442, "station": "INTA - Añatuya", "river": "", "variable": "precipitación diaria 12Z", "var_id": 1, "unit": "", "network": "red_inta", "province": "", "procedure": "", "live": true, "percentiles": ""}}, {"type": "Feature", "geometry": {"type": "Point", "coordinates": [-58.2999992370605, -37.75]}, "properties": {"series_id": 4159, "station_id": 1443, "station": "INTA - Balcarce (EMC)", "river": "", "variable": "precipitación horaria", "var_id": 31, "unit": "", "network": "red_inta", "province": "", "procedure": "", "live": true, "percentiles": ""}}, {"type": "Feature", "geometry": {"type": "Point", "coordinates": [-60.25, -38.3199996948242]}, "properties": {"series_id": 2292, "station_id": 1444, "station": "INTA - Barrow (EMC)", "river": "", "variable": "precipitación diaria 12Z", "var_id": 1, "unit": "", "network": "red_inta", "province": "", "procedure": "", "live": true, "percentiles": ""}}, {"type": "Feature", "geometry": {"type": "Point", "coordinates": [-60.25, -38.3199996948242]}, "properties": {"series_id": 4160, "station_id": 1444, "station": "INTA - Barrow (EMC)", "river": "", "variable": "precipitación horaria", "var_id": 31, "unit": "", "network": "red_inta", "province": "", "procedure": "", "live": true, "percentiles": ""}}, {"type": "Feature", "geometry": {"type": "Point", "coordinates": [-58.8899993896484, -32.3699989318848]}, "properties": {"series_id": 2293, "station_id": 1445, "station": "INTA - Basavilbaso", "river": "", "variable": "precipitación diaria 12Z", "var_id": 1, "unit": "", "network": "red_inta", "province": "", "procedure": "", "live": true, "percentiles": ""}}, {"type": "Feature", "geometry": {"type": "Point", "coordinates": [-58.8899993896484, -32.3699989318848]}, "properties": {"series_id": 4161, "station_id": 1445, "station": "INTA - Basavilbaso", "river": "", "variable": "precipitación horaria", "var_id": 31, "unit": "", "network": "red_inta", "province": "", "procedure": "", "live": true, "percentiles": ""}}, {"type": "Feature", "geometry": {"type": "Point", "coordinates": [-58.9199981689453, -28.4300003051758]}, "properties": {"series_id": 2295, "station_id": 1447, "station": "INTA - Bella Vista (EMC)", "river": "", "variable": "precipitación diaria 12Z", "var_id": 1, "unit": "", "network": "red_inta", "province": "", "procedure": "", "live": true, "percentiles": ""}}, {"type": "Feature", "geometry": {"type": "Point", "coordinates": [-63.0200004577637, -37.8499984741211]}, "properties": {"series_id": 4164, "station_id": 1448, "station": "INTA - Bordenave (EMC)", "river": "", "variable": "precipitación horaria", "var_id": 31, "unit": "", "network": "red_inta", "province": "", "procedure": "", "live": true, "percentiles": ""}}, {"type": "Feature", "geometry": {"type": "Point", "coordinates": [-72.2799987792969, -50.3400001525879]}, "properties": {"series_id": 2297, "station_id": 1449, "station": "INTA - Calafate", "river": "", "variable": "precipitación diaria 12Z", "var_id": 1, "unit": "", "network": "red_inta", "province": "", "procedure": "", "live": true, "percentiles": ""}}, {"type": "Feature", "geometry": {"type": "Point", "coordinates": [-72.2799987792969, -50.3400001525879]}, "properties": {"series_id": 4165, "station_id": 1449, "station": "INTA - Calafate", "river": "", "variable": "precipitación horaria", "var_id": 31, "unit": "", "network": "red_inta", "province": "", "procedure": "", "live": true, "percentiles": ""}}, {"type": "Feature", "geometry": {"type": "Point", "coordinates": [-65.7300033569336, -28.4799995422363]}, "properties": {"series_id": 4167, "station_id": 1451, "station": "INTA - Catamarca Sumalao (EMC)", "river": "", "variable": "precipitación horaria", "var_id": 31, "unit": "", "network": "red_inta", "province": "", "procedure": "", "live": true, "percentiles": ""}}, {"type": "Feature", "geometry": {"type": "Point", "coordinates": [-65.4700012207031, -24.8899993896484]}, "properties": {"series_id": 4168, "station_id": 1452, "station": "INTA - Cerrillos", "river": "", "variable": "precipitación horaria", "var_id": 31, "unit": "", "network": "red_inta", "province": "", "procedure": "", "live": true, "percentiles": ""}}, {"type": "Feature", "geometry": {"type": "Point", "coordinates": [-65.3600006103516, -43.2700004577637]}, "properties": {"series_id": 2301, "station_id": 1453, "station": "INTA - Chubut", "river": "", "variable": "precipitación diaria 12Z", "var_id": 1, "unit": "", "network": "red_inta", "province": "", "procedure": "", "live": true, "percentiles": ""}}, {"type": "Feature", "geometry": {"type": "Point", "coordinates": [-68.0699996948242, -38.8400001525879]}, "properties": {"series_id": 2302, "station_id": 1454, "station": "INTA - Cinco Saltos", "river": "", "variable": "precipitación diaria 12Z", "var_id": 1, "unit": "", "network": "red_inta", "province": "", "procedure": "", "live": true, "percentiles": ""}}, {"type": "Feature", "geometry": {"type": "Point", "coordinates": [-58.3499984741211, -32.4900016784668]}, "properties": {"series_id": 2304, "station_id": 1456, "station": "INTA - Conc. del Uruguay (EMC)", "river": "", "variable": "precipitación diaria 12Z", "var_id": 1, "unit": "", "network": "red_inta", "province": "", "procedure": "", "live": true, "percentiles": ""}}, {"type": "Feature", "geometry": {"type": "Point", "coordinates": [-65.75, -39.3199996948242]}, "properties": {"series_id": 4175, "station_id": 1458, "station": "INTA - Consorcio de SG", "river": "", "variable": "precipitación horaria", "var_id": 31, "unit": "", "network": "red_inta", "province": "", "procedure": "", "live": true, "percentiles": ""}}, {"type": "Feature", "geometry": {"type": "Point", "coordinates": [-58.7700004577637, -27.6499996185303]}, "properties": {"series_id": 4178, "station_id": 1461, "station": "INTA - Corrientes (EMC)", "river": "", "variable": "precipitación horaria", "var_id": 31, "unit": "", "network": "red_inta", "province": "", "procedure": "", "live": true, "percentiles": ""}}, {"type": "Feature", "geometry": {"type": "Point", "coordinates": [-59.3800010681152, -26.2999992370605]}, "properties": {"series_id": 2310, "station_id": 1462, "station": "INTA - El Colorado (EMC)", "river": "", "variable": "precipitación diaria 12Z", "var_id": 1, "unit": "", "network": "red_inta", "province": "", "procedure": "", "live": true, "percentiles": ""}}, {"type": "Feature", "geometry": {"type": "Point", "coordinates": [-59.3899993896484, -32.7200012207031]}, "properties": {"series_id": 2313, "station_id": 1465, "station": "INTA - General Galarza", "river": "", "variable": "precipitación diaria 12Z", "var_id": 1, "unit": "", "network": "red_inta", "province": "", "procedure": "", "live": true, "percentiles": ""}}, {"type": "Feature", "geometry": {"type": "Point", "coordinates": [-59.3899993896484, -32.7200012207031]}, "properties": {"series_id": 4182, "station_id": 1465, "station": "INTA - General Galarza", "river": "", "variable": "precipitación horaria", "var_id": 31, "unit": "", "network": "red_inta", "province": "", "procedure": "", "live": true, "percentiles": ""}}, {"type": "Feature", "geometry": {"type": "Point", "coordinates": [-62.7299995422363, -34.9199981689453]}, "properties": {"series_id": 2315, "station_id": 1467, "station": "INTA - Gral Villegas (EMC)", "river": "", "variable": "precipitación diaria 12Z", "var_id": 1, "unit": "", "network": "red_inta", "province": "", "procedure": "", "live": true, "percentiles": ""}}, {"type": "Feature", "geometry": {"type": "Point", "coordinates": [-62.6199989318848, -39.3800010681152]}, "properties": {"series_id": 2317, "station_id": 1470, "station": "INTA - Hilario Ascasubi (EMC)", "river": "", "variable": "precipitación diaria 12Z", "var_id": 1, "unit": "", "network": "red_inta", "province": "", "procedure": "", "live": true, "percentiles": ""}}, {"type": "Feature", "geometry": {"type": "Point", "coordinates": [-62.6199989318848, -39.3800010681152]}, "properties": {"series_id": 4186, "station_id": 1470, "station": "INTA - Hilario Ascasubi (EMC)", "river": "", "variable": "precipitación horaria", "var_id": 31, "unit": "", "network": "red_inta", "province": "", "procedure": "", "live": true, "percentiles": ""}}, {"type": "Feature", "geometry": {"type": "Point", "coordinates": [-63.5900001525879, -35.2400016784668]}, "properties": {"series_id": 2318, "station_id": 1471, "station": "INTA - Intendente Alvear", "river": "", "variable": "precipitación diaria 12Z", "var_id": 1, "unit": "", "network": "red_inta", "province": "", "procedure": "", "live": true, "percentiles": ""}}, {"type": "Feature", "geometry": {"type": "Point", "coordinates": [-63.5900001525879, -35.2400016784668]}, "properties": {"series_id": 4187, "station_id": 1471, "station": "INTA - Intendente Alvear", "river": "", "variable": "precipitación horaria", "var_id": 31, "unit": "", "network": "red_inta", "province": "", "procedure": "", "live": true, "percentiles": ""}}, {"type": "Feature", "geometry": {"type": "Point", "coordinates": [-64.2200012207031, -28.0200004577637]}, "properties": {"series_id": 4188, "station_id": 1472, "station": "INTA - La Abrita", "river": "", "variable": "precipitación horaria", "var_id": 31, "unit": "", "network": "red_inta", "province": "", "procedure": "", "live": true, "percentiles": ""}}, {"type": "Feature", "geometry": {"type": "Point", "coordinates": [-69.120002746582, -33.7299995422363]}, "properties": {"series_id": 2320, "station_id": 1473, "station": "INTA - La Consulta (EMC)", "river": "", "variable": "precipitación diaria 12Z", "var_id": 1, "unit": "", "network": "red_inta", "province": "", "procedure": "", "live": true, "percentiles": ""}}, {"type": "Feature", "geometry": {"type": "Point", "coordinates": [-64.2300033569336, -28.0200004577637]}, "properties": {"series_id": 4190, "station_id": 1474, "station": "INTA - La Maria S.Estero (EMC)", "river": "", "variable": "precipitación horaria", "var_id": 31, "unit": "", "network": "red_inta", "province": "", "procedure": "", "live": true, "percentiles": ""}}, {"type": "Feature", "geometry": {"type": "Point", "coordinates": [-71.7399978637695, -47.5699996948242]}, "properties": {"series_id": 2322, "station_id": 1475, "station": "INTA - Lago Posadas", "river": "", "variable": "precipitación diaria 12Z", "var_id": 1, "unit": "", "network": "red_inta", "province": "", "procedure": "", "live": true, "percentiles": ""}}, {"type": "Feature", "geometry": {"type": "Point", "coordinates": [-71.7399978637695, -47.5699996948242]}, "properties": {"series_id": 4191, "station_id": 1475, "station": "INTA - Lago Posadas", "river": "", "variable": "precipitación horaria", "var_id": 31, "unit": "", "network": "red_inta", "province": "", "procedure": "", "live": true, "percentiles": ""}}, {"type": "Feature", "geometry": {"type": "Point", "coordinates": [-61.060001373291, -27.0699996948242]}, "properties": {"series_id": 4192, "station_id": 1476, "station": "INTA - Las Breñas", "river": "", "variable": "precipitación horaria", "var_id": 31, "unit": "", "network": "red_inta", "province": "", "procedure": "", "live": true, "percentiles": ""}}, {"type": "Feature", "geometry": {"type": "Point", "coordinates": [-71.629997253418, -46.5299987792969]}, "properties": {"series_id": 4193, "station_id": 1477, "station": "INTA - Los Antiguos", "river": "", "variable": "precipitación horaria", "var_id": 31, "unit": "", "network": "red_inta", "province": "", "procedure": "", "live": true, "percentiles": ""}}, {"type": "Feature", "geometry": {"type": "Point", "coordinates": [-62.439998626709, -29.3500003814697]}, "properties": {"series_id": 2325, "station_id": 1478, "station": "INTA - Malbran", "river": "", "variable": "precipitación diaria 12Z", "var_id": 1, "unit": "", "network": "red_inta", "province": "", "procedure": "", "live": true, "percentiles": ""}}, {"type": "Feature", "geometry": {"type": "Point", "coordinates": [-62.439998626709, -29.3500003814697]}, "properties": {"series_id": 4194, "station_id": 1478, "station": "INTA - Malbran", "river": "", "variable": "precipitación horaria", "var_id": 31, "unit": "", "network": "red_inta", "province": "", "procedure": "", "live": true, "percentiles": ""}}, {"type": "Feature", "geometry": {"type": "Point", "coordinates": [-62.1199989318848, -32.6800003051758]}, "properties": {"series_id": 2326, "station_id": 1479, "station": "INTA - Marcos Juarez (EMC)", "river": "", "variable": "precipitación diaria 12Z", "var_id": 1, "unit": "", "network": "red_inta", "province": "", "procedure": "", "live": true, "percentiles": ""}}, {"type": "Feature", "geometry": {"type": "Point", "coordinates": [-62.1199989318848, -32.6800003051758]}, "properties": {"series_id": 4195, "station_id": 1479, "station": "INTA - Marcos Juarez (EMC)", "river": "", "variable": "precipitación horaria", "var_id": 31, "unit": "", "network": "red_inta", "province": "", "procedure": "", "live": true, "percentiles": ""}}, {"type": "Feature", "geometry": {"type": "Point", "coordinates": [-58.0200004577637, -29.1700000762939]}, "properties": {"series_id": 4197, "station_id": 1481, "station": "INTA - Mercedes Ctes (EMC)", "river": "", "variable": "precipitación horaria", "var_id": 31, "unit": "", "network": "red_inta", "province": "", "procedure": "", "live": true, "percentiles": false}}, {"type": "Feature", "geometry": {"type": "Point", "coordinates": [-58.1199989318848, -25.2000007629395]}, "properties": {"series_id": 2329, "station_id": 1482, "station": "INTA - Naineck", "river": "", "variable": "precipitación diaria 12Z", "var_id": 1, "unit": "", "network": "red_inta", "province": "", "procedure": "", "live": true, "percentiles": ""}}, {"type": "Feature", "geometry": {"type": "Point", "coordinates": [-58.1199989318848, -25.2000007629395]}, "properties": {"series_id": 4198, "station_id": 1482, "station": "INTA - Naineck", "river": "", "variable": "precipitación horaria", "var_id": 31, "unit": "", "network": "red_inta", "province": "", "procedure": "", "live": true, "percentiles": ""}}, {"type": "Feature", "geometry": {"type": "Point", "coordinates": [-60.8499984741211, -32.5499992370605]}, "properties": {"series_id": 2330, "station_id": 1483, "station": "INTA - Oliveros (EMC)", "river": "", "variable": "precipitación diaria 12Z", "var_id": 1, "unit": "", "network": "red_inta", "province": "", "procedure": "", "live": true, "percentiles": ""}}, {"type": "Feature", "geometry": {"type": "Point", "coordinates": [-60.5299987792969, -31.8600006103516]}, "properties": {"series_id": 4201, "station_id": 1485, "station": "INTA - Parana", "river": "", "variable": "precipitación horaria", "var_id": 31, "unit": "", "network": "red_inta", "province": "", "procedure": "", "live": true, "percentiles": ""}}, {"type": "Feature", "geometry": {"type": "Point", "coordinates": [-60.5800018310547, -33.939998626709]}, "properties": {"series_id": 2333, "station_id": 1486, "station": "INTA - Pergamino", "river": "", "variable": "precipitación diaria 12Z", "var_id": 1, "unit": "", "network": "red_inta", "province": "", "procedure": "", "live": true, "percentiles": ""}}, {"type": "Feature", "geometry": {"type": "Point", "coordinates": [-69.3000030517578, -39.5400009155273]}, "properties": {"series_id": 4203, "station_id": 1487, "station": "INTA - Picún Leufú", "river": "", "variable": "precipitación horaria", "var_id": 31, "unit": "", "network": "red_inta", "province": "", "procedure": "", "live": true, "percentiles": ""}}, {"type": "Feature", "geometry": {"type": "Point", "coordinates": [-65.6500015258789, -39.4799995422363]}, "properties": {"series_id": 2336, "station_id": 1489, "station": "INTA - Pomona", "river": "", "variable": "precipitación diaria 12Z", "var_id": 1, "unit": "", "network": "red_inta", "province": "", "procedure": "", "live": true, "percentiles": ""}}, {"type": "Feature", "geometry": {"type": "Point", "coordinates": [-70.4100036621094, -51.9500007629395]}, "properties": {"series_id": 2337, "station_id": 1490, "station": "INTA - Potrok Aike", "river": "", "variable": "precipitación diaria 12Z", "var_id": 1, "unit": "", "network": "red_inta", "province": "", "procedure": "", "live": true, "percentiles": ""}}, {"type": "Feature", "geometry": {"type": "Point", "coordinates": [-64.9599990844727, -25.8199996948242]}, "properties": {"series_id": 2338, "station_id": 1491, "station": "INTA - R de la Frontera", "river": "", "variable": "precipitación diaria 12Z", "var_id": 1, "unit": "", "network": "red_inta", "province": "", "procedure": "", "live": true, "percentiles": ""}}, {"type": "Feature", "geometry": {"type": "Point", "coordinates": [-64.9599990844727, -25.8199996948242]}, "properties": {"series_id": 4207, "station_id": 1491, "station": "INTA - R de la Frontera", "river": "", "variable": "precipitación horaria", "var_id": 31, "unit": "", "network": "red_inta", "province": "", "procedure": "", "live": true, "percentiles": ""}}, {"type": "Feature", "geometry": {"type": "Point", "coordinates": [-61.5499992370605, -31.1800003051758]}, "properties": {"series_id": 2339, "station_id": 1492, "station": "INTA - Rafaela (EMC)", "river": "", "variable": "precipitación diaria 12Z", "var_id": 1, "unit": "", "network": "red_inta", "province": "", "procedure": "", "live": true, "percentiles": ""}}, {"type": "Feature", "geometry": {"type": "Point", "coordinates": [-60.4500007629395, -26.8700008392334]}, "properties": {"series_id": 2342, "station_id": 1495, "station": "INTA - Roque Saenz Peña (EMC)", "river": "", "variable": "precipitación diaria 12Z", "var_id": 1, "unit": "", "network": "red_inta", "province": "", "procedure": "", "live": true, "percentiles": ""}}, {"type": "Feature", "geometry": {"type": "Point", "coordinates": [-69.2300033569336, -51.6300010681152]}, "properties": {"series_id": 4212, "station_id": 1496, "station": "INTA - Río Gallegos", "river": "", "variable": "precipitación horaria", "var_id": 31, "unit": "", "network": "red_inta", "province": "", "procedure": "", "live": true, "percentiles": ""}}, {"type": "Feature", "geometry": {"type": "Point", "coordinates": [-65.5, -24.8999996185303]}, "properties": {"series_id": 2344, "station_id": 1497, "station": "INTA - Salta (EMC)", "river": "", "variable": "precipitación diaria 12Z", "var_id": 1, "unit": "", "network": "red_inta", "province": "", "procedure": "", "live": true, "percentiles": false}}, {"type": "Feature", "geometry": {"type": "Point", "coordinates": [-65.5, -24.8999996185303]}, "properties": {"series_id": 4213, "station_id": 1497, "station": "INTA - Salta (EMC)", "river": "", "variable": "precipitación horaria", "var_id": 31, "unit": "", "network": "red_inta", "province": "", "procedure": "", "live": true, "percentiles": ""}}, {"type": "Feature", "geometry": {"type": "Point", "coordinates": [-64.9700012207031, -25.6000003814697]}, "properties": {"series_id": 2346, "station_id": 1499, "station": "INTA - San José de Yatasto", "river": "", "variable": "precipitación diaria 12Z", "var_id": 1, "unit": "", "network": "red_inta", "province": "", "procedure": "", "live": true, "percentiles": ""}}, {"type": "Feature", "geometry": {"type": "Point", "coordinates": [-68.3199996948242, -31.3700008392334]}, "properties": {"series_id": 4216, "station_id": 1500, "station": "INTA - San Juan (EMC)", "river": "", "variable": "precipitación horaria", "var_id": 31, "unit": "", "network": "red_inta", "province": "", "procedure": "", "live": true, "percentiles": ""}}, {"type": "Feature", "geometry": {"type": "Point", "coordinates": [-68.3600006103516, -38.5699996948242]}, "properties": {"series_id": 4218, "station_id": 1502, "station": "INTA - San Patricio", "river": "", "variable": "precipitación horaria", "var_id": 31, "unit": "", "network": "red_inta", "province": "", "procedure": "", "live": true, "percentiles": ""}}, {"type": "Feature", "geometry": {"type": "Point", "coordinates": [-61.8400001525879, -29.1399993896484]}, "properties": {"series_id": 4220, "station_id": 1504, "station": "INTA - Tostado", "river": "", "variable": "precipitación horaria", "var_id": 31, "unit": "", "network": "red_inta", "province": "", "procedure": "", "live": true, "percentiles": ""}}, {"type": "Feature", "geometry": {"type": "Point", "coordinates": [-65.3000030517578, -43.2299995422363]}, "properties": {"series_id": 2352, "station_id": 1505, "station": "INTA - Trelew (EMC)", "river": "", "variable": "precipitación diaria 12Z", "var_id": 1, "unit": "", "network": "red_inta", "province": "", "procedure": "", "live": true, "percentiles": ""}}, {"type": "Feature", "geometry": {"type": "Point", "coordinates": [-63.060001373291, -40.7999992370605]}, "properties": {"series_id": 2353, "station_id": 1506, "station": "INTA - Valle Inferior", "river": "", "variable": "precipitación diaria 12Z", "var_id": 1, "unit": "", "network": "red_inta", "province": "", "procedure": "", "live": true, "percentiles": ""}}, {"type": "Feature", "geometry": {"type": "Point", "coordinates": [-64.5100021362305, -23.5900001525879]}, "properties": {"series_id": 2354, "station_id": 1507, "station": "INTA - Yuto", "river": "", "variable": "precipitación diaria 12Z", "var_id": 1, "unit": "", "network": "red_inta", "province": "", "procedure": "", "live": true, "percentiles": ""}}, {"type": "Feature", "geometry": {"type": "Point", "coordinates": [-58.8600006103516, -34.1800003051758]}, "properties": {"series_id": 29661, "station_id": 1508, "station": "INTA DELTA del Parana (EMC)", "river": "", "variable": "Altura hidrométrica", "var_id": 2, "unit": "", "network": "red_inta", "province": "", "procedure": "", "live": true, "percentiles": ""}}, {"type": "Feature", "geometry": {"type": "Point", "coordinates": [-60.3600006103516, -32.2200012207031]}, "properties": {"series_id": 2357, "station_id": 1510, "station": "Isletas", "river": "", "variable": "precipitación diaria 12Z", "var_id": 1, "unit": "", "network": "red_inta", "province": "", "procedure": "", "live": true, "percentiles": ""}}, {"type": "Feature", "geometry": {"type": "Point", "coordinates": [-60.3600006103516, -32.2200012207031]}, "properties": {"series_id": 4225, "station_id": 1510, "station": "Isletas", "river": "", "variable": "precipitación horaria", "var_id": 31, "unit": "", "network": "red_inta", "province": "", "procedure": "", "live": true, "percentiles": ""}}, {"type": "Feature", "geometry": {"type": "Point", "coordinates": [-57.3800010681152, -27.4400005340576]}, "properties": {"series_id": 4226, "station_id": 1511, "station": "Ita Ibate", "river": "", "variable": "precipitación horaria", "var_id": 31, "unit": "", "network": "red_inta", "province": "", "procedure": "", "live": true, "percentiles": ""}}, {"type": "Feature", "geometry": {"type": "Point", "coordinates": [-58.6399993896484, -31.7099990844727]}, "properties": {"series_id": 4227, "station_id": 1512, "station": "Jubileo", "river": "", "variable": "precipitación horaria", "var_id": 31, "unit": "", "network": "red_inta", "province": "", "procedure": "", "live": true, "percentiles": ""}}, {"type": "Feature", "geometry": {"type": "Point", "coordinates": [-68.0199966430664, -34.7900009155273]}, "properties": {"series_id": 4233, "station_id": 1518, "station": "La Guevarina - EEA Rama Caida", "river": "", "variable": "precipitación horaria", "var_id": 31, "unit": "", "network": "red_inta", "province": "", "procedure": "", "live": true, "percentiles": ""}}, {"type": "Feature", "geometry": {"type": "Point", "coordinates": [-59.560001373291, -30.7399997711182]}, "properties": {"series_id": 2367, "station_id": 1520, "station": "La Paz 2", "river": "", "variable": "precipitación diaria 12Z", "var_id": 1, "unit": "", "network": "red_inta", "province": "", "procedure": "", "live": true, "percentiles": ""}}, {"type": "Feature", "geometry": {"type": "Point", "coordinates": [-59.560001373291, -30.7399997711182]}, "properties": {"series_id": 4235, "station_id": 1520, "station": "La Paz 2", "river": "", "variable": "precipitación horaria", "var_id": 31, "unit": "", "network": "red_inta", "province": "", "procedure": "", "live": true, "percentiles": ""}}, {"type": "Feature", "geometry": {"type": "Point", "coordinates": [-60.3199996948242, -31.7099990844727]}, "properties": {"series_id": 4236, "station_id": 1521, "station": "La Picada", "river": "", "variable": "precipitación horaria", "var_id": 31, "unit": "", "network": "red_inta", "province": "", "procedure": "", "live": true, "percentiles": ""}}, {"type": "Feature", "geometry": {"type": "Point", "coordinates": [-61.2400016784668, -24.2800006866455]}, "properties": {"series_id": 2369, "station_id": 1522, "station": "Laguna Yema (DAVIS)", "river": "", "variable": "precipitación diaria 12Z", "var_id": 1, "unit": "", "network": "red_inta", "province": "", "procedure": "", "live": true, "percentiles": ""}}, {"type": "Feature", "geometry": {"type": "Point", "coordinates": [-59.0099983215332, -33.0499992370605]}, "properties": {"series_id": 4238, "station_id": 1523, "station": "Larroque", "river": "", "variable": "precipitación horaria", "var_id": 31, "unit": "", "network": "red_inta", "province": "", "procedure": "", "live": true, "percentiles": ""}}, {"type": "Feature", "geometry": {"type": "Point", "coordinates": [-60.4199981689453, -31.9200000762939]}, "properties": {"series_id": 2371, "station_id": 1524, "station": "Las Delicias", "river": "", "variable": "precipitación diaria 12Z", "var_id": 1, "unit": "", "network": "red_inta", "province": "", "procedure": "", "live": true, "percentiles": ""}}, {"type": "Feature", "geometry": {"type": "Point", "coordinates": [-60.4199981689453, -31.9200000762939]}, "properties": {"series_id": 4239, "station_id": 1524, "station": "Las Delicias", "river": "", "variable": "precipitación horaria", "var_id": 31, "unit": "", "network": "red_inta", "province": "", "procedure": "", "live": true, "percentiles": ""}}, {"type": "Feature", "geometry": {"type": "Point", "coordinates": [-64.25, -24.7399997711182]}, "properties": {"series_id": 2372, "station_id": 1525, "station": "Las Lajitas", "river": "", "variable": "precipitación diaria 12Z", "var_id": 1, "unit": "", "network": "red_inta", "province": "", "procedure": "", "live": true, "percentiles": ""}}, {"type": "Feature", "geometry": {"type": "Point", "coordinates": [-58.9700012207031, -32.0999984741211]}, "properties": {"series_id": 4241, "station_id": 1526, "station": "Las Moscas", "river": "", "variable": "precipitación horaria", "var_id": 31, "unit": "", "network": "red_inta", "province": "", "procedure": "", "live": true, "percentiles": ""}}, {"type": "Feature", "geometry": {"type": "Point", "coordinates": [-61.5999984741211, -34.8400001525879]}, "properties": {"series_id": 2374, "station_id": 1527, "station": "Lincoln - EEA Villegas", "river": "", "variable": "precipitación diaria 12Z", "var_id": 1, "unit": "", "network": "red_inta", "province": "", "procedure": "", "live": true, "percentiles": ""}}, {"type": "Feature", "geometry": {"type": "Point", "coordinates": [-61.5999984741211, -34.8400001525879]}, "properties": {"series_id": 4242, "station_id": 1527, "station": "Lincoln - EEA Villegas", "river": "", "variable": "precipitación horaria", "var_id": 31, "unit": "", "network": "red_inta", "province": "", "procedure": "", "live": true, "percentiles": ""}}, {"type": "Feature", "geometry": {"type": "Point", "coordinates": [-65.370002746582, -27.2600002288818]}, "properties": {"series_id": 2376, "station_id": 1529, "station": "Los Arrieta - EEA Famailla", "river": "", "variable": "precipitación diaria 12Z", "var_id": 1, "unit": "", "network": "red_inta", "province": "", "procedure": "", "live": true, "percentiles": ""}}, {"type": "Feature", "geometry": {"type": "Point", "coordinates": [-65.370002746582, -27.2600002288818]}, "properties": {"series_id": 4244, "station_id": 1529, "station": "Los Arrieta - EEA Famailla", "river": "", "variable": "precipitación horaria", "var_id": 31, "unit": "", "network": "red_inta", "province": "", "procedure": "", "live": true, "percentiles": ""}}, {"type": "Feature", "geometry": {"type": "Point", "coordinates": [-62.1599998474121, -28.6100006103516]}, "properties": {"series_id": 2378, "station_id": 1531, "station": "Los Juríes - EEA E Santiago", "river": "", "variable": "precipitación diaria 12Z", "var_id": 1, "unit": "", "network": "red_inta", "province": "", "procedure": "", "live": true, "percentiles": ""}}, {"type": "Feature", "geometry": {"type": "Point", "coordinates": [-59.5499992370605, -32.4099998474121]}, "properties": {"series_id": 2379, "station_id": 1532, "station": "Lucas Gonzalez", "river": "", "variable": "precipitación diaria 12Z", "var_id": 1, "unit": "", "network": "red_inta", "province": "", "procedure": "", "live": true, "percentiles": ""}}, {"type": "Feature", "geometry": {"type": "Point", "coordinates": [-58.9099998474121, -31.3799991607666]}, "properties": {"series_id": 2380, "station_id": 1533, "station": "Lucas Norte", "river": "", "variable": "precipitación diaria 12Z", "var_id": 1, "unit": "", "network": "red_inta", "province": "", "procedure": "", "live": true, "percentiles": ""}}, {"type": "Feature", "geometry": {"type": "Point", "coordinates": [-58.9099998474121, -31.3799991607666]}, "properties": {"series_id": 4248, "station_id": 1533, "station": "Lucas Norte", "river": "", "variable": "precipitación horaria", "var_id": 31, "unit": "", "network": "red_inta", "province": "", "procedure": "", "live": true, "percentiles": ""}}, {"type": "Feature", "geometry": {"type": "Point", "coordinates": [-58.9599990844727, -31.6399993896484]}, "properties": {"series_id": 4249, "station_id": 1534, "station": "Lucas Sur", "river": "", "variable": "precipitación horaria", "var_id": 31, "unit": "", "network": "red_inta", "province": "", "procedure": "", "live": true, "percentiles": ""}}, {"type": "Feature", "geometry": {"type": "Point", "coordinates": [-59.4099998474121, -32.1500015258789]}, "properties": {"series_id": 2382, "station_id": 1535, "station": "Macia", "river": "", "variable": "precipitación diaria 12Z", "var_id": 1, "unit": "", "network": "red_inta", "province": "", "procedure": "", "live": true, "percentiles": ""}}, {"type": "Feature", "geometry": {"type": "Point", "coordinates": [-69.5699996948242, -35.3800010681152]}, "properties": {"series_id": 2383, "station_id": 1536, "station": "Malargüe - EEA Rama Caida", "river": "", "variable": "precipitación diaria 12Z", "var_id": 1, "unit": "", "network": "red_inta", "province": "", "procedure": "", "live": true, "percentiles": ""}}, {"type": "Feature", "geometry": {"type": "Point", "coordinates": [-69.5699996948242, -35.3800010681152]}, "properties": {"series_id": 4251, "station_id": 1536, "station": "Malargüe - EEA Rama Caida", "river": "", "variable": "precipitación horaria", "var_id": 31, "unit": "", "network": "red_inta", "province": "", "procedure": "", "live": true, "percentiles": ""}}, {"type": "Feature", "geometry": {"type": "Point", "coordinates": [-59.9099998474121, -31.6900005340576]}, "properties": {"series_id": 4255, "station_id": 1540, "station": "Maria Grande", "river": "", "variable": "precipitación horaria", "var_id": 31, "unit": "", "network": "red_inta", "province": "", "procedure": "", "live": true, "percentiles": ""}}, {"type": "Feature", "geometry": {"type": "Point", "coordinates": [-59.6500015258789, -31.6900005340576]}, "properties": {"series_id": 2388, "station_id": 1541, "station": "Maria Grande 2da.", "river": "", "variable": "precipitación diaria 12Z", "var_id": 1, "unit": "", "network": "red_inta", "province": "", "procedure": "", "live": true, "percentiles": ""}}, {"type": "Feature", "geometry": {"type": "Point", "coordinates": [-62.6599998474121, -38.8699989318848]}, "properties": {"series_id": 4258, "station_id": 1543, "station": "Medanos - EEA Hilario Ascasubi", "river": "", "variable": "precipitación horaria", "var_id": 31, "unit": "", "network": "red_inta", "province": "", "procedure": "", "live": true, "percentiles": ""}}, {"type": "Feature", "geometry": {"type": "Point", "coordinates": [-59.2099990844727, -31.5599994659424]}, "properties": {"series_id": 2391, "station_id": 1544, "station": "Mojones", "river": "", "variable": "precipitación diaria 12Z", "var_id": 1, "unit": "", "network": "red_inta", "province": "", "procedure": "", "live": true, "percentiles": ""}}, {"type": "Feature", "geometry": {"type": "Point", "coordinates": [-59.2099990844727, -31.5599994659424]}, "properties": {"series_id": 4259, "station_id": 1544, "station": "Mojones", "river": "", "variable": "precipitación horaria", "var_id": 31, "unit": "", "network": "red_inta", "province": "", "procedure": "", "live": true, "percentiles": ""}}, {"type": "Feature", "geometry": {"type": "Point", "coordinates": [-59.2000007629395, -31.6499996185303]}, "properties": {"series_id": 2393, "station_id": 1546, "station": "Mojones Sur", "river": "", "variable": "precipitación diaria 12Z", "var_id": 1, "unit": "", "network": "red_inta", "province": "", "procedure": "", "live": true, "percentiles": ""}}, {"type": "Feature", "geometry": {"type": "Point", "coordinates": [-60.4000015258789, -32.3300018310547]}, "properties": {"series_id": 2394, "station_id": 1547, "station": "Molino Doll", "river": "", "variable": "precipitación diaria 12Z", "var_id": 1, "unit": "", "network": "red_inta", "province": "", "procedure": "", "live": true, "percentiles": ""}}, {"type": "Feature", "geometry": {"type": "Point", "coordinates": [-60.4000015258789, -32.3300018310547]}, "properties": {"series_id": 4262, "station_id": 1547, "station": "Molino Doll", "river": "", "variable": "precipitación horaria", "var_id": 31, "unit": "", "network": "red_inta", "province": "", "procedure": "", "live": true, "percentiles": ""}}, {"type": "Feature", "geometry": {"type": "Point", "coordinates": [-62.7099990844727, -25.8600006103516]}, "properties": {"series_id": 2396, "station_id": 1549, "station": "Monte Quemado - EEA E Santiago", "river": "", "variable": "precipitación diaria 12Z", "var_id": 1, "unit": "", "network": "red_inta", "province": "", "procedure": "", "live": true, "percentiles": ""}}, {"type": "Feature", "geometry": {"type": "Point", "coordinates": [-62.7099990844727, -25.8600006103516]}, "properties": {"series_id": 4264, "station_id": 1549, "station": "Monte Quemado - EEA E Santiago", "river": "", "variable": "precipitación horaria", "var_id": 31, "unit": "", "network": "red_inta", "province": "", "procedure": "", "live": true, "percentiles": ""}}, {"type": "Feature", "geometry": {"type": "Point", "coordinates": [-54.7299995422363, -26.5699996948242]}, "properties": {"series_id": 2413, "station_id": 1550, "station": "Montecarlo - EEA Montecarlo", "river": "", "variable": "precipitación diaria 12Z", "var_id": 1, "unit": "", "network": "red_inta", "province": "", "procedure": "", "live": true, "percentiles": ""}}, {"type": "Feature", "geometry": {"type": "Point", "coordinates": [-59.8899993896484, -32.5800018310547]}, "properties": {"series_id": 4269, "station_id": 1551, "station": "Montoya", "river": "", "variable": "precipitación horaria", "var_id": 31, "unit": "", "network": "red_inta", "province": "", "procedure": "", "live": true, "percentiles": ""}}, {"type": "Feature", "geometry": {"type": "Point", "coordinates": [-56.1599998474121, -28.3600006103516]}, "properties": {"series_id": 2415, "station_id": 1552, "station": "Mora Cue", "river": "", "variable": "precipitación diaria 12Z", "var_id": 1, "unit": "", "network": "red_inta", "province": "", "procedure": "", "live": true, "percentiles": ""}}, {"type": "Feature", "geometry": {"type": "Point", "coordinates": [-62.8899993896484, -23.4599990844727]}, "properties": {"series_id": 2417, "station_id": 1554, "station": "Morillo - EEA Salta", "river": "", "variable": "precipitación diaria 12Z", "var_id": 1, "unit": "", "network": "red_inta", "province": "", "procedure": "", "live": true, "percentiles": ""}}, {"type": "Feature", "geometry": {"type": "Point", "coordinates": [-62.8899993896484, -23.4599990844727]}, "properties": {"series_id": 4272, "station_id": 1554, "station": "Morillo - EEA Salta", "river": "", "variable": "precipitación horaria", "var_id": 31, "unit": "", "network": "red_inta", "province": "", "procedure": "", "live": true, "percentiles": ""}}, {"type": "Feature", "geometry": {"type": "Point", "coordinates": [-59.810001373291, -32.4099998474121]}, "properties": {"series_id": 4274, "station_id": 1556, "station": "Nogoyá", "river": "", "variable": "precipitación horaria", "var_id": 31, "unit": "", "network": "red_inta", "province": "", "procedure": "", "live": true, "percentiles": ""}}, {"type": "Feature", "geometry": {"type": "Point", "coordinates": [-61.4700012207031, -24.8999996185303]}, "properties": {"series_id": 2420, "station_id": 1557, "station": "Nueva Pompeya - EEA Sáenz Peña", "river": "", "variable": "precipitación diaria 12Z", "var_id": 1, "unit": "", "network": "red_inta", "province": "", "procedure": "", "live": true, "percentiles": ""}}, {"type": "Feature", "geometry": {"type": "Point", "coordinates": [-60.5200004577637, -31.8500003814697]}, "properties": {"series_id": 2421, "station_id": 1558, "station": "Oro Verde", "river": "", "variable": "precipitación diaria 12Z", "var_id": 1, "unit": "", "network": "red_inta", "province": "", "procedure": "", "live": true, "percentiles": ""}}, {"type": "Feature", "geometry": {"type": "Point", "coordinates": [-66.5500030517578, -30.1499996185303]}, "properties": {"series_id": 2422, "station_id": 1559, "station": "P de Los Llanos - EEA La Rioja", "river": "", "variable": "precipitación diaria 12Z", "var_id": 1, "unit": "", "network": "red_inta", "province": "", "procedure": "", "live": true, "percentiles": ""}}, {"type": "Feature", "geometry": {"type": "Point", "coordinates": [-59.7999992370605, -26.9300003051758]}, "properties": {"series_id": 2424, "station_id": 1561, "station": "P. de la Plaza -EEA Sáenz Peña", "river": "", "variable": "precipitación diaria 12Z", "var_id": 1, "unit": "", "network": "red_inta", "province": "", "procedure": "", "live": true, "percentiles": ""}}, {"type": "Feature", "geometry": {"type": "Point", "coordinates": [-59.7999992370605, -26.9300003051758]}, "properties": {"series_id": 4279, "station_id": 1561, "station": "P. de la Plaza -EEA Sáenz Peña", "river": "", "variable": "precipitación horaria", "var_id": 31, "unit": "", "network": "red_inta", "province": "", "procedure": "", "live": true, "percentiles": ""}}, {"type": "Feature", "geometry": {"type": "Point", "coordinates": [-59.5800018310547, -26.1499996185303]}, "properties": {"series_id": 2425, "station_id": 1562, "station": "P. Roca - EEA El Colorado", "river": "", "variable": "precipitación diaria 12Z", "var_id": 1, "unit": "", "network": "red_inta", "province": "", "procedure": "", "live": true, "percentiles": ""}}, {"type": "Feature", "geometry": {"type": "Point", "coordinates": [-59.5800018310547, -26.1499996185303]}, "properties": {"series_id": 4280, "station_id": 1562, "station": "P. Roca - EEA El Colorado", "river": "", "variable": "precipitación horaria", "var_id": 31, "unit": "", "network": "red_inta", "province": "", "procedure": "", "live": true, "percentiles": ""}}, {"type": "Feature", "geometry": {"type": "Point", "coordinates": [-60.310001373291, -32.4799995422363]}, "properties": {"series_id": 4281, "station_id": 1563, "station": "Pajonal", "river": "", "variable": "precipitación horaria", "var_id": 31, "unit": "", "network": "red_inta", "province": "", "procedure": "", "live": true, "percentiles": ""}}, {"type": "Feature", "geometry": {"type": "Point", "coordinates": [-58.7400016784668, -32.9199981689453]}, "properties": {"series_id": 4282, "station_id": 1564, "station": "Palavecino", "river": "", "variable": "precipitación horaria", "var_id": 31, "unit": "", "network": "red_inta", "province": "", "procedure": "", "live": true, "percentiles": ""}}, {"type": "Feature", "geometry": {"type": "Point", "coordinates": [-58.7999992370605, -29.3199996948242]}, "properties": {"series_id": 2428, "station_id": 1565, "station": "Palmita - Perugorria", "river": "", "variable": "precipitación diaria 12Z", "var_id": 1, "unit": "", "network": "red_inta", "province": "", "procedure": "", "live": true, "percentiles": ""}}, {"type": "Feature", "geometry": {"type": "Point", "coordinates": [-58.7999992370605, -29.3199996948242]}, "properties": {"series_id": 4283, "station_id": 1565, "station": "Palmita - Perugorria", "river": "", "variable": "precipitación horaria", "var_id": 31, "unit": "", "network": "red_inta", "province": "", "procedure": "", "live": true, "percentiles": ""}}, {"type": "Feature", "geometry": {"type": "Point", "coordinates": [-59.3400001525879, -25.5699996948242]}, "properties": {"series_id": 2429, "station_id": 1566, "station": "Palo Santo - ICyA CIRN", "river": "", "variable": "precipitación diaria 12Z", "var_id": 1, "unit": "", "network": "red_inta", "province": "", "procedure": "", "live": true, "percentiles": ""}}, {"type": "Feature", "geometry": {"type": "Point", "coordinates": [-61.2000007629395, -26.5]}, "properties": {"series_id": 2430, "station_id": 1567, "station": "Pampa Infierno -EA Sáenz Peña", "river": "", "variable": "precipitación diaria 12Z", "var_id": 1, "unit": "", "network": "red_inta", "province": "", "procedure": "", "live": true, "percentiles": ""}}, {"type": "Feature", "geometry": {"type": "Point", "coordinates": [-61.2000007629395, -26.5]}, "properties": {"series_id": 4285, "station_id": 1567, "station": "Pampa Infierno -EA Sáenz Peña", "river": "", "variable": "precipitación horaria", "var_id": 31, "unit": "", "network": "red_inta", "province": "", "procedure": "", "live": true, "percentiles": ""}}, {"type": "Feature", "geometry": {"type": "Point", "coordinates": [-60.5299987792969, -31.7299995422363]}, "properties": {"series_id": 4286, "station_id": 1568, "station": "Paraná", "river": "", "variable": "precipitación horaria", "var_id": 31, "unit": "", "network": "red_inta", "province": "", "procedure": "", "live": true, "percentiles": ""}}, {"type": "Feature", "geometry": {"type": "Point", "coordinates": [-69.0800018310547, -33.9500007629395]}, "properties": {"series_id": 2432, "station_id": 1569, "station": "Pareditas - EEA Consulta", "river": "", "variable": "precipitación diaria 12Z", "var_id": 1, "unit": "", "network": "red_inta", "province": "", "procedure": "", "live": true, "percentiles": ""}}, {"type": "Feature", "geometry": {"type": "Point", "coordinates": [-58.0999984741211, -28.0400009155273]}, "properties": {"series_id": 4288, "station_id": 1570, "station": "Parque Nacional Mburucuya", "river": "", "variable": "precipitación horaria", "var_id": 31, "unit": "", "network": "red_inta", "province": "", "procedure": "", "live": true, "percentiles": ""}}, {"type": "Feature", "geometry": {"type": "Point", "coordinates": [-68.5800018310547, -43.3600006103516]}, "properties": {"series_id": 4290, "station_id": 1572, "station": "Paso de los Indios EEA Chubut", "river": "", "variable": "precipitación horaria", "var_id": 31, "unit": "", "network": "red_inta", "province": "", "procedure": "", "live": true, "percentiles": ""}}, {"type": "Feature", "geometry": {"type": "Point", "coordinates": [-58.7000007629395, -33.2299995422363]}, "properties": {"series_id": 4292, "station_id": 1574, "station": "Perdices", "river": "", "variable": "precipitación horaria", "var_id": 31, "unit": "", "network": "red_inta", "province": "", "procedure": "", "live": true, "percentiles": ""}}, {"type": "Feature", "geometry": {"type": "Point", "coordinates": [-59.3899993896484, -30.8500003814697]}, "properties": {"series_id": 2438, "station_id": 1575, "station": "Picada Veron", "river": "", "variable": "precipitación diaria 12Z", "var_id": 1, "unit": "", "network": "red_inta", "province": "", "procedure": "", "live": true, "percentiles": ""}}, {"type": "Feature", "geometry": {"type": "Point", "coordinates": [-56.7099990844727, -28.1599998474121]}, "properties": {"series_id": 2439, "station_id": 1576, "station": "Pje Galarza - EEA Mercedes", "river": "", "variable": "precipitación diaria 12Z", "var_id": 1, "unit": "", "network": "red_inta", "province": "", "procedure": "", "live": true, "percentiles": ""}}, {"type": "Feature", "geometry": {"type": "Point", "coordinates": [-68.3300018310547, -38.9500007629395]}, "properties": {"series_id": 2440, "station_id": 1577, "station": "Plottier - IPAF Patagonia", "river": "", "variable": "precipitación diaria 12Z", "var_id": 1, "unit": "", "network": "red_inta", "province": "", "procedure": "", "live": true, "percentiles": ""}}, {"type": "Feature", "geometry": {"type": "Point", "coordinates": [-68.3300018310547, -38.9500007629395]}, "properties": {"series_id": 4311, "station_id": 1577, "station": "Plottier - IPAF Patagonia", "river": "", "variable": "precipitación horaria", "var_id": 31, "unit": "", "network": "red_inta", "province": "", "procedure": "", "live": true, "percentiles": ""}}, {"type": "Feature", "geometry": {"type": "Point", "coordinates": [-55.8899993896484, -27.3700008392334]}, "properties": {"series_id": 2442, "station_id": 1579, "station": "Posadas Sede", "river": "", "variable": "precipitación diaria 12Z", "var_id": 1, "unit": "", "network": "red_inta", "province": "", "procedure": "", "live": true, "percentiles": ""}}, {"type": "Feature", "geometry": {"type": "Point", "coordinates": [-56.7099990844727, -27.4799995422363]}, "properties": {"series_id": 4329, "station_id": 1580, "station": "Presa", "river": "", "variable": "precipitación horaria", "var_id": 31, "unit": "", "network": "red_inta", "province": "", "procedure": "", "live": true, "percentiles": ""}}, {"type": "Feature", "geometry": {"type": "Point", "coordinates": [-60.0900001525879, -31.4300003051758]}, "properties": {"series_id": 2444, "station_id": 1581, "station": "Pueblo Brugo", "river": "", "variable": "precipitación diaria 12Z", "var_id": 1, "unit": "", "network": "red_inta", "province": "", "procedure": "", "live": true, "percentiles": false}}, {"type": "Feature", "geometry": {"type": "Point", "coordinates": [-58.5299987792969, -32]}, "properties": {"series_id": 2445, "station_id": 1582, "station": "Pueblo Cazes", "river": "", "variable": "precipitación diaria 12Z", "var_id": 1, "unit": "", "network": "red_inta", "province": "", "procedure": "", "live": true, "percentiles": ""}}, {"type": "Feature", "geometry": {"type": "Point", "coordinates": [-58.5299987792969, -32]}, "properties": {"series_id": 4331, "station_id": 1582, "station": "Pueblo Cazes", "river": "", "variable": "precipitación horaria", "var_id": 31, "unit": "", "network": "red_inta", "province": "", "procedure": "", "live": true, "percentiles": ""}}, {"type": "Feature", "geometry": {"type": "Point", "coordinates": [-64.2900009155273, -42.5400009155273]}, "properties": {"series_id": 4332, "station_id": 1583, "station": "Puerto Piramides - EEA Chubut", "river": "", "variable": "precipitación horaria", "var_id": 31, "unit": "", "network": "red_inta", "province": "", "procedure": "", "live": true, "percentiles": ""}}, {"type": "Feature", "geometry": {"type": "Point", "coordinates": [-68.3899993896484, -34.6699981689453]}, "properties": {"series_id": 2449, "station_id": 1586, "station": "Rama Caida - EEA Rama Caida", "river": "", "variable": "precipitación diaria 12Z", "var_id": 1, "unit": "", "network": "red_inta", "province": "", "procedure": "", "live": true, "percentiles": ""}}, {"type": "Feature", "geometry": {"type": "Point", "coordinates": [-58.3199996948242, -27.2900009155273]}, "properties": {"series_id": 4337, "station_id": 1587, "station": "Ramada Paso", "river": "", "variable": "precipitación horaria", "var_id": 31, "unit": "", "network": "red_inta", "province": "", "procedure": "", "live": true, "percentiles": ""}}, {"type": "Feature", "geometry": {"type": "Point", "coordinates": [-60.189998626709, -32.1500015258789]}, "properties": {"series_id": 4338, "station_id": 1588, "station": "Ramirez", "river": "", "variable": "precipitación horaria", "var_id": 31, "unit": "", "network": "red_inta", "province": "", "procedure": "", "live": true, "percentiles": ""}}, {"type": "Feature", "geometry": {"type": "Point", "coordinates": [-59.1100006103516, -36.7999992370605]}, "properties": {"series_id": 4339, "station_id": 1589, "station": "Rauch - EEA Cuenca Salado", "river": "", "variable": "precipitación horaria", "var_id": 31, "unit": "", "network": "red_inta", "province": "", "procedure": "", "live": true, "percentiles": ""}}, {"type": "Feature", "geometry": {"type": "Point", "coordinates": [-59.560001373291, -31.8500003814697]}, "properties": {"series_id": 4340, "station_id": 1590, "station": "Raíces Oeste", "river": "", "variable": "precipitación horaria", "var_id": 31, "unit": "", "network": "red_inta", "province": "", "procedure": "", "live": true, "percentiles": ""}}, {"type": "Feature", "geometry": {"type": "Point", "coordinates": [-59.7099990844727, -29.2600002288818]}, "properties": {"series_id": 4343, "station_id": 1591, "station": "Reconquista - EEA Reconquista", "river": "", "variable": "precipitación horaria", "var_id": 31, "unit": "", "network": "red_inta", "province": "", "procedure": "", "live": true, "percentiles": ""}}, {"type": "Feature", "geometry": {"type": "Point", "coordinates": [-58.5800018310547, -32.5200004577637]}, "properties": {"series_id": 2455, "station_id": 1592, "station": "Rincon del Gená", "river": "", "variable": "precipitación diaria 12Z", "var_id": 1, "unit": "", "network": "red_inta", "province": "", "procedure": "", "live": true, "percentiles": ""}}, {"type": "Feature", "geometry": {"type": "Point", "coordinates": [-58.5800018310547, -32.5200004577637]}, "properties": {"series_id": 4344, "station_id": 1592, "station": "Rincon del Gená", "river": "", "variable": "precipitación horaria", "var_id": 31, "unit": "", "network": "red_inta", "province": "", "procedure": "", "live": true, "percentiles": ""}}, {"type": "Feature", "geometry": {"type": "Point", "coordinates": [-59.9099998474121, -32.7799987792969]}, "properties": {"series_id": 2457, "station_id": 1594, "station": "Rincón de Nogoyá", "river": "", "variable": "precipitación diaria 12Z", "var_id": 1, "unit": "", "network": "red_inta", "province": "", "procedure": "", "live": true, "percentiles": ""}}, {"type": "Feature", "geometry": {"type": "Point", "coordinates": [-69.1399993896484, -51.3800010681152]}, "properties": {"series_id": 2458, "station_id": 1595, "station": "Rio Gallegos - EEA Santa Cruz", "river": "", "variable": "precipitación diaria 12Z", "var_id": 1, "unit": "", "network": "red_inta", "province": "", "procedure": "", "live": true, "percentiles": ""}}, {"type": "Feature", "geometry": {"type": "Point", "coordinates": [-68.5, -33.2599983215332]}, "properties": {"series_id": 2459, "station_id": 1596, "station": "Rivadavia - EEA Junin Mendoza", "river": "", "variable": "precipitación diaria 12Z", "var_id": 1, "unit": "", "network": "red_inta", "province": "", "procedure": "", "live": true, "percentiles": ""}}, {"type": "Feature", "geometry": {"type": "Point", "coordinates": [-68.5, -33.2599983215332]}, "properties": {"series_id": 4348, "station_id": 1596, "station": "Rivadavia - EEA Junin Mendoza", "river": "", "variable": "precipitación horaria", "var_id": 31, "unit": "", "network": "red_inta", "province": "", "procedure": "", "live": true, "percentiles": ""}}, {"type": "Feature", "geometry": {"type": "Point", "coordinates": [-65.5899963378906, -24.9899997711182]}, "properties": {"series_id": 2460, "station_id": 1597, "station": "Rosario de Lerma", "river": "", "variable": "precipitación diaria 12Z", "var_id": 1, "unit": "", "network": "red_inta", "province": "", "procedure": "", "live": true, "percentiles": ""}}, {"type": "Feature", "geometry": {"type": "Point", "coordinates": [-59.189998626709, -32.3300018310547]}, "properties": {"series_id": 2461, "station_id": 1598, "station": "Rosario del Tala", "river": "", "variable": "precipitación diaria 12Z", "var_id": 1, "unit": "", "network": "red_inta", "province": "", "procedure": "", "live": true, "percentiles": ""}}, {"type": "Feature", "geometry": {"type": "Point", "coordinates": [-56.0099983215332, -27.6800003051758]}, "properties": {"series_id": 4351, "station_id": 1599, "station": "San Carlos", "river": "", "variable": "precipitación horaria", "var_id": 31, "unit": "", "network": "red_inta", "province": "", "procedure": "", "live": true, "percentiles": ""}}, {"type": "Feature", "geometry": {"type": "Point", "coordinates": [-58.6100006103516, -34.25]}, "properties": {"series_id": 2463, "station_id": 1600, "station": "San Fernando - EEA Delta", "river": "", "variable": "precipitación diaria 12Z", "var_id": 1, "unit": "", "network": "red_inta", "province": "", "procedure": "", "live": true, "percentiles": ""}}, {"type": "Feature", "geometry": {"type": "Point", "coordinates": [-59.4500007629395, -30.7000007629395]}, "properties": {"series_id": 2478, "station_id": 1602, "station": "San Gustavo", "river": "", "variable": "precipitación diaria 12Z", "var_id": 1, "unit": "", "network": "red_inta", "province": "", "procedure": "", "live": true, "percentiles": ""}}, {"type": "Feature", "geometry": {"type": "Point", "coordinates": [-59.2999992370605, -29.4799995422363]}, "properties": {"series_id": 2479, "station_id": 1603, "station": "San Isidro - EEA Bella Vista", "river": "", "variable": "precipitación diaria 12Z", "var_id": 1, "unit": "", "network": "red_inta", "province": "", "procedure": "", "live": true, "percentiles": ""}}, {"type": "Feature", "geometry": {"type": "Point", "coordinates": [-61.8300018310547, -31.9500007629395]}, "properties": {"series_id": 2481, "station_id": 1605, "station": "San Jorge - EEA Rafaela", "river": "", "variable": "precipitación diaria 12Z", "var_id": 1, "unit": "", "network": "red_inta", "province": "", "procedure": "", "live": true, "percentiles": ""}}, {"type": "Feature", "geometry": {"type": "Point", "coordinates": [-58.7000007629395, -28.1700000762939]}, "properties": {"series_id": 2482, "station_id": 1606, "station": "San Lorenzo", "river": "", "variable": "precipitación diaria 12Z", "var_id": 1, "unit": "", "network": "red_inta", "province": "", "procedure": "", "live": true, "percentiles": ""}}, {"type": "Feature", "geometry": {"type": "Point", "coordinates": [-58.7000007629395, -28.1700000762939]}, "properties": {"series_id": 4371, "station_id": 1606, "station": "San Lorenzo", "river": "", "variable": "precipitación horaria", "var_id": 31, "unit": "", "network": "red_inta", "province": "", "procedure": "", "live": true, "percentiles": ""}}, {"type": "Feature", "geometry": {"type": "Point", "coordinates": [-59.7999992370605, -33.7400016784668]}, "properties": {"series_id": 2483, "station_id": 1607, "station": "San Pedro - EEA San Pedro", "river": "", "variable": "precipitación diaria 12Z", "var_id": 1, "unit": "", "network": "red_inta", "province": "", "procedure": "", "live": true, "percentiles": false}}, {"type": "Feature", "geometry": {"type": "Point", "coordinates": [-59.7999992370605, -33.7400016784668]}, "properties": {"series_id": 4372, "station_id": 1607, "station": "San Pedro - EEA San Pedro", "river": "", "variable": "precipitación horaria", "var_id": 31, "unit": "", "network": "red_inta", "province": "", "procedure": "", "live": true, "percentiles": ""}}, {"type": "Feature", "geometry": {"type": "Point", "coordinates": [-58.7299995422363, -28.6000003814697]}, "properties": {"series_id": 2484, "station_id": 1608, "station": "San Roque", "river": "", "variable": "precipitación diaria 12Z", "var_id": 1, "unit": "", "network": "red_inta", "province": "", "procedure": "", "live": true, "percentiles": ""}}, {"type": "Feature", "geometry": {"type": "Point", "coordinates": [-68.4499969482422, -52.8899993896484]}, "properties": {"series_id": 4374, "station_id": 1609, "station": "San Sebastian - EEA Santa Cruz", "river": "", "variable": "precipitación horaria", "var_id": 31, "unit": "", "network": "red_inta", "province": "", "procedure": "", "live": true, "percentiles": ""}}, {"type": "Feature", "geometry": {"type": "Point", "coordinates": [-59.6800003051758, -30.9899997711182]}, "properties": {"series_id": 2486, "station_id": 1610, "station": "Santa Elena", "river": "", "variable": "precipitación diaria 12Z", "var_id": 1, "unit": "", "network": "red_inta", "province": "", "procedure": "", "live": true, "percentiles": ""}}, {"type": "Feature", "geometry": {"type": "Point", "coordinates": [-59.6800003051758, -30.9899997711182]}, "properties": {"series_id": 4375, "station_id": 1610, "station": "Santa Elena", "river": "", "variable": "precipitación horaria", "var_id": 31, "unit": "", "network": "red_inta", "province": "", "procedure": "", "live": true, "percentiles": ""}}, {"type": "Feature", "geometry": {"type": "Point", "coordinates": [-64.129997253418, -24.5200004577637]}, "properties": {"series_id": 4341, "station_id": 1611, "station": "Santa Magdalena", "river": "", "variable": "precipitación horaria", "var_id": 31, "unit": "", "network": "red_inta", "province": "", "procedure": "", "live": true, "percentiles": ""}}, {"type": "Feature", "geometry": {"type": "Point", "coordinates": [-69.0299987792969, -45.5999984741211]}, "properties": {"series_id": 2491, "station_id": 1615, "station": "Sarmiento - EEA Chubut", "river": "", "variable": "precipitación diaria 12Z", "var_id": 1, "unit": "", "network": "red_inta", "province": "", "procedure": "", "live": true, "percentiles": ""}}, {"type": "Feature", "geometry": {"type": "Point", "coordinates": [-59.6300010681152, -32.560001373291]}, "properties": {"series_id": 4380, "station_id": 1616, "station": "Sauce", "river": "", "variable": "precipitación horaria", "var_id": 31, "unit": "", "network": "red_inta", "province": "", "procedure": "", "live": true, "percentiles": ""}}, {"type": "Feature", "geometry": {"type": "Point", "coordinates": [-59.2900009155273, -31.1100006103516]}, "properties": {"series_id": 2493, "station_id": 1617, "station": "Sauce de Luna", "river": "", "variable": "precipitación diaria 12Z", "var_id": 1, "unit": "", "network": "red_inta", "province": "", "procedure": "", "live": true, "percentiles": ""}}, {"type": "Feature", "geometry": {"type": "Point", "coordinates": [-59.1199989318848, -32.3800010681152]}, "properties": {"series_id": 2496, "station_id": 1620, "station": "Segundo Cuartel", "river": "", "variable": "precipitación diaria 12Z", "var_id": 1, "unit": "", "network": "red_inta", "province": "", "procedure": "", "live": true, "percentiles": ""}}, {"type": "Feature", "geometry": {"type": "Point", "coordinates": [-59.1199989318848, -32.3800010681152]}, "properties": {"series_id": 4384, "station_id": 1620, "station": "Segundo Cuartel", "river": "", "variable": "precipitación horaria", "var_id": 31, "unit": "", "network": "red_inta", "province": "", "procedure": "", "live": true, "percentiles": ""}}, {"type": "Feature", "geometry": {"type": "Point", "coordinates": [-59.6199989318848, -32.8499984741211]}, "properties": {"series_id": 4385, "station_id": 1621, "station": "Sexto Distrito", "river": "", "variable": "precipitación horaria", "var_id": 31, "unit": "", "network": "red_inta", "province": "", "procedure": "", "live": true, "percentiles": ""}}, {"type": "Feature", "geometry": {"type": "Point", "coordinates": [-58.7900009155273, -30.1000003814697]}, "properties": {"series_id": 2498, "station_id": 1622, "station": "Sociedad Rural Sauce", "river": "", "variable": "precipitación diaria 12Z", "var_id": 1, "unit": "", "network": "red_inta", "province": "", "procedure": "", "live": true, "percentiles": ""}}, {"type": "Feature", "geometry": {"type": "Point", "coordinates": [-58.7900009155273, -30.1000003814697]}, "properties": {"series_id": 4386, "station_id": 1622, "station": "Sociedad Rural Sauce", "river": "", "variable": "precipitación horaria", "var_id": 31, "unit": "", "network": "red_inta", "province": "", "procedure": "", "live": true, "percentiles": ""}}, {"type": "Feature", "geometry": {"type": "Point", "coordinates": [-58.7700004577637, -27.6499996185303]}, "properties": {"series_id": 4387, "station_id": 1623, "station": "Sombrerito - EEA Corrientes", "river": "", "variable": "precipitación horaria", "var_id": 31, "unit": "", "network": "red_inta", "province": "", "procedure": "", "live": true, "percentiles": ""}}, {"type": "Feature", "geometry": {"type": "Point", "coordinates": [-64.9599990844727, -22.25]}, "properties": {"series_id": 2500, "station_id": 1624, "station": "Sta Victoria O -EEA Abra Pampa", "river": "", "variable": "precipitación diaria 12Z", "var_id": 1, "unit": "", "network": "red_inta", "province": "", "procedure": "", "live": true, "percentiles": ""}}, {"type": "Feature", "geometry": {"type": "Point", "coordinates": [-64.9599990844727, -22.25]}, "properties": {"series_id": 4388, "station_id": 1624, "station": "Sta Victoria O -EEA Abra Pampa", "river": "", "variable": "precipitación horaria", "var_id": 31, "unit": "", "network": "red_inta", "province": "", "procedure": "", "live": true, "percentiles": ""}}, {"type": "Feature", "geometry": {"type": "Point", "coordinates": [-60.5999984741211, -32.0499992370605]}, "properties": {"series_id": 2501, "station_id": 1625, "station": "Strobel", "river": "", "variable": "precipitación diaria 12Z", "var_id": 1, "unit": "", "network": "red_inta", "province": "", "procedure": "", "live": true, "percentiles": ""}}, {"type": "Feature", "geometry": {"type": "Point", "coordinates": [-62.6100006103516, -40.1800003051758]}, "properties": {"series_id": 2502, "station_id": 1626, "station": "Stroeder -EEA Hilario Ascasubi", "river": "", "variable": "precipitación diaria 12Z", "var_id": 1, "unit": "", "network": "red_inta", "province": "", "procedure": "", "live": true, "percentiles": ""}}, {"type": "Feature", "geometry": {"type": "Point", "coordinates": [-62.6100006103516, -40.1800003051758]}, "properties": {"series_id": 4390, "station_id": 1626, "station": "Stroeder -EEA Hilario Ascasubi", "river": "", "variable": "precipitación horaria", "var_id": 31, "unit": "", "network": "red_inta", "province": "", "procedure": "", "live": true, "percentiles": ""}}, {"type": "Feature", "geometry": {"type": "Point", "coordinates": [-59.5200004577637, -30.5599994659424]}, "properties": {"series_id": 4298, "station_id": 1627, "station": "Tacuara", "river": "", "variable": "precipitación horaria", "var_id": 31, "unit": "", "network": "red_inta", "province": "", "procedure": "", "live": true, "percentiles": ""}}, {"type": "Feature", "geometry": {"type": "Point", "coordinates": [-66.8899993896484, -42.4300003051758]}, "properties": {"series_id": 4299, "station_id": 1628, "station": "Telsen - Chubut", "river": "", "variable": "precipitación horaria", "var_id": 31, "unit": "", "network": "red_inta", "province": "", "procedure": "", "live": true, "percentiles": ""}}, {"type": "Feature", "geometry": {"type": "Point", "coordinates": [-65.2300033569336, -32.6699981689453]}, "properties": {"series_id": 2176, "station_id": 1629, "station": "Tilisarao - EEA San Luis", "river": "", "variable": "precipitación diaria 12Z", "var_id": 1, "unit": "", "network": "red_inta", "province": "", "procedure": "", "live": true, "percentiles": ""}}, {"type": "Feature", "geometry": {"type": "Point", "coordinates": [-62.2400016784668, -38.1199989318848]}, "properties": {"series_id": 2177, "station_id": 1630, "station": "Tornquist - EEA Bordenave", "river": "", "variable": "precipitación diaria 12Z", "var_id": 1, "unit": "", "network": "red_inta", "province": "", "procedure": "", "live": true, "percentiles": ""}}, {"type": "Feature", "geometry": {"type": "Point", "coordinates": [-62.2400016784668, -38.1199989318848]}, "properties": {"series_id": 4301, "station_id": 1630, "station": "Tornquist - EEA Bordenave", "river": "", "variable": "precipitación horaria", "var_id": 31, "unit": "", "network": "red_inta", "province": "", "procedure": "", "live": true, "percentiles": ""}}, {"type": "Feature", "geometry": {"type": "Point", "coordinates": [-65.2699966430664, -26.2800006866455]}, "properties": {"series_id": 2178, "station_id": 1631, "station": "Trancas - EEA Famaillá", "river": "", "variable": "precipitación diaria 12Z", "var_id": 1, "unit": "", "network": "red_inta", "province": "", "procedure": "", "live": true, "percentiles": ""}}, {"type": "Feature", "geometry": {"type": "Point", "coordinates": [-59.7599983215332, -32.75]}, "properties": {"series_id": 2179, "station_id": 1632, "station": "Tres bocas", "river": "", "variable": "precipitación diaria 12Z", "var_id": 1, "unit": "", "network": "red_inta", "province": "", "procedure": "", "live": true, "percentiles": ""}}, {"type": "Feature", "geometry": {"type": "Point", "coordinates": [-59.7599983215332, -32.75]}, "properties": {"series_id": 4303, "station_id": 1632, "station": "Tres bocas", "river": "", "variable": "precipitación horaria", "var_id": 31, "unit": "", "network": "red_inta", "province": "", "procedure": "", "live": true, "percentiles": ""}}, {"type": "Feature", "geometry": {"type": "Point", "coordinates": [-59.9300003051758, -32.25]}, "properties": {"series_id": 4304, "station_id": 1633, "station": "Tres Esquinas", "river": "", "variable": "precipitación horaria", "var_id": 31, "unit": "", "network": "red_inta", "province": "", "procedure": "", "live": true, "percentiles": ""}}, {"type": "Feature", "geometry": {"type": "Point", "coordinates": [-60.8800010681152, -33.0200004577637]}, "properties": {"series_id": 2181, "station_id": 1634, "station": "UNR - Zavalla (EMC)", "river": "", "variable": "precipitación diaria 12Z", "var_id": 1, "unit": "", "network": "red_inta", "province": "", "procedure": "", "live": true, "percentiles": ""}}, {"type": "Feature", "geometry": {"type": "Point", "coordinates": [-60.8800010681152, -33.0200004577637]}, "properties": {"series_id": 4305, "station_id": 1634, "station": "UNR - Zavalla (EMC)", "river": "", "variable": "precipitación horaria", "var_id": 31, "unit": "", "network": "red_inta", "province": "", "procedure": "", "live": true, "percentiles": ""}}, {"type": "Feature", "geometry": {"type": "Point", "coordinates": [-58.8600006103516, -32.7000007629395]}, "properties": {"series_id": 2182, "station_id": 1635, "station": "Urdinarrain", "river": "", "variable": "precipitación diaria 12Z", "var_id": 1, "unit": "", "network": "red_inta", "province": "", "procedure": "", "live": true, "percentiles": ""}}, {"type": "Feature", "geometry": {"type": "Point", "coordinates": [-66.3099975585938, -40.7200012207031]}, "properties": {"series_id": 2183, "station_id": 1636, "station": "Valcheta - EEA Valle Inferior", "river": "", "variable": "precipitación diaria 12Z", "var_id": 1, "unit": "", "network": "red_inta", "province": "", "procedure": "", "live": true, "percentiles": ""}}, {"type": "Feature", "geometry": {"type": "Point", "coordinates": [-66.3099975585938, -40.7200012207031]}, "properties": {"series_id": 4307, "station_id": 1636, "station": "Valcheta - EEA Valle Inferior", "river": "", "variable": "precipitación horaria", "var_id": 31, "unit": "", "network": "red_inta", "province": "", "procedure": "", "live": true, "percentiles": ""}}, {"type": "Feature", "geometry": {"type": "Point", "coordinates": [-60.0299987792969, -31.8600006103516]}, "properties": {"series_id": 2184, "station_id": 1637, "station": "Viale", "river": "", "variable": "precipitación diaria 12Z", "var_id": 1, "unit": "", "network": "red_inta", "province": "", "procedure": "", "live": true, "percentiles": ""}}, {"type": "Feature", "geometry": {"type": "Point", "coordinates": [-60.0299987792969, -31.8600006103516]}, "properties": {"series_id": 4308, "station_id": 1637, "station": "Viale", "river": "", "variable": "precipitación horaria", "var_id": 31, "unit": "", "network": "red_inta", "province": "", "procedure": "", "live": true, "percentiles": ""}}, {"type": "Feature", "geometry": {"type": "Point", "coordinates": [-60.1599998474121, -32.5900001525879]}, "properties": {"series_id": 2503, "station_id": 1638, "station": "Victoria", "river": "", "variable": "precipitación diaria 12Z", "var_id": 1, "unit": "", "network": "red_inta", "province": "", "procedure": "", "live": true, "percentiles": ""}}, {"type": "Feature", "geometry": {"type": "Point", "coordinates": [-60.1599998474121, -32.5900001525879]}, "properties": {"series_id": 4391, "station_id": 1638, "station": "Victoria", "river": "", "variable": "precipitación horaria", "var_id": 31, "unit": "", "network": "red_inta", "province": "", "procedure": "", "live": true, "percentiles": ""}}, {"type": "Feature", "geometry": {"type": "Point", "coordinates": [-59.7999992370605, -28.4400005340576]}, "properties": {"series_id": 4392, "station_id": 1639, "station": "Villa Ana - EEA Reconquista", "river": "", "variable": "precipitación horaria", "var_id": 31, "unit": "", "network": "red_inta", "province": "", "procedure": "", "live": true, "percentiles": ""}}, {"type": "Feature", "geometry": {"type": "Point", "coordinates": [-65.2200012207031, -31.9400005340576]}, "properties": {"series_id": 2505, "station_id": 1640, "station": "Villa Dolores - EEA Manfredi", "river": "", "variable": "precipitación diaria 12Z", "var_id": 1, "unit": "", "network": "red_inta", "province": "", "procedure": "", "live": true, "percentiles": ""}}, {"type": "Feature", "geometry": {"type": "Point", "coordinates": [-65.2200012207031, -31.9400005340576]}, "properties": {"series_id": 4393, "station_id": 1640, "station": "Villa Dolores - EEA Manfredi", "river": "", "variable": "precipitación horaria", "var_id": 31, "unit": "", "network": "red_inta", "province": "", "procedure": "", "live": true, "percentiles": ""}}, {"type": "Feature", "geometry": {"type": "Point", "coordinates": [-58.4099998474121, -32.1500015258789]}, "properties": {"series_id": 2506, "station_id": 1641, "station": "Villa Elisa", "river": "", "variable": "precipitación diaria 12Z", "var_id": 1, "unit": "", "network": "red_inta", "province": "", "procedure": "", "live": true, "percentiles": ""}}, {"type": "Feature", "geometry": {"type": "Point", "coordinates": [-65.4100036621094, -33.6599998474121]}, "properties": {"series_id": 4395, "station_id": 1642, "station": "Villa Mercedes - EEA San Luis", "river": "", "variable": "precipitación horaria", "var_id": 31, "unit": "", "network": "red_inta", "province": "", "procedure": "", "live": true, "percentiles": ""}}, {"type": "Feature", "geometry": {"type": "Point", "coordinates": [-59.0200004577637, -31.8099994659424]}, "properties": {"series_id": 2508, "station_id": 1643, "station": "Villaguay", "river": "", "variable": "precipitación diaria 12Z", "var_id": 1, "unit": "", "network": "red_inta", "province": "", "procedure": "", "live": true, "percentiles": ""}}, {"type": "Feature", "geometry": {"type": "Point", "coordinates": [-56.0299987792969, -28.0900001525879]}, "properties": {"series_id": 4397, "station_id": 1645, "station": "Virasoro", "river": "", "variable": "precipitación horaria", "var_id": 31, "unit": "", "network": "red_inta", "province": "", "procedure": "", "live": true, "percentiles": ""}}, {"type": "Feature", "geometry": {"type": "Point", "coordinates": [-55.8899993896484, -27.4300003051758]}, "properties": {"series_id": 4398, "station_id": 1647, "station": "Zaiman Inta", "river": "", "variable": "precipitación horaria", "var_id": 31, "unit": "", "network": "red_inta", "province": "", "procedure": "", "live": true, "percentiles": ""}}, {"type": "Feature", "geometry": {"type": "Point", "coordinates": [-58.7711666666667, -31.1051388888889]}, "properties": {"series_id": 29909, "station_id": 1678, "station": "Paso Duarte - RP 22", "river": "Gualeguay", "variable": "Altura hidrométrica media diaria", "var_id": 39, "unit": "", "network": "alturas_bdhi", "province": "", "procedure": "", "live": true, "percentiles": ""}}, {"type": "Feature", "geometry": {"type": "Point", "coordinates": [-60.752233, -31.667601]}, "properties": {"series_id": 29911, "station_id": 1679, "station": "Santo Tomé", "river": "SALADOSANTAFE", "variable": "Altura hidrométrica media diaria", "var_id": 39, "unit": "", "network": "alturas_bdhi", "province": "", "procedure": "", "live": true, "percentiles": false}}, {"type": "Feature", "geometry": {"type": "Point", "coordinates": [-60.887765, -31.254531]}, "properties": {"series_id": 3045, "station_id": 1680, "station": "Cululú - RP50-s", "river": "SALADOSANTAFE", "variable": "Altura hidrométrica", "var_id": 2, "unit": "", "network": "alturas_bdhi", "province": "", "procedure": "", "live": true, "percentiles": ""}}, {"type": "Feature", "geometry": {"type": "Point", "coordinates": [-60.887765, -31.254531]}, "properties": {"series_id": 29912, "station_id": 1680, "station": "Cululú - RP50-s", "river": "SALADOSANTAFE", "variable": "Altura hidrométrica media diaria", "var_id": 39, "unit": "", "network": "alturas_bdhi", "province": "", "procedure": "", "live": true, "percentiles": ""}}, {"type": "Feature", "geometry": {"type": "Point", "coordinates": [-58.5365277777778, -35.7246666666667]}, "properties": {"series_id": 3274, "station_id": 1695, "station": "General Belgrano", "river": "Salado_bonaerense", "variable": "Altura hidrométrica", "var_id": 2, "unit": "", "network": "alturas_bdhi", "province": "", "procedure": "", "live": true, "percentiles": ""}}, {"type": "Feature", "geometry": {"type": "Point", "coordinates": [-58.5365277777778, -35.7246666666667]}, "properties": {"series_id": 3276, "station_id": 1695, "station": "General Belgrano", "river": "Salado_bonaerense", "variable": "Caudal", "var_id": 4, "unit": "", "network": "alturas_bdhi", "province": "", "procedure": "", "live": true, "percentiles": ""}}, {"type": "Feature", "geometry": {"type": "Point", "coordinates": [-58.5365277777778, -35.7246666666667]}, "properties": {"series_id": 29913, "station_id": 1695, "station": "General Belgrano", "river": "Salado_bonaerense", "variable": "Altura hidrométrica media diaria", "var_id": 39, "unit": "", "network": "alturas_bdhi", "province": "", "procedure": "", "live": true, "percentiles": ""}}, {"type": "Feature", "geometry": {"type": "Point", "coordinates": [-58.422029, -33.878478]}, "properties": {"series_id": 3280, "station_id": 1699, "station": "Nueva Palmira", "river": "Uruguay", "variable": "Altura hidrométrica", "var_id": 2, "unit": "", "network": "alturas_varios", "province": "", "procedure": "", "live": true, "percentiles": ""}}, {"type": "Feature", "geometry": {"type": "Point", "coordinates": [-58.422029, -33.878478]}, "properties": {"series_id": 31553, "station_id": 1699, "station": "Nueva Palmira", "river": "Uruguay", "variable": "Altura hidrométrica", "var_id": 2, "unit": "", "network": "alturas_varios", "province": "", "procedure": "", "live": true, "percentiles": ""}}, {"type": "Feature", "geometry": {"type": "Point", "coordinates": [-58.4166666666667, -33.0666666666667]}, "properties": {"series_id": 3306, "station_id": 1700, "station": "Boca Gualeguaychú CARU", "river": "Uruguay", "variable": "Altura hidrométrica", "var_id": 2, "unit": "", "network": "alturas_varios", "province": "", "procedure": "", "live": true, "percentiles": ""}}, {"type": "Feature", "geometry": {"type": "Point", "coordinates": [-58.4166666666667, -33.0666666666667]}, "properties": {"series_id": 26768, "station_id": 1701, "station": "Gualeguaychú FdX", "river": "Uruguay", "variable": "Altura hidrométrica media mensual", "var_id": 33, "unit": "", "network": "ina_delta", "province": "", "procedure": "", "live": true, "percentiles": ""}}, {"type": "Feature", "geometry": {"type": "Point", "coordinates": [-58.4844017028809, -34.3363990783691]}, "properties": {"series_id": 3434, "station_id": 1702, "station": "Braga", "river": "", "variable": "Altura hidrométrica", "var_id": 2, "unit": "", "network": "estaciones_pvnymm", "province": "", "procedure": "", "live": true, "percentiles": ""}}, {"type": "Feature", "geometry": {"type": "Point", "coordinates": [-58.4844017028809, -34.3363990783691]}, "properties": {"series_id": 3461, "station_id": 1702, "station": "Braga", "river": "", "variable": "Caudal", "var_id": 4, "unit": "", "network": "estaciones_pvnymm", "province": "", "procedure": "", "live": true, "percentiles": ""}}, {"type": "Feature", "geometry": {"type": "Point", "coordinates": [-58.4844017028809, -34.3363990783691]}, "properties": {"series_id": 26390, "station_id": 1702, "station": "Braga", "river": "", "variable": "Altura hidrométrica media diaria", "var_id": 39, "unit": "", "network": "estaciones_pvnymm", "province": "", "procedure": "", "live": true, "percentiles": ""}}, {"type": "Feature", "geometry": {"type": "Point", "coordinates": [-58.4844017028809, -34.3363990783691]}, "properties": {"series_id": 26722, "station_id": 1702, "station": "Braga", "river": "", "variable": "Caudal medio diario", "var_id": 40, "unit": "", "network": "estaciones_pvnymm", "province": "", "procedure": "", "live": true, "percentiles": ""}}, {"type": "Feature", "geometry": {"type": "Point", "coordinates": [-56.6105995178223, -35.1744003295898]}, "properties": {"series_id": 3311, "station_id": 1705, "station": "Brasileira", "river": "", "variable": "Altura hidrométrica", "var_id": 2, "unit": "", "network": "estaciones_pvnymm", "province": "", "procedure": "", "live": true, "percentiles": ""}}, {"type": "Feature", "geometry": {"type": "Point", "coordinates": [-56.6105995178223, -35.1744003295898]}, "properties": {"series_id": 26393, "station_id": 1705, "station": "Brasileira", "river": "", "variable": "Altura hidrométrica media diaria", "var_id": 39, "unit": "", "network": "estaciones_pvnymm", "province": "", "procedure": "", "live": true, "percentiles": ""}}, {"type": "Feature", "geometry": {"type": "Point", "coordinates": [-57.13330078125, -35.0999984741211]}, "properties": {"series_id": 3312, "station_id": 1706, "station": "Oyarvide", "river": "", "variable": "Altura hidrométrica", "var_id": 2, "unit": "", "network": "estaciones_pvnymm", "province": "", "procedure": "", "live": true, "percentiles": ""}}, {"type": "Feature", "geometry": {"type": "Point", "coordinates": [-57.13330078125, -35.0999984741211]}, "properties": {"series_id": 26394, "station_id": 1706, "station": "Oyarvide", "river": "", "variable": "Altura hidrométrica media diaria", "var_id": 39, "unit": "", "network": "estaciones_pvnymm", "province": "", "procedure": "", "live": true, "percentiles": ""}}, {"type": "Feature", "geometry": {"type": "Point", "coordinates": [-57.4617004394531, -34.9300003051758]}, "properties": {"series_id": 3313, "station_id": 1707, "station": "Magadalena", "river": "", "variable": "Altura hidrométrica", "var_id": 2, "unit": "", "network": "estaciones_pvnymm", "province": "", "procedure": "", "live": true, "percentiles": ""}}, {"type": "Feature", "geometry": {"type": "Point", "coordinates": [-57.8800010681152, -34.8339004516602]}, "properties": {"series_id": 26396, "station_id": 1708, "station": "La Plata", "river": "", "variable": "Altura hidrométrica media diaria", "var_id": 39, "unit": "", "network": "estaciones_pvnymm", "province": "", "procedure": "", "live": true, "percentiles": ""}}, {"type": "Feature", "geometry": {"type": "Point", "coordinates": [-58.3516998291016, -34.6305999755859]}, "properties": {"series_id": 3315, "station_id": 1709, "station": "Buenos Aires", "river": "", "variable": "Altura hidrométrica", "var_id": 2, "unit": "", "network": "estaciones_pvnymm", "province": "", "procedure": "", "live": true, "percentiles": ""}}, {"type": "Feature", "geometry": {"type": "Point", "coordinates": [-58.3516998291016, -34.6305999755859]}, "properties": {"series_id": 26397, "station_id": 1709, "station": "Buenos Aires", "river": "", "variable": "Altura hidrométrica media diaria", "var_id": 39, "unit": "", "network": "estaciones_pvnymm", "province": "", "procedure": "", "live": true, "percentiles": ""}}, {"type": "Feature", "geometry": {"type": "Point", "coordinates": [-58.4702987670898, -33.997200012207]}, "properties": {"series_id": 3316, "station_id": 1710, "station": "Desembocadura", "river": "", "variable": "Altura hidrométrica", "var_id": 2, "unit": "", "network": "estaciones_pvnymm", "province": "", "procedure": "", "live": true, "percentiles": ""}}, {"type": "Feature", "geometry": {"type": "Point", "coordinates": [-58.4702987670898, -33.997200012207]}, "properties": {"series_id": 3503, "station_id": 1710, "station": "Desembocadura", "river": "", "variable": "Caudal", "var_id": 4, "unit": "", "network": "estaciones_pvnymm", "province": "", "procedure": "", "live": true, "percentiles": ""}}, {"type": "Feature", "geometry": {"type": "Point", "coordinates": [-58.4702987670898, -33.997200012207]}, "properties": {"series_id": 3449, "station_id": 1710, "station": "Desembocadura", "river": "", "variable": "Caudal", "var_id": 4, "unit": "", "network": "estaciones_pvnymm", "province": "", "procedure": "", "live": true, "percentiles": ""}}, {"type": "Feature", "geometry": {"type": "Point", "coordinates": [-58.4702987670898, -33.997200012207]}, "properties": {"series_id": 3476, "station_id": 1710, "station": "Desembocadura", "river": "", "variable": "Caudal", "var_id": 4, "unit": "", "network": "estaciones_pvnymm", "province": "", "procedure": "", "live": true, "percentiles": ""}}, {"type": "Feature", "geometry": {"type": "Point", "coordinates": [-58.4702987670898, -33.997200012207]}, "properties": {"series_id": 26723, "station_id": 1710, "station": "Desembocadura", "river": "", "variable": "Caudal medio diario", "var_id": 40, "unit": "", "network": "estaciones_pvnymm", "province": "", "procedure": "", "live": true, "percentiles": ""}}, {"type": "Feature", "geometry": {"type": "Point", "coordinates": [-58.8894004821777, -34.1836013793945]}, "properties": {"series_id": 3317, "station_id": 1711, "station": "Las Rosas", "river": "", "variable": "Altura hidrométrica", "var_id": 2, "unit": "", "network": "estaciones_pvnymm", "province": "", "procedure": "", "live": true, "percentiles": ""}}, {"type": "Feature", "geometry": {"type": "Point", "coordinates": [-58.8894004821777, -34.1836013793945]}, "properties": {"series_id": 26399, "station_id": 1711, "station": "Las Rosas", "river": "", "variable": "Altura hidrométrica media diaria", "var_id": 39, "unit": "", "network": "estaciones_pvnymm", "province": "", "procedure": "", "live": true, "percentiles": ""}}, {"type": "Feature", "geometry": {"type": "Point", "coordinates": [-58.7689018249512, -33.9491996765137]}, "properties": {"series_id": 3318, "station_id": 1712, "station": "Carabelitas", "river": "", "variable": "Altura hidrométrica", "var_id": 2, "unit": "", "network": "estaciones_pvnymm", "province": "", "procedure": "", "live": true, "percentiles": ""}}, {"type": "Feature", "geometry": {"type": "Point", "coordinates": [-58.7689018249512, -33.9491996765137]}, "properties": {"series_id": 3423, "station_id": 1712, "station": "Carabelitas", "river": "", "variable": "Altura hidrométrica", "var_id": 2, "unit": "", "network": "estaciones_pvnymm", "province": "", "procedure": "", "live": true, "percentiles": ""}}, {"type": "Feature", "geometry": {"type": "Point", "coordinates": [-58.7689018249512, -33.9491996765137]}, "properties": {"series_id": 3505, "station_id": 1712, "station": "Carabelitas", "river": "", "variable": "Caudal", "var_id": 4, "unit": "", "network": "estaciones_pvnymm", "province": "", "procedure": "", "live": true, "percentiles": ""}}, {"type": "Feature", "geometry": {"type": "Point", "coordinates": [-58.7689018249512, -33.9491996765137]}, "properties": {"series_id": 3477, "station_id": 1712, "station": "Carabelitas", "river": "", "variable": "Caudal", "var_id": 4, "unit": "", "network": "estaciones_pvnymm", "province": "", "procedure": "", "live": true, "percentiles": ""}}, {"type": "Feature", "geometry": {"type": "Point", "coordinates": [-59.0139007568359, -34.0918998718262]}, "properties": {"series_id": 3319, "station_id": 1713, "station": "Zárate", "river": "", "variable": "Altura hidrométrica", "var_id": 2, "unit": "", "network": "estaciones_pvnymm", "province": "", "procedure": "", "live": true, "percentiles": ""}}, {"type": "Feature", "geometry": {"type": "Point", "coordinates": [-59.0139007568359, -34.0918998718262]}, "properties": {"series_id": 3404, "station_id": 1713, "station": "Zárate", "river": "", "variable": "Altura hidrométrica", "var_id": 2, "unit": "", "network": "estaciones_pvnymm", "province": "", "procedure": "", "live": true, "percentiles": ""}}, {"type": "Feature", "geometry": {"type": "Point", "coordinates": [-59.0139007568359, -34.0918998718262]}, "properties": {"series_id": 3431, "station_id": 1713, "station": "Zárate", "river": "", "variable": "Altura hidrométrica", "var_id": 2, "unit": "", "network": "estaciones_pvnymm", "province": "", "procedure": "", "live": true, "percentiles": ""}}, {"type": "Feature", "geometry": {"type": "Point", "coordinates": [-59.2578010559082, -33.9366989135742]}, "properties": {"series_id": 3402, "station_id": 1714, "station": "Baradero", "river": "", "variable": "Altura hidrométrica", "var_id": 2, "unit": "", "network": "estaciones_pvnymm", "province": "", "procedure": "", "live": true, "percentiles": ""}}, {"type": "Feature", "geometry": {"type": "Point", "coordinates": [-59.2578010559082, -33.9366989135742]}, "properties": {"series_id": 3429, "station_id": 1714, "station": "Baradero", "river": "", "variable": "Altura hidrométrica", "var_id": 2, "unit": "", "network": "estaciones_pvnymm", "province": "", "procedure": "", "live": true, "percentiles": ""}}, {"type": "Feature", "geometry": {"type": "Point", "coordinates": [-59.2578010559082, -33.9366989135742]}, "properties": {"series_id": 3502, "station_id": 1714, "station": "Baradero", "river": "", "variable": "Caudal", "var_id": 4, "unit": "", "network": "estaciones_pvnymm", "province": "", "procedure": "", "live": true, "percentiles": ""}}, {"type": "Feature", "geometry": {"type": "Point", "coordinates": [-59.2578010559082, -33.9366989135742]}, "properties": {"series_id": 3456, "station_id": 1714, "station": "Baradero", "river": "", "variable": "Caudal", "var_id": 4, "unit": "", "network": "estaciones_pvnymm", "province": "", "procedure": "", "live": true, "percentiles": ""}}, {"type": "Feature", "geometry": {"type": "Point", "coordinates": [-59.2578010559082, -33.9366989135742]}, "properties": {"series_id": 3483, "station_id": 1714, "station": "Baradero", "river": "", "variable": "Caudal", "var_id": 4, "unit": "", "network": "estaciones_pvnymm", "province": "", "procedure": "", "live": true, "percentiles": ""}}, {"type": "Feature", "geometry": {"type": "Point", "coordinates": [-59.2578010559082, -33.9366989135742]}, "properties": {"series_id": 26402, "station_id": 1714, "station": "Baradero", "river": "", "variable": "Altura hidrométrica media diaria", "var_id": 39, "unit": "", "network": "estaciones_pvnymm", "province": "", "procedure": "", "live": true, "percentiles": ""}}, {"type": "Feature", "geometry": {"type": "Point", "coordinates": [-59.2578010559082, -33.9366989135742]}, "properties": {"series_id": 26726, "station_id": 1714, "station": "Baradero", "river": "", "variable": "Caudal medio diario", "var_id": 40, "unit": "", "network": "estaciones_pvnymm", "province": "", "procedure": "", "live": true, "percentiles": ""}}, {"type": "Feature", "geometry": {"type": "Point", "coordinates": [-58.9166984558105, -33.8880996704102]}, "properties": {"series_id": 3394, "station_id": 1715, "station": "Brazo Largo", "river": "", "variable": "Altura hidrométrica", "var_id": 2, "unit": "", "network": "estaciones_pvnymm", "province": "", "procedure": "", "live": true, "percentiles": ""}}, {"type": "Feature", "geometry": {"type": "Point", "coordinates": [-58.9166984558105, -33.8880996704102]}, "properties": {"series_id": 3421, "station_id": 1715, "station": "Brazo Largo", "river": "", "variable": "Altura hidrométrica", "var_id": 2, "unit": "", "network": "estaciones_pvnymm", "province": "", "procedure": "", "live": true, "percentiles": ""}}, {"type": "Feature", "geometry": {"type": "Point", "coordinates": [-58.9166984558105, -33.8880996704102]}, "properties": {"series_id": 3506, "station_id": 1715, "station": "Brazo Largo", "river": "", "variable": "Caudal", "var_id": 4, "unit": "", "network": "estaciones_pvnymm", "province": "", "procedure": "", "live": true, "percentiles": ""}}, {"type": "Feature", "geometry": {"type": "Point", "coordinates": [-58.9166984558105, -33.8880996704102]}, "properties": {"series_id": 3448, "station_id": 1715, "station": "Brazo Largo", "river": "", "variable": "Caudal", "var_id": 4, "unit": "", "network": "estaciones_pvnymm", "province": "", "procedure": "", "live": true, "percentiles": ""}}, {"type": "Feature", "geometry": {"type": "Point", "coordinates": [-58.9166984558105, -33.8880996704102]}, "properties": {"series_id": 26403, "station_id": 1715, "station": "Brazo Largo", "river": "", "variable": "Altura hidrométrica media diaria", "var_id": 39, "unit": "", "network": "estaciones_pvnymm", "province": "", "procedure": "", "live": true, "percentiles": ""}}, {"type": "Feature", "geometry": {"type": "Point", "coordinates": [-58.9166984558105, -33.8880996704102]}, "properties": {"series_id": 26727, "station_id": 1715, "station": "Brazo Largo", "river": "", "variable": "Caudal medio diario", "var_id": 40, "unit": "", "network": "estaciones_pvnymm", "province": "", "procedure": "", "live": true, "percentiles": ""}}, {"type": "Feature", "geometry": {"type": "Point", "coordinates": [-59.1786003112793, -33.755298614502]}, "properties": {"series_id": 3322, "station_id": 1716, "station": "Ibicuy", "river": "", "variable": "Altura hidrométrica", "var_id": 2, "unit": "", "network": "estaciones_pvnymm", "province": "", "procedure": "", "live": true, "percentiles": ""}}, {"type": "Feature", "geometry": {"type": "Point", "coordinates": [-59.1786003112793, -33.755298614502]}, "properties": {"series_id": 26404, "station_id": 1716, "station": "Ibicuy", "river": "", "variable": "Altura hidrométrica media diaria", "var_id": 39, "unit": "", "network": "estaciones_pvnymm", "province": "", "procedure": "", "live": true, "percentiles": ""}}, {"type": "Feature", "geometry": {"type": "Point", "coordinates": [-59.2907981872559, -33.7224998474121]}, "properties": {"series_id": 3444, "station_id": 1717, "station": "Bifurcación", "river": "", "variable": "Altura hidrométrica", "var_id": 2, "unit": "", "network": "estaciones_pvnymm", "province": "", "procedure": "", "live": true, "percentiles": ""}}, {"type": "Feature", "geometry": {"type": "Point", "coordinates": [-59.2907981872559, -33.7224998474121]}, "properties": {"series_id": 26405, "station_id": 1717, "station": "Bifurcación", "river": "", "variable": "Altura hidrométrica media diaria", "var_id": 39, "unit": "", "network": "estaciones_pvnymm", "province": "", "procedure": "", "live": true, "percentiles": ""}}, {"type": "Feature", "geometry": {"type": "Point", "coordinates": [-59.2907981872559, -33.7224998474121]}, "properties": {"series_id": 26728, "station_id": 1717, "station": "Bifurcación", "river": "", "variable": "Caudal medio diario", "var_id": 40, "unit": "", "network": "estaciones_pvnymm", "province": "", "procedure": "", "live": true, "percentiles": ""}}, {"type": "Feature", "geometry": {"type": "Point", "coordinates": [-59.997501373291, -33.4766998291016]}, "properties": {"series_id": 3325, "station_id": 1719, "station": "Ramallo", "river": "", "variable": "Altura hidrométrica", "var_id": 2, "unit": "", "network": "estaciones_pvnymm", "province": "", "procedure": "", "live": true, "percentiles": ""}}, {"type": "Feature", "geometry": {"type": "Point", "coordinates": [-60.2181015014648, -33.323600769043]}, "properties": {"series_id": 3326, "station_id": 1720, "station": "San Nicolas", "river": "", "variable": "Altura hidrométrica", "var_id": 2, "unit": "", "network": "estaciones_pvnymm", "province": "", "procedure": "", "live": true, "percentiles": ""}}, {"type": "Feature", "geometry": {"type": "Point", "coordinates": [-60.3213996887207, -33.2263984680176]}, "properties": {"series_id": 3327, "station_id": 1721, "station": "Villa Constitución", "river": "", "variable": "Altura hidrométrica", "var_id": 2, "unit": "", "network": "estaciones_pvnymm", "province": "", "procedure": "", "live": true, "percentiles": ""}}, {"type": "Feature", "geometry": {"type": "Point", "coordinates": [-60.6183013916016, -32.9730987548828]}, "properties": {"series_id": 3328, "station_id": 1722, "station": "Rosario", "river": "", "variable": "Altura hidrométrica", "var_id": 2, "unit": "", "network": "estaciones_pvnymm", "province": "", "procedure": "", "live": true, "percentiles": ""}}, {"type": "Feature", "geometry": {"type": "Point", "coordinates": [-60.6183013916016, -32.9730987548828]}, "properties": {"series_id": 29642, "station_id": 1722, "station": "Rosario", "river": "", "variable": "Altura hidrométrica", "var_id": 2, "unit": "", "network": "estaciones_pvnymm", "province": "", "procedure": "", "live": true, "percentiles": ""}}, {"type": "Feature", "geometry": {"type": "Point", "coordinates": [-60.7249984741211, -32.7071990966797]}, "properties": {"series_id": 29639, "station_id": 1723, "station": "San Martín", "river": "", "variable": "Altura hidrométrica", "var_id": 2, "unit": "", "network": "estaciones_pvnymm", "province": "", "procedure": "", "live": true, "percentiles": ""}}, {"type": "Feature", "geometry": {"type": "Point", "coordinates": [-60.5155982971191, -31.7208003997803]}, "properties": {"series_id": 3330, "station_id": 1724, "station": "Paraná", "river": "", "variable": "Altura hidrométrica", "var_id": 2, "unit": "", "network": "estaciones_pvnymm", "province": "", "procedure": "", "live": true, "percentiles": ""}}, {"type": "Feature", "geometry": {"type": "Point", "coordinates": [-60.5155982971191, -31.7208003997803]}, "properties": {"series_id": 26412, "station_id": 1724, "station": "Paraná", "river": "", "variable": "Altura hidrométrica media diaria", "var_id": 39, "unit": "", "network": "estaciones_pvnymm", "province": "", "procedure": "", "live": true, "percentiles": ""}}, {"type": "Feature", "geometry": {"type": "Point", "coordinates": [-60.6439018249512, -32.0560989379883]}, "properties": {"series_id": 29634, "station_id": 1725, "station": "Diamante", "river": "", "variable": "Altura hidrométrica", "var_id": 2, "unit": "", "network": "estaciones_pvnymm", "province": "", "procedure": "", "live": true, "percentiles": ""}}, {"type": "Feature", "geometry": {"type": "Point", "coordinates": [-60.6439018249512, -32.0560989379883]}, "properties": {"series_id": 26413, "station_id": 1725, "station": "Diamante", "river": "", "variable": "Altura hidrométrica media diaria", "var_id": 39, "unit": "", "network": "estaciones_pvnymm", "province": "", "procedure": "", "live": true, "percentiles": ""}}, {"type": "Feature", "geometry": {"type": "Point", "coordinates": [-59.9926986694336, -31.2299995422363]}, "properties": {"series_id": 3333, "station_id": 1727, "station": "Hernandarias", "river": "", "variable": "Altura hidrométrica", "var_id": 2, "unit": "", "network": "estaciones_pvnymm", "province": "", "procedure": "", "live": true, "percentiles": ""}}, {"type": "Feature", "geometry": {"type": "Point", "coordinates": [-59.9926986694336, -31.2299995422363]}, "properties": {"series_id": 26415, "station_id": 1727, "station": "Hernandarias", "river": "", "variable": "Altura hidrométrica media diaria", "var_id": 39, "unit": "", "network": "estaciones_pvnymm", "province": "", "procedure": "", "live": true, "percentiles": ""}}, {"type": "Feature", "geometry": {"type": "Point", "coordinates": [-59.8147010803223, -30.9685001373291]}, "properties": {"series_id": 3334, "station_id": 1728, "station": "Santa Elena", "river": "", "variable": "Altura hidrométrica", "var_id": 2, "unit": "", "network": "estaciones_pvnymm", "province": "", "procedure": "", "live": true, "percentiles": ""}}, {"type": "Feature", "geometry": {"type": "Point", "coordinates": [-59.8147010803223, -30.9685001373291]}, "properties": {"series_id": 26416, "station_id": 1728, "station": "Santa Elena", "river": "", "variable": "Altura hidrométrica media diaria", "var_id": 39, "unit": "", "network": "estaciones_pvnymm", "province": "", "procedure": "", "live": true, "percentiles": ""}}, {"type": "Feature", "geometry": {"type": "Point", "coordinates": [-59.6391983032227, -30.7325992584229]}, "properties": {"series_id": 26417, "station_id": 1729, "station": "La Paz", "river": "", "variable": "Altura hidrométrica media diaria", "var_id": 39, "unit": "", "network": "estaciones_pvnymm", "province": "", "procedure": "", "live": true, "percentiles": ""}}, {"type": "Feature", "geometry": {"type": "Point", "coordinates": [-59.5368995666504, -30.0167007446289]}, "properties": {"series_id": 3336, "station_id": 1730, "station": "Esquina", "river": "", "variable": "Altura hidrométrica", "var_id": 2, "unit": "", "network": "estaciones_pvnymm", "province": "", "procedure": "", "live": true, "percentiles": ""}}, {"type": "Feature", "geometry": {"type": "Point", "coordinates": [-59.5368995666504, -30.0167007446289]}, "properties": {"series_id": 26418, "station_id": 1730, "station": "Esquina", "river": "", "variable": "Altura hidrométrica media diaria", "var_id": 39, "unit": "", "network": "estaciones_pvnymm", "province": "", "procedure": "", "live": true, "percentiles": ""}}, {"type": "Feature", "geometry": {"type": "Point", "coordinates": [-59.5794982910156, -29.2353000640869]}, "properties": {"series_id": 3337, "station_id": 1731, "station": "Reconquista", "river": "", "variable": "Altura hidrométrica", "var_id": 2, "unit": "", "network": "estaciones_pvnymm", "province": "", "procedure": "", "live": true, "percentiles": ""}}, {"type": "Feature", "geometry": {"type": "Point", "coordinates": [-59.2727012634277, -29.1431999206543]}, "properties": {"series_id": 3338, "station_id": 1732, "station": "Goya", "river": "", "variable": "Altura hidrométrica", "var_id": 2, "unit": "", "network": "estaciones_pvnymm", "province": "", "procedure": "", "live": true, "percentiles": ""}}, {"type": "Feature", "geometry": {"type": "Point", "coordinates": [-58.8203010559082, -27.9589004516602]}, "properties": {"series_id": 3340, "station_id": 1734, "station": "Empedrado", "river": "", "variable": "Altura hidrométrica", "var_id": 2, "unit": "", "network": "estaciones_pvnymm", "province": "", "procedure": "", "live": true, "percentiles": ""}}, {"type": "Feature", "geometry": {"type": "Point", "coordinates": [-58.923900604248, -27.4885005950928]}, "properties": {"series_id": 3341, "station_id": 1735, "station": "Barranqueras", "river": "", "variable": "Altura hidrométrica", "var_id": 2, "unit": "", "network": "estaciones_pvnymm", "province": "", "procedure": "", "live": true, "percentiles": ""}}, {"type": "Feature", "geometry": {"type": "Point", "coordinates": [-58.5824012756348, -27.3222999572754]}, "properties": {"series_id": 26425, "station_id": 1737, "station": "Paso de la Patria", "river": "", "variable": "Altura hidrométrica media diaria", "var_id": 39, "unit": "", "network": "estaciones_pvnymm", "province": "", "procedure": "", "live": true, "percentiles": ""}}, {"type": "Feature", "geometry": {"type": "Point", "coordinates": [-57.536111, -35.015278]}, "properties": {"series_id": 3344, "station_id": 1739, "station": "Atalaya", "river": "Río de la Plata", "variable": "Altura hidrométrica", "var_id": 2, "unit": "", "network": "estaciones_shn", "province": "", "procedure": "", "live": true, "percentiles": ""}}, {"type": "Feature", "geometry": {"type": "Point", "coordinates": [-57.927417, -34.62625]}, "properties": {"series_id": 26762, "station_id": 1740, "station": "Pilote Norden", "river": "Río de la Plata", "variable": "Altura hidrométrica media mensual", "var_id": 33, "unit": "", "network": "estaciones_shn", "province": "", "procedure": "", "live": true, "percentiles": ""}}, {"type": "Feature", "geometry": {"type": "Point", "coordinates": [-57.927417, -34.62625]}, "properties": {"series_id": 26427, "station_id": 1740, "station": "Pilote Norden", "river": "Río de la Plata", "variable": "Altura hidrométrica media diaria", "var_id": 39, "unit": "", "network": "estaciones_shn", "province": "", "procedure": "", "live": true, "percentiles": ""}}, {"type": "Feature", "geometry": {"type": "Point", "coordinates": [-56.686111, -36.541944]}, "properties": {"series_id": 3346, "station_id": 1741, "station": "Santa Teresita", "river": "Mar Argentino", "variable": "Altura hidrométrica", "var_id": 2, "unit": "", "network": "estaciones_shn", "province": "", "procedure": "", "live": true, "percentiles": ""}}, {"type": "Feature", "geometry": {"type": "Point", "coordinates": [-56.686111, -36.541944]}, "properties": {"series_id": 26428, "station_id": 1741, "station": "Santa Teresita", "river": "Mar Argentino", "variable": "Altura hidrométrica media diaria", "var_id": 39, "unit": "", "network": "estaciones_shn", "province": "", "procedure": "", "live": true, "percentiles": ""}}, {"type": "Feature", "geometry": {"type": "Point", "coordinates": [-57.531111, -38.035556]}, "properties": {"series_id": 26429, "station_id": 1742, "station": "Mar del Plata", "river": "Mar Argentino", "variable": "Altura hidrométrica media diaria", "var_id": 39, "unit": "", "network": "estaciones_shn", "province": "", "procedure": "", "live": true, "percentiles": ""}}, {"type": "Feature", "geometry": {"type": "Point", "coordinates": [-58.3096056, -34.7383417]}, "properties": {"series_id": 3348, "station_id": 1743, "station": "Arroyo Las Piedras - Rep. del Líbano", "river": "Cuenca Sarandí-Santo Domingo", "variable": "Altura hidrométrica", "var_id": 2, "unit": "", "network": "ina_delta", "province": "", "procedure": "", "live": true, "percentiles": ""}}, {"type": "Feature", "geometry": {"type": "Point", "coordinates": [-58.3096056, -34.7383417]}, "properties": {"series_id": 35403, "station_id": 1743, "station": "Arroyo Las Piedras - Rep. del Líbano", "river": "Cuenca Sarandí-Santo Domingo", "variable": "Altura hidrométrica", "var_id": 2, "unit": "", "network": "ina_delta", "province": "", "procedure": "", "live": true, "percentiles": ""}}, {"type": "Feature", "geometry": {"type": "Point", "coordinates": [-58.3096056, -34.7383417]}, "properties": {"series_id": 26769, "station_id": 1743, "station": "Arroyo Las Piedras - Rep. del Líbano", "river": "Cuenca Sarandí-Santo Domingo", "variable": "Altura hidrométrica media mensual", "var_id": 33, "unit": "", "network": "ina_delta", "province": "", "procedure": "", "live": true, "percentiles": ""}}, {"type": "Feature", "geometry": {"type": "Point", "coordinates": [-58.3096056, -34.7383417]}, "properties": {"series_id": 26430, "station_id": 1743, "station": "Arroyo Las Piedras - Rep. del Líbano", "river": "Cuenca Sarandí-Santo Domingo", "variable": "Altura hidrométrica media diaria", "var_id": 39, "unit": "", "network": "ina_delta", "province": "", "procedure": "", "live": true, "percentiles": ""}}, {"type": "Feature", "geometry": {"type": "Point", "coordinates": [-58.3200389, -34.7277556]}, "properties": {"series_id": 3349, "station_id": 1744, "station": "Arroyo San Francisco", "river": "Cuenca Sarandí-Santo Domingo", "variable": "Altura hidrométrica", "var_id": 2, "unit": "", "network": "ina_delta", "province": "", "procedure": "", "live": true, "percentiles": ""}}, {"type": "Feature", "geometry": {"type": "Point", "coordinates": [-58.3200389, -34.7277556]}, "properties": {"series_id": 26431, "station_id": 1744, "station": "Arroyo San Francisco", "river": "Cuenca Sarandí-Santo Domingo", "variable": "Altura hidrométrica media diaria", "var_id": 39, "unit": "", "network": "ina_delta", "province": "", "procedure": "", "live": true, "percentiles": ""}}, {"type": "Feature", "geometry": {"type": "Point", "coordinates": [-60.576775, -33.3600611111111]}, "properties": {"series_id": 29905, "station_id": 1753, "station": "Coronel Bogardo", "river": "Pavon", "variable": "Altura hidrométrica media diaria", "var_id": 39, "unit": "", "network": "alturas_bdhi", "province": "", "procedure": "", "live": true, "percentiles": ""}}, {"type": "Feature", "geometry": {"type": "Point", "coordinates": [-57.04, -29.07]}, "properties": {"series_id": 3568, "station_id": 1793, "station": "Paraje Tres Cerros", "river": "", "variable": "precipitación diaria 12Z", "var_id": 1, "unit": "", "network": "red_inta", "province": "", "procedure": "", "live": true, "percentiles": ""}}, {"type": "Feature", "geometry": {"type": "Point", "coordinates": [-59.629877, -34.609294]}, "properties": {"series_id": 4406, "station_id": 1800, "station": "Franklin", "river": "", "variable": "precipitación diaria 12Z", "var_id": 1, "unit": "", "network": "voluntarios_unlu", "province": "", "procedure": "", "live": true, "percentiles": ""}}, {"type": "Feature", "geometry": {"type": "Point", "coordinates": [-59.82265, -34.378079]}, "properties": {"series_id": 4407, "station_id": 1802, "station": "Carmen de Areco - Casco Urbano", "river": "", "variable": "precipitación diaria 12Z", "var_id": 1, "unit": "", "network": "voluntarios_unlu", "province": "", "procedure": "", "live": true, "percentiles": false}}, {"type": "Feature", "geometry": {"type": "Point", "coordinates": [-59.674042, -34.519658]}, "properties": {"series_id": 4408, "station_id": 1803, "station": "Tuyuti", "river": "", "variable": "precipitación diaria 12Z", "var_id": 1, "unit": "", "network": "voluntarios_unlu", "province": "", "procedure": "", "live": true, "percentiles": ""}}, {"type": "Feature", "geometry": {"type": "Point", "coordinates": [-59.675174, -34.780558]}, "properties": {"series_id": 4409, "station_id": 1804, "station": "La Suipachense", "river": "", "variable": "precipitación diaria 12Z", "var_id": 1, "unit": "", "network": "voluntarios_unlu", "province": "", "procedure": "", "live": true, "percentiles": ""}}, {"type": "Feature", "geometry": {"type": "Point", "coordinates": [-59.448323, -34.446782]}, "properties": {"series_id": 5951, "station_id": 1813, "station": "Bomberos S. A. de Giles", "river": "", "variable": "precipitación diaria 12Z", "var_id": 1, "unit": "", "network": "voluntarios_unlu", "province": "", "procedure": "", "live": true, "percentiles": ""}}, {"type": "Feature", "geometry": {"type": "Point", "coordinates": [-58.3756, -34.1624]}, "properties": {"series_id": 6060, "station_id": 1831, "station": "BarcaGrande", "river": "Río de la Plata", "variable": "Altura hidrométrica", "var_id": 2, "unit": "", "network": "puntos_FDelta", "province": "", "procedure": "", "live": true, "percentiles": ""}}, {"type": "Feature", "geometry": {"type": "Point", "coordinates": [-58.3756, -34.1624]}, "properties": {"series_id": 29557, "station_id": 1831, "station": "BarcaGrande", "river": "Río de la Plata", "variable": "Caudal", "var_id": 4, "unit": "", "network": "puntos_FDelta", "province": "", "procedure": "", "live": true, "percentiles": ""}}, {"type": "Feature", "geometry": {"type": "Point", "coordinates": [-58.4588, -33.8976]}, "properties": {"series_id": 29555, "station_id": 1832, "station": "Bravo", "river": "Río de la Plata", "variable": "Caudal", "var_id": 4, "unit": "", "network": "puntos_FDelta", "province": "", "procedure": "", "live": true, "percentiles": ""}}, {"type": "Feature", "geometry": {"type": "Point", "coordinates": [-58.4975, -34.3764]}, "properties": {"series_id": 29560, "station_id": 1833, "station": "CanaldelEste", "river": "Río de la Plata", "variable": "Caudal", "var_id": 4, "unit": "", "network": "puntos_FDelta", "province": "", "procedure": "", "live": true, "percentiles": ""}}, {"type": "Feature", "geometry": {"type": "Point", "coordinates": [-58.4975, -34.3764]}, "properties": {"series_id": 29551, "station_id": 1833, "station": "CanaldelEste", "river": "Río de la Plata", "variable": "Caudal", "var_id": 4, "unit": "", "network": "puntos_FDelta", "province": "", "procedure": "", "live": true, "percentiles": ""}}, {"type": "Feature", "geometry": {"type": "Point", "coordinates": [-58.3678, -34.1111]}, "properties": {"series_id": 6063, "station_id": 1834, "station": "Correntoso", "river": "Río de la Plata", "variable": "Altura hidrométrica", "var_id": 2, "unit": "", "network": "puntos_FDelta", "province": "", "procedure": "", "live": true, "percentiles": ""}}, {"type": "Feature", "geometry": {"type": "Point", "coordinates": [-58.421, -34.0047]}, "properties": {"series_id": 25479, "station_id": 1835, "station": "Guazu", "river": "Río de la Plata", "variable": "Caudal medio diario", "var_id": 40, "unit": "", "network": "puntos_FDelta", "province": "", "procedure": "", "live": true, "percentiles": ""}}, {"type": "Feature", "geometry": {"type": "Point", "coordinates": [-58.4715, -33.8245]}, "properties": {"series_id": 25459, "station_id": 1836, "station": "Gutierrez", "river": "Río de la Plata", "variable": "Altura hidrométrica", "var_id": 2, "unit": "", "network": "puntos_FDelta", "province": "", "procedure": "", "live": true, "percentiles": ""}}, {"type": "Feature", "geometry": {"type": "Point", "coordinates": [-58.4715, -33.8245]}, "properties": {"series_id": 29572, "station_id": 1836, "station": "Gutierrez", "river": "Río de la Plata", "variable": "Altura hidrométrica", "var_id": 2, "unit": "", "network": "puntos_FDelta", "province": "", "procedure": "", "live": true, "percentiles": ""}}, {"type": "Feature", "geometry": {"type": "Point", "coordinates": [-58.3838, -34.2114]}, "properties": {"series_id": 6065, "station_id": 1837, "station": "LaBarquita", "river": "Río de la Plata", "variable": "Altura hidrométrica", "var_id": 2, "unit": "", "network": "puntos_FDelta", "province": "", "procedure": "", "live": true, "percentiles": ""}}, {"type": "Feature", "geometry": {"type": "Point", "coordinates": [-58.5257, -34.4434]}, "properties": {"series_id": 25461, "station_id": 1838, "station": "Lujan", "river": "Río de la Plata", "variable": "Altura hidrométrica", "var_id": 2, "unit": "", "network": "puntos_FDelta", "province": "", "procedure": "", "live": true, "percentiles": ""}}, {"type": "Feature", "geometry": {"type": "Point", "coordinates": [-58.5257, -34.4434]}, "properties": {"series_id": 6066, "station_id": 1838, "station": "Lujan", "river": "Río de la Plata", "variable": "Altura hidrométrica", "var_id": 2, "unit": "", "network": "puntos_FDelta", "province": "", "procedure": "", "live": true, "percentiles": ""}}, {"type": "Feature", "geometry": {"type": "Point", "coordinates": [-58.5257, -34.4434]}, "properties": {"series_id": 29562, "station_id": 1838, "station": "Lujan", "river": "Río de la Plata", "variable": "Caudal", "var_id": 4, "unit": "", "network": "puntos_FDelta", "province": "", "procedure": "", "live": true, "percentiles": ""}}, {"type": "Feature", "geometry": {"type": "Point", "coordinates": [-58.5257, -34.4434]}, "properties": {"series_id": 29553, "station_id": 1838, "station": "Lujan", "river": "Río de la Plata", "variable": "Caudal", "var_id": 4, "unit": "", "network": "puntos_FDelta", "province": "", "procedure": "", "live": true, "percentiles": ""}}, {"type": "Feature", "geometry": {"type": "Point", "coordinates": [-58.404, -34.2289]}, "properties": {"series_id": 6067, "station_id": 1839, "station": "Mini", "river": "Río de la Plata", "variable": "Altura hidrométrica", "var_id": 2, "unit": "", "network": "puntos_FDelta", "province": "", "procedure": "", "live": true, "percentiles": ""}}, {"type": "Feature", "geometry": {"type": "Point", "coordinates": [-58.404, -34.2289]}, "properties": {"series_id": 29559, "station_id": 1839, "station": "Mini", "river": "Río de la Plata", "variable": "Caudal", "var_id": 4, "unit": "", "network": "puntos_FDelta", "province": "", "procedure": "", "live": true, "percentiles": ""}}, {"type": "Feature", "geometry": {"type": "Point", "coordinates": [-58.404, -34.2289]}, "properties": {"series_id": 29550, "station_id": 1839, "station": "Mini", "river": "Río de la Plata", "variable": "Caudal", "var_id": 4, "unit": "", "network": "puntos_FDelta", "province": "", "procedure": "", "live": true, "percentiles": ""}}, {"type": "Feature", "geometry": {"type": "Point", "coordinates": [-58.4556, -34.3814]}, "properties": {"series_id": 25463, "station_id": 1840, "station": "Palmas", "river": "Río de la Plata", "variable": "Altura hidrométrica", "var_id": 2, "unit": "", "network": "puntos_FDelta", "province": "", "procedure": "", "live": true, "percentiles": ""}}, {"type": "Feature", "geometry": {"type": "Point", "coordinates": [-58.4556, -34.3814]}, "properties": {"series_id": 29573, "station_id": 1840, "station": "Palmas", "river": "Río de la Plata", "variable": "Caudal", "var_id": 4, "unit": "", "network": "puntos_FDelta", "province": "", "procedure": "", "live": true, "percentiles": ""}}, {"type": "Feature", "geometry": {"type": "Point", "coordinates": [-58.4556, -34.3814]}, "properties": {"series_id": 25480, "station_id": 1840, "station": "Palmas", "river": "Río de la Plata", "variable": "Caudal medio diario", "var_id": 40, "unit": "", "network": "puntos_FDelta", "province": "", "procedure": "", "live": true, "percentiles": ""}}, {"type": "Feature", "geometry": {"type": "Point", "coordinates": [-58.5091, -34.4193]}, "properties": {"series_id": 25464, "station_id": 1841, "station": "SanAntonio", "river": "Río de la Plata", "variable": "Altura hidrométrica", "var_id": 2, "unit": "", "network": "puntos_FDelta", "province": "", "procedure": "", "live": true, "percentiles": ""}}, {"type": "Feature", "geometry": {"type": "Point", "coordinates": [-58.5091, -34.4193]}, "properties": {"series_id": 6069, "station_id": 1841, "station": "SanAntonio", "river": "Río de la Plata", "variable": "Altura hidrométrica", "var_id": 2, "unit": "", "network": "puntos_FDelta", "province": "", "procedure": "", "live": true, "percentiles": ""}}, {"type": "Feature", "geometry": {"type": "Point", "coordinates": [-58.5091, -34.4193]}, "properties": {"series_id": 29552, "station_id": 1841, "station": "SanAntonio", "river": "Río de la Plata", "variable": "Caudal", "var_id": 4, "unit": "", "network": "puntos_FDelta", "province": "", "procedure": "", "live": true, "percentiles": ""}}, {"type": "Feature", "geometry": {"type": "Point", "coordinates": [-58.4282, -33.9453]}, "properties": {"series_id": 6070, "station_id": 1842, "station": "Sauce", "river": "Río de la Plata", "variable": "Altura hidrométrica", "var_id": 2, "unit": "", "network": "puntos_FDelta", "province": "", "procedure": "", "live": true, "percentiles": ""}}, {"type": "Feature", "geometry": {"type": "Point", "coordinates": [-58.4282, -33.9453]}, "properties": {"series_id": 29565, "station_id": 1842, "station": "Sauce", "river": "Río de la Plata", "variable": "Caudal", "var_id": 4, "unit": "", "network": "puntos_FDelta", "province": "", "procedure": "", "live": true, "percentiles": ""}}, {"type": "Feature", "geometry": {"type": "Point", "coordinates": [-58.4268, -33.9017]}, "properties": {"series_id": 25466, "station_id": 1843, "station": "Uruguay", "river": "Río de la Plata", "variable": "Altura hidrométrica", "var_id": 2, "unit": "", "network": "puntos_FDelta", "province": "", "procedure": "", "live": true, "percentiles": ""}}, {"type": "Feature", "geometry": {"type": "Point", "coordinates": [-58.4268, -33.9017]}, "properties": {"series_id": 6071, "station_id": 1843, "station": "Uruguay", "river": "Río de la Plata", "variable": "Altura hidrométrica", "var_id": 2, "unit": "", "network": "puntos_FDelta", "province": "", "procedure": "", "live": true, "percentiles": ""}}, {"type": "Feature", "geometry": {"type": "Point", "coordinates": [-58.4268, -33.9017]}, "properties": {"series_id": 25481, "station_id": 1843, "station": "Uruguay", "river": "Río de la Plata", "variable": "Caudal medio diario", "var_id": 40, "unit": "", "network": "puntos_FDelta", "province": "", "procedure": "", "live": true, "percentiles": ""}}, {"type": "Feature", "geometry": {"type": "Point", "coordinates": [-58.501874, -34.185121]}, "properties": {"series_id": 26436, "station_id": 1877, "station": "Paraná Miní", "river": "Paraná Miní", "variable": "Altura hidrométrica media diaria", "var_id": 39, "unit": "", "network": "ina_delta", "province": "", "procedure": "", "live": true, "percentiles": ""}}, {"type": "Feature", "geometry": {"type": "Point", "coordinates": [-71.9078055555556, -50.2521111111111]}, "properties": {"series_id": 6133, "station_id": 1878, "station": "Santa Cruz - Charles Fuhr", "river": "Santa Cruz", "variable": "Caudal", "var_id": 4, "unit": "", "network": "alturas_bdhi", "province": "", "procedure": "", "live": true, "percentiles": ""}}, {"type": "Feature", "geometry": {"type": "Point", "coordinates": [-72.8693055555556, -49.3943333333333]}, "properties": {"series_id": 6132, "station_id": 1879, "station": "LAGO VIEDMA - LAGO VIEDMA", "river": "Lago Viedma", "variable": "Altura hidrométrica", "var_id": 2, "unit": "", "network": "alturas_bdhi", "province": "", "procedure": "", "live": true, "percentiles": ""}}, {"type": "Feature", "geometry": {"type": "Point", "coordinates": [-72.8693055555556, -49.3943333333333]}, "properties": {"series_id": 29919, "station_id": 1879, "station": "LAGO VIEDMA - LAGO VIEDMA", "river": "Lago Viedma", "variable": "Altura hidrométrica media diaria", "var_id": 39, "unit": "", "network": "alturas_bdhi", "province": "", "procedure": "", "live": true, "percentiles": ""}}, {"type": "Feature", "geometry": {"type": "Point", "coordinates": [-72.4856388888889, -49.1239444444444]}, "properties": {"series_id": 6134, "station_id": 1880, "station": "LAGO SAN MARTIN - BRAZO CHACABUCO", "river": "Lago San Martin", "variable": "Altura hidrométrica", "var_id": 2, "unit": "", "network": "alturas_bdhi", "province": "", "procedure": "", "live": true, "percentiles": ""}}, {"type": "Feature", "geometry": {"type": "Point", "coordinates": [-66.5928444444444, -47.8289916666667]}, "properties": {"series_id": 6136, "station_id": 1882, "station": "Deseado - Ruta Provincial Nº47", "river": "Deseado", "variable": "Altura hidrométrica", "var_id": 2, "unit": "", "network": "alturas_bdhi", "province": "", "procedure": "", "live": true, "percentiles": ""}}, {"type": "Feature", "geometry": {"type": "Point", "coordinates": [-71.9429277777778, -47.4203722222222]}, "properties": {"series_id": 6139, "station_id": 1883, "station": "Oro - Camino a Ñires", "river": "Oro", "variable": "Altura hidrométrica", "var_id": 2, "unit": "", "network": "alturas_bdhi", "province": "", "procedure": "", "live": true, "percentiles": ""}}, {"type": "Feature", "geometry": {"type": "Point", "coordinates": [-69.5937666666667, -46.726525]}, "properties": {"series_id": 6141, "station_id": 1884, "station": "Deseado-Ruta Provincial Nº 039", "river": "Deseado", "variable": "Altura hidrométrica", "var_id": 2, "unit": "", "network": "alturas_bdhi", "province": "", "procedure": "", "live": true, "percentiles": false}}, {"type": "Feature", "geometry": {"type": "Point", "coordinates": [-69.5937666666667, -46.726525]}, "properties": {"series_id": 6142, "station_id": 1884, "station": "Deseado-Ruta Provincial Nº 039", "river": "Deseado", "variable": "Caudal", "var_id": 4, "unit": "", "network": "alturas_bdhi", "province": "", "procedure": "", "live": true, "percentiles": ""}}, {"type": "Feature", "geometry": {"type": "Point", "coordinates": [-69.5937666666667, -46.726525]}, "properties": {"series_id": 29916, "station_id": 1884, "station": "Deseado-Ruta Provincial Nº 039", "river": "Deseado", "variable": "Altura hidrométrica media diaria", "var_id": 39, "unit": "", "network": "alturas_bdhi", "province": "", "procedure": "", "live": true, "percentiles": ""}}, {"type": "Feature", "geometry": {"type": "Point", "coordinates": [-72.261, -50.32]}, "properties": {"series_id": 6144, "station_id": 1885, "station": "LAGO ARGENTINO - CALAFATE", "river": "Lago Argentino", "variable": "Altura hidrométrica", "var_id": 2, "unit": "", "network": "alturas_bdhi", "province": "", "procedure": "", "live": true, "percentiles": ""}}, {"type": "Feature", "geometry": {"type": "Point", "coordinates": [-72.261, -50.32]}, "properties": {"series_id": 29917, "station_id": 1885, "station": "LAGO ARGENTINO - CALAFATE", "river": "Lago Argentino", "variable": "Altura hidrométrica media diaria", "var_id": 39, "unit": "", "network": "alturas_bdhi", "province": "", "procedure": "", "live": true, "percentiles": ""}}, {"type": "Feature", "geometry": {"type": "Point", "coordinates": [-71.9675833333333, -47.3759166666667]}, "properties": {"series_id": 29922, "station_id": 1886, "station": "LAGO PUEYRREDON - LAGO PUEYRREDON", "river": "Lago Pueyrredón", "variable": "Altura hidrométrica media diaria", "var_id": 39, "unit": "", "network": "alturas_bdhi", "province": "", "procedure": "", "live": true, "percentiles": ""}}, {"type": "Feature", "geometry": {"type": "Point", "coordinates": [-71.9960833333333, -49.2693055555556]}, "properties": {"series_id": 6146, "station_id": 1887, "station": "LAGO THAR - EA SANTA ANGELICA", "river": "Lago Thar", "variable": "Altura hidrométrica", "var_id": 2, "unit": "", "network": "alturas_bdhi", "province": "", "procedure": "", "live": true, "percentiles": ""}}, {"type": "Feature", "geometry": {"type": "Point", "coordinates": [-71.5975277777778, -51.8948055555556]}, "properties": {"series_id": 6147, "station_id": 1888, "station": "Gallegos - Puente Blanco", "river": "Gallegos", "variable": "Altura hidrométrica", "var_id": 2, "unit": "", "network": "alturas_bdhi", "province": "", "procedure": "", "live": true, "percentiles": ""}}, {"type": "Feature", "geometry": {"type": "Point", "coordinates": [-71.5975277777778, -51.8948055555556]}, "properties": {"series_id": 29924, "station_id": 1888, "station": "Gallegos - Puente Blanco", "river": "Gallegos", "variable": "Altura hidrométrica media diaria", "var_id": 39, "unit": "", "network": "alturas_bdhi", "province": "", "procedure": "", "live": true, "percentiles": ""}}, {"type": "Feature", "geometry": {"type": "Point", "coordinates": [-69.6554388888889, -51.6883444444444]}, "properties": {"series_id": 6154, "station_id": 1891, "station": "Gallegos - Toma de Agua SP", "river": "Gallegos", "variable": "Altura hidrométrica", "var_id": 2, "unit": "", "network": "alturas_bdhi", "province": "", "procedure": "", "live": true, "percentiles": false}}, {"type": "Feature", "geometry": {"type": "Point", "coordinates": [-69.6554388888889, -51.6883444444444]}, "properties": {"series_id": 6155, "station_id": 1891, "station": "Gallegos - Toma de Agua SP", "river": "Gallegos", "variable": "Caudal", "var_id": 4, "unit": "", "network": "alturas_bdhi", "province": "", "procedure": "", "live": true, "percentiles": ""}}, {"type": "Feature", "geometry": {"type": "Point", "coordinates": [-72.5059444444444, -50.3519722222222]}, "properties": {"series_id": 6157, "station_id": 1892, "station": "CENTINELA - RUTA PROVINCIAL Nº 070", "river": "Centinela", "variable": "Altura hidrométrica", "var_id": 2, "unit": "", "network": "alturas_bdhi", "province": "", "procedure": "", "live": true, "percentiles": ""}}, {"type": "Feature", "geometry": {"type": "Point", "coordinates": [-72.5059444444444, -50.3519722222222]}, "properties": {"series_id": 29928, "station_id": 1892, "station": "CENTINELA - RUTA PROVINCIAL Nº 070", "river": "Centinela", "variable": "Altura hidrométrica media diaria", "var_id": 39, "unit": "", "network": "alturas_bdhi", "province": "", "procedure": "", "live": true, "percentiles": ""}}, {"type": "Feature", "geometry": {"type": "Point", "coordinates": [-70.32075, -48.7520083333333]}, "properties": {"series_id": 6161, "station_id": 1893, "station": "Chico - Gregores", "river": "Chico", "variable": "Caudal", "var_id": 4, "unit": "", "network": "alturas_bdhi", "province": "", "procedure": "", "live": true, "percentiles": ""}}, {"type": "Feature", "geometry": {"type": "Point", "coordinates": [-72.0640277777778, -49.7971944444444]}, "properties": {"series_id": 6167, "station_id": 1896, "station": "LA LEONA - LA LEONA", "river": "La Leona", "variable": "Altura hidrométrica", "var_id": 2, "unit": "", "network": "alturas_bdhi", "province": "", "procedure": "", "live": true, "percentiles": ""}}, {"type": "Feature", "geometry": {"type": "Point", "coordinates": [-72.0640277777778, -49.7971944444444]}, "properties": {"series_id": 6168, "station_id": 1896, "station": "LA LEONA - LA LEONA", "river": "La Leona", "variable": "Caudal", "var_id": 4, "unit": "", "network": "alturas_bdhi", "province": "", "procedure": "", "live": true, "percentiles": ""}}, {"type": "Feature", "geometry": {"type": "Point", "coordinates": [-72.1065722222222, -50.99605]}, "properties": {"series_id": 6170, "station_id": 1897, "station": "Vizcachas - Cerro Palique", "river": "Vizcachas", "variable": "Altura hidrométrica", "var_id": 2, "unit": "", "network": "alturas_bdhi", "province": "", "procedure": "", "live": true, "percentiles": ""}}, {"type": "Feature", "geometry": {"type": "Point", "coordinates": [-72.8607222222222, -49.3432777777778]}, "properties": {"series_id": 6174, "station_id": 1898, "station": "De las Vueltas - Parque Nac. los Glaciares", "river": "De las Vueltas", "variable": "Caudal", "var_id": 4, "unit": "", "network": "alturas_bdhi", "province": "", "procedure": "", "live": true, "percentiles": ""}}, {"type": "Feature", "geometry": {"type": "Point", "coordinates": [-72.8607222222222, -49.3432777777778]}, "properties": {"series_id": 29934, "station_id": 1898, "station": "De las Vueltas - Parque Nac. los Glaciares", "river": "De las Vueltas", "variable": "Altura hidrométrica media diaria", "var_id": 39, "unit": "", "network": "alturas_bdhi", "province": "", "procedure": "", "live": true, "percentiles": ""}}, {"type": "Feature", "geometry": {"type": "Point", "coordinates": [-71.6396138888889, -46.554075]}, "properties": {"series_id": 6177, "station_id": 1899, "station": "Los Antiguos - Ruta Provincial Nº 043", "river": "Los Antiguos", "variable": "Caudal", "var_id": 4, "unit": "", "network": "alturas_bdhi", "province": "", "procedure": "", "live": true, "percentiles": ""}}, {"type": "Feature", "geometry": {"type": "Point", "coordinates": [-71.6396138888889, -46.554075]}, "properties": {"series_id": 29935, "station_id": 1899, "station": "Los Antiguos - Ruta Provincial Nº 043", "river": "Los Antiguos", "variable": "Altura hidrométrica media diaria", "var_id": 39, "unit": "", "network": "alturas_bdhi", "province": "", "procedure": "", "live": true, "percentiles": ""}}, {"type": "Feature", "geometry": {"type": "Point", "coordinates": [-71.6096944444444, -46.5387777777778]}, "properties": {"series_id": 6179, "station_id": 1900, "station": "LAGO BUENOS AIRES - LOS ANTIGUOS", "river": "Lago Buenos Aires", "variable": "Altura hidrométrica", "var_id": 2, "unit": "", "network": "alturas_bdhi", "province": "", "procedure": "", "live": true, "percentiles": ""}}, {"type": "Feature", "geometry": {"type": "Point", "coordinates": [-71.6096944444444, -46.5387777777778]}, "properties": {"series_id": 29936, "station_id": 1900, "station": "LAGO BUENOS AIRES - LOS ANTIGUOS", "river": "Lago Buenos Aires", "variable": "Altura hidrométrica media diaria", "var_id": 39, "unit": "", "network": "alturas_bdhi", "province": "", "procedure": "", "live": true, "percentiles": ""}}, {"type": "Feature", "geometry": {"type": "Point", "coordinates": [-71.4414166666667, -41.7132777777778]}, "properties": {"series_id": 29940, "station_id": 1904, "station": "Foyel - Ruta Nacional Nº 258", "river": "Foyel", "variable": "Altura hidrométrica media diaria", "var_id": 39, "unit": "", "network": "alturas_bdhi", "province": "", "procedure": "", "live": true, "percentiles": ""}}, {"type": "Feature", "geometry": {"type": "Point", "coordinates": [-71.6172222222222, -41.6997222222222]}, "properties": {"series_id": 29941, "station_id": 1905, "station": "LAGO ESCONDIDO - EL FOYEL", "river": "Lago Escondido", "variable": "Altura hidrométrica media diaria", "var_id": 39, "unit": "", "network": "alturas_bdhi", "province": "", "procedure": "", "live": true, "percentiles": ""}}, {"type": "Feature", "geometry": {"type": "Point", "coordinates": [-71.7804166666667, -41.556]}, "properties": {"series_id": 29942, "station_id": 1906, "station": "MANSO - MANSO INFERIOR", "river": "Manso", "variable": "Altura hidrométrica media diaria", "var_id": 39, "unit": "", "network": "alturas_bdhi", "province": "", "procedure": "", "live": true, "percentiles": ""}}, {"type": "Feature", "geometry": {"type": "Point", "coordinates": [-71.5392111111111, -41.9526805555556]}, "properties": {"series_id": 6194, "station_id": 1907, "station": "Azul - El Azul", "river": "Quemquentreu ", "variable": "Altura hidrométrica", "var_id": 2, "unit": "", "network": "alturas_bdhi", "province": "", "procedure": "", "live": true, "percentiles": ""}}, {"type": "Feature", "geometry": {"type": "Point", "coordinates": [-71.5392111111111, -41.9526805555556]}, "properties": {"series_id": 29943, "station_id": 1907, "station": "Azul - El Azul", "river": "Quemquentreu ", "variable": "Altura hidrométrica media diaria", "var_id": 39, "unit": "", "network": "alturas_bdhi", "province": "", "procedure": "", "live": true, "percentiles": ""}}, {"type": "Feature", "geometry": {"type": "Point", "coordinates": [-71.5022222222222, -41.89825]}, "properties": {"series_id": 6197, "station_id": 1908, "station": "QUEMQUEMTREU - ESCUELA Nº 139", "river": "Quemquentreu ", "variable": "Altura hidrométrica", "var_id": 2, "unit": "", "network": "alturas_bdhi", "province": "", "procedure": "", "live": true, "percentiles": ""}}, {"type": "Feature", "geometry": {"type": "Point", "coordinates": [-71.7153888888889, -41.6008055555556]}, "properties": {"series_id": 6200, "station_id": 1909, "station": "FOYEL - CONFLUENCIA CON EL MANSO", "river": "Foyel", "variable": "Altura hidrométrica", "var_id": 2, "unit": "", "network": "alturas_bdhi", "province": "", "procedure": "", "live": true, "percentiles": ""}}, {"type": "Feature", "geometry": {"type": "Point", "coordinates": [-71.7153888888889, -41.6008055555556]}, "properties": {"series_id": 29945, "station_id": 1909, "station": "FOYEL - CONFLUENCIA CON EL MANSO", "river": "Foyel", "variable": "Altura hidrométrica media diaria", "var_id": 39, "unit": "", "network": "alturas_bdhi", "province": "", "procedure": "", "live": true, "percentiles": false}}, {"type": "Feature", "geometry": {"type": "Point", "coordinates": [-71.5364027777778, -41.5159361111111]}, "properties": {"series_id": 6203, "station_id": 1910, "station": "Manso - Lago Steffen", "river": "Manso", "variable": "Altura hidrométrica", "var_id": 2, "unit": "", "network": "alturas_bdhi", "province": "", "procedure": "", "live": true, "percentiles": ""}}, {"type": "Feature", "geometry": {"type": "Point", "coordinates": [-71.5364027777778, -41.5159361111111]}, "properties": {"series_id": 6204, "station_id": 1910, "station": "Manso - Lago Steffen", "river": "Manso", "variable": "Caudal", "var_id": 4, "unit": "", "network": "alturas_bdhi", "province": "", "procedure": "", "live": true, "percentiles": ""}}, {"type": "Feature", "geometry": {"type": "Point", "coordinates": [-71.5364027777778, -41.5159361111111]}, "properties": {"series_id": 29946, "station_id": 1910, "station": "Manso - Lago Steffen", "river": "Manso", "variable": "Altura hidrométrica media diaria", "var_id": 39, "unit": "", "network": "alturas_bdhi", "province": "", "procedure": "", "live": true, "percentiles": ""}}, {"type": "Feature", "geometry": {"type": "Point", "coordinates": [-71.4999444444445, -41.5800833333333]}, "properties": {"series_id": 6206, "station_id": 1911, "station": "Villegas - Ruta Nacional Nº 258", "river": "Villegas", "variable": "Altura hidrométrica", "var_id": 2, "unit": "", "network": "alturas_bdhi", "province": "", "procedure": "", "live": true, "percentiles": ""}}, {"type": "Feature", "geometry": {"type": "Point", "coordinates": [-71.4999444444445, -41.5800833333333]}, "properties": {"series_id": 29947, "station_id": 1911, "station": "Villegas - Ruta Nacional Nº 258", "river": "Villegas", "variable": "Altura hidrométrica media diaria", "var_id": 39, "unit": "", "network": "alturas_bdhi", "province": "", "procedure": "", "live": true, "percentiles": ""}}, {"type": "Feature", "geometry": {"type": "Point", "coordinates": [-71.5659722222222, -41.9588333333333]}, "properties": {"series_id": 6209, "station_id": 1912, "station": "AZUL - PUESTO 1", "river": "Azul", "variable": "Altura hidrométrica", "var_id": 2, "unit": "", "network": "alturas_bdhi", "province": "", "procedure": "", "live": true, "percentiles": ""}}, {"type": "Feature", "geometry": {"type": "Point", "coordinates": [-71.5580555555556, -41.9258333333333]}, "properties": {"series_id": 29949, "station_id": 1913, "station": "RAQUEL - EL AZUL", "river": "Raquel", "variable": "Altura hidrométrica media diaria", "var_id": 39, "unit": "", "network": "alturas_bdhi", "province": "", "procedure": "", "live": true, "percentiles": ""}}, {"type": "Feature", "geometry": {"type": "Point", "coordinates": [-71.3819166666667, -41.9532222222222]}, "properties": {"series_id": 29950, "station_id": 1914, "station": "EL TERNERO - CUESTA DEL TERNERO", "river": "El Ternero", "variable": "Altura hidrométrica media diaria", "var_id": 39, "unit": "", "network": "alturas_bdhi", "province": "", "procedure": "", "live": true, "percentiles": ""}}, {"type": "Feature", "geometry": {"type": "Point", "coordinates": [-71.5652777777778, -41.6797777777778]}, "properties": {"series_id": 6216, "station_id": 1915, "station": "Escondido - El Foyel", "river": "Escondido", "variable": "Caudal", "var_id": 4, "unit": "", "network": "alturas_bdhi", "province": "", "procedure": "", "live": true, "percentiles": ""}}, {"type": "Feature", "geometry": {"type": "Point", "coordinates": [-71.5652777777778, -41.6797777777778]}, "properties": {"series_id": 29951, "station_id": 1915, "station": "Escondido - El Foyel", "river": "Escondido", "variable": "Altura hidrométrica media diaria", "var_id": 39, "unit": "", "network": "alturas_bdhi", "province": "", "procedure": "", "live": true, "percentiles": ""}}, {"type": "Feature", "geometry": {"type": "Point", "coordinates": [-71.5208888888889, -41.5935277777778]}, "properties": {"series_id": 6218, "station_id": 1916, "station": "MANSO - POBLADOR TURRA", "river": "Manso", "variable": "Altura hidrométrica", "var_id": 2, "unit": "", "network": "alturas_bdhi", "province": "", "procedure": "", "live": true, "percentiles": ""}}, {"type": "Feature", "geometry": {"type": "Point", "coordinates": [-58.6096333333333, -27.2890194444444]}, "properties": {"series_id": 6220, "station_id": 1917, "station": "Paraguay - Isla del Cerrito", "river": "Paraguay", "variable": "Altura hidrométrica", "var_id": 2, "unit": "", "network": "alturas_bdhi", "province": "", "procedure": "", "live": true, "percentiles": ""}}, {"type": "Feature", "geometry": {"type": "Point", "coordinates": [-60.4624166666667, -31.5123333333333]}, "properties": {"series_id": 6222, "station_id": 1918, "station": "POTRERO-RUTA PROVINCIAL Nº 001", "river": "Potrero", "variable": "Caudal", "var_id": 4, "unit": "", "network": "alturas_bdhi", "province": "", "procedure": "", "live": true, "percentiles": ""}}, {"type": "Feature", "geometry": {"type": "Point", "coordinates": [-59.3558055555556, -28.5559444444444]}, "properties": {"series_id": 29955, "station_id": 1922, "station": "Los Amores - Ruta Nacional Nº 011", "river": "Los Amores", "variable": "Altura hidrométrica media diaria", "var_id": 39, "unit": "", "network": "alturas_bdhi", "province": "", "procedure": "", "live": true, "percentiles": ""}}, {"type": "Feature", "geometry": {"type": "Point", "coordinates": [-60.4251111111111, -31.4948055555556]}, "properties": {"series_id": 29956, "station_id": 1923, "station": "LEYES - RUTA PROVINCIAL Nº 001", "river": "Leyes", "variable": "Altura hidrométrica media diaria", "var_id": 39, "unit": "", "network": "alturas_bdhi", "province": "", "procedure": "", "live": true, "percentiles": true}}, {"type": "Feature", "geometry": {"type": "Point", "coordinates": [-60.4116388888889, -30.8419444444444]}, "properties": {"series_id": 6235, "station_id": 1924, "station": "Saladillo Amargo - Vera Mujica (RP 281)", "river": "Saladillo Amargo", "variable": "Altura hidrométrica", "var_id": 2, "unit": "", "network": "alturas_bdhi", "province": "", "procedure": "", "live": true, "percentiles": ""}}, {"type": "Feature", "geometry": {"type": "Point", "coordinates": [-60.4116388888889, -30.8419444444444]}, "properties": {"series_id": 6236, "station_id": 1924, "station": "Saladillo Amargo - Vera Mujica (RP 281)", "river": "Saladillo Amargo", "variable": "Caudal", "var_id": 4, "unit": "", "network": "alturas_bdhi", "province": "", "procedure": "", "live": true, "percentiles": ""}}, {"type": "Feature", "geometry": {"type": "Point", "coordinates": [-60.4116388888889, -30.8419444444444]}, "properties": {"series_id": 29957, "station_id": 1924, "station": "Saladillo Amargo - Vera Mujica (RP 281)", "river": "Saladillo Amargo", "variable": "Altura hidrométrica media diaria", "var_id": 39, "unit": "", "network": "alturas_bdhi", "province": "", "procedure": "", "live": true, "percentiles": ""}}, {"type": "Feature", "geometry": {"type": "Point", "coordinates": [-59.7397222222222, -29.5051111111111]}, "properties": {"series_id": 6244, "station_id": 1927, "station": "San Javier - Romang", "river": "San Javier", "variable": "Altura hidrométrica", "var_id": 2, "unit": "", "network": "alturas_bdhi", "province": "", "procedure": "", "live": true, "percentiles": ""}}, {"type": "Feature", "geometry": {"type": "Point", "coordinates": [-59.7397222222222, -29.5051111111111]}, "properties": {"series_id": 29958, "station_id": 1927, "station": "San Javier - Romang", "river": "San Javier", "variable": "Altura hidrométrica media diaria", "var_id": 39, "unit": "", "network": "alturas_bdhi", "province": "", "procedure": "", "live": true, "percentiles": ""}}, {"type": "Feature", "geometry": {"type": "Point", "coordinates": [-59.7778888888889, -29.3649722222222]}, "properties": {"series_id": 6246, "station_id": 1928, "station": "MALABRIGO - RUTA PROVINCIAL Nº 088 S", "river": "Malabrigo", "variable": "Caudal", "var_id": 4, "unit": "", "network": "alturas_bdhi", "province": "", "procedure": "", "live": true, "percentiles": ""}}, {"type": "Feature", "geometry": {"type": "Point", "coordinates": [-60.0075833333333, -29.7300555555556]}, "properties": {"series_id": 6248, "station_id": 1929, "station": "El Toba - Margarita", "river": "El Toba", "variable": "Caudal", "var_id": 4, "unit": "", "network": "alturas_bdhi", "province": "", "procedure": "", "live": true, "percentiles": ""}}, {"type": "Feature", "geometry": {"type": "Point", "coordinates": [-59.6546944444444, -29.1333333333333]}, "properties": {"series_id": 6252, "station_id": 1931, "station": "El Rey - Ruta Nacional Nº 011", "river": "El Rey", "variable": "Altura hidrométrica", "var_id": 2, "unit": "", "network": "alturas_bdhi", "province": "", "procedure": "", "live": true, "percentiles": ""}}, {"type": "Feature", "geometry": {"type": "Point", "coordinates": [-60.7459722222222, -31.6940555555556]}, "properties": {"series_id": 29963, "station_id": 1932, "station": "Coronda - Batallón 601", "river": "Coronda", "variable": "Altura hidrométrica media diaria", "var_id": 39, "unit": "", "network": "alturas_bdhi", "province": "", "procedure": "", "live": true, "percentiles": ""}}, {"type": "Feature", "geometry": {"type": "Point", "coordinates": [-59.2250277777778, -28.029]}, "properties": {"series_id": 6254, "station_id": 1933, "station": "Tapenagá - Florencia", "river": "Tapenagá", "variable": "Altura hidrométrica", "var_id": 2, "unit": "", "network": "alturas_bdhi", "province": "", "procedure": "", "live": true, "percentiles": ""}}, {"type": "Feature", "geometry": {"type": "Point", "coordinates": [-59.2250277777778, -28.029]}, "properties": {"series_id": 29964, "station_id": 1933, "station": "Tapenagá - Florencia", "river": "Tapenagá", "variable": "Altura hidrométrica media diaria", "var_id": 39, "unit": "", "network": "alturas_bdhi", "province": "", "procedure": "", "live": true, "percentiles": ""}}, {"type": "Feature", "geometry": {"type": "Point", "coordinates": [-60.1568611111111, -31.1981944444444]}, "properties": {"series_id": 6260, "station_id": 1935, "station": "SAN JAVIER - CAYASTÁ", "river": "San Javier", "variable": "Altura hidrométrica", "var_id": 2, "unit": "", "network": "alturas_bdhi", "province": "", "procedure": "", "live": true, "percentiles": ""}}, {"type": "Feature", "geometry": {"type": "Point", "coordinates": [-60.0835277777778, -31.1041666666667]}, "properties": {"series_id": 29966, "station_id": 1939, "station": "San Javier - Helvecia", "river": "San Javier", "variable": "Altura hidrométrica media diaria", "var_id": 39, "unit": "", "network": "alturas_bdhi", "province": "", "procedure": "", "live": true, "percentiles": ""}}, {"type": "Feature", "geometry": {"type": "Point", "coordinates": [-60.2821944444444, -30.8548333333333]}, "properties": {"series_id": 6274, "station_id": 1940, "station": "Saladillo Dulce - La Noria (RP 281)", "river": "Saladillo Dulce", "variable": "Caudal", "var_id": 4, "unit": "", "network": "alturas_bdhi", "province": "", "procedure": "", "live": true, "percentiles": ""}}, {"type": "Feature", "geometry": {"type": "Point", "coordinates": [-60.2821944444444, -30.8548333333333]}, "properties": {"series_id": 29967, "station_id": 1940, "station": "Saladillo Dulce - La Noria (RP 281)", "river": "Saladillo Dulce", "variable": "Altura hidrométrica media diaria", "var_id": 39, "unit": "", "network": "alturas_bdhi", "province": "", "procedure": "", "live": true, "percentiles": ""}}, {"type": "Feature", "geometry": {"type": "Point", "coordinates": [-60.7305555555556, -32.6583333333333]}, "properties": {"series_id": 6277, "station_id": 1942, "station": "Paraná - Timbúes", "river": "Paraná", "variable": "Altura hidrométrica", "var_id": 2, "unit": "", "network": "alturas_bdhi", "province": "", "procedure": "", "live": true, "percentiles": ""}}, {"type": "Feature", "geometry": {"type": "Point", "coordinates": [-60.7305555555556, -32.6583333333333]}, "properties": {"series_id": 29969, "station_id": 1942, "station": "Paraná - Timbúes", "river": "Paraná", "variable": "Altura hidrométrica media diaria", "var_id": 39, "unit": "", "network": "alturas_bdhi", "province": "", "procedure": "", "live": true, "percentiles": ""}}, {"type": "Feature", "geometry": {"type": "Point", "coordinates": [-62.8114583333333, -34.3268111111111]}, "properties": {"series_id": 6280, "station_id": 1943, "station": "Laguna La Picasa - RN33", "river": "Laguna La Picasa", "variable": "Altura hidrométrica", "var_id": 2, "unit": "", "network": "alturas_bdhi", "province": "", "procedure": "", "live": true, "percentiles": ""}}, {"type": "Feature", "geometry": {"type": "Point", "coordinates": [-59.9758055555556, -28.1103888888889]}, "properties": {"series_id": 6285, "station_id": 1945, "station": "Canal Línea Paraná - Rp Nº 3", "river": "Canal lí­nea Paraná", "variable": "Altura hidrométrica", "var_id": 2, "unit": "", "network": "alturas_bdhi", "province": "", "procedure": "", "live": true, "percentiles": ""}}, {"type": "Feature", "geometry": {"type": "Point", "coordinates": [-60.3294444444444, -31.4176111111111]}, "properties": {"series_id": 29972, "station_id": 1947, "station": "SAN JAVIER - SANTA ROSA", "river": "San Javier", "variable": "Altura hidrométrica media diaria", "var_id": 39, "unit": "", "network": "alturas_bdhi", "province": "", "procedure": "", "live": true, "percentiles": ""}}, {"type": "Feature", "geometry": {"type": "Point", "coordinates": [-60.9087777777778, -32.384]}, "properties": {"series_id": 29973, "station_id": 1948, "station": "EL MONJE - ZONA RURAL", "river": "El Monje", "variable": "Altura hidrométrica media diaria", "var_id": 39, "unit": "", "network": "alturas_bdhi", "province": "", "procedure": "", "live": true, "percentiles": ""}}, {"type": "Feature", "geometry": {"type": "Point", "coordinates": [-60.0343888888889, -30.8805833333333]}, "properties": {"series_id": 6297, "station_id": 1951, "station": "San Javier - Saladero Cabal", "river": "San Javier", "variable": "Altura hidrométrica", "var_id": 2, "unit": "", "network": "alturas_bdhi", "province": "", "procedure": "", "live": true, "percentiles": ""}}, {"type": "Feature", "geometry": {"type": "Point", "coordinates": [-60.4409166666667, -31.4945]}, "properties": {"series_id": 6298, "station_id": 1952, "station": "SANTA RITA - RUTA PROVINCIAL Nº 001", "river": "Santa Rita", "variable": "Altura hidrométrica", "var_id": 2, "unit": "", "network": "alturas_bdhi", "province": "", "procedure": "", "live": true, "percentiles": ""}}, {"type": "Feature", "geometry": {"type": "Point", "coordinates": [-60.4409166666667, -31.4945]}, "properties": {"series_id": 29975, "station_id": 1952, "station": "SANTA RITA - RUTA PROVINCIAL Nº 001", "river": "Santa Rita", "variable": "Altura hidrométrica media diaria", "var_id": 39, "unit": "", "network": "alturas_bdhi", "province": "", "procedure": "", "live": true, "percentiles": ""}}, {"type": "Feature", "geometry": {"type": "Point", "coordinates": [-62.8868472222222, -28.5583833333333]}, "properties": {"series_id": 6301, "station_id": 1953, "station": "Salado - Agua Abajo Azud Colonia Dora", "river": "Salado", "variable": "Altura hidrométrica", "var_id": 2, "unit": "", "network": "alturas_bdhi", "province": "", "procedure": "", "live": true, "percentiles": ""}}, {"type": "Feature", "geometry": {"type": "Point", "coordinates": [-63.4397944444444, -27.940175]}, "properties": {"series_id": 6302, "station_id": 1954, "station": "Salado - Suncho Corral", "river": "Salado", "variable": "Altura hidrométrica", "var_id": 2, "unit": "", "network": "alturas_bdhi", "province": "", "procedure": "", "live": true, "percentiles": ""}}, {"type": "Feature", "geometry": {"type": "Point", "coordinates": [-63.4397944444444, -27.940175]}, "properties": {"series_id": 29977, "station_id": 1954, "station": "Salado - Suncho Corral", "river": "Salado", "variable": "Altura hidrométrica media diaria", "var_id": 39, "unit": "", "network": "alturas_bdhi", "province": "", "procedure": "", "live": true, "percentiles": ""}}, {"type": "Feature", "geometry": {"type": "Point", "coordinates": [-64.3626138888889, -27.651]}, "properties": {"series_id": 6308, "station_id": 1956, "station": "Dulce - Dique los Quiroga", "river": "Dulce", "variable": "Altura hidrométrica", "var_id": 2, "unit": "", "network": "alturas_bdhi", "province": "", "procedure": "", "live": true, "percentiles": ""}}, {"type": "Feature", "geometry": {"type": "Point", "coordinates": [-64.3626138888889, -27.651]}, "properties": {"series_id": 29979, "station_id": 1956, "station": "Dulce - Dique los Quiroga", "river": "Dulce", "variable": "Altura hidrométrica media diaria", "var_id": 39, "unit": "", "network": "alturas_bdhi", "province": "", "procedure": "", "live": true, "percentiles": ""}}, {"type": "Feature", "geometry": {"type": "Point", "coordinates": [-63.7244055555556, -26.3742194444444]}, "properties": {"series_id": 6309, "station_id": 1957, "station": "Salado - El Arenal", "river": "Salado", "variable": "Altura hidrométrica", "var_id": 2, "unit": "", "network": "alturas_bdhi", "province": "", "procedure": "", "live": true, "percentiles": ""}}, {"type": "Feature", "geometry": {"type": "Point", "coordinates": [-63.7244055555556, -26.3742194444444]}, "properties": {"series_id": 6310, "station_id": 1957, "station": "Salado - El Arenal", "river": "Salado", "variable": "Caudal", "var_id": 4, "unit": "", "network": "alturas_bdhi", "province": "", "procedure": "", "live": true, "percentiles": ""}}, {"type": "Feature", "geometry": {"type": "Point", "coordinates": [-63.7244055555556, -26.3742194444444]}, "properties": {"series_id": 29980, "station_id": 1957, "station": "Salado - El Arenal", "river": "Salado", "variable": "Altura hidrométrica media diaria", "var_id": 39, "unit": "", "network": "alturas_bdhi", "province": "", "procedure": "", "live": true, "percentiles": ""}}, {"type": "Feature", "geometry": {"type": "Point", "coordinates": [-63.9480583333333, -25.6107777777778]}, "properties": {"series_id": 6312, "station_id": 1958, "station": "Canal de Dios - Canal de Dios", "river": "Canal de Dios", "variable": "Altura hidrométrica", "var_id": 2, "unit": "", "network": "alturas_bdhi", "province": "", "procedure": "", "live": true, "percentiles": ""}}, {"type": "Feature", "geometry": {"type": "Point", "coordinates": [-64.0979166666667, -28.0147222222222]}, "properties": {"series_id": 6315, "station_id": 1959, "station": "Dulce - Tuhama", "river": "Dulce", "variable": "Altura hidrométrica", "var_id": 2, "unit": "", "network": "alturas_bdhi", "province": "", "procedure": "", "live": true, "percentiles": ""}}, {"type": "Feature", "geometry": {"type": "Point", "coordinates": [-64.0979166666667, -28.0147222222222]}, "properties": {"series_id": 29982, "station_id": 1959, "station": "Dulce - Tuhama", "river": "Dulce", "variable": "Altura hidrométrica media diaria", "var_id": 39, "unit": "", "network": "alturas_bdhi", "province": "", "procedure": "", "live": true, "percentiles": ""}}, {"type": "Feature", "geometry": {"type": "Point", "coordinates": [-61.787425, -33.0056194444444]}, "properties": {"series_id": 6318, "station_id": 1960, "station": "Carcaraña - Cruz Alta", "river": "Carcaraña", "variable": "Caudal", "var_id": 4, "unit": "", "network": "alturas_bdhi", "province": "", "procedure": "", "live": true, "percentiles": ""}}, {"type": "Feature", "geometry": {"type": "Point", "coordinates": [-64.7833333333333, -32.2333333333333]}, "properties": {"series_id": 29984, "station_id": 1961, "station": "EL DURAZNO - LA FLORIDA", "river": "El durazno", "variable": "Altura hidrométrica media diaria", "var_id": 39, "unit": "", "network": "alturas_bdhi", "province": "", "procedure": "", "live": true, "percentiles": ""}}, {"type": "Feature", "geometry": {"type": "Point", "coordinates": [-65.8494444444444, -22.9008333333333]}, "properties": {"series_id": 6324, "station_id": 1963, "station": "Miraflores - Sayate", "river": "Miraflores", "variable": "Altura hidrométrica", "var_id": 2, "unit": "", "network": "alturas_bdhi", "province": "", "procedure": "", "live": true, "percentiles": ""}}, {"type": "Feature", "geometry": {"type": "Point", "coordinates": [-65.8494444444444, -22.9008333333333]}, "properties": {"series_id": 29986, "station_id": 1963, "station": "Miraflores - Sayate", "river": "Miraflores", "variable": "Altura hidrométrica media diaria", "var_id": 39, "unit": "", "network": "alturas_bdhi", "province": "", "procedure": "", "live": true, "percentiles": ""}}, {"type": "Feature", "geometry": {"type": "Point", "coordinates": [-64.5395833333333, -23.7120555555556]}, "properties": {"series_id": 6326, "station_id": 1964, "station": "San Francisco - Caimancito", "river": "San Francisco", "variable": "Altura hidrométrica", "var_id": 2, "unit": "", "network": "alturas_bdhi", "province": "", "procedure": "", "live": true, "percentiles": ""}}, {"type": "Feature", "geometry": {"type": "Point", "coordinates": [-64.5395833333333, -23.7120555555556]}, "properties": {"series_id": 6327, "station_id": 1964, "station": "San Francisco - Caimancito", "river": "San Francisco", "variable": "Caudal", "var_id": 4, "unit": "", "network": "alturas_bdhi", "province": "", "procedure": "", "live": true, "percentiles": ""}}, {"type": "Feature", "geometry": {"type": "Point", "coordinates": [-64.5395833333333, -23.7120555555556]}, "properties": {"series_id": 29987, "station_id": 1964, "station": "San Francisco - Caimancito", "river": "San Francisco", "variable": "Altura hidrométrica media diaria", "var_id": 39, "unit": "", "network": "alturas_bdhi", "province": "", "procedure": "", "live": true, "percentiles": ""}}, {"type": "Feature", "geometry": {"type": "Point", "coordinates": [-64.5395833333333, -23.7120555555556]}, "properties": {"series_id": 35885, "station_id": 1964, "station": "San Francisco - Caimancito", "river": "San Francisco", "variable": "Caudal medio diario", "var_id": 40, "unit": "", "network": "alturas_bdhi", "province": "", "procedure": "", "live": true, "percentiles": ""}}, {"type": "Feature", "geometry": {"type": "Point", "coordinates": [-64.7036388888889, -22.8655]}, "properties": {"series_id": 6329, "station_id": 1965, "station": "Iruya - San José", "river": "Iruya", "variable": "Caudal", "var_id": 4, "unit": "", "network": "alturas_bdhi", "province": "", "procedure": "", "live": true, "percentiles": ""}}, {"type": "Feature", "geometry": {"type": "Point", "coordinates": [-64.3646055555556, -22.7249]}, "properties": {"series_id": 29685, "station_id": 1966, "station": "Bermejo - Aguas Blancas", "river": "Bermejo", "variable": "Altura hidrométrica media diaria", "var_id": 39, "unit": "", "network": "alturas_bdhi", "province": "", "procedure": "", "live": true, "percentiles": ""}}, {"type": "Feature", "geometry": {"type": "Point", "coordinates": [-64.4769444444444, -25.2266666666667]}, "properties": {"series_id": 6335, "station_id": 1967, "station": "JURAMENTO - EL TUNAL", "river": "Juramento", "variable": "Caudal", "var_id": 4, "unit": "", "network": "alturas_bdhi", "province": "", "procedure": "", "live": true, "percentiles": ""}}, {"type": "Feature", "geometry": {"type": "Point", "coordinates": [-64.4769444444444, -25.2266666666667]}, "properties": {"series_id": 43052, "station_id": 1967, "station": "JURAMENTO - EL TUNAL", "river": "Juramento", "variable": "Caudal medio diario", "var_id": 40, "unit": "", "network": "alturas_bdhi", "province": "", "procedure": "", "live": true, "percentiles": ""}}, {"type": "Feature", "geometry": {"type": "Point", "coordinates": [-63.9761555555556, -25.4134805555556]}, "properties": {"series_id": 6338, "station_id": 1968, "station": "Canal Macapillo - Macapillo", "river": "Canal Macapillo", "variable": "Caudal", "var_id": 4, "unit": "", "network": "alturas_bdhi", "province": "", "procedure": "", "live": true, "percentiles": ""}}, {"type": "Feature", "geometry": {"type": "Point", "coordinates": [-64.2, -23.2166666666667]}, "properties": {"series_id": 6340, "station_id": 1969, "station": "BERMEJO - POZO SARMIENTO", "river": "Bermejo", "variable": "Altura hidrométrica", "var_id": 2, "unit": "", "network": "alturas_bdhi", "province": "", "procedure": "", "live": true, "percentiles": ""}}, {"type": "Feature", "geometry": {"type": "Point", "coordinates": [-64.2, -23.2166666666667]}, "properties": {"series_id": 6341, "station_id": 1969, "station": "BERMEJO - POZO SARMIENTO", "river": "Bermejo", "variable": "Caudal", "var_id": 4, "unit": "", "network": "alturas_bdhi", "province": "", "procedure": "", "live": true, "percentiles": ""}}, {"type": "Feature", "geometry": {"type": "Point", "coordinates": [-64.2, -23.2166666666667]}, "properties": {"series_id": 35884, "station_id": 1969, "station": "BERMEJO - POZO SARMIENTO", "river": "Bermejo", "variable": "Caudal medio diario", "var_id": 40, "unit": "", "network": "alturas_bdhi", "province": "", "procedure": "", "live": true, "percentiles": false}}, {"type": "Feature", "geometry": {"type": "Point", "coordinates": [-64.4635555555556, -22.4924722222222]}, "properties": {"series_id": 6343, "station_id": 1970, "station": "Bermejo - Balapuca", "river": "Bermejo", "variable": "Altura hidrométrica", "var_id": 2, "unit": "", "network": "alturas_bdhi", "province": "", "procedure": "", "live": true, "percentiles": ""}}, {"type": "Feature", "geometry": {"type": "Point", "coordinates": [-64.4635555555556, -22.4924722222222]}, "properties": {"series_id": 6344, "station_id": 1970, "station": "Bermejo - Balapuca", "river": "Bermejo", "variable": "Caudal", "var_id": 4, "unit": "", "network": "alturas_bdhi", "province": "", "procedure": "", "live": true, "percentiles": ""}}, {"type": "Feature", "geometry": {"type": "Point", "coordinates": [-64.58675, -22.2492777777778]}, "properties": {"series_id": 29993, "station_id": 1971, "station": "Bermejo - Alarache", "river": "Bermejo", "variable": "Altura hidrométrica media diaria", "var_id": 39, "unit": "", "network": "alturas_bdhi", "province": "", "procedure": "", "live": true, "percentiles": ""}}, {"type": "Feature", "geometry": {"type": "Point", "coordinates": [-64.4833333333333, -22.8]}, "properties": {"series_id": 6350, "station_id": 1973, "station": "PESCADO - CUATRO CEDROS", "river": "Pescado", "variable": "Altura hidrométrica", "var_id": 2, "unit": "", "network": "alturas_bdhi", "province": "", "procedure": "", "live": true, "percentiles": ""}}, {"type": "Feature", "geometry": {"type": "Point", "coordinates": [-64.4833333333333, -22.8]}, "properties": {"series_id": 29994, "station_id": 1973, "station": "PESCADO - CUATRO CEDROS", "river": "Pescado", "variable": "Altura hidrométrica media diaria", "var_id": 39, "unit": "", "network": "alturas_bdhi", "province": "", "procedure": "", "live": true, "percentiles": ""}}, {"type": "Feature", "geometry": {"type": "Point", "coordinates": [-65.59325, -24.8423055555556]}, "properties": {"series_id": 6351, "station_id": 1974, "station": "Arenales - El Encon", "river": "Arenales", "variable": "Altura hidrométrica", "var_id": 2, "unit": "", "network": "alturas_bdhi", "province": "", "procedure": "", "live": true, "percentiles": ""}}, {"type": "Feature", "geometry": {"type": "Point", "coordinates": [-65.59325, -24.8423055555556]}, "properties": {"series_id": 29995, "station_id": 1974, "station": "Arenales - El Encon", "river": "Arenales", "variable": "Altura hidrométrica media diaria", "var_id": 39, "unit": "", "network": "alturas_bdhi", "province": "", "procedure": "", "live": true, "percentiles": ""}}, {"type": "Feature", "geometry": {"type": "Point", "coordinates": [-64.1060111111111, -25.1608111111111]}, "properties": {"series_id": 6353, "station_id": 1975, "station": "Canal Finca Agropecuaria - Finca Agropecuaria", "river": "Canal Finca Agropecuaria", "variable": "Altura hidrométrica", "var_id": 2, "unit": "", "network": "alturas_bdhi", "province": "", "procedure": "", "live": true, "percentiles": ""}}, {"type": "Feature", "geometry": {"type": "Point", "coordinates": [-64.1060111111111, -25.1608111111111]}, "properties": {"series_id": 6354, "station_id": 1975, "station": "Canal Finca Agropecuaria - Finca Agropecuaria", "river": "Canal Finca Agropecuaria", "variable": "Caudal", "var_id": 4, "unit": "", "network": "alturas_bdhi", "province": "", "procedure": "", "live": true, "percentiles": ""}}, {"type": "Feature", "geometry": {"type": "Point", "coordinates": [-64.24, -22.5711111111111]}, "properties": {"series_id": 6356, "station_id": 1976, "station": "TARIJA - SAN TELMO", "river": "Tarija", "variable": "Altura hidrométrica", "var_id": 2, "unit": "", "network": "alturas_bdhi", "province": "", "procedure": "", "live": true, "percentiles": true}}, {"type": "Feature", "geometry": {"type": "Point", "coordinates": [-64.24, -22.5711111111111]}, "properties": {"series_id": 6357, "station_id": 1976, "station": "TARIJA - SAN TELMO", "river": "Tarija", "variable": "Caudal", "var_id": 4, "unit": "", "network": "alturas_bdhi", "province": "", "procedure": "", "live": true, "percentiles": ""}}, {"type": "Feature", "geometry": {"type": "Point", "coordinates": [-62.5234722222222, -22.3775]}, "properties": {"series_id": 29998, "station_id": 1978, "station": "Pilcomayo - La Paz", "river": "Pilcomayo", "variable": "Altura hidrométrica media diaria", "var_id": 39, "unit": "", "network": "alturas_bdhi", "province": "", "procedure": "", "live": true, "percentiles": ""}}, {"type": "Feature", "geometry": {"type": "Point", "coordinates": [-62.5234722222222, -22.3775]}, "properties": {"series_id": 6363, "station_id": 1978, "station": "Pilcomayo - La Paz", "river": "Pilcomayo", "variable": "Caudal medio diario", "var_id": 40, "unit": "", "network": "alturas_bdhi", "province": "", "procedure": "", "live": true, "percentiles": ""}}, {"type": "Feature", "geometry": {"type": "Point", "coordinates": [-65.8231138888889, -26.0119194444444]}, "properties": {"series_id": 6365, "station_id": 1979, "station": "De las Conchas - La Punilla", "river": "De las Conchas", "variable": "Altura hidrométrica", "var_id": 2, "unit": "", "network": "alturas_bdhi", "province": "", "procedure": "", "live": true, "percentiles": ""}}, {"type": "Feature", "geometry": {"type": "Point", "coordinates": [-65.8231138888889, -26.0119194444444]}, "properties": {"series_id": 29999, "station_id": 1979, "station": "De las Conchas - La Punilla", "river": "De las Conchas", "variable": "Altura hidrométrica media diaria", "var_id": 39, "unit": "", "network": "alturas_bdhi", "province": "", "procedure": "", "live": true, "percentiles": ""}}, {"type": "Feature", "geometry": {"type": "Point", "coordinates": [-64.0455555555556, -25.3438888888889]}, "properties": {"series_id": 6369, "station_id": 1980, "station": "JURAMENTO - EL QUEBRACHAL", "river": "Juramento", "variable": "Caudal", "var_id": 4, "unit": "", "network": "alturas_bdhi", "province": "", "procedure": "", "live": true, "percentiles": ""}}, {"type": "Feature", "geometry": {"type": "Point", "coordinates": [-69.9477694444444, -45.3192777777778]}, "properties": {"series_id": 6371, "station_id": 1981, "station": "Senguerr - Facundo", "river": "Senguerr", "variable": "Altura hidrométrica", "var_id": 2, "unit": "", "network": "alturas_bdhi", "province": "", "procedure": "", "live": true, "percentiles": ""}}, {"type": "Feature", "geometry": {"type": "Point", "coordinates": [-69.9477694444444, -45.3192777777778]}, "properties": {"series_id": 30001, "station_id": 1981, "station": "Senguerr - Facundo", "river": "Senguerr", "variable": "Altura hidrométrica media diaria", "var_id": 39, "unit": "", "network": "alturas_bdhi", "province": "", "procedure": "", "live": true, "percentiles": ""}}, {"type": "Feature", "geometry": {"type": "Point", "coordinates": [-71.1699444444445, -42.0997222222222]}, "properties": {"series_id": 6375, "station_id": 1983, "station": "CHUBUT - EL MAITÉN", "river": "Chubut", "variable": "Caudal", "var_id": 4, "unit": "", "network": "alturas_bdhi", "province": "", "procedure": "", "live": true, "percentiles": ""}}, {"type": "Feature", "geometry": {"type": "Point", "coordinates": [-71.1699444444445, -42.0997222222222]}, "properties": {"series_id": 30003, "station_id": 1983, "station": "CHUBUT - EL MAITÉN", "river": "Chubut", "variable": "Altura hidrométrica media diaria", "var_id": 39, "unit": "", "network": "alturas_bdhi", "province": "", "procedure": "", "live": true, "percentiles": ""}}, {"type": "Feature", "geometry": {"type": "Point", "coordinates": [-65.2734305555555, -43.2760194444444]}, "properties": {"series_id": 30005, "station_id": 1985, "station": "CHUBUT - TRELEW", "river": "Chubut", "variable": "Altura hidrométrica media diaria", "var_id": 39, "unit": "", "network": "alturas_bdhi", "province": "", "procedure": "", "live": true, "percentiles": ""}}, {"type": "Feature", "geometry": {"type": "Point", "coordinates": [-70.3844444444445, -42.6097222222222]}, "properties": {"series_id": 30006, "station_id": 1986, "station": "CHUBUT - GUALJAINA", "river": "Chubut", "variable": "Altura hidrométrica media diaria", "var_id": 39, "unit": "", "network": "alturas_bdhi", "province": "", "procedure": "", "live": true, "percentiles": ""}}, {"type": "Feature", "geometry": {"type": "Point", "coordinates": [-70.4387777777778, -42.6534444444444]}, "properties": {"series_id": 6385, "station_id": 1987, "station": "GUALJAINA - GUALJAINA", "river": "Gualjaina", "variable": "Altura hidrométrica", "var_id": 2, "unit": "", "network": "alturas_bdhi", "province": "", "procedure": "", "live": true, "percentiles": ""}}, {"type": "Feature", "geometry": {"type": "Point", "coordinates": [-71.7416666666667, -42.7441666666667]}, "properties": {"series_id": 6389, "station_id": 1989, "station": "ARRAYANES - LAGO VERDE", "river": "Arrayanes", "variable": "Altura hidrométrica", "var_id": 2, "unit": "", "network": "alturas_bdhi", "province": "", "procedure": "", "live": true, "percentiles": ""}}, {"type": "Feature", "geometry": {"type": "Point", "coordinates": [-71.7416666666667, -42.7441666666667]}, "properties": {"series_id": 6390, "station_id": 1989, "station": "ARRAYANES - LAGO VERDE", "river": "Arrayanes", "variable": "Caudal", "var_id": 4, "unit": "", "network": "alturas_bdhi", "province": "", "procedure": "", "live": true, "percentiles": ""}}, {"type": "Feature", "geometry": {"type": "Point", "coordinates": [-71.7416666666667, -42.7441666666667]}, "properties": {"series_id": 30009, "station_id": 1989, "station": "ARRAYANES - LAGO VERDE", "river": "Arrayanes", "variable": "Altura hidrométrica media diaria", "var_id": 39, "unit": "", "network": "alturas_bdhi", "province": "", "procedure": "", "live": true, "percentiles": ""}}, {"type": "Feature", "geometry": {"type": "Point", "coordinates": [-71.5547222222222, -43.1325]}, "properties": {"series_id": 6392, "station_id": 1990, "station": "SITUACIÓN - ESCUELA Nº 90", "river": "Situación", "variable": "Altura hidrométrica", "var_id": 2, "unit": "", "network": "alturas_bdhi", "province": "", "procedure": "", "live": true, "percentiles": ""}}, {"type": "Feature", "geometry": {"type": "Point", "coordinates": [-71.5411111111111, -42.4955555555556]}, "properties": {"series_id": 6398, "station_id": 1991, "station": "CARRILEUFÚ - CHOLILA", "river": "Carrileufú", "variable": "Caudal", "var_id": 4, "unit": "", "network": "alturas_bdhi", "province": "", "procedure": "", "live": true, "percentiles": ""}}, {"type": "Feature", "geometry": {"type": "Point", "coordinates": [-71.4284444444445, -43.9195]}, "properties": {"series_id": 30012, "station_id": 1992, "station": "LAGO VINTER - VINTER", "river": "Lago Vinter", "variable": "Altura hidrométrica media diaria", "var_id": 39, "unit": "", "network": "alturas_bdhi", "province": "", "procedure": "", "live": true, "percentiles": ""}}, {"type": "Feature", "geometry": {"type": "Point", "coordinates": [-71.5586111111111, -42.9913888888889]}, "properties": {"series_id": 6401, "station_id": 1993, "station": "FONTANA - ESTANCIA AMANCAY", "river": "Fontana", "variable": "Altura hidrométrica", "var_id": 2, "unit": "", "network": "alturas_bdhi", "province": "", "procedure": "", "live": true, "percentiles": ""}}, {"type": "Feature", "geometry": {"type": "Point", "coordinates": [-71.5586111111111, -42.9913888888889]}, "properties": {"series_id": 6402, "station_id": 1993, "station": "FONTANA - ESTANCIA AMANCAY", "river": "Fontana", "variable": "Caudal", "var_id": 4, "unit": "", "network": "alturas_bdhi", "province": "", "procedure": "", "live": true, "percentiles": ""}}, {"type": "Feature", "geometry": {"type": "Point", "coordinates": [-71.5586111111111, -42.9913888888889]}, "properties": {"series_id": 30013, "station_id": 1993, "station": "FONTANA - ESTANCIA AMANCAY", "river": "Fontana", "variable": "Altura hidrométrica media diaria", "var_id": 39, "unit": "", "network": "alturas_bdhi", "province": "", "procedure": "", "live": true, "percentiles": ""}}, {"type": "Feature", "geometry": {"type": "Point", "coordinates": [-71.7580555555556, -42.7308333333333]}, "properties": {"series_id": 6404, "station_id": 1994, "station": "MENENDEZ - PUERTO CHUCAO", "river": "Menendez", "variable": "Altura hidrométrica", "var_id": 2, "unit": "", "network": "alturas_bdhi", "province": "", "procedure": "", "live": true, "percentiles": ""}}, {"type": "Feature", "geometry": {"type": "Point", "coordinates": [-71.7580555555556, -42.7308333333333]}, "properties": {"series_id": 30014, "station_id": 1994, "station": "MENENDEZ - PUERTO CHUCAO", "river": "Menendez", "variable": "Altura hidrométrica media diaria", "var_id": 39, "unit": "", "network": "alturas_bdhi", "province": "", "procedure": "", "live": true, "percentiles": ""}}, {"type": "Feature", "geometry": {"type": "Point", "coordinates": [-71.2541944444445, -43.0838888888889]}, "properties": {"series_id": 6405, "station_id": 1995, "station": "NAHUEL PAN - BOQUETE NAHUEL PAN", "river": "Nahuel Pan", "variable": "Altura hidrométrica", "var_id": 2, "unit": "", "network": "alturas_bdhi", "province": "", "procedure": "", "live": true, "percentiles": ""}}, {"type": "Feature", "geometry": {"type": "Point", "coordinates": [-71.2541944444445, -43.0838888888889]}, "properties": {"series_id": 30015, "station_id": 1995, "station": "NAHUEL PAN - BOQUETE NAHUEL PAN", "river": "Nahuel Pan", "variable": "Altura hidrométrica media diaria", "var_id": 39, "unit": "", "network": "alturas_bdhi", "province": "", "procedure": "", "live": true, "percentiles": ""}}, {"type": "Feature", "geometry": {"type": "Point", "coordinates": [-71.6161111111111, -42.0983333333333]}, "properties": {"series_id": 6406, "station_id": 1996, "station": "LAGO PUELO - LAGO PUELO", "river": "Puelo", "variable": "Altura hidrométrica", "var_id": 2, "unit": "", "network": "alturas_bdhi", "province": "", "procedure": "", "live": true, "percentiles": ""}}, {"type": "Feature", "geometry": {"type": "Point", "coordinates": [-71.6161111111111, -42.0983333333333]}, "properties": {"series_id": 30016, "station_id": 1996, "station": "LAGO PUELO - LAGO PUELO", "river": "Puelo", "variable": "Altura hidrométrica media diaria", "var_id": 39, "unit": "", "network": "alturas_bdhi", "province": "", "procedure": "", "live": true, "percentiles": ""}}, {"type": "Feature", "geometry": {"type": "Point", "coordinates": [-71.4738888888889, -43.5366666666667]}, "properties": {"series_id": 6408, "station_id": 1997, "station": "HUEMUL - CORCOVADO", "river": "Huemul", "variable": "Altura hidrométrica", "var_id": 2, "unit": "", "network": "alturas_bdhi", "province": "", "procedure": "", "live": true, "percentiles": ""}}, {"type": "Feature", "geometry": {"type": "Point", "coordinates": [-71.4738888888889, -43.5366666666667]}, "properties": {"series_id": 6409, "station_id": 1997, "station": "HUEMUL - CORCOVADO", "river": "Huemul", "variable": "Caudal", "var_id": 4, "unit": "", "network": "alturas_bdhi", "province": "", "procedure": "", "live": true, "percentiles": ""}}, {"type": "Feature", "geometry": {"type": "Point", "coordinates": [-71.4738888888889, -43.5366666666667]}, "properties": {"series_id": 30017, "station_id": 1997, "station": "HUEMUL - CORCOVADO", "river": "Huemul", "variable": "Altura hidrométrica media diaria", "var_id": 39, "unit": "", "network": "alturas_bdhi", "province": "", "procedure": "", "live": true, "percentiles": ""}}, {"type": "Feature", "geometry": {"type": "Point", "coordinates": [-71.4861388888889, -43.5441111111111]}, "properties": {"series_id": 6411, "station_id": 1998, "station": "CARRENLEUFÚ - PUENTE DE HIERRO", "river": "Carrenleufú", "variable": "Altura hidrométrica", "var_id": 2, "unit": "", "network": "alturas_bdhi", "province": "", "procedure": "", "live": true, "percentiles": ""}}, {"type": "Feature", "geometry": {"type": "Point", "coordinates": [-71.4861388888889, -43.5441111111111]}, "properties": {"series_id": 6412, "station_id": 1998, "station": "CARRENLEUFÚ - PUENTE DE HIERRO", "river": "Carrenleufú", "variable": "Caudal", "var_id": 4, "unit": "", "network": "alturas_bdhi", "province": "", "procedure": "", "live": true, "percentiles": ""}}, {"type": "Feature", "geometry": {"type": "Point", "coordinates": [-70.5477833333333, -42.7323888888889]}, "properties": {"series_id": 30019, "station_id": 1999, "station": "LEPÁ - GUALJAINA", "river": "Lepá", "variable": "Altura hidrométrica media diaria", "var_id": 39, "unit": "", "network": "alturas_bdhi", "province": "", "procedure": "", "live": true, "percentiles": ""}}, {"type": "Feature", "geometry": {"type": "Point", "coordinates": [-71.6236944444444, -43.1747777777778]}, "properties": {"series_id": 6424, "station_id": 2002, "station": "FUTALEUFÚ - PUESTO RIOS", "river": "Futaleufú", "variable": "Caudal", "var_id": 4, "unit": "", "network": "alturas_bdhi", "province": "", "procedure": "", "live": true, "percentiles": ""}}, {"type": "Feature", "geometry": {"type": "Point", "coordinates": [-71.7247222222222, -42.1055555555556]}, "properties": {"series_id": 6426, "station_id": 2003, "station": "PUELO - HITO FRONTERIZO", "river": "Puelo", "variable": "Altura hidrométrica", "var_id": 2, "unit": "", "network": "alturas_bdhi", "province": "", "procedure": "", "live": true, "percentiles": ""}}, {"type": "Feature", "geometry": {"type": "Point", "coordinates": [-71.7247222222222, -42.1055555555556]}, "properties": {"series_id": 30023, "station_id": 2003, "station": "PUELO - HITO FRONTERIZO", "river": "Puelo", "variable": "Altura hidrométrica media diaria", "var_id": 39, "unit": "", "network": "alturas_bdhi", "province": "", "procedure": "", "live": true, "percentiles": ""}}, {"type": "Feature", "geometry": {"type": "Point", "coordinates": [-71.5142777777778, -43.1655555555556]}, "properties": {"series_id": 6429, "station_id": 2004, "station": "NANTY FALL - RUTA A CHILE", "river": "Nanty Fall", "variable": "Altura hidrométrica", "var_id": 2, "unit": "", "network": "alturas_bdhi", "province": "", "procedure": "", "live": true, "percentiles": true}}, {"type": "Feature", "geometry": {"type": "Point", "coordinates": [-71.5142777777778, -43.1655555555556]}, "properties": {"series_id": 6430, "station_id": 2004, "station": "NANTY FALL - RUTA A CHILE", "river": "Nanty Fall", "variable": "Caudal", "var_id": 4, "unit": "", "network": "alturas_bdhi", "province": "", "procedure": "", "live": true, "percentiles": ""}}, {"type": "Feature", "geometry": {"type": "Point", "coordinates": [-71.4275, -42.2088888888889]}, "properties": {"series_id": 6432, "station_id": 2005, "station": "EPUYÉN - MUELLE", "river": "Epuyén", "variable": "Altura hidrométrica", "var_id": 2, "unit": "", "network": "alturas_bdhi", "province": "", "procedure": "", "live": true, "percentiles": ""}}, {"type": "Feature", "geometry": {"type": "Point", "coordinates": [-71.4275, -42.2088888888889]}, "properties": {"series_id": 30025, "station_id": 2005, "station": "EPUYÉN - MUELLE", "river": "Epuyén", "variable": "Altura hidrométrica media diaria", "var_id": 39, "unit": "", "network": "alturas_bdhi", "province": "", "procedure": "", "live": true, "percentiles": ""}}, {"type": "Feature", "geometry": {"type": "Point", "coordinates": [-71.6541944444445, -43.1094444444444]}, "properties": {"series_id": 30026, "station_id": 2006, "station": "FUTALEUFÚ - EMBALSE", "river": "Futaleufú", "variable": "Altura hidrométrica media diaria", "var_id": 39, "unit": "", "network": "alturas_bdhi", "province": "", "procedure": "", "live": true, "percentiles": ""}}, {"type": "Feature", "geometry": {"type": "Point", "coordinates": [-69.2716666666667, -45.5766666666667]}, "properties": {"series_id": 6438, "station_id": 2008, "station": "LAGO MUSTERS - EL FORTÍN", "river": "Lago Musters", "variable": "Altura hidrométrica", "var_id": 2, "unit": "", "network": "alturas_bdhi", "province": "", "procedure": "", "live": true, "percentiles": ""}}, {"type": "Feature", "geometry": {"type": "Point", "coordinates": [-69.2716666666667, -45.5766666666667]}, "properties": {"series_id": 30028, "station_id": 2008, "station": "LAGO MUSTERS - EL FORTÍN", "river": "Lago Musters", "variable": "Altura hidrométrica media diaria", "var_id": 39, "unit": "", "network": "alturas_bdhi", "province": "", "procedure": "", "live": true, "percentiles": ""}}, {"type": "Feature", "geometry": {"type": "Point", "coordinates": [-69.0627777777778, -45.5638888888889]}, "properties": {"series_id": 6439, "station_id": 2009, "station": "SENGUERR - PUENTE CAMINO BUEN PASTO", "river": "Senguerr", "variable": "Altura hidrométrica", "var_id": 2, "unit": "", "network": "alturas_bdhi", "province": "", "procedure": "", "live": true, "percentiles": ""}}, {"type": "Feature", "geometry": {"type": "Point", "coordinates": [-70.2536166666667, -45.6815888888889]}, "properties": {"series_id": 30030, "station_id": 2010, "station": "MAYO - PASO RIO MAYO", "river": "RÃ­o Mayo", "variable": "Altura hidrométrica media diaria", "var_id": 39, "unit": "", "network": "alturas_bdhi", "province": "", "procedure": "", "live": true, "percentiles": ""}}, {"type": "Feature", "geometry": {"type": "Point", "coordinates": [-69.5948055555556, -42.7408055555556]}, "properties": {"series_id": 6445, "station_id": 2011, "station": "Chubut - Paso del Sapo", "river": "Chubut", "variable": "Altura hidrométrica", "var_id": 2, "unit": "", "network": "alturas_bdhi", "province": "", "procedure": "", "live": true, "percentiles": ""}}, {"type": "Feature", "geometry": {"type": "Point", "coordinates": [-68.3993916666667, -43.8883805555556]}, "properties": {"series_id": 6448, "station_id": 2012, "station": "Chubut - Los Altares", "river": "Chubut", "variable": "Altura hidrométrica", "var_id": 2, "unit": "", "network": "alturas_bdhi", "province": "", "procedure": "", "live": true, "percentiles": ""}}, {"type": "Feature", "geometry": {"type": "Point", "coordinates": [-68.3993916666667, -43.8883805555556]}, "properties": {"series_id": 6449, "station_id": 2012, "station": "Chubut - Los Altares", "river": "Chubut", "variable": "Caudal", "var_id": 4, "unit": "", "network": "alturas_bdhi", "province": "", "procedure": "", "live": true, "percentiles": ""}}, {"type": "Feature", "geometry": {"type": "Point", "coordinates": [-68.3993916666667, -43.8883805555556]}, "properties": {"series_id": 30032, "station_id": 2012, "station": "Chubut - Los Altares", "river": "Chubut", "variable": "Altura hidrométrica media diaria", "var_id": 39, "unit": "", "network": "alturas_bdhi", "province": "", "procedure": "", "live": true, "percentiles": ""}}, {"type": "Feature", "geometry": {"type": "Point", "coordinates": [-71.2339444444444, -43.8423888888889]}, "properties": {"series_id": 30033, "station_id": 2013, "station": "Carrenleufú - Jaramillo", "river": "Carrenleufú", "variable": "Altura hidrométrica media diaria", "var_id": 39, "unit": "", "network": "alturas_bdhi", "province": "", "procedure": "", "live": true, "percentiles": ""}}, {"type": "Feature", "geometry": {"type": "Point", "coordinates": [-71.4188888888889, -43.8995277777778]}, "properties": {"series_id": 6453, "station_id": 2014, "station": "CARRENLEUFÚ - LAGO VINTER", "river": "Carrenleufú", "variable": "Altura hidrométrica", "var_id": 2, "unit": "", "network": "alturas_bdhi", "province": "", "procedure": "", "live": true, "percentiles": ""}}, {"type": "Feature", "geometry": {"type": "Point", "coordinates": [-71.4188888888889, -43.8995277777778]}, "properties": {"series_id": 6454, "station_id": 2014, "station": "CARRENLEUFÚ - LAGO VINTER", "river": "Carrenleufú", "variable": "Caudal", "var_id": 4, "unit": "", "network": "alturas_bdhi", "province": "", "procedure": "", "live": true, "percentiles": false}}, {"type": "Feature", "geometry": {"type": "Point", "coordinates": [-71.4188888888889, -43.8995277777778]}, "properties": {"series_id": 30034, "station_id": 2014, "station": "CARRENLEUFÚ - LAGO VINTER", "river": "Carrenleufú", "variable": "Altura hidrométrica media diaria", "var_id": 39, "unit": "", "network": "alturas_bdhi", "province": "", "procedure": "", "live": true, "percentiles": ""}}, {"type": "Feature", "geometry": {"type": "Point", "coordinates": [-71.6599444444444, -44.2403611111111]}, "properties": {"series_id": 30035, "station_id": 2015, "station": "Pico - Frontera", "river": "Río Pico", "variable": "Altura hidrométrica media diaria", "var_id": 39, "unit": "", "network": "alturas_bdhi", "province": "", "procedure": "", "live": true, "percentiles": ""}}, {"type": "Feature", "geometry": {"type": "Point", "coordinates": [-71.3844444444445, -42.9582027777778]}, "properties": {"series_id": 30036, "station_id": 2016, "station": "ESQUEL - ESTANCIA EL PRINCIPIO", "river": "Esquel", "variable": "Altura hidrométrica media diaria", "var_id": 39, "unit": "", "network": "alturas_bdhi", "province": "", "procedure": "", "live": true, "percentiles": ""}}, {"type": "Feature", "geometry": {"type": "Point", "coordinates": [-71.5678055555556, -43.1989444444444]}, "properties": {"series_id": 6461, "station_id": 2017, "station": "BAGGLITS - RUTA A CHILE", "river": "BAGGLITS ", "variable": "Caudal", "var_id": 4, "unit": "", "network": "alturas_bdhi", "province": "", "procedure": "", "live": true, "percentiles": false}}, {"type": "Feature", "geometry": {"type": "Point", "coordinates": [-71.5678055555556, -43.1989444444444]}, "properties": {"series_id": 30037, "station_id": 2017, "station": "BAGGLITS - RUTA A CHILE", "river": "BAGGLITS ", "variable": "Altura hidrométrica media diaria", "var_id": 39, "unit": "", "network": "alturas_bdhi", "province": "", "procedure": "", "live": true, "percentiles": ""}}, {"type": "Feature", "geometry": {"type": "Point", "coordinates": [-69.4748944444444, -45.9861]}, "properties": {"series_id": 6467, "station_id": 2020, "station": "Senguerr-Los Molinos", "river": "Senguerr", "variable": "Altura hidrométrica", "var_id": 2, "unit": "", "network": "alturas_bdhi", "province": "", "procedure": "", "live": true, "percentiles": ""}}, {"type": "Feature", "geometry": {"type": "Point", "coordinates": [-69.4748944444444, -45.9861]}, "properties": {"series_id": 6468, "station_id": 2020, "station": "Senguerr-Los Molinos", "river": "Senguerr", "variable": "Caudal", "var_id": 4, "unit": "", "network": "alturas_bdhi", "province": "", "procedure": "", "live": true, "percentiles": ""}}, {"type": "Feature", "geometry": {"type": "Point", "coordinates": [-69.4748944444444, -45.9861]}, "properties": {"series_id": 30040, "station_id": 2020, "station": "Senguerr-Los Molinos", "river": "Senguerr", "variable": "Altura hidrométrica media diaria", "var_id": 39, "unit": "", "network": "alturas_bdhi", "province": "", "procedure": "", "live": true, "percentiles": ""}}, {"type": "Feature", "geometry": {"type": "Point", "coordinates": [-71.5788888888889, -42.9719444444444]}, "properties": {"series_id": 6470, "station_id": 2021, "station": "COHIHUES - PARQUE NAC. LOS ALERCES", "river": "Cohihues", "variable": "Altura hidrométrica", "var_id": 2, "unit": "", "network": "alturas_bdhi", "province": "", "procedure": "", "live": true, "percentiles": ""}}, {"type": "Feature", "geometry": {"type": "Point", "coordinates": [-71.4, -42.1888888888889]}, "properties": {"series_id": 6473, "station_id": 2022, "station": "EPUYÉN - LA ANGOSTURA", "river": "Epuyén", "variable": "Altura hidrométrica", "var_id": 2, "unit": "", "network": "alturas_bdhi", "province": "", "procedure": "", "live": true, "percentiles": ""}}, {"type": "Feature", "geometry": {"type": "Point", "coordinates": [-71.3008611111111, -43.6838888888889]}, "properties": {"series_id": 6477, "station_id": 2023, "station": "CARRENLEUFÚ - LA ELENA", "river": "Carrenleufú", "variable": "Caudal", "var_id": 4, "unit": "", "network": "alturas_bdhi", "province": "", "procedure": "", "live": true, "percentiles": ""}}, {"type": "Feature", "geometry": {"type": "Point", "coordinates": [-71.3008611111111, -43.6838888888889]}, "properties": {"series_id": 30043, "station_id": 2023, "station": "CARRENLEUFÚ - LA ELENA", "river": "Carrenleufú", "variable": "Altura hidrométrica media diaria", "var_id": 39, "unit": "", "network": "alturas_bdhi", "province": "", "procedure": "", "live": true, "percentiles": ""}}, {"type": "Feature", "geometry": {"type": "Point", "coordinates": [-65.4985333333333, -43.2930916666667]}, "properties": {"series_id": 30044, "station_id": 2024, "station": "Chubut - Valle Inferior", "river": "Chubut", "variable": "Altura hidrométrica media diaria", "var_id": 39, "unit": "", "network": "alturas_bdhi", "province": "", "procedure": "", "live": true, "percentiles": ""}}, {"type": "Feature", "geometry": {"type": "Point", "coordinates": [-54.4982222222222, -26.355]}, "properties": {"series_id": 6481, "station_id": 2025, "station": "Piray Miní - Valle Hermoso", "river": "Piray Miní", "variable": "Altura hidrométrica", "var_id": 2, "unit": "", "network": "alturas_bdhi", "province": "", "procedure": "", "live": true, "percentiles": ""}}, {"type": "Feature", "geometry": {"type": "Point", "coordinates": [-54.4982222222222, -26.355]}, "properties": {"series_id": 30045, "station_id": 2025, "station": "Piray Miní - Valle Hermoso", "river": "Piray Miní", "variable": "Altura hidrométrica media diaria", "var_id": 39, "unit": "", "network": "alturas_bdhi", "province": "", "procedure": "", "live": true, "percentiles": ""}}, {"type": "Feature", "geometry": {"type": "Point", "coordinates": [-54.4982222222222, -26.355]}, "properties": {"series_id": 35452, "station_id": 2025, "station": "Piray Miní - Valle Hermoso", "river": "Piray Miní", "variable": "Caudal medio diario", "var_id": 40, "unit": "", "network": "alturas_bdhi", "province": "", "procedure": "", "live": true, "percentiles": ""}}, {"type": "Feature", "geometry": {"type": "Point", "coordinates": [-54.4538333333333, -26.512]}, "properties": {"series_id": 6484, "station_id": 2026, "station": "Piray Guazú - Pinar Ciba", "river": "Piray Guazú", "variable": "Altura hidrométrica", "var_id": 2, "unit": "", "network": "alturas_bdhi", "province": "", "procedure": "", "live": true, "percentiles": ""}}, {"type": "Feature", "geometry": {"type": "Point", "coordinates": [-54.4538333333333, -26.512]}, "properties": {"series_id": 30046, "station_id": 2026, "station": "Piray Guazú - Pinar Ciba", "river": "Piray Guazú", "variable": "Altura hidrométrica media diaria", "var_id": 39, "unit": "", "network": "alturas_bdhi", "province": "", "procedure": "", "live": true, "percentiles": ""}}, {"type": "Feature", "geometry": {"type": "Point", "coordinates": [-54.4538333333333, -26.512]}, "properties": {"series_id": 35454, "station_id": 2026, "station": "Piray Guazú - Pinar Ciba", "river": "Piray Guazú", "variable": "Caudal medio diario", "var_id": 40, "unit": "", "network": "alturas_bdhi", "province": "", "procedure": "", "live": true, "percentiles": ""}}, {"type": "Feature", "geometry": {"type": "Point", "coordinates": [-55.0240833333333, -26.7917222222222]}, "properties": {"series_id": 6487, "station_id": 2027, "station": "Paraná - Puerto Rico", "river": "Paraná", "variable": "Altura hidrométrica", "var_id": 2, "unit": "", "network": "alturas_bdhi", "province": "", "procedure": "", "live": true, "percentiles": ""}}, {"type": "Feature", "geometry": {"type": "Point", "coordinates": [-55.0240833333333, -26.7917222222222]}, "properties": {"series_id": 30047, "station_id": 2027, "station": "Paraná - Puerto Rico", "river": "Paraná", "variable": "Altura hidrométrica media diaria", "var_id": 39, "unit": "", "network": "alturas_bdhi", "province": "", "procedure": "", "live": true, "percentiles": ""}}, {"type": "Feature", "geometry": {"type": "Point", "coordinates": [-55.5221666666667, -27.1063611111111]}, "properties": {"series_id": 30048, "station_id": 2028, "station": "Paraná - Puerto Maní", "river": "Paraná", "variable": "Altura hidrométrica media diaria", "var_id": 39, "unit": "", "network": "alturas_bdhi", "province": "", "procedure": "", "live": true, "percentiles": ""}}, {"type": "Feature", "geometry": {"type": "Point", "coordinates": [-54.1935833333333, -27.2985833333333]}, "properties": {"series_id": 6491, "station_id": 2029, "station": "Uruguay - El Soberbio", "river": "Uruguay", "variable": "Caudal", "var_id": 4, "unit": "", "network": "alturas_bdhi", "province": "", "procedure": "", "live": true, "percentiles": ""}}, {"type": "Feature", "geometry": {"type": "Point", "coordinates": [-54.1935833333333, -27.2985833333333]}, "properties": {"series_id": 30049, "station_id": 2029, "station": "Uruguay - El Soberbio", "river": "Uruguay", "variable": "Altura hidrométrica media diaria", "var_id": 39, "unit": "", "network": "alturas_bdhi", "province": "", "procedure": "", "live": true, "percentiles": ""}}, {"type": "Feature", "geometry": {"type": "Point", "coordinates": [-54.5798611111111, -25.59325]}, "properties": {"series_id": 6493, "station_id": 2030, "station": "Iguazú - Puerto Iguazú", "river": "Iguazú", "variable": "Altura hidrométrica", "var_id": 2, "unit": "", "network": "alturas_bdhi", "province": "", "procedure": "", "live": true, "percentiles": ""}}, {"type": "Feature", "geometry": {"type": "Point", "coordinates": [-54.5798611111111, -25.59325]}, "properties": {"series_id": 30050, "station_id": 2030, "station": "Iguazú - Puerto Iguazú", "river": "Iguazú", "variable": "Altura hidrométrica media diaria", "var_id": 39, "unit": "", "network": "alturas_bdhi", "province": "", "procedure": "", "live": true, "percentiles": ""}}, {"type": "Feature", "geometry": {"type": "Point", "coordinates": [-55.3349722222222, -27.4011944444444]}, "properties": {"series_id": 30051, "station_id": 2031, "station": "Yabebiry - Colonia Mártires", "river": "Yabebiry", "variable": "Altura hidrométrica media diaria", "var_id": 39, "unit": "", "network": "alturas_bdhi", "province": "", "procedure": "", "live": true, "percentiles": ""}}, {"type": "Feature", "geometry": {"type": "Point", "coordinates": [-54.5888333333333, -26.4860833333333]}, "properties": {"series_id": 6497, "station_id": 2032, "station": "Piray Guazú - Puente Viejo- RN 12", "river": "Piray Guazú", "variable": "Altura hidrométrica", "var_id": 2, "unit": "", "network": "alturas_bdhi", "province": "", "procedure": "", "live": true, "percentiles": ""}}, {"type": "Feature", "geometry": {"type": "Point", "coordinates": [-55.581, -28.1187777777778]}, "properties": {"series_id": 30053, "station_id": 2033, "station": "Uruguay - Puerto Concepción", "river": "Uruguay", "variable": "Altura hidrométrica media diaria", "var_id": 39, "unit": "", "network": "alturas_bdhi", "province": "", "procedure": "", "live": true, "percentiles": ""}}, {"type": "Feature", "geometry": {"type": "Point", "coordinates": [-53.995, -25.5905555555556]}, "properties": {"series_id": 6501, "station_id": 2035, "station": "Iguazú - Puerto Andresito", "river": "Iguazú", "variable": "Caudal", "var_id": 4, "unit": "", "network": "alturas_bdhi", "province": "", "procedure": "", "live": true, "percentiles": ""}}, {"type": "Feature", "geometry": {"type": "Point", "coordinates": [-54.62075, -25.9165833333333]}, "properties": {"series_id": 6503, "station_id": 2036, "station": "Paraná - Puerto Libertad", "river": "Paraná", "variable": "Altura hidrométrica", "var_id": 2, "unit": "", "network": "alturas_bdhi", "province": "", "procedure": "", "live": true, "percentiles": ""}}, {"type": "Feature", "geometry": {"type": "Point", "coordinates": [-54.62075, -25.9165833333333]}, "properties": {"series_id": 6504, "station_id": 2036, "station": "Paraná - Puerto Libertad", "river": "Paraná", "variable": "Caudal", "var_id": 4, "unit": "", "network": "alturas_bdhi", "province": "", "procedure": "", "live": true, "percentiles": ""}}, {"type": "Feature", "geometry": {"type": "Point", "coordinates": [-54.62075, -25.9165833333333]}, "properties": {"series_id": 30056, "station_id": 2036, "station": "Paraná - Puerto Libertad", "river": "Paraná", "variable": "Altura hidrométrica media diaria", "var_id": 39, "unit": "", "network": "alturas_bdhi", "province": "", "procedure": "", "live": true, "percentiles": ""}}, {"type": "Feature", "geometry": {"type": "Point", "coordinates": [-55.13025, -27.8690833333333]}, "properties": {"series_id": 29376, "station_id": 2037, "station": "Uruguay - San Javier", "river": "Uruguay", "variable": "Altura hidrométrica", "var_id": 2, "unit": "", "network": "alturas_bdhi", "province": "", "procedure": "", "live": true, "percentiles": ""}}, {"type": "Feature", "geometry": {"type": "Point", "coordinates": [-55.13025, -27.8690833333333]}, "properties": {"series_id": 29377, "station_id": 2037, "station": "Uruguay - San Javier", "river": "Uruguay", "variable": "Caudal", "var_id": 4, "unit": "", "network": "alturas_bdhi", "province": "", "procedure": "", "live": true, "percentiles": ""}}, {"type": "Feature", "geometry": {"type": "Point", "coordinates": [-54.7563333333333, -26.75075]}, "properties": {"series_id": 35456, "station_id": 2038, "station": "Paranay - El Alcazar", "river": "Paranay", "variable": "Caudal medio diario", "var_id": 40, "unit": "", "network": "alturas_bdhi", "province": "", "procedure": "", "live": true, "percentiles": ""}}, {"type": "Feature", "geometry": {"type": "Point", "coordinates": [-54.7563333333333, -26.75075]}, "properties": {"series_id": 35448, "station_id": 2038, "station": "Paranay - El Alcazar", "river": "Paranay", "variable": "Caudal medio diario", "var_id": 40, "unit": "", "network": "alturas_bdhi", "province": "", "procedure": "", "live": true, "percentiles": ""}}, {"type": "Feature", "geometry": {"type": "Point", "coordinates": [-53.9329166666667, -27.1535555555556]}, "properties": {"series_id": 6510, "station_id": 2039, "station": "Uruguay - Pepirí Miní­", "river": "Uruguay", "variable": "Altura hidrométrica", "var_id": 2, "unit": "", "network": "alturas_bdhi", "province": "", "procedure": "", "live": true, "percentiles": ""}}, {"type": "Feature", "geometry": {"type": "Point", "coordinates": [-54.4214444444444, -25.6766666666667]}, "properties": {"series_id": 30060, "station_id": 2040, "station": "Iguazú - Perfil Tipo", "river": "Iguazú", "variable": "Altura hidrométrica media diaria", "var_id": 39, "unit": "", "network": "alturas_bdhi", "province": "", "procedure": "", "live": true, "percentiles": ""}}, {"type": "Feature", "geometry": {"type": "Point", "coordinates": [-58.1620277777778, -26.1831944444444]}, "properties": {"series_id": 6512, "station_id": 2041, "station": "Paraguay - Puerto Formosa", "river": "Paraguay", "variable": "Altura hidrométrica", "var_id": 2, "unit": "", "network": "alturas_bdhi", "province": "", "procedure": "", "live": true, "percentiles": ""}}, {"type": "Feature", "geometry": {"type": "Point", "coordinates": [-58.1620277777778, -26.1831944444444]}, "properties": {"series_id": 6513, "station_id": 2041, "station": "Paraguay - Puerto Formosa", "river": "Paraguay", "variable": "Caudal", "var_id": 4, "unit": "", "network": "alturas_bdhi", "province": "", "procedure": "", "live": true, "percentiles": ""}}, {"type": "Feature", "geometry": {"type": "Point", "coordinates": [-58.1620277777778, -26.1831944444444]}, "properties": {"series_id": 30061, "station_id": 2041, "station": "Paraguay - Puerto Formosa", "river": "Paraguay", "variable": "Altura hidrométrica media diaria", "var_id": 39, "unit": "", "network": "alturas_bdhi", "province": "", "procedure": "", "live": true, "percentiles": ""}}, {"type": "Feature", "geometry": {"type": "Point", "coordinates": [-58.1631666666667, -25.9846944444444]}, "properties": {"series_id": 6516, "station_id": 2042, "station": "Pilagá - Rn Nº 11", "river": "Pilagá", "variable": "Caudal", "var_id": 4, "unit": "", "network": "alturas_bdhi", "province": "", "procedure": "", "live": true, "percentiles": ""}}, {"type": "Feature", "geometry": {"type": "Point", "coordinates": [-58.2296555555556, -26.5366055555556]}, "properties": {"series_id": 30063, "station_id": 2043, "station": "Paraguay - La Herradura", "river": "Paraguay", "variable": "Altura hidrométrica media diaria", "var_id": 39, "unit": "", "network": "alturas_bdhi", "province": "", "procedure": "", "live": true, "percentiles": ""}}, {"type": "Feature", "geometry": {"type": "Point", "coordinates": [-58.6339444444444, -26.6604444444444]}, "properties": {"series_id": 30064, "station_id": 2044, "station": "Bermejo - Puerto Velaz", "river": "Bermejo", "variable": "Altura hidrométrica media diaria", "var_id": 39, "unit": "", "network": "alturas_bdhi", "province": "", "procedure": "", "live": true, "percentiles": ""}}, {"type": "Feature", "geometry": {"type": "Point", "coordinates": [-62.2133888888889, -22.7281111111111]}, "properties": {"series_id": 6520, "station_id": 2045, "station": "Pilcomayo - Puesto Jerez", "river": "Pilcomayo", "variable": "Altura hidrométrica", "var_id": 2, "unit": "", "network": "alturas_bdhi", "province": "", "procedure": "", "live": true, "percentiles": ""}}, {"type": "Feature", "geometry": {"type": "Point", "coordinates": [-62.2133888888889, -22.7281111111111]}, "properties": {"series_id": 30065, "station_id": 2045, "station": "Pilcomayo - Puesto Jerez", "river": "Pilcomayo", "variable": "Altura hidrométrica media diaria", "var_id": 39, "unit": "", "network": "alturas_bdhi", "province": "", "procedure": "", "live": true, "percentiles": ""}}, {"type": "Feature", "geometry": {"type": "Point", "coordinates": [-59.3624166666667, -26.3342777777778]}, "properties": {"series_id": 6521, "station_id": 2046, "station": "El Colorado", "river": "Bermejo", "variable": "Altura hidrométrica", "var_id": 2, "unit": "", "network": "alturas_bdhi", "province": "", "procedure": "", "live": true, "percentiles": ""}}, {"type": "Feature", "geometry": {"type": "Point", "coordinates": [-59.3624166666667, -26.3342777777778]}, "properties": {"series_id": 6522, "station_id": 2046, "station": "El Colorado", "river": "Bermejo", "variable": "Caudal", "var_id": 4, "unit": "", "network": "alturas_bdhi", "province": "", "procedure": "", "live": true, "percentiles": ""}}, {"type": "Feature", "geometry": {"type": "Point", "coordinates": [-59.3624166666667, -26.3342777777778]}, "properties": {"series_id": 35886, "station_id": 2046, "station": "El Colorado", "river": "Bermejo", "variable": "Caudal medio diario", "var_id": 40, "unit": "", "network": "alturas_bdhi", "province": "", "procedure": "", "live": true, "percentiles": ""}}, {"type": "Feature", "geometry": {"type": "Point", "coordinates": [-57.6503055555556, -25.372]}, "properties": {"series_id": 30067, "station_id": 2047, "station": "Pilcomayo - Puerto Pilcomayo", "river": "Pilcomayo", "variable": "Altura hidrométrica media diaria", "var_id": 39, "unit": "", "network": "alturas_bdhi", "province": "", "procedure": "", "live": true, "percentiles": ""}}, {"type": "Feature", "geometry": {"type": "Point", "coordinates": [-57.6503055555556, -25.372]}, "properties": {"series_id": 35888, "station_id": 2047, "station": "Pilcomayo - Puerto Pilcomayo", "river": "Pilcomayo", "variable": "Caudal medio diario", "var_id": 40, "unit": "", "network": "alturas_bdhi", "province": "", "procedure": "", "live": true, "percentiles": ""}}, {"type": "Feature", "geometry": {"type": "Point", "coordinates": [-60.5175277777778, -31.7198611111111]}, "properties": {"series_id": 6529, "station_id": 2049, "station": "Paraná - Tunel Subfluvial", "river": "Paraná", "variable": "Altura hidrométrica", "var_id": 2, "unit": "", "network": "alturas_bdhi", "province": "", "procedure": "", "live": true, "percentiles": ""}}, {"type": "Feature", "geometry": {"type": "Point", "coordinates": [-60.5175277777778, -31.7198611111111]}, "properties": {"series_id": 6530, "station_id": 2049, "station": "Paraná - Tunel Subfluvial", "river": "Paraná", "variable": "Caudal", "var_id": 4, "unit": "", "network": "alturas_bdhi", "province": "", "procedure": "", "live": true, "percentiles": ""}}, {"type": "Feature", "geometry": {"type": "Point", "coordinates": [-60.5175277777778, -31.7198611111111]}, "properties": {"series_id": 30068, "station_id": 2049, "station": "Paraná - Tunel Subfluvial", "river": "Paraná", "variable": "Altura hidrométrica media diaria", "var_id": 39, "unit": "", "network": "alturas_bdhi", "province": "", "procedure": "", "live": true, "percentiles": ""}}, {"type": "Feature", "geometry": {"type": "Point", "coordinates": [-60.5175277777778, -31.7198611111111]}, "properties": {"series_id": 30123, "station_id": 2049, "station": "Paraná - Tunel Subfluvial", "river": "Paraná", "variable": "Caudal medio diario", "var_id": 40, "unit": "", "network": "alturas_bdhi", "province": "", "procedure": "", "live": true, "percentiles": ""}}, {"type": "Feature", "geometry": {"type": "Point", "coordinates": [-59.4706388888889, -30.7666944444444]}, "properties": {"series_id": 6543, "station_id": 2055, "station": "Aº Estacas - Ex RP 50", "river": "Arroyo Estacas", "variable": "Altura hidrométrica", "var_id": 2, "unit": "", "network": "alturas_bdhi", "province": "", "procedure": "", "live": true, "percentiles": ""}}, {"type": "Feature", "geometry": {"type": "Point", "coordinates": [-59.4706388888889, -30.7666944444444]}, "properties": {"series_id": 30071, "station_id": 2055, "station": "Aº Estacas - Ex RP 50", "river": "Arroyo Estacas", "variable": "Altura hidrométrica media diaria", "var_id": 39, "unit": "", "network": "alturas_bdhi", "province": "", "procedure": "", "live": true, "percentiles": ""}}, {"type": "Feature", "geometry": {"type": "Point", "coordinates": [-59.6614166666667, -30.9915833333333]}, "properties": {"series_id": 6547, "station_id": 2058, "station": "Feliciano - Paso Quebracho", "river": "Feliciano", "variable": "Altura hidrométrica", "var_id": 2, "unit": "", "network": "alturas_bdhi", "province": "", "procedure": "", "live": true, "percentiles": ""}}, {"type": "Feature", "geometry": {"type": "Point", "coordinates": [-59.6614166666667, -30.9915833333333]}, "properties": {"series_id": 30072, "station_id": 2058, "station": "Feliciano - Paso Quebracho", "river": "Feliciano", "variable": "Altura hidrométrica media diaria", "var_id": 39, "unit": "", "network": "alturas_bdhi", "province": "", "procedure": "", "live": true, "percentiles": ""}}, {"type": "Feature", "geometry": {"type": "Point", "coordinates": [-60.2833333333333, -31.57425]}, "properties": {"series_id": 30073, "station_id": 2061, "station": "PARANA - CHAPETON", "river": "Paraná", "variable": "Altura hidrométrica media diaria", "var_id": 39, "unit": "", "network": "alturas_bdhi", "province": "", "procedure": "", "live": true, "percentiles": ""}}, {"type": "Feature", "geometry": {"type": "Point", "coordinates": [-60.4265277777778, -32.3058333333333]}, "properties": {"series_id": 30074, "station_id": 2062, "station": "DEL DOLL - RUTA PROVINCIAL Nº 011", "river": "Del Doll", "variable": "Altura hidrométrica media diaria", "var_id": 39, "unit": "", "network": "alturas_bdhi", "province": "", "procedure": "", "live": true, "percentiles": ""}}, {"type": "Feature", "geometry": {"type": "Point", "coordinates": [-60.4265277777778, -32.3058333333333]}, "properties": {"series_id": 42625, "station_id": 2062, "station": "DEL DOLL - RUTA PROVINCIAL Nº 011", "river": "Del Doll", "variable": "Caudal medio diario", "var_id": 40, "unit": "", "network": "alturas_bdhi", "province": "", "procedure": "", "live": true, "percentiles": ""}}, {"type": "Feature", "geometry": {"type": "Point", "coordinates": [-58.0940833333333, -31.3557611111111]}, "properties": {"series_id": 6558, "station_id": 2063, "station": "Yuquerí Grande - Concordia", "river": "Yuquerí Grande", "variable": "Caudal", "var_id": 4, "unit": "", "network": "alturas_bdhi", "province": "", "procedure": "", "live": true, "percentiles": ""}}, {"type": "Feature", "geometry": {"type": "Point", "coordinates": [-58.0940833333333, -31.3557611111111]}, "properties": {"series_id": 30075, "station_id": 2063, "station": "Yuquerí Grande - Concordia", "river": "Yuquerí Grande", "variable": "Altura hidrométrica media diaria", "var_id": 39, "unit": "", "network": "alturas_bdhi", "province": "", "procedure": "", "live": true, "percentiles": ""}}, {"type": "Feature", "geometry": {"type": "Point", "coordinates": [-58.2207777777778, -32.4776944444444]}, "properties": {"series_id": 30076, "station_id": 2065, "station": "Uruguay  - Concepción", "river": "Uruguay", "variable": "Altura hidrométrica media diaria", "var_id": 39, "unit": "", "network": "alturas_bdhi", "province": "", "procedure": "", "live": true, "percentiles": ""}}, {"type": "Feature", "geometry": {"type": "Point", "coordinates": [-55.6434722222222, -28.1755555555556]}, "properties": {"series_id": 30077, "station_id": 2067, "station": "Uruguay - Garruchos", "river": "Uruguay", "variable": "Altura hidrométrica media diaria", "var_id": 39, "unit": "", "network": "alturas_bdhi", "province": "", "procedure": "", "live": true, "percentiles": ""}}, {"type": "Feature", "geometry": {"type": "Point", "coordinates": [-57.9831666666667, -30.6279444444444]}, "properties": {"series_id": 6568, "station_id": 2068, "station": "Mocoretá - Rnnº 014", "river": "Mocoretá", "variable": "Altura hidrométrica", "var_id": 2, "unit": "", "network": "alturas_bdhi", "province": "", "procedure": "", "live": true, "percentiles": ""}}, {"type": "Feature", "geometry": {"type": "Point", "coordinates": [-56.258444444, -27.824527778]}, "properties": {"series_id": 6572, "station_id": 2070, "station": "Aguapey - Caa Caraí", "river": "Aguapey", "variable": "Caudal", "var_id": 4, "unit": "", "network": "alturas_bdhi", "province": "", "procedure": "", "live": true, "percentiles": ""}}, {"type": "Feature", "geometry": {"type": "Point", "coordinates": [-56.258444444, -27.824527778]}, "properties": {"series_id": 30097, "station_id": 2070, "station": "Aguapey - Caa Caraí", "river": "Aguapey", "variable": "Altura hidrométrica media diaria", "var_id": 39, "unit": "", "network": "alturas_bdhi", "province": "", "procedure": "", "live": true, "percentiles": ""}}, {"type": "Feature", "geometry": {"type": "Point", "coordinates": [-57.084, -29.7193611111111]}, "properties": {"series_id": 6574, "station_id": 2071, "station": "Uruguay - Paso de los Libres", "river": "Uruguay", "variable": "Altura hidrométrica", "var_id": 2, "unit": "", "network": "alturas_bdhi", "province": "", "procedure": "", "live": true, "percentiles": ""}}, {"type": "Feature", "geometry": {"type": "Point", "coordinates": [-57.084, -29.7193611111111]}, "properties": {"series_id": 6575, "station_id": 2071, "station": "Uruguay - Paso de los Libres", "river": "Uruguay", "variable": "Caudal", "var_id": 4, "unit": "", "network": "alturas_bdhi", "province": "", "procedure": "", "live": true, "percentiles": ""}}, {"type": "Feature", "geometry": {"type": "Point", "coordinates": [-58.7883333333333, -29.0311111111111]}, "properties": {"series_id": 6577, "station_id": 2072, "station": "Batel - Paso Cerrito", "river": "Batel", "variable": "Altura hidrométrica", "var_id": 2, "unit": "", "network": "alturas_bdhi", "province": "", "procedure": "", "live": true, "percentiles": ""}}, {"type": "Feature", "geometry": {"type": "Point", "coordinates": [-58.7883333333333, -29.0311111111111]}, "properties": {"series_id": 6578, "station_id": 2072, "station": "Batel - Paso Cerrito", "river": "Batel", "variable": "Caudal", "var_id": 4, "unit": "", "network": "alturas_bdhi", "province": "", "procedure": "", "live": true, "percentiles": ""}}, {"type": "Feature", "geometry": {"type": "Point", "coordinates": [-58.0580555555556, -30.1077222222222]}, "properties": {"series_id": 6581, "station_id": 2073, "station": "Mocoretá - Rnnº 127", "river": "Mocoretá", "variable": "Caudal", "var_id": 4, "unit": "", "network": "alturas_bdhi", "province": "", "procedure": "", "live": true, "percentiles": ""}}, {"type": "Feature", "geometry": {"type": "Point", "coordinates": [-57.2355277777778, -28.9178333333333]}, "properties": {"series_id": 6586, "station_id": 2075, "station": "Miriñay - Paso Mesa", "river": "Miriñay", "variable": "Altura hidrométrica", "var_id": 2, "unit": "", "network": "alturas_bdhi", "province": "", "procedure": "", "live": true, "percentiles": ""}}, {"type": "Feature", "geometry": {"type": "Point", "coordinates": [-56.6855555555556, -28.0961111111111]}, "properties": {"series_id": 30083, "station_id": 2076, "station": "Laguna Galarza - Colonia Galarza", "river": "Laguna Galarza", "variable": "Altura hidrométrica media diaria", "var_id": 39, "unit": "", "network": "alturas_bdhi", "province": "", "procedure": "", "live": true, "percentiles": ""}}, {"type": "Feature", "geometry": {"type": "Point", "coordinates": [-57.6351666666667, -28.2525555555556]}, "properties": {"series_id": 6589, "station_id": 2077, "station": "Sistema Iberá - Estancia Palo Pirú", "river": "Sistema Iberá", "variable": "Altura hidrométrica", "var_id": 2, "unit": "", "network": "alturas_bdhi", "province": "", "procedure": "", "live": true, "percentiles": ""}}, {"type": "Feature", "geometry": {"type": "Point", "coordinates": [-57.6351666666667, -28.2525555555556]}, "properties": {"series_id": 30084, "station_id": 2077, "station": "Sistema Iberá - Estancia Palo Pirú", "river": "Sistema Iberá", "variable": "Altura hidrométrica media diaria", "var_id": 39, "unit": "", "network": "alturas_bdhi", "province": "", "procedure": "", "live": true, "percentiles": ""}}, {"type": "Feature", "geometry": {"type": "Point", "coordinates": [-55.8174444444444, -27.9121388888889]}, "properties": {"series_id": 6590, "station_id": 2078, "station": "Chimiray - Colonia Liebig", "river": "Chimiray", "variable": "Altura hidrométrica", "var_id": 2, "unit": "", "network": "alturas_bdhi", "province": "", "procedure": "", "live": true, "percentiles": ""}}, {"type": "Feature", "geometry": {"type": "Point", "coordinates": [-58.2443055555556, -27.26625]}, "properties": {"series_id": 6603, "station_id": 2082, "station": "Paraná - Itatí", "river": "Paraná", "variable": "Caudal", "var_id": 4, "unit": "", "network": "alturas_bdhi", "province": "", "procedure": "", "live": true, "percentiles": ""}}, {"type": "Feature", "geometry": {"type": "Point", "coordinates": [-58.2443055555556, -27.26625]}, "properties": {"series_id": 29588, "station_id": 2082, "station": "Paraná - Itatí", "river": "Paraná", "variable": "Caudal medio diario", "var_id": 40, "unit": "", "network": "alturas_bdhi", "province": "", "procedure": "", "live": true, "percentiles": ""}}, {"type": "Feature", "geometry": {"type": "Point", "coordinates": [-58.6749444444444, -28.8997222222222]}, "properties": {"series_id": 6608, "station_id": 2084, "station": "Batel - Rnnº 123", "river": "Batel", "variable": "Altura hidrométrica", "var_id": 2, "unit": "", "network": "alturas_bdhi", "province": "", "procedure": "", "live": true, "percentiles": false}}, {"type": "Feature", "geometry": {"type": "Point", "coordinates": [-58.8333333333333, -27.4597222222222]}, "properties": {"series_id": 6611, "station_id": 2085, "station": "Paraná - Corrientes", "river": "Paraná", "variable": "Altura hidrométrica", "var_id": 2, "unit": "", "network": "alturas_bdhi", "province": "", "procedure": "", "live": true, "percentiles": ""}}, {"type": "Feature", "geometry": {"type": "Point", "coordinates": [-58.56975, -27.5104722222222]}, "properties": {"series_id": 6618, "station_id": 2088, "station": "Riachuelo - Rp Nº 5", "river": "Riachuelo", "variable": "Altura hidrométrica", "var_id": 2, "unit": "", "network": "alturas_bdhi", "province": "", "procedure": "", "live": true, "percentiles": ""}}, {"type": "Feature", "geometry": {"type": "Point", "coordinates": [-58.56975, -27.5104722222222]}, "properties": {"series_id": 30089, "station_id": 2088, "station": "Riachuelo - Rp Nº 5", "river": "Riachuelo", "variable": "Altura hidrométrica media diaria", "var_id": 39, "unit": "", "network": "alturas_bdhi", "province": "", "procedure": "", "live": true, "percentiles": ""}}, {"type": "Feature", "geometry": {"type": "Point", "coordinates": [-58.56975, -27.5104722222222]}, "properties": {"series_id": 42627, "station_id": 2088, "station": "Riachuelo - Rp Nº 5", "river": "Riachuelo", "variable": "Caudal medio diario", "var_id": 40, "unit": "", "network": "alturas_bdhi", "province": "", "procedure": "", "live": true, "percentiles": ""}}, {"type": "Feature", "geometry": {"type": "Point", "coordinates": [-58.8199444444444, -27.9588055555556]}, "properties": {"series_id": 6621, "station_id": 2089, "station": "Paraná - Empedrado", "river": "Paraná", "variable": "Altura hidrométrica", "var_id": 2, "unit": "", "network": "alturas_bdhi", "province": "", "procedure": "", "live": true, "percentiles": ""}}, {"type": "Feature", "geometry": {"type": "Point", "coordinates": [-59.3004333333333, -30.346475]}, "properties": {"series_id": 30091, "station_id": 2090, "station": "Guayquiraró- La Grela", "river": "Guayquiraró", "variable": "Altura hidrométrica media diaria", "var_id": 39, "unit": "", "network": "alturas_bdhi", "province": "", "procedure": "", "live": true, "percentiles": ""}}, {"type": "Feature", "geometry": {"type": "Point", "coordinates": [-58.7961138888889, -29.2736166666667]}, "properties": {"series_id": 6624, "station_id": 2091, "station": "Corriente - Estancia Santa Irene - Perugorria", "river": "Corriente", "variable": "Altura hidrométrica", "var_id": 2, "unit": "", "network": "alturas_bdhi", "province": "", "procedure": "", "live": true, "percentiles": ""}}, {"type": "Feature", "geometry": {"type": "Point", "coordinates": [-58.7961138888889, -29.2736166666667]}, "properties": {"series_id": 30092, "station_id": 2091, "station": "Corriente - Estancia Santa Irene - Perugorria", "river": "Corriente", "variable": "Altura hidrométrica media diaria", "var_id": 39, "unit": "", "network": "alturas_bdhi", "province": "", "procedure": "", "live": true, "percentiles": ""}}, {"type": "Feature", "geometry": {"type": "Point", "coordinates": [-59.3243333333333, -30.2173333333333]}, "properties": {"series_id": 6626, "station_id": 2092, "station": "Barrancas - Paso la Llana", "river": "Barrancas", "variable": "Caudal", "var_id": 4, "unit": "", "network": "alturas_bdhi", "province": "", "procedure": "", "live": true, "percentiles": ""}}, {"type": "Feature", "geometry": {"type": "Point", "coordinates": [-58.505, -27.8011111111111]}, "properties": {"series_id": 42630, "station_id": 2094, "station": "Empedrado - Rp Nº 6", "river": "Empedrado", "variable": "Caudal medio diario", "var_id": 40, "unit": "", "network": "alturas_bdhi", "province": "", "procedure": "", "live": true, "percentiles": ""}}, {"type": "Feature", "geometry": {"type": "Point", "coordinates": [-57.5651666666667, -29.2968333333333]}, "properties": {"series_id": 6633, "station_id": 2095, "station": "Miriñay - San Roquito", "river": "Miriñay", "variable": "Altura hidrométrica", "var_id": 2, "unit": "", "network": "alturas_bdhi", "province": "", "procedure": "", "live": true, "percentiles": ""}}, {"type": "Feature", "geometry": {"type": "Point", "coordinates": [-57.5651666666667, -29.2968333333333]}, "properties": {"series_id": 30096, "station_id": 2095, "station": "Miriñay - San Roquito", "river": "Miriñay", "variable": "Altura hidrométrica media diaria", "var_id": 39, "unit": "", "network": "alturas_bdhi", "province": "", "procedure": "", "live": true, "percentiles": ""}}, {"type": "Feature", "geometry": {"type": "Point", "coordinates": [-59.3938611111111, -27.5581666666667]}, "properties": {"series_id": 43035, "station_id": 2099, "station": "Riacho Palometa - Puente Ruta Provincial Nº 13", "river": "Riacho Palometa", "variable": "Caudal medio diario", "var_id": 40, "unit": "", "network": "alturas_bdhi", "province": "", "procedure": "", "live": true, "percentiles": ""}}, {"type": "Feature", "geometry": {"type": "Point", "coordinates": [-59.1309166666667, -27.5412777777778]}, "properties": {"series_id": 43036, "station_id": 2100, "station": "Salado - Rn Nº 11", "river": "Salado", "variable": "Caudal medio diario", "var_id": 40, "unit": "", "network": "alturas_bdhi", "province": "", "procedure": "", "live": true, "percentiles": ""}}, {"type": "Feature", "geometry": {"type": "Point", "coordinates": [-58.5070277777778, -26.9258888888889]}, "properties": {"series_id": 29585, "station_id": 2101, "station": "Paraguay - Puerto Bermejo", "river": "Paraguay", "variable": "Caudal", "var_id": 4, "unit": "", "network": "alturas_bdhi", "province": "", "procedure": "", "live": true, "percentiles": ""}}, {"type": "Feature", "geometry": {"type": "Point", "coordinates": [-58.5070277777778, -26.9258888888889]}, "properties": {"series_id": 35887, "station_id": 2101, "station": "Paraguay - Puerto Bermejo", "river": "Paraguay", "variable": "Caudal medio diario", "var_id": 40, "unit": "", "network": "alturas_bdhi", "province": "", "procedure": "", "live": true, "percentiles": ""}}, {"type": "Feature", "geometry": {"type": "Point", "coordinates": [-60.1088888888889, -35.0880555555556]}, "properties": {"series_id": 28216, "station_id": 2111, "station": "Río Salado – RP51 (Achupallas)", "river": "", "variable": "Altura hidrométrica media mensual", "var_id": 33, "unit": "", "network": "sat2", "province": "", "procedure": "", "live": true, "percentiles": ""}}, {"type": "Feature", "geometry": {"type": "Point", "coordinates": [-58.4983333333333, -32.7680555555556]}, "properties": {"series_id": 28217, "station_id": 2112, "station": "Gualeguaychú - RN Nº 14", "river": "", "variable": "Altura hidrométrica media mensual", "var_id": 33, "unit": "", "network": "sat2", "province": "", "procedure": "", "live": true, "percentiles": ""}}, {"type": "Feature", "geometry": {"type": "Point", "coordinates": [-60.9902777777778, -32.0177777777778]}, "properties": {"series_id": 6856, "station_id": 2113, "station": "Aº Colastiné - Autopista - A01", "river": "", "variable": "Altura hidrométrica", "var_id": 2, "unit": "", "network": "sat2", "province": "", "procedure": "", "live": true, "percentiles": ""}}, {"type": "Feature", "geometry": {"type": "Point", "coordinates": [-60.9902777777778, -32.0177777777778]}, "properties": {"series_id": 28218, "station_id": 2113, "station": "Aº Colastiné - Autopista - A01", "river": "", "variable": "Altura hidrométrica media mensual", "var_id": 33, "unit": "", "network": "sat2", "province": "", "procedure": "", "live": true, "percentiles": ""}}, {"type": "Feature", "geometry": {"type": "Point", "coordinates": [-60.9902777777778, -32.0177777777778]}, "properties": {"series_id": 26439, "station_id": 2113, "station": "Aº Colastiné - Autopista - A01", "river": "", "variable": "Altura hidrométrica media diaria", "var_id": 39, "unit": "", "network": "sat2", "province": "", "procedure": "", "live": true, "percentiles": ""}}, {"type": "Feature", "geometry": {"type": "Point", "coordinates": [-60.3347222222222, -33.3988888888889]}, "properties": {"series_id": 26440, "station_id": 2114, "station": "Aº Del Medio en La Emilia", "river": "", "variable": "Altura hidrométrica media diaria", "var_id": 39, "unit": "", "network": "sat2", "province": "", "procedure": "", "live": true, "percentiles": ""}}, {"type": "Feature", "geometry": {"type": "Point", "coordinates": [-58.8333333333333, -27.4597222222222]}, "properties": {"series_id": 6764, "station_id": 2115, "station": "Paraná - Corrientes", "river": "", "variable": "Altura hidrométrica", "var_id": 2, "unit": "", "network": "sat2", "province": "", "procedure": "", "live": true, "percentiles": ""}}, {"type": "Feature", "geometry": {"type": "Point", "coordinates": [-58.8333333333333, -27.4597222222222]}, "properties": {"series_id": 28220, "station_id": 2115, "station": "Paraná - Corrientes", "river": "", "variable": "Altura hidrométrica media mensual", "var_id": 33, "unit": "", "network": "sat2", "province": "", "procedure": "", "live": true, "percentiles": ""}}, {"type": "Feature", "geometry": {"type": "Point", "coordinates": [-58.8333333333333, -27.4597222222222]}, "properties": {"series_id": 26441, "station_id": 2115, "station": "Paraná - Corrientes", "river": "", "variable": "Altura hidrométrica media diaria", "var_id": 39, "unit": "", "network": "sat2", "province": "", "procedure": "", "live": true, "percentiles": ""}}, {"type": "Feature", "geometry": {"type": "Point", "coordinates": [-58.1619444444444, -26.1830555555556]}, "properties": {"series_id": 28221, "station_id": 2116, "station": "Paraguay - Pto. Formosa", "river": "", "variable": "Altura hidrométrica media mensual", "var_id": 33, "unit": "", "network": "sat2", "province": "", "procedure": "", "live": true, "percentiles": ""}}, {"type": "Feature", "geometry": {"type": "Point", "coordinates": [-58.1619444444444, -26.1830555555556]}, "properties": {"series_id": 26442, "station_id": 2116, "station": "Paraguay - Pto. Formosa", "river": "", "variable": "Altura hidrométrica media diaria", "var_id": 39, "unit": "", "network": "sat2", "province": "", "procedure": "", "live": true, "percentiles": ""}}, {"type": "Feature", "geometry": {"type": "Point", "coordinates": [-60.2591666666667, -34.2861111111111]}, "properties": {"series_id": 28222, "station_id": 2117, "station": "Río Salto - Salto", "river": "", "variable": "Altura hidrométrica media mensual", "var_id": 33, "unit": "", "network": "sat2", "province": "", "procedure": "", "live": true, "percentiles": ""}}, {"type": "Feature", "geometry": {"type": "Point", "coordinates": [-62.9961111111111, -30.9641666666667]}, "properties": {"series_id": 28223, "station_id": 2118, "station": "Río Primero (Suquía) Camino Se", "river": "", "variable": "Altura hidrométrica media mensual", "var_id": 33, "unit": "", "network": "sat2", "province": "", "procedure": "", "live": true, "percentiles": ""}}, {"type": "Feature", "geometry": {"type": "Point", "coordinates": [-62.9961111111111, -30.9641666666667]}, "properties": {"series_id": 26444, "station_id": 2118, "station": "Río Primero (Suquía) Camino Se", "river": "", "variable": "Altura hidrométrica media diaria", "var_id": 39, "unit": "", "network": "sat2", "province": "", "procedure": "", "live": true, "percentiles": ""}}, {"type": "Feature", "geometry": {"type": "Point", "coordinates": [-62.7883333333333, -31.0105555555556]}, "properties": {"series_id": 6955, "station_id": 2119, "station": "Segundo (Plujunta) - RP Nº 17", "river": "", "variable": "Altura hidrométrica", "var_id": 2, "unit": "", "network": "sat2", "province": "", "procedure": "", "live": true, "percentiles": ""}}, {"type": "Feature", "geometry": {"type": "Point", "coordinates": [-62.7883333333333, -31.0105555555556]}, "properties": {"series_id": 26445, "station_id": 2119, "station": "Segundo (Plujunta) - RP Nº 17", "river": "", "variable": "Altura hidrométrica media diaria", "var_id": 39, "unit": "", "network": "sat2", "province": "", "procedure": "", "live": true, "percentiles": ""}}, {"type": "Feature", "geometry": {"type": "Point", "coordinates": [-62.6777777777778, -30.9119444444444]}, "properties": {"series_id": 28225, "station_id": 2120, "station": "Laguna Mar Chiquita - Miramar", "river": "", "variable": "Altura hidrométrica media mensual", "var_id": 33, "unit": "", "network": "sat2", "province": "", "procedure": "", "live": true, "percentiles": ""}}, {"type": "Feature", "geometry": {"type": "Point", "coordinates": [-62.6777777777778, -30.9119444444444]}, "properties": {"series_id": 26446, "station_id": 2120, "station": "Laguna Mar Chiquita - Miramar", "river": "", "variable": "Altura hidrométrica media diaria", "var_id": 39, "unit": "", "network": "sat2", "province": "", "procedure": "", "live": true, "percentiles": ""}}, {"type": "Feature", "geometry": {"type": "Point", "coordinates": [-60.9408333333333, -32.3922222222222]}, "properties": {"series_id": 6857, "station_id": 2121, "station": "Aº El Monje - Autopista A01", "river": "", "variable": "Altura hidrométrica", "var_id": 2, "unit": "", "network": "sat2", "province": "", "procedure": "", "live": true, "percentiles": ""}}, {"type": "Feature", "geometry": {"type": "Point", "coordinates": [-66.9952777777778, -36.8425]}, "properties": {"series_id": 26448, "station_id": 2122, "station": "Atuel - Paso Maroma", "river": "", "variable": "Altura hidrométrica media diaria", "var_id": 39, "unit": "", "network": "sat2", "province": "", "procedure": "", "live": true, "percentiles": ""}}, {"type": "Feature", "geometry": {"type": "Point", "coordinates": [-67.1402777777778, -36.3977777777778]}, "properties": {"series_id": 6746, "station_id": 2123, "station": "Atuel - Algarrobo del Águila", "river": "", "variable": "Altura hidrométrica", "var_id": 2, "unit": "", "network": "sat2", "province": "", "procedure": "", "live": true, "percentiles": ""}}, {"type": "Feature", "geometry": {"type": "Point", "coordinates": [-68.9269444444444, -49.9986111111111]}, "properties": {"series_id": 6767, "station_id": 2124, "station": "Río Santa Cruz en Comte Piedra", "river": "", "variable": "Altura hidrométrica", "var_id": 2, "unit": "", "network": "sat2", "province": "", "procedure": "", "live": true, "percentiles": ""}}, {"type": "Feature", "geometry": {"type": "Point", "coordinates": [-68.9269444444444, -49.9986111111111]}, "properties": {"series_id": 28229, "station_id": 2124, "station": "Río Santa Cruz en Comte Piedra", "river": "", "variable": "Altura hidrométrica media mensual", "var_id": 33, "unit": "", "network": "sat2", "province": "", "procedure": "", "live": true, "percentiles": ""}}, {"type": "Feature", "geometry": {"type": "Point", "coordinates": [-71.6236111111111, -43.1747222222222]}, "properties": {"series_id": 28230, "station_id": 2125, "station": "Futaleufú - Puesto Ríos", "river": "", "variable": "Altura hidrométrica media mensual", "var_id": 33, "unit": "", "network": "sat2", "province": "", "procedure": "", "live": true, "percentiles": ""}}, {"type": "Feature", "geometry": {"type": "Point", "coordinates": [-65.4986111111111, -43.2930555555556]}, "properties": {"series_id": 6831, "station_id": 2126, "station": "Río Chubut en Valle Inferior", "river": "", "variable": "Altura hidrométrica", "var_id": 2, "unit": "", "network": "sat2", "province": "", "procedure": "", "live": true, "percentiles": ""}}, {"type": "Feature", "geometry": {"type": "Point", "coordinates": [-65.4986111111111, -43.2930555555556]}, "properties": {"series_id": 28231, "station_id": 2126, "station": "Río Chubut en Valle Inferior", "river": "", "variable": "Altura hidrométrica media mensual", "var_id": 33, "unit": "", "network": "sat2", "province": "", "procedure": "", "live": true, "percentiles": ""}}, {"type": "Feature", "geometry": {"type": "Point", "coordinates": [-66.8291666666667, -36.2911111111111]}, "properties": {"series_id": 6846, "station_id": 2127, "station": "Salado - Santa Isabel", "river": "", "variable": "Altura hidrométrica", "var_id": 2, "unit": "", "network": "sat2", "province": "", "procedure": "", "live": true, "percentiles": ""}}, {"type": "Feature", "geometry": {"type": "Point", "coordinates": [-66.8291666666667, -36.2911111111111]}, "properties": {"series_id": 28232, "station_id": 2127, "station": "Salado - Santa Isabel", "river": "", "variable": "Altura hidrométrica media mensual", "var_id": 33, "unit": "", "network": "sat2", "province": "", "procedure": "", "live": true, "percentiles": ""}}, {"type": "Feature", "geometry": {"type": "Point", "coordinates": [-66.8291666666667, -36.2911111111111]}, "properties": {"series_id": 26453, "station_id": 2127, "station": "Salado - Santa Isabel", "river": "", "variable": "Altura hidrométrica media diaria", "var_id": 39, "unit": "", "network": "sat2", "province": "", "procedure": "", "live": true, "percentiles": ""}}, {"type": "Feature", "geometry": {"type": "Point", "coordinates": [-59.1783333333333, -34.5894444444444]}, "properties": {"series_id": 6936, "station_id": 2128, "station": "Lujan - Lujan", "river": "", "variable": "Altura hidrométrica", "var_id": 2, "unit": "", "network": "sat2", "province": "", "procedure": "", "live": true, "percentiles": ""}}, {"type": "Feature", "geometry": {"type": "Point", "coordinates": [-59.1783333333333, -34.5894444444444]}, "properties": {"series_id": 34843, "station_id": 2128, "station": "Lujan - Lujan", "river": "", "variable": "Caudal", "var_id": 4, "unit": "", "network": "sat2", "province": "", "procedure": "", "live": true, "percentiles": ""}}, {"type": "Feature", "geometry": {"type": "Point", "coordinates": [-59.1783333333333, -34.5894444444444]}, "properties": {"series_id": 28233, "station_id": 2128, "station": "Lujan - Lujan", "river": "", "variable": "Altura hidrométrica media mensual", "var_id": 33, "unit": "", "network": "sat2", "province": "", "procedure": "", "live": true, "percentiles": ""}}, {"type": "Feature", "geometry": {"type": "Point", "coordinates": [-59.1783333333333, -34.5894444444444]}, "properties": {"series_id": 26454, "station_id": 2128, "station": "Lujan - Lujan", "river": "", "variable": "Altura hidrométrica media diaria", "var_id": 39, "unit": "", "network": "sat2", "province": "", "procedure": "", "live": true, "percentiles": ""}}, {"type": "Feature", "geometry": {"type": "Point", "coordinates": [-60.0072222222222, -34.0866666666667]}, "properties": {"series_id": 6745, "station_id": 2129, "station": "Arrecifes - Arrecifes", "river": "", "variable": "Altura hidrométrica", "var_id": 2, "unit": "", "network": "sat2", "province": "", "procedure": "", "live": true, "percentiles": ""}}, {"type": "Feature", "geometry": {"type": "Point", "coordinates": [-69.6041666666667, -35.0833333333333]}, "properties": {"series_id": 28235, "station_id": 2130, "station": "Atuel - El Sosneado", "river": "", "variable": "Altura hidrométrica media mensual", "var_id": 33, "unit": "", "network": "sat2", "province": "", "procedure": "", "live": true, "percentiles": ""}}, {"type": "Feature", "geometry": {"type": "Point", "coordinates": [-58.2444444444444, -27.2663888888889]}, "properties": {"series_id": 6711, "station_id": 2131, "station": "Paraná - Itatí", "river": "", "variable": "Altura hidrométrica", "var_id": 2, "unit": "", "network": "sat2", "province": "", "procedure": "", "live": true, "percentiles": ""}}, {"type": "Feature", "geometry": {"type": "Point", "coordinates": [-59.3283333333333, -29.165]}, "properties": {"series_id": 6844, "station_id": 2132, "station": "Río Paraná - Goya", "river": "", "variable": "Altura hidrométrica", "var_id": 2, "unit": "", "network": "sat2", "province": "", "procedure": "", "live": true, "percentiles": ""}}, {"type": "Feature", "geometry": {"type": "Point", "coordinates": [-59.3283333333333, -29.165]}, "properties": {"series_id": 28237, "station_id": 2132, "station": "Río Paraná - Goya", "river": "", "variable": "Altura hidrométrica media mensual", "var_id": 33, "unit": "", "network": "sat2", "province": "", "procedure": "", "live": true, "percentiles": ""}}, {"type": "Feature", "geometry": {"type": "Point", "coordinates": [-57.6502777777778, -25.3719444444444]}, "properties": {"series_id": 26459, "station_id": 2133, "station": "Paraguay - Pto. Pilcomayo", "river": "", "variable": "Altura hidrométrica media diaria", "var_id": 39, "unit": "", "network": "sat2", "province": "", "procedure": "", "live": true, "percentiles": ""}}, {"type": "Feature", "geometry": {"type": "Point", "coordinates": [-64.3902777777778, -25.2497222222222]}, "properties": {"series_id": 6935, "station_id": 2134, "station": "Río Juramento - El Tunal", "river": "", "variable": "Altura hidrométrica", "var_id": 2, "unit": "", "network": "sat2", "province": "", "procedure": "", "live": true, "percentiles": ""}}, {"type": "Feature", "geometry": {"type": "Point", "coordinates": [-64.3902777777778, -25.2497222222222]}, "properties": {"series_id": 26460, "station_id": 2134, "station": "Río Juramento - El Tunal", "river": "", "variable": "Altura hidrométrica media diaria", "var_id": 39, "unit": "", "network": "sat2", "province": "", "procedure": "", "live": true, "percentiles": ""}}, {"type": "Feature", "geometry": {"type": "Point", "coordinates": [-69.6605555555556, -31.8552777777778]}, "properties": {"series_id": 6929, "station_id": 2135, "station": "De los Patos - La Plateada", "river": "", "variable": "Altura hidrométrica", "var_id": 2, "unit": "", "network": "sat2", "province": "", "procedure": "", "live": true, "percentiles": ""}}, {"type": "Feature", "geometry": {"type": "Point", "coordinates": [-69.6605555555556, -31.8552777777778]}, "properties": {"series_id": 28240, "station_id": 2135, "station": "De los Patos - La Plateada", "river": "", "variable": "Altura hidrométrica media mensual", "var_id": 33, "unit": "", "network": "sat2", "province": "", "procedure": "", "live": true, "percentiles": ""}}, {"type": "Feature", "geometry": {"type": "Point", "coordinates": [-69.6605555555556, -31.8552777777778]}, "properties": {"series_id": 26461, "station_id": 2135, "station": "De los Patos - La Plateada", "river": "", "variable": "Altura hidrométrica media diaria", "var_id": 39, "unit": "", "network": "sat2", "province": "", "procedure": "", "live": true, "percentiles": ""}}, {"type": "Feature", "geometry": {"type": "Point", "coordinates": [-69.7672222222222, -35.1975]}, "properties": {"series_id": 6845, "station_id": 2136, "station": "Salado - Cañada Ancha", "river": "", "variable": "Altura hidrométrica", "var_id": 2, "unit": "", "network": "sat2", "province": "", "procedure": "", "live": true, "percentiles": ""}}, {"type": "Feature", "geometry": {"type": "Point", "coordinates": [-69.7672222222222, -35.1975]}, "properties": {"series_id": 26462, "station_id": 2136, "station": "Salado - Cañada Ancha", "river": "", "variable": "Altura hidrométrica media diaria", "var_id": 39, "unit": "", "network": "sat2", "province": "", "procedure": "", "live": true, "percentiles": ""}}, {"type": "Feature", "geometry": {"type": "Point", "coordinates": [-69.9502777777778, -35.8711111111111]}, "properties": {"series_id": 6952, "station_id": 2137, "station": "Poti Malal - Gendarmería", "river": "", "variable": "Altura hidrométrica", "var_id": 2, "unit": "", "network": "sat2", "province": "", "procedure": "", "live": true, "percentiles": ""}}, {"type": "Feature", "geometry": {"type": "Point", "coordinates": [-69.9502777777778, -35.8711111111111]}, "properties": {"series_id": 28242, "station_id": 2137, "station": "Poti Malal - Gendarmería", "river": "", "variable": "Altura hidrométrica media mensual", "var_id": 33, "unit": "", "network": "sat2", "province": "", "procedure": "", "live": true, "percentiles": ""}}, {"type": "Feature", "geometry": {"type": "Point", "coordinates": [-69.9502777777778, -35.8711111111111]}, "properties": {"series_id": 26463, "station_id": 2137, "station": "Poti Malal - Gendarmería", "river": "", "variable": "Altura hidrométrica media diaria", "var_id": 39, "unit": "", "network": "sat2", "province": "", "procedure": "", "live": true, "percentiles": ""}}, {"type": "Feature", "geometry": {"type": "Point", "coordinates": [-69.8919444444444, -35.8716666666667]}, "properties": {"series_id": 26464, "station_id": 2138, "station": "Río Grande en La Gotera", "river": "", "variable": "Altura hidrométrica media diaria", "var_id": 39, "unit": "", "network": "sat2", "province": "", "procedure": "", "live": true, "percentiles": ""}}, {"type": "Feature", "geometry": {"type": "Point", "coordinates": [-60.9138888888889, -31.9741666666667]}, "properties": {"series_id": 28244, "station_id": 2139, "station": "Coronda - Coronda", "river": "", "variable": "Altura hidrométrica media mensual", "var_id": 33, "unit": "", "network": "sat2", "province": "", "procedure": "", "live": true, "percentiles": false}}, {"type": "Feature", "geometry": {"type": "Point", "coordinates": [-65.1522222222222, -33.92]}, "properties": {"series_id": 31953, "station_id": 2140, "station": "Rio Quinto - Justo Daract", "river": "", "variable": "precipitación diaria 12Z", "var_id": 1, "unit": "", "network": "sat2", "province": "", "procedure": "", "live": true, "percentiles": ""}}, {"type": "Feature", "geometry": {"type": "Point", "coordinates": [-65.1522222222222, -33.92]}, "properties": {"series_id": 6712, "station_id": 2140, "station": "Rio Quinto - Justo Daract", "river": "", "variable": "Altura hidrométrica", "var_id": 2, "unit": "", "network": "sat2", "province": "", "procedure": "", "live": true, "percentiles": ""}}, {"type": "Feature", "geometry": {"type": "Point", "coordinates": [-71.6619444444444, -40.1197222222222]}, "properties": {"series_id": 6820, "station_id": 2142, "station": "HUA HUM - San Martin", "river": "", "variable": "Altura hidrométrica", "var_id": 2, "unit": "", "network": "sat2", "province": "", "procedure": "", "live": true, "percentiles": ""}}, {"type": "Feature", "geometry": {"type": "Point", "coordinates": [-71.6619444444444, -40.1197222222222]}, "properties": {"series_id": 28247, "station_id": 2142, "station": "HUA HUM - San Martin", "river": "", "variable": "Altura hidrométrica media mensual", "var_id": 33, "unit": "", "network": "sat2", "province": "", "procedure": "", "live": true, "percentiles": ""}}, {"type": "Feature", "geometry": {"type": "Point", "coordinates": [-69.475, -45.9861111111111]}, "properties": {"series_id": 28248, "station_id": 2143, "station": "Senguer - LOS MOLINOS", "river": "", "variable": "Altura hidrométrica media mensual", "var_id": 33, "unit": "", "network": "sat2", "province": "", "procedure": "", "live": true, "percentiles": ""}}, {"type": "Feature", "geometry": {"type": "Point", "coordinates": [-69.475, -45.9861111111111]}, "properties": {"series_id": 26469, "station_id": 2143, "station": "Senguer - LOS MOLINOS", "river": "", "variable": "Altura hidrométrica media diaria", "var_id": 39, "unit": "", "network": "sat2", "province": "", "procedure": "", "live": true, "percentiles": ""}}, {"type": "Feature", "geometry": {"type": "Point", "coordinates": [-71.5025, -41.8986111111111]}, "properties": {"series_id": 6953, "station_id": 2144, "station": "Quemquemtreu - Escuela", "river": "", "variable": "Altura hidrométrica", "var_id": 2, "unit": "", "network": "sat2", "province": "", "procedure": "", "live": true, "percentiles": ""}}, {"type": "Feature", "geometry": {"type": "Point", "coordinates": [-71.6002777777778, -43.5280555555556]}, "properties": {"series_id": 6680, "station_id": 2145, "station": "Carrenleufú - Carrenleufú", "river": "", "variable": "Altura hidrométrica", "var_id": 2, "unit": "", "network": "sat2", "province": "", "procedure": "", "live": true, "percentiles": ""}}, {"type": "Feature", "geometry": {"type": "Point", "coordinates": [-71.6002777777778, -43.5280555555556]}, "properties": {"series_id": 28250, "station_id": 2145, "station": "Carrenleufú - Carrenleufú", "river": "", "variable": "Altura hidrométrica media mensual", "var_id": 33, "unit": "", "network": "sat2", "province": "", "procedure": "", "live": true, "percentiles": ""}}, {"type": "Feature", "geometry": {"type": "Point", "coordinates": [-71.5975, -51.8947222222222]}, "properties": {"series_id": 28251, "station_id": 2146, "station": "Gallegos - Pte. Blanco", "river": "", "variable": "Altura hidrométrica media mensual", "var_id": 33, "unit": "", "network": "sat2", "province": "", "procedure": "", "live": true, "percentiles": ""}}, {"type": "Feature", "geometry": {"type": "Point", "coordinates": [-69.6555555555556, -51.6883333333333]}, "properties": {"series_id": 26474, "station_id": 2148, "station": "Gallegos - Toma SP", "river": "", "variable": "Altura hidrométrica media diaria", "var_id": 39, "unit": "", "network": "sat2", "province": "", "procedure": "", "live": true, "percentiles": ""}}, {"type": "Feature", "geometry": {"type": "Point", "coordinates": [-54.4213888888889, -25.6766666666667]}, "properties": {"series_id": 28254, "station_id": 2149, "station": "Iguazú - Perfil Tipo", "river": "", "variable": "Altura hidrométrica media mensual", "var_id": 33, "unit": "", "network": "sat2", "province": "", "procedure": "", "live": true, "percentiles": ""}}, {"type": "Feature", "geometry": {"type": "Point", "coordinates": [-54.4213888888889, -25.6766666666667]}, "properties": {"series_id": 26475, "station_id": 2149, "station": "Iguazú - Perfil Tipo", "river": "", "variable": "Altura hidrométrica media diaria", "var_id": 39, "unit": "", "network": "sat2", "province": "", "procedure": "", "live": true, "percentiles": ""}}, {"type": "Feature", "geometry": {"type": "Point", "coordinates": [-57.675, -29.8458333333333]}, "properties": {"series_id": 28255, "station_id": 2150, "station": "Miriñay - Paso Ledesma", "river": "", "variable": "Altura hidrométrica media mensual", "var_id": 33, "unit": "", "network": "sat2", "province": "", "procedure": "", "live": true, "percentiles": ""}}, {"type": "Feature", "geometry": {"type": "Point", "coordinates": [-57.675, -29.8458333333333]}, "properties": {"series_id": 26476, "station_id": 2150, "station": "Miriñay - Paso Ledesma", "river": "", "variable": "Altura hidrométrica media diaria", "var_id": 39, "unit": "", "network": "sat2", "province": "", "procedure": "", "live": true, "percentiles": ""}}, {"type": "Feature", "geometry": {"type": "Point", "coordinates": [-58.7588888888889, -38.4625]}, "properties": {"series_id": 6903, "station_id": 2151, "station": "Quequen Grande - Necochea", "river": "", "variable": "Altura hidrométrica", "var_id": 2, "unit": "", "network": "sat2", "province": "", "procedure": "", "live": true, "percentiles": ""}}, {"type": "Feature", "geometry": {"type": "Point", "coordinates": [-58.7588888888889, -38.4625]}, "properties": {"series_id": 28256, "station_id": 2151, "station": "Quequen Grande - Necochea", "river": "", "variable": "Altura hidrométrica media mensual", "var_id": 33, "unit": "", "network": "sat2", "province": "", "procedure": "", "live": true, "percentiles": ""}}, {"type": "Feature", "geometry": {"type": "Point", "coordinates": [-65.2733333333333, -43.2761111111111]}, "properties": {"series_id": 26478, "station_id": 2152, "station": "RIO CHUBUT EN TRELEW", "river": "", "variable": "Altura hidrométrica media diaria", "var_id": 39, "unit": "", "network": "sat2", "province": "", "procedure": "", "live": true, "percentiles": ""}}, {"type": "Feature", "geometry": {"type": "Point", "coordinates": [-72.2611111111111, -50.32]}, "properties": {"series_id": 6892, "station_id": 2153, "station": "Lago Argentino - Calafate", "river": "", "variable": "Altura hidrométrica", "var_id": 2, "unit": "", "network": "sat2", "province": "", "procedure": "", "live": true, "percentiles": ""}}, {"type": "Feature", "geometry": {"type": "Point", "coordinates": [-72.2611111111111, -50.32]}, "properties": {"series_id": 28258, "station_id": 2153, "station": "Lago Argentino - Calafate", "river": "", "variable": "Altura hidrométrica media mensual", "var_id": 33, "unit": "", "network": "sat2", "province": "", "procedure": "", "live": true, "percentiles": ""}}, {"type": "Feature", "geometry": {"type": "Point", "coordinates": [-72.2611111111111, -50.32]}, "properties": {"series_id": 26479, "station_id": 2153, "station": "Lago Argentino - Calafate", "river": "", "variable": "Altura hidrométrica media diaria", "var_id": 39, "unit": "", "network": "sat2", "province": "", "procedure": "", "live": true, "percentiles": ""}}, {"type": "Feature", "geometry": {"type": "Point", "coordinates": [-64.1969444444445, -23.1405555555556]}, "properties": {"series_id": 6786, "station_id": 2154, "station": "Bermejo - Pozo Sarmiento", "river": "", "variable": "Altura hidrométrica", "var_id": 2, "unit": "", "network": "sat2", "province": "", "procedure": "", "live": true, "percentiles": ""}}, {"type": "Feature", "geometry": {"type": "Point", "coordinates": [-64.1969444444445, -23.1405555555556]}, "properties": {"series_id": 35855, "station_id": 2154, "station": "Bermejo - Pozo Sarmiento", "river": "", "variable": "Caudal", "var_id": 4, "unit": "", "network": "sat2", "province": "", "procedure": "", "live": true, "percentiles": ""}}, {"type": "Feature", "geometry": {"type": "Point", "coordinates": [-64.1969444444445, -23.1405555555556]}, "properties": {"series_id": 26480, "station_id": 2154, "station": "Bermejo - Pozo Sarmiento", "river": "", "variable": "Altura hidrométrica media diaria", "var_id": 39, "unit": "", "network": "sat2", "province": "", "procedure": "", "live": true, "percentiles": ""}}, {"type": "Feature", "geometry": {"type": "Point", "coordinates": [-64.1969444444445, -23.1405555555556]}, "properties": {"series_id": 35979, "station_id": 2154, "station": "Bermejo - Pozo Sarmiento", "river": "", "variable": "Caudal medio diario", "var_id": 40, "unit": "", "network": "sat2", "province": "", "procedure": "", "live": true, "percentiles": ""}}, {"type": "Feature", "geometry": {"type": "Point", "coordinates": [-70.27, -37.3755555555556]}, "properties": {"series_id": 7015, "station_id": 2155, "station": "Neuquén - Chos Malal", "river": "", "variable": "precipitación diaria 12Z", "var_id": 1, "unit": "", "network": "sat2", "province": "", "procedure": "", "live": true, "percentiles": ""}}, {"type": "Feature", "geometry": {"type": "Point", "coordinates": [-70.27, -37.3755555555556]}, "properties": {"series_id": 8762, "station_id": 2155, "station": "Neuquén - Chos Malal", "river": "", "variable": "precipitación horaria", "var_id": 31, "unit": "", "network": "sat2", "province": "", "procedure": "", "live": true, "percentiles": ""}}, {"type": "Feature", "geometry": {"type": "Point", "coordinates": [-70.27, -37.3755555555556]}, "properties": {"series_id": 28260, "station_id": 2155, "station": "Neuquén - Chos Malal", "river": "", "variable": "Altura hidrométrica media mensual", "var_id": 33, "unit": "", "network": "sat2", "province": "", "procedure": "", "live": true, "percentiles": ""}}, {"type": "Feature", "geometry": {"type": "Point", "coordinates": [-70.27, -37.3755555555556]}, "properties": {"series_id": 26481, "station_id": 2155, "station": "Neuquén - Chos Malal", "river": "", "variable": "Altura hidrométrica media diaria", "var_id": 39, "unit": "", "network": "sat2", "province": "", "procedure": "", "live": true, "percentiles": ""}}, {"type": "Feature", "geometry": {"type": "Point", "coordinates": [-57.1869444444444, -28.5380555555556]}, "properties": {"series_id": 28261, "station_id": 2156, "station": "Laguna Iberá - Carlos Pellegri", "river": "", "variable": "Altura hidrométrica media mensual", "var_id": 33, "unit": "", "network": "sat2", "province": "", "procedure": "", "live": true, "percentiles": ""}}, {"type": "Feature", "geometry": {"type": "Point", "coordinates": [-68.3983333333333, -43.8886111111111]}, "properties": {"series_id": 7017, "station_id": 2157, "station": "Río Chubut en los Altares", "river": "", "variable": "precipitación diaria 12Z", "var_id": 1, "unit": "", "network": "sat2", "province": "", "procedure": "", "live": true, "percentiles": ""}}, {"type": "Feature", "geometry": {"type": "Point", "coordinates": [-68.3983333333333, -43.8886111111111]}, "properties": {"series_id": 26483, "station_id": 2157, "station": "Río Chubut en los Altares", "river": "", "variable": "Altura hidrométrica media diaria", "var_id": 39, "unit": "", "network": "sat2", "province": "", "procedure": "", "live": true, "percentiles": ""}}, {"type": "Feature", "geometry": {"type": "Point", "coordinates": [-71.6836111111111, -41.5869444444444]}, "properties": {"series_id": 7019, "station_id": 2159, "station": "Manso - Confluencia", "river": "", "variable": "precipitación diaria 12Z", "var_id": 1, "unit": "", "network": "sat2", "province": "", "procedure": "", "live": true, "percentiles": ""}}, {"type": "Feature", "geometry": {"type": "Point", "coordinates": [-71.6836111111111, -41.5869444444444]}, "properties": {"series_id": 6940, "station_id": 2159, "station": "Manso - Confluencia", "river": "", "variable": "Altura hidrométrica", "var_id": 2, "unit": "", "network": "sat2", "province": "", "procedure": "", "live": true, "percentiles": ""}}, {"type": "Feature", "geometry": {"type": "Point", "coordinates": [-71.6836111111111, -41.5869444444444]}, "properties": {"series_id": 8373, "station_id": 2159, "station": "Manso - Confluencia", "river": "", "variable": "precipitación horaria", "var_id": 31, "unit": "", "network": "sat2", "province": "", "procedure": "", "live": true, "percentiles": ""}}, {"type": "Feature", "geometry": {"type": "Point", "coordinates": [-71.6836111111111, -41.5869444444444]}, "properties": {"series_id": 26485, "station_id": 2159, "station": "Manso - Confluencia", "river": "", "variable": "Altura hidrométrica media diaria", "var_id": 39, "unit": "", "network": "sat2", "province": "", "procedure": "", "live": true, "percentiles": ""}}, {"type": "Feature", "geometry": {"type": "Point", "coordinates": [-64.9813888888889, -38.8216666666667]}, "properties": {"series_id": 7020, "station_id": 2160, "station": "Colorado - Pichi Mahuida", "river": "", "variable": "precipitación diaria 12Z", "var_id": 1, "unit": "", "network": "sat2", "province": "", "procedure": "", "live": true, "percentiles": ""}}, {"type": "Feature", "geometry": {"type": "Point", "coordinates": [-64.9813888888889, -38.8216666666667]}, "properties": {"series_id": 28265, "station_id": 2160, "station": "Colorado - Pichi Mahuida", "river": "", "variable": "Altura hidrométrica media mensual", "var_id": 33, "unit": "", "network": "sat2", "province": "", "procedure": "", "live": true, "percentiles": ""}}, {"type": "Feature", "geometry": {"type": "Point", "coordinates": [-64.9813888888889, -38.8216666666667]}, "properties": {"series_id": 26486, "station_id": 2160, "station": "Colorado - Pichi Mahuida", "river": "", "variable": "Altura hidrométrica media diaria", "var_id": 39, "unit": "", "network": "sat2", "province": "", "procedure": "", "live": true, "percentiles": ""}}, {"type": "Feature", "geometry": {"type": "Point", "coordinates": [-70.2522222222222, -45.6836111111111]}, "properties": {"series_id": 6943, "station_id": 2161, "station": "Mayo - Paso Mayo", "river": "", "variable": "Altura hidrométrica", "var_id": 2, "unit": "", "network": "sat2", "province": "", "procedure": "", "live": true, "percentiles": ""}}, {"type": "Feature", "geometry": {"type": "Point", "coordinates": [-70.2522222222222, -45.6836111111111]}, "properties": {"series_id": 28266, "station_id": 2161, "station": "Mayo - Paso Mayo", "river": "", "variable": "Altura hidrométrica media mensual", "var_id": 33, "unit": "", "network": "sat2", "province": "", "procedure": "", "live": true, "percentiles": ""}}, {"type": "Feature", "geometry": {"type": "Point", "coordinates": [-71.3044444444444, -43.7]}, "properties": {"series_id": 28267, "station_id": 2162, "station": "Carrenleufú - La Elena", "river": "", "variable": "Altura hidrométrica media mensual", "var_id": 33, "unit": "", "network": "sat2", "province": "", "procedure": "", "live": true, "percentiles": ""}}, {"type": "Feature", "geometry": {"type": "Point", "coordinates": [-71.1680555555556, -45.0016666666667]}, "properties": {"series_id": 7023, "station_id": 2163, "station": "La Paulina - Aserradero", "river": "", "variable": "precipitación diaria 12Z", "var_id": 1, "unit": "", "network": "sat2", "province": "", "procedure": "", "live": true, "percentiles": ""}}, {"type": "Feature", "geometry": {"type": "Point", "coordinates": [-71.1680555555556, -45.0016666666667]}, "properties": {"series_id": 6735, "station_id": 2163, "station": "La Paulina - Aserradero", "river": "", "variable": "Altura hidrométrica", "var_id": 2, "unit": "", "network": "sat2", "province": "", "procedure": "", "live": true, "percentiles": ""}}, {"type": "Feature", "geometry": {"type": "Point", "coordinates": [-72.0641666666667, -49.7972222222222]}, "properties": {"series_id": 7024, "station_id": 2164, "station": "La Leona", "river": "", "variable": "precipitación diaria 12Z", "var_id": 1, "unit": "", "network": "sat2", "province": "", "procedure": "", "live": true, "percentiles": ""}}, {"type": "Feature", "geometry": {"type": "Point", "coordinates": [-72.0641666666667, -49.7972222222222]}, "properties": {"series_id": 6821, "station_id": 2164, "station": "La Leona", "river": "", "variable": "Altura hidrométrica", "var_id": 2, "unit": "", "network": "sat2", "province": "", "procedure": "", "live": true, "percentiles": ""}}, {"type": "Feature", "geometry": {"type": "Point", "coordinates": [-72.0641666666667, -49.7972222222222]}, "properties": {"series_id": 28269, "station_id": 2164, "station": "La Leona", "river": "", "variable": "Altura hidrométrica media mensual", "var_id": 33, "unit": "", "network": "sat2", "province": "", "procedure": "", "live": true, "percentiles": ""}}, {"type": "Feature", "geometry": {"type": "Point", "coordinates": [-71.9077777777778, -50.2522222222222]}, "properties": {"series_id": 7025, "station_id": 2165, "station": "Charles Fhur", "river": "", "variable": "precipitación diaria 12Z", "var_id": 1, "unit": "", "network": "sat2", "province": "", "procedure": "", "live": true, "percentiles": ""}}, {"type": "Feature", "geometry": {"type": "Point", "coordinates": [-71.9077777777778, -50.2522222222222]}, "properties": {"series_id": 26491, "station_id": 2165, "station": "Charles Fhur", "river": "", "variable": "Altura hidrométrica media diaria", "var_id": 39, "unit": "", "network": "sat2", "province": "", "procedure": "", "live": true, "percentiles": ""}}, {"type": "Feature", "geometry": {"type": "Point", "coordinates": [-65.6361111111111, -27.1008333333333]}, "properties": {"series_id": 6896, "station_id": 2166, "station": "Los Sosa - RP30 km19", "river": "", "variable": "Altura hidrométrica", "var_id": 2, "unit": "", "network": "sat2", "province": "", "procedure": "", "live": true, "percentiles": ""}}, {"type": "Feature", "geometry": {"type": "Point", "coordinates": [-65.6361111111111, -27.1008333333333]}, "properties": {"series_id": 26492, "station_id": 2166, "station": "Los Sosa - RP30 km19", "river": "", "variable": "Altura hidrométrica media diaria", "var_id": 39, "unit": "", "network": "sat2", "province": "", "procedure": "", "live": true, "percentiles": ""}}, {"type": "Feature", "geometry": {"type": "Point", "coordinates": [-65.4316666666667, -26.8519444444444]}, "properties": {"series_id": 7027, "station_id": 2167, "station": "Lules - Potrero de las Tablas", "river": "", "variable": "precipitación diaria 12Z", "var_id": 1, "unit": "", "network": "sat2", "province": "", "procedure": "", "live": true, "percentiles": ""}}, {"type": "Feature", "geometry": {"type": "Point", "coordinates": [-65.4316666666667, -26.8519444444444]}, "properties": {"series_id": 8742, "station_id": 2167, "station": "Lules - Potrero de las Tablas", "river": "", "variable": "precipitación horaria", "var_id": 31, "unit": "", "network": "sat2", "province": "", "procedure": "", "live": true, "percentiles": ""}}, {"type": "Feature", "geometry": {"type": "Point", "coordinates": [-65.4316666666667, -26.8519444444444]}, "properties": {"series_id": 26493, "station_id": 2167, "station": "Lules - Potrero de las Tablas", "river": "", "variable": "Altura hidrométrica media diaria", "var_id": 39, "unit": "", "network": "sat2", "province": "", "procedure": "", "live": true, "percentiles": ""}}, {"type": "Feature", "geometry": {"type": "Point", "coordinates": [-68.6777777777778, -35.0333333333333]}, "properties": {"series_id": 7029, "station_id": 2169, "station": "Atuel - El Nihuil", "river": "", "variable": "precipitación diaria 12Z", "var_id": 1, "unit": "", "network": "sat2", "province": "", "procedure": "", "live": true, "percentiles": ""}}, {"type": "Feature", "geometry": {"type": "Point", "coordinates": [-68.6777777777778, -35.0333333333333]}, "properties": {"series_id": 8608, "station_id": 2169, "station": "Atuel - El Nihuil", "river": "", "variable": "precipitación horaria", "var_id": 31, "unit": "", "network": "sat2", "province": "", "procedure": "", "live": true, "percentiles": ""}}, {"type": "Feature", "geometry": {"type": "Point", "coordinates": [-69.075, -45.5811111111111]}, "properties": {"series_id": 7031, "station_id": 2171, "station": "Senguerr - Sarmiento Aero", "river": "", "variable": "precipitación diaria 12Z", "var_id": 1, "unit": "", "network": "sat2", "province": "", "procedure": "", "live": true, "percentiles": ""}}, {"type": "Feature", "geometry": {"type": "Point", "coordinates": [-67.1516666666667, -33.4041666666667]}, "properties": {"series_id": 8783, "station_id": 2172, "station": "Desaguadero - Arco de Desaguad", "river": "", "variable": "precipitación horaria", "var_id": 31, "unit": "", "network": "sat2", "province": "", "procedure": "", "live": true, "percentiles": ""}}, {"type": "Feature", "geometry": {"type": "Point", "coordinates": [-61.2597222222222, -38.9905555555556]}, "properties": {"series_id": 7033, "station_id": 2173, "station": "Faro Recalada - Monte Hermoso", "river": "", "variable": "precipitación diaria 12Z", "var_id": 1, "unit": "", "network": "sat2", "province": "", "procedure": "", "live": true, "percentiles": ""}}, {"type": "Feature", "geometry": {"type": "Point", "coordinates": [-61.2597222222222, -38.9905555555556]}, "properties": {"series_id": 8410, "station_id": 2173, "station": "Faro Recalada - Monte Hermoso", "river": "", "variable": "precipitación horaria", "var_id": 31, "unit": "", "network": "sat2", "province": "", "procedure": "", "live": true, "percentiles": ""}}, {"type": "Feature", "geometry": {"type": "Point", "coordinates": [-62.8394444444444, -41.0577777777778]}, "properties": {"series_id": 7034, "station_id": 2174, "station": "Faro Negro", "river": "", "variable": "precipitación diaria 12Z", "var_id": 1, "unit": "", "network": "sat2", "province": "", "procedure": "", "live": true, "percentiles": ""}}, {"type": "Feature", "geometry": {"type": "Point", "coordinates": [-62.8394444444444, -41.0577777777778]}, "properties": {"series_id": 8639, "station_id": 2174, "station": "Faro Negro", "river": "", "variable": "precipitación horaria", "var_id": 31, "unit": "", "network": "sat2", "province": "", "procedure": "", "live": true, "percentiles": ""}}, {"type": "Feature", "geometry": {"type": "Point", "coordinates": [-63.9761111111111, -25.4136111111111]}, "properties": {"series_id": 26494, "station_id": 2175, "station": "Canal Macapillo", "river": "", "variable": "Altura hidrométrica media diaria", "var_id": 39, "unit": "", "network": "sat2", "province": "", "procedure": "", "live": true, "percentiles": ""}}, {"type": "Feature", "geometry": {"type": "Point", "coordinates": [-63.9480555555556, -25.6108333333333]}, "properties": {"series_id": 26495, "station_id": 2176, "station": "Canal de Dios\t", "river": "", "variable": "Altura hidrométrica media diaria", "var_id": 39, "unit": "", "network": "sat2", "province": "", "procedure": "", "live": true, "percentiles": ""}}, {"type": "Feature", "geometry": {"type": "Point", "coordinates": [-64.045, -25.3452777777778]}, "properties": {"series_id": 28275, "station_id": 2177, "station": "Canal Liag - Quebrachal", "river": "", "variable": "Altura hidrométrica media mensual", "var_id": 33, "unit": "", "network": "sat2", "province": "", "procedure": "", "live": true, "percentiles": ""}}, {"type": "Feature", "geometry": {"type": "Point", "coordinates": [-64.045, -25.3452777777778]}, "properties": {"series_id": 26496, "station_id": 2177, "station": "Canal Liag - Quebrachal", "river": "", "variable": "Altura hidrométrica media diaria", "var_id": 39, "unit": "", "network": "sat2", "province": "", "procedure": "", "live": true, "percentiles": ""}}, {"type": "Feature", "geometry": {"type": "Point", "coordinates": [-53.995, -25.5905555555556]}, "properties": {"series_id": 31959, "station_id": 2178, "station": "Iguazú - Puerto Andresito", "river": "", "variable": "precipitación diaria 12Z", "var_id": 1, "unit": "", "network": "sat2", "province": "", "procedure": "", "live": true, "percentiles": ""}}, {"type": "Feature", "geometry": {"type": "Point", "coordinates": [-53.995, -25.5905555555556]}, "properties": {"series_id": 28276, "station_id": 2178, "station": "Iguazú - Puerto Andresito", "river": "", "variable": "Altura hidrométrica media mensual", "var_id": 33, "unit": "", "network": "sat2", "province": "", "procedure": "", "live": true, "percentiles": ""}}, {"type": "Feature", "geometry": {"type": "Point", "coordinates": [-53.995, -25.5905555555556]}, "properties": {"series_id": 26497, "station_id": 2178, "station": "Iguazú - Puerto Andresito", "river": "", "variable": "Altura hidrométrica media diaria", "var_id": 39, "unit": "", "network": "sat2", "province": "", "procedure": "", "live": true, "percentiles": ""}}, {"type": "Feature", "geometry": {"type": "Point", "coordinates": [-53.995, -25.5905555555556]}, "properties": {"series_id": 18612, "station_id": 2178, "station": "Iguazú - Puerto Andresito", "river": "", "variable": "Caudal medio diario", "var_id": 40, "unit": "", "network": "sat2", "province": "", "procedure": "", "live": true, "percentiles": ""}}, {"type": "Feature", "geometry": {"type": "Point", "coordinates": [-71.4016666666667, -43.6716666666667]}, "properties": {"series_id": 6789, "station_id": 2179, "station": "Carrenleufú - Poncho Moro", "river": "", "variable": "Altura hidrométrica", "var_id": 2, "unit": "", "network": "sat2", "province": "", "procedure": "", "live": true, "percentiles": ""}}, {"type": "Feature", "geometry": {"type": "Point", "coordinates": [-66.4963888888889, -35.1686111111111]}, "properties": {"series_id": 6876, "station_id": 2180, "station": "Desaguadero - Canalejas", "river": "", "variable": "Altura hidrométrica", "var_id": 2, "unit": "", "network": "sat2", "province": "", "procedure": "", "live": true, "percentiles": ""}}, {"type": "Feature", "geometry": {"type": "Point", "coordinates": [-66.4963888888889, -35.1686111111111]}, "properties": {"series_id": 28278, "station_id": 2180, "station": "Desaguadero - Canalejas", "river": "", "variable": "Altura hidrométrica media mensual", "var_id": 33, "unit": "", "network": "sat2", "province": "", "procedure": "", "live": true, "percentiles": ""}}, {"type": "Feature", "geometry": {"type": "Point", "coordinates": [-66.4963888888889, -35.1686111111111]}, "properties": {"series_id": 26499, "station_id": 2180, "station": "Desaguadero - Canalejas", "river": "", "variable": "Altura hidrométrica media diaria", "var_id": 39, "unit": "", "network": "sat2", "province": "", "procedure": "", "live": true, "percentiles": ""}}, {"type": "Feature", "geometry": {"type": "Point", "coordinates": [-66.475, -43.6983333333333]}, "properties": {"series_id": 6924, "station_id": 2181, "station": "Chubut - Ameghino", "river": "", "variable": "Altura hidrométrica", "var_id": 2, "unit": "", "network": "sat2", "province": "", "procedure": "", "live": true, "percentiles": ""}}, {"type": "Feature", "geometry": {"type": "Point", "coordinates": [-66.475, -43.6983333333333]}, "properties": {"series_id": 26500, "station_id": 2181, "station": "Chubut - Ameghino", "river": "", "variable": "Altura hidrométrica media diaria", "var_id": 39, "unit": "", "network": "sat2", "province": "", "procedure": "", "live": true, "percentiles": ""}}, {"type": "Feature", "geometry": {"type": "Point", "coordinates": [-69.2377777777778, -32.9152777777778]}, "properties": {"series_id": 7036, "station_id": 2183, "station": "Mendoza - Guido", "river": "", "variable": "precipitación diaria 12Z", "var_id": 1, "unit": "", "network": "sat2", "province": "", "procedure": "", "live": true, "percentiles": ""}}, {"type": "Feature", "geometry": {"type": "Point", "coordinates": [-69.2377777777778, -32.9152777777778]}, "properties": {"series_id": 6840, "station_id": 2183, "station": "Mendoza - Guido", "river": "", "variable": "Altura hidrométrica", "var_id": 2, "unit": "", "network": "sat2", "province": "", "procedure": "", "live": true, "percentiles": ""}}, {"type": "Feature", "geometry": {"type": "Point", "coordinates": [-69.2377777777778, -32.9152777777778]}, "properties": {"series_id": 26501, "station_id": 2183, "station": "Mendoza - Guido", "river": "", "variable": "Altura hidrométrica media diaria", "var_id": 39, "unit": "", "network": "sat2", "province": "", "procedure": "", "live": true, "percentiles": ""}}, {"type": "Feature", "geometry": {"type": "Point", "coordinates": [-62.8061111111111, -29.795]}, "properties": {"series_id": 6705, "station_id": 2185, "station": "Dulce - Paso de la Cina", "river": "", "variable": "Altura hidrométrica", "var_id": 2, "unit": "", "network": "sat2", "province": "", "procedure": "", "live": true, "percentiles": ""}}, {"type": "Feature", "geometry": {"type": "Point", "coordinates": [-62.8061111111111, -29.795]}, "properties": {"series_id": 26503, "station_id": 2185, "station": "Dulce - Paso de la Cina", "river": "", "variable": "Altura hidrométrica media diaria", "var_id": 39, "unit": "", "network": "sat2", "province": "", "procedure": "", "live": true, "percentiles": ""}}, {"type": "Feature", "geometry": {"type": "Point", "coordinates": [-64.4694444444444, -22.4919444444444]}, "properties": {"series_id": 7038, "station_id": 2186, "station": "Bermejo - Balapuca", "river": "", "variable": "precipitación diaria 12Z", "var_id": 1, "unit": "", "network": "sat2", "province": "", "procedure": "", "live": true, "percentiles": ""}}, {"type": "Feature", "geometry": {"type": "Point", "coordinates": [-64.4694444444444, -22.4919444444444]}, "properties": {"series_id": 8696, "station_id": 2186, "station": "Bermejo - Balapuca", "river": "", "variable": "precipitación horaria", "var_id": 31, "unit": "", "network": "sat2", "province": "", "procedure": "", "live": true, "percentiles": ""}}, {"type": "Feature", "geometry": {"type": "Point", "coordinates": [-64.4694444444444, -22.4919444444444]}, "properties": {"series_id": 28283, "station_id": 2186, "station": "Bermejo - Balapuca", "river": "", "variable": "Altura hidrométrica media mensual", "var_id": 33, "unit": "", "network": "sat2", "province": "", "procedure": "", "live": true, "percentiles": ""}}, {"type": "Feature", "geometry": {"type": "Point", "coordinates": [-64.4694444444444, -22.4919444444444]}, "properties": {"series_id": 26504, "station_id": 2186, "station": "Bermejo - Balapuca", "river": "", "variable": "Altura hidrométrica media diaria", "var_id": 39, "unit": "", "network": "sat2", "province": "", "procedure": "", "live": true, "percentiles": ""}}, {"type": "Feature", "geometry": {"type": "Point", "coordinates": [-64.1263888888889, -22.3266666666667]}, "properties": {"series_id": 8731, "station_id": 2187, "station": "Grande Tarija - El Cajón", "river": "", "variable": "precipitación horaria", "var_id": 31, "unit": "", "network": "sat2", "province": "", "procedure": "", "live": true, "percentiles": ""}}, {"type": "Feature", "geometry": {"type": "Point", "coordinates": [-64.1263888888889, -22.3266666666667]}, "properties": {"series_id": 28284, "station_id": 2187, "station": "Grande Tarija - El Cajón", "river": "", "variable": "Altura hidrométrica media mensual", "var_id": 33, "unit": "", "network": "sat2", "province": "", "procedure": "", "live": true, "percentiles": ""}}, {"type": "Feature", "geometry": {"type": "Point", "coordinates": [-64.1263888888889, -22.3266666666667]}, "properties": {"series_id": 26505, "station_id": 2187, "station": "Grande Tarija - El Cajón", "river": "", "variable": "Altura hidrométrica media diaria", "var_id": 39, "unit": "", "network": "sat2", "province": "", "procedure": "", "live": true, "percentiles": ""}}, {"type": "Feature", "geometry": {"type": "Point", "coordinates": [-59.3625, -26.3341666666667]}, "properties": {"series_id": 6697, "station_id": 2188, "station": "Bermejo - El Colorado", "river": "", "variable": "Altura hidrométrica", "var_id": 2, "unit": "", "network": "sat2", "province": "", "procedure": "", "live": true, "percentiles": ""}}, {"type": "Feature", "geometry": {"type": "Point", "coordinates": [-59.3625, -26.3341666666667]}, "properties": {"series_id": 31610, "station_id": 2188, "station": "Bermejo - El Colorado", "river": "", "variable": "Caudal", "var_id": 4, "unit": "", "network": "sat2", "province": "", "procedure": "", "live": true, "percentiles": ""}}, {"type": "Feature", "geometry": {"type": "Point", "coordinates": [-59.3625, -26.3341666666667]}, "properties": {"series_id": 8703, "station_id": 2188, "station": "Bermejo - El Colorado", "river": "", "variable": "precipitación horaria", "var_id": 31, "unit": "", "network": "sat2", "province": "", "procedure": "", "live": true, "percentiles": ""}}, {"type": "Feature", "geometry": {"type": "Point", "coordinates": [-59.3625, -26.3341666666667]}, "properties": {"series_id": 26506, "station_id": 2188, "station": "Bermejo - El Colorado", "river": "", "variable": "Altura hidrométrica media diaria", "var_id": 39, "unit": "", "network": "sat2", "province": "", "procedure": "", "live": true, "percentiles": ""}}, {"type": "Feature", "geometry": {"type": "Point", "coordinates": [-64.1380555555556, -23.2480555555556]}, "properties": {"series_id": 8709, "station_id": 2189, "station": "Bermejo - Embarcacion", "river": "", "variable": "precipitación horaria", "var_id": 31, "unit": "", "network": "sat2", "province": "", "procedure": "", "live": true, "percentiles": ""}}, {"type": "Feature", "geometry": {"type": "Point", "coordinates": [-64.1380555555556, -23.2480555555556]}, "properties": {"series_id": 28286, "station_id": 2189, "station": "Bermejo - Embarcacion", "river": "", "variable": "Altura hidrométrica media mensual", "var_id": 33, "unit": "", "network": "sat2", "province": "", "procedure": "", "live": true, "percentiles": ""}}, {"type": "Feature", "geometry": {"type": "Point", "coordinates": [-64.2047222222222, -23.1352777777778]}, "properties": {"series_id": 7042, "station_id": 2190, "station": "Bermejo - Finca Jujeños", "river": "", "variable": "precipitación diaria 12Z", "var_id": 1, "unit": "", "network": "sat2", "province": "", "procedure": "", "live": true, "percentiles": ""}}, {"type": "Feature", "geometry": {"type": "Point", "coordinates": [-64.2047222222222, -23.1352777777778]}, "properties": {"series_id": 6787, "station_id": 2190, "station": "Bermejo - Finca Jujeños", "river": "", "variable": "Altura hidrométrica", "var_id": 2, "unit": "", "network": "sat2", "province": "", "procedure": "", "live": true, "percentiles": ""}}, {"type": "Feature", "geometry": {"type": "Point", "coordinates": [-64.2047222222222, -23.1352777777778]}, "properties": {"series_id": 26508, "station_id": 2190, "station": "Bermejo - Finca Jujeños", "river": "", "variable": "Altura hidrométrica media diaria", "var_id": 39, "unit": "", "network": "sat2", "province": "", "procedure": "", "live": true, "percentiles": ""}}, {"type": "Feature", "geometry": {"type": "Point", "coordinates": [-64.3694444444444, -22.7263888888889]}, "properties": {"series_id": 6751, "station_id": 2191, "station": "Bermejo - Puente Internacion", "river": "", "variable": "Altura hidrométrica", "var_id": 2, "unit": "", "network": "sat2", "province": "", "procedure": "", "live": true, "percentiles": ""}}, {"type": "Feature", "geometry": {"type": "Point", "coordinates": [-64.3694444444444, -22.7263888888889]}, "properties": {"series_id": 28288, "station_id": 2191, "station": "Bermejo - Puente Internacion", "river": "", "variable": "Altura hidrométrica media mensual", "var_id": 33, "unit": "", "network": "sat2", "province": "", "procedure": "", "live": true, "percentiles": ""}}, {"type": "Feature", "geometry": {"type": "Point", "coordinates": [-64.5369444444444, -23.7108333333333]}, "properties": {"series_id": 7044, "station_id": 2192, "station": "San Francisco - Puente RP 1", "river": "", "variable": "precipitación diaria 12Z", "var_id": 1, "unit": "", "network": "sat2", "province": "", "procedure": "", "live": true, "percentiles": ""}}, {"type": "Feature", "geometry": {"type": "Point", "coordinates": [-64.5369444444444, -23.7108333333333]}, "properties": {"series_id": 6847, "station_id": 2192, "station": "San Francisco - Puente RP 1", "river": "", "variable": "Altura hidrométrica", "var_id": 2, "unit": "", "network": "sat2", "province": "", "procedure": "", "live": true, "percentiles": ""}}, {"type": "Feature", "geometry": {"type": "Point", "coordinates": [-64.5369444444444, -23.7108333333333]}, "properties": {"series_id": 8589, "station_id": 2192, "station": "San Francisco - Puente RP 1", "river": "", "variable": "precipitación horaria", "var_id": 31, "unit": "", "network": "sat2", "province": "", "procedure": "", "live": true, "percentiles": ""}}, {"type": "Feature", "geometry": {"type": "Point", "coordinates": [-64.5369444444444, -23.7108333333333]}, "properties": {"series_id": 28289, "station_id": 2192, "station": "San Francisco - Puente RP 1", "river": "", "variable": "Altura hidrométrica media mensual", "var_id": 33, "unit": "", "network": "sat2", "province": "", "procedure": "", "live": true, "percentiles": ""}}, {"type": "Feature", "geometry": {"type": "Point", "coordinates": [-60.1280555555556, -25.6511111111111]}, "properties": {"series_id": 7045, "station_id": 2193, "station": "Bermejo - Puerto Lavalle", "river": "", "variable": "precipitación diaria 12Z", "var_id": 1, "unit": "", "network": "sat2", "province": "", "procedure": "", "live": true, "percentiles": ""}}, {"type": "Feature", "geometry": {"type": "Point", "coordinates": [-60.1280555555556, -25.6511111111111]}, "properties": {"series_id": 8505, "station_id": 2193, "station": "Bermejo - Puerto Lavalle", "river": "", "variable": "precipitación horaria", "var_id": 31, "unit": "", "network": "sat2", "province": "", "procedure": "", "live": true, "percentiles": ""}}, {"type": "Feature", "geometry": {"type": "Point", "coordinates": [-58.6338888888889, -26.6605555555556]}, "properties": {"series_id": 7046, "station_id": 2194, "station": "Bermejo - Puerto Velaz", "river": "", "variable": "precipitación diaria 12Z", "var_id": 1, "unit": "", "network": "sat2", "province": "", "procedure": "", "live": true, "percentiles": ""}}, {"type": "Feature", "geometry": {"type": "Point", "coordinates": [-58.6338888888889, -26.6605555555556]}, "properties": {"series_id": 6918, "station_id": 2194, "station": "Bermejo - Puerto Velaz", "river": "", "variable": "Altura hidrométrica", "var_id": 2, "unit": "", "network": "sat2", "province": "", "procedure": "", "live": true, "percentiles": ""}}, {"type": "Feature", "geometry": {"type": "Point", "coordinates": [-58.6338888888889, -26.6605555555556]}, "properties": {"series_id": 28291, "station_id": 2194, "station": "Bermejo - Puerto Velaz", "river": "", "variable": "Altura hidrométrica media mensual", "var_id": 33, "unit": "", "network": "sat2", "province": "", "procedure": "", "live": true, "percentiles": ""}}, {"type": "Feature", "geometry": {"type": "Point", "coordinates": [-61.6563888888889, -24.4333333333333]}, "properties": {"series_id": 6919, "station_id": 2195, "station": "Bermejo - Sauzalito", "river": "", "variable": "Altura hidrométrica", "var_id": 2, "unit": "", "network": "sat2", "province": "", "procedure": "", "live": true, "percentiles": ""}}, {"type": "Feature", "geometry": {"type": "Point", "coordinates": [-67.6269444444444, -27.9930555555556]}, "properties": {"series_id": 28293, "station_id": 2196, "station": "Abaucán - Tinogasta", "river": "", "variable": "Altura hidrométrica media mensual", "var_id": 33, "unit": "", "network": "sat2", "province": "", "procedure": "", "live": true, "percentiles": ""}}, {"type": "Feature", "geometry": {"type": "Point", "coordinates": [-62.5761111111111, -29.1058333333333]}, "properties": {"series_id": 26515, "station_id": 2197, "station": "Salado - Pinto", "river": "", "variable": "Altura hidrométrica media diaria", "var_id": 39, "unit": "", "network": "sat2", "province": "", "procedure": "", "live": true, "percentiles": ""}}, {"type": "Feature", "geometry": {"type": "Point", "coordinates": [-58.7883333333333, -29.0311111111111]}, "properties": {"series_id": 7048, "station_id": 2198, "station": "Aº Batel - Paso Cerrito", "river": "", "variable": "precipitación diaria 12Z", "var_id": 1, "unit": "", "network": "sat2", "province": "", "procedure": "", "live": true, "percentiles": ""}}, {"type": "Feature", "geometry": {"type": "Point", "coordinates": [-58.7883333333333, -29.0311111111111]}, "properties": {"series_id": 6806, "station_id": 2198, "station": "Aº Batel - Paso Cerrito", "river": "", "variable": "Altura hidrométrica", "var_id": 2, "unit": "", "network": "sat2", "province": "", "procedure": "", "live": true, "percentiles": ""}}, {"type": "Feature", "geometry": {"type": "Point", "coordinates": [-58.7883333333333, -29.0311111111111]}, "properties": {"series_id": 8388, "station_id": 2198, "station": "Aº Batel - Paso Cerrito", "river": "", "variable": "precipitación horaria", "var_id": 31, "unit": "", "network": "sat2", "province": "", "procedure": "", "live": true, "percentiles": ""}}, {"type": "Feature", "geometry": {"type": "Point", "coordinates": [-58.7883333333333, -29.0311111111111]}, "properties": {"series_id": 28295, "station_id": 2198, "station": "Aº Batel - Paso Cerrito", "river": "", "variable": "Altura hidrométrica media mensual", "var_id": 33, "unit": "", "network": "sat2", "province": "", "procedure": "", "live": true, "percentiles": ""}}, {"type": "Feature", "geometry": {"type": "Point", "coordinates": [-58.7883333333333, -29.0311111111111]}, "properties": {"series_id": 26516, "station_id": 2198, "station": "Aº Batel - Paso Cerrito", "river": "", "variable": "Altura hidrométrica media diaria", "var_id": 39, "unit": "", "network": "sat2", "province": "", "procedure": "", "live": true, "percentiles": ""}}, {"type": "Feature", "geometry": {"type": "Point", "coordinates": [-59.2172222222222, -29.7572222222222]}, "properties": {"series_id": 35427, "station_id": 2199, "station": "Corrientes - Los Laureles", "river": "", "variable": "Caudal", "var_id": 4, "unit": "", "network": "sat2", "province": "", "procedure": "", "live": true, "percentiles": false}}, {"type": "Feature", "geometry": {"type": "Point", "coordinates": [-59.2172222222222, -29.7572222222222]}, "properties": {"series_id": 26517, "station_id": 2199, "station": "Corrientes - Los Laureles", "river": "", "variable": "Altura hidrométrica media diaria", "var_id": 39, "unit": "", "network": "sat2", "province": "", "procedure": "", "live": true, "percentiles": false}}, {"type": "Feature", "geometry": {"type": "Point", "coordinates": [-69.2725, -33.7763888888889]}, "properties": {"series_id": 7049, "station_id": 2200, "station": "Tunuyan - Valle de Uco", "river": "", "variable": "precipitación diaria 12Z", "var_id": 1, "unit": "", "network": "sat2", "province": "", "procedure": "", "live": true, "percentiles": ""}}, {"type": "Feature", "geometry": {"type": "Point", "coordinates": [-69.2725, -33.7763888888889]}, "properties": {"series_id": 8595, "station_id": 2200, "station": "Tunuyan - Valle de Uco", "river": "", "variable": "precipitación horaria", "var_id": 31, "unit": "", "network": "sat2", "province": "", "procedure": "", "live": true, "percentiles": ""}}, {"type": "Feature", "geometry": {"type": "Point", "coordinates": [-69.2725, -33.7763888888889]}, "properties": {"series_id": 28297, "station_id": 2200, "station": "Tunuyan - Valle de Uco", "river": "", "variable": "Altura hidrométrica media mensual", "var_id": 33, "unit": "", "network": "sat2", "province": "", "procedure": "", "live": true, "percentiles": ""}}, {"type": "Feature", "geometry": {"type": "Point", "coordinates": [-54.2355555555556, -27.2572222222222]}, "properties": {"series_id": 6775, "station_id": 2201, "station": "A° El Soberbio - Pje La Lechuz", "river": "", "variable": "Altura hidrométrica", "var_id": 2, "unit": "", "network": "sat2", "province": "", "procedure": "", "live": true, "percentiles": ""}}, {"type": "Feature", "geometry": {"type": "Point", "coordinates": [-64.26, -33.1605555555556]}, "properties": {"series_id": 6704, "station_id": 2202, "station": "Cuarto - RN Nº 8", "river": "", "variable": "Altura hidrométrica", "var_id": 2, "unit": "", "network": "sat2", "province": "", "procedure": "", "live": true, "percentiles": ""}}, {"type": "Feature", "geometry": {"type": "Point", "coordinates": [-64.26, -33.1605555555556]}, "properties": {"series_id": 28299, "station_id": 2202, "station": "Cuarto - RN Nº 8", "river": "", "variable": "Altura hidrométrica media mensual", "var_id": 33, "unit": "", "network": "sat2", "province": "", "procedure": "", "live": true, "percentiles": false}}, {"type": "Feature", "geometry": {"type": "Point", "coordinates": [-59.0769444444445, -32.3086111111111]}, "properties": {"series_id": 6706, "station_id": 2203, "station": "Gualeguay - Rosario del Tala", "river": "", "variable": "Altura hidrométrica", "var_id": 2, "unit": "", "network": "sat2", "province": "", "procedure": "", "live": true, "percentiles": ""}}, {"type": "Feature", "geometry": {"type": "Point", "coordinates": [-59.0769444444445, -32.3086111111111]}, "properties": {"series_id": 7806, "station_id": 2203, "station": "Gualeguay - Rosario del Tala", "river": "", "variable": "Caudal", "var_id": 4, "unit": "", "network": "sat2", "province": "", "procedure": "", "live": true, "percentiles": ""}}, {"type": "Feature", "geometry": {"type": "Point", "coordinates": [-60.8658333333333, -32.6733333333333]}, "properties": {"series_id": 6829, "station_id": 2204, "station": "Carcarañá - Pueblo Andino", "river": "", "variable": "Altura hidrométrica", "var_id": 2, "unit": "", "network": "sat2", "province": "", "procedure": "", "live": true, "percentiles": ""}}, {"type": "Feature", "geometry": {"type": "Point", "coordinates": [-60.8658333333333, -32.6733333333333]}, "properties": {"series_id": 43906, "station_id": 2204, "station": "Carcarañá - Pueblo Andino", "river": "", "variable": "Caudal medio diario", "var_id": 40, "unit": "", "network": "sat2", "province": "", "procedure": "", "live": true, "percentiles": ""}}, {"type": "Feature", "geometry": {"type": "Point", "coordinates": [-59.1261111111111, -31.8016666666667]}, "properties": {"series_id": 9637, "station_id": 2205, "station": "Gualeguay - Villaguay", "river": "", "variable": "Caudal", "var_id": 4, "unit": "", "network": "sat2", "province": "", "procedure": "", "live": true, "percentiles": ""}}, {"type": "Feature", "geometry": {"type": "Point", "coordinates": [-59.1261111111111, -31.8016666666667]}, "properties": {"series_id": 26523, "station_id": 2205, "station": "Gualeguay - Villaguay", "river": "", "variable": "Altura hidrométrica media diaria", "var_id": 39, "unit": "", "network": "sat2", "province": "", "procedure": "", "live": true, "percentiles": ""}}, {"type": "Feature", "geometry": {"type": "Point", "coordinates": [-59.1261111111111, -31.8016666666667]}, "properties": {"series_id": 18610, "station_id": 2205, "station": "Gualeguay - Villaguay", "river": "", "variable": "Caudal medio diario", "var_id": 40, "unit": "", "network": "sat2", "province": "", "procedure": "", "live": true, "percentiles": ""}}, {"type": "Feature", "geometry": {"type": "Point", "coordinates": [-59.7027777777778, -34.2880555555556]}, "properties": {"series_id": 7050, "station_id": 2206, "station": "Río Areco - Puente Quemado", "river": "", "variable": "precipitación diaria 12Z", "var_id": 1, "unit": "", "network": "sat2", "province": "", "procedure": "", "live": true, "percentiles": ""}}, {"type": "Feature", "geometry": {"type": "Point", "coordinates": [-59.7027777777778, -34.2880555555556]}, "properties": {"series_id": 8678, "station_id": 2206, "station": "Río Areco - Puente Quemado", "river": "", "variable": "precipitación horaria", "var_id": 31, "unit": "", "network": "sat2", "province": "", "procedure": "", "live": true, "percentiles": ""}}, {"type": "Feature", "geometry": {"type": "Point", "coordinates": [-59.8938888888889, -36.8311111111111]}, "properties": {"series_id": 26525, "station_id": 2207, "station": "Seminario Diocesano de Azul", "river": "", "variable": "Altura hidrométrica media diaria", "var_id": 39, "unit": "", "network": "sat2", "province": "", "procedure": "", "live": true, "percentiles": ""}}, {"type": "Feature", "geometry": {"type": "Point", "coordinates": [-72.7477777777778, -50.4261111111111]}, "properties": {"series_id": 28305, "station_id": 2208, "station": "PN - Los Glaciares", "river": "", "variable": "Altura hidrométrica media mensual", "var_id": 33, "unit": "", "network": "sat2", "province": "", "procedure": "", "live": true, "percentiles": ""}}, {"type": "Feature", "geometry": {"type": "Point", "coordinates": [-69.7466666666667, -37.0761111111111]}, "properties": {"series_id": 7051, "station_id": 2209, "station": "Colorado - Buta Ranquil", "river": "", "variable": "precipitación diaria 12Z", "var_id": 1, "unit": "", "network": "sat2", "province": "", "procedure": "", "live": true, "percentiles": ""}}, {"type": "Feature", "geometry": {"type": "Point", "coordinates": [-62.1211111111111, -34.2419444444444]}, "properties": {"series_id": 6725, "station_id": 2212, "station": "Compuerta Alternativa Norte AD", "river": "", "variable": "Altura hidrométrica", "var_id": 2, "unit": "", "network": "sat2", "province": "", "procedure": "", "live": true, "percentiles": ""}}, {"type": "Feature", "geometry": {"type": "Point", "coordinates": [-61.6386111111111, -34.2580555555556]}, "properties": {"series_id": 26530, "station_id": 2213, "station": "Canal Regulador N°4 - La Pantanosa", "river": "", "variable": "Altura hidrométrica media diaria", "var_id": 39, "unit": "", "network": "sat2", "province": "", "procedure": "", "live": true, "percentiles": ""}}, {"type": "Feature", "geometry": {"type": "Point", "coordinates": [-59.8166666666667, -34.3519444444444]}, "properties": {"series_id": 8497, "station_id": 2214, "station": "Río Areco - Carmen de Areco", "river": "", "variable": "precipitación horaria", "var_id": 31, "unit": "", "network": "sat2", "province": "", "procedure": "", "live": true, "percentiles": ""}}, {"type": "Feature", "geometry": {"type": "Point", "coordinates": [-59.8166666666667, -34.3519444444444]}, "properties": {"series_id": 28310, "station_id": 2214, "station": "Río Areco - Carmen de Areco", "river": "", "variable": "Altura hidrométrica media mensual", "var_id": 33, "unit": "", "network": "sat2", "province": "", "procedure": "", "live": true, "percentiles": ""}}, {"type": "Feature", "geometry": {"type": "Point", "coordinates": [-59.4994444444444, -34.2405555555556]}, "properties": {"series_id": 6906, "station_id": 2215, "station": "Río Areco - San Antonio de Are", "river": "", "variable": "Altura hidrométrica", "var_id": 2, "unit": "", "network": "sat2", "province": "", "procedure": "", "live": true, "percentiles": ""}}, {"type": "Feature", "geometry": {"type": "Point", "coordinates": [-59.4994444444444, -34.2405555555556]}, "properties": {"series_id": 8684, "station_id": 2215, "station": "Río Areco - San Antonio de Are", "river": "", "variable": "precipitación horaria", "var_id": 31, "unit": "", "network": "sat2", "province": "", "procedure": "", "live": true, "percentiles": ""}}, {"type": "Feature", "geometry": {"type": "Point", "coordinates": [-59.4994444444444, -34.2405555555556]}, "properties": {"series_id": 26532, "station_id": 2215, "station": "Río Areco - San Antonio de Are", "river": "", "variable": "Altura hidrométrica media diaria", "var_id": 39, "unit": "", "network": "sat2", "province": "", "procedure": "", "live": true, "percentiles": ""}}, {"type": "Feature", "geometry": {"type": "Point", "coordinates": [-59.4994444444444, -34.2405555555556]}, "properties": {"series_id": 34889, "station_id": 2215, "station": "Río Areco - San Antonio de Are", "river": "", "variable": "Altura hidrométrica media diaria", "var_id": 39, "unit": "", "network": "sat2", "province": "", "procedure": "", "live": true, "percentiles": ""}}, {"type": "Feature", "geometry": {"type": "Point", "coordinates": [-59.4994444444444, -34.2405555555556]}, "properties": {"series_id": 34887, "station_id": 2215, "station": "Río Areco - San Antonio de Are", "river": "", "variable": "Caudal medio diario", "var_id": 40, "unit": "", "network": "sat2", "province": "", "procedure": "", "live": true, "percentiles": ""}}, {"type": "Feature", "geometry": {"type": "Point", "coordinates": [-68.2255555555556, -54.7975]}, "properties": {"series_id": 6691, "station_id": 2216, "station": "Olivia - Olivia", "river": "", "variable": "Altura hidrométrica", "var_id": 2, "unit": "", "network": "sat2", "province": "", "procedure": "", "live": true, "percentiles": ""}}, {"type": "Feature", "geometry": {"type": "Point", "coordinates": [-68.2255555555556, -54.7975]}, "properties": {"series_id": 28312, "station_id": 2216, "station": "Olivia - Olivia", "river": "", "variable": "Altura hidrométrica media mensual", "var_id": 33, "unit": "", "network": "sat2", "province": "", "procedure": "", "live": true, "percentiles": ""}}, {"type": "Feature", "geometry": {"type": "Point", "coordinates": [-68.2255555555556, -54.7975]}, "properties": {"series_id": 26533, "station_id": 2216, "station": "Olivia - Olivia", "river": "", "variable": "Altura hidrométrica media diaria", "var_id": 39, "unit": "", "network": "sat2", "province": "", "procedure": "", "live": true, "percentiles": ""}}, {"type": "Feature", "geometry": {"type": "Point", "coordinates": [-62.8113888888889, -34.3269444444445]}, "properties": {"series_id": 28313, "station_id": 2217, "station": "Laguna La Picasa - RN33", "river": "", "variable": "Altura hidrométrica media mensual", "var_id": 33, "unit": "", "network": "sat2", "province": "", "procedure": "", "live": true, "percentiles": ""}}, {"type": "Feature", "geometry": {"type": "Point", "coordinates": [-62.8113888888889, -34.3269444444445]}, "properties": {"series_id": 26534, "station_id": 2217, "station": "Laguna La Picasa - RN33", "river": "", "variable": "Altura hidrométrica media diaria", "var_id": 39, "unit": "", "network": "sat2", "province": "", "procedure": "", "live": true, "percentiles": ""}}, {"type": "Feature", "geometry": {"type": "Point", "coordinates": [-62.4133333333333, -34.4494444444444]}, "properties": {"series_id": 6885, "station_id": 2219, "station": "Intersección Canales A22", "river": "", "variable": "Altura hidrométrica", "var_id": 2, "unit": "", "network": "sat2", "province": "", "procedure": "", "live": true, "percentiles": ""}}, {"type": "Feature", "geometry": {"type": "Point", "coordinates": [-62.4133333333333, -34.4494444444444]}, "properties": {"series_id": 28315, "station_id": 2219, "station": "Intersección Canales A22", "river": "", "variable": "Altura hidrométrica media mensual", "var_id": 33, "unit": "", "network": "sat2", "province": "", "procedure": "", "live": true, "percentiles": ""}}, {"type": "Feature", "geometry": {"type": "Point", "coordinates": [-62.4133333333333, -34.4494444444444]}, "properties": {"series_id": 26536, "station_id": 2219, "station": "Intersección Canales A22", "river": "", "variable": "Altura hidrométrica media diaria", "var_id": 39, "unit": "", "network": "sat2", "province": "", "procedure": "", "live": true, "percentiles": ""}}, {"type": "Feature", "geometry": {"type": "Point", "coordinates": [-67.7269444444444, -35.1844444444444]}, "properties": {"series_id": 32019, "station_id": 2220, "station": "Atuel - Carmensa", "river": "", "variable": "precipitación diaria 12Z", "var_id": 1, "unit": "", "network": "sat2", "province": "", "procedure": "", "live": true, "percentiles": ""}}, {"type": "Feature", "geometry": {"type": "Point", "coordinates": [-67.7269444444444, -35.1844444444444]}, "properties": {"series_id": 32020, "station_id": 2220, "station": "Atuel - Carmensa", "river": "", "variable": "precipitación horaria", "var_id": 31, "unit": "", "network": "sat2", "province": "", "procedure": "", "live": true, "percentiles": ""}}, {"type": "Feature", "geometry": {"type": "Point", "coordinates": [-67.1852777777778, -35.9994444444444]}, "properties": {"series_id": 32641, "station_id": 2221, "station": "Atuel - Puesto Ugalde", "river": "", "variable": "precipitación diaria 12Z", "var_id": 1, "unit": "", "network": "sat2", "province": "", "procedure": "", "live": true, "percentiles": ""}}, {"type": "Feature", "geometry": {"type": "Point", "coordinates": [-67.1852777777778, -35.9994444444444]}, "properties": {"series_id": 32642, "station_id": 2221, "station": "Atuel - Puesto Ugalde", "river": "", "variable": "precipitación horaria", "var_id": 31, "unit": "", "network": "sat2", "province": "", "procedure": "", "live": true, "percentiles": ""}}, {"type": "Feature", "geometry": {"type": "Point", "coordinates": [-67.1852777777778, -35.9994444444444]}, "properties": {"series_id": 26538, "station_id": 2221, "station": "Atuel - Puesto Ugalde", "river": "", "variable": "Altura hidrométrica media diaria", "var_id": 39, "unit": "", "network": "sat2", "province": "", "procedure": "", "live": true, "percentiles": ""}}, {"type": "Feature", "geometry": {"type": "Point", "coordinates": [-63.9488888888889, -25.6105555555556]}, "properties": {"series_id": 6810, "station_id": 2222, "station": "Canal de Dios - Salado", "river": "", "variable": "Altura hidrométrica", "var_id": 2, "unit": "", "network": "sat2", "province": "", "procedure": "", "live": true, "percentiles": ""}}, {"type": "Feature", "geometry": {"type": "Point", "coordinates": [-63.4397222222222, -27.9402777777778]}, "properties": {"series_id": 28319, "station_id": 2223, "station": "Salado - Suncho Corral", "river": "", "variable": "Altura hidrométrica media mensual", "var_id": 33, "unit": "", "network": "sat2", "province": "", "procedure": "", "live": true, "percentiles": ""}}, {"type": "Feature", "geometry": {"type": "Point", "coordinates": [-62.8813888888889, -28.5033333333333]}, "properties": {"series_id": 28320, "station_id": 2224, "station": "Salado - Añatuya RP Nº92", "river": "", "variable": "Altura hidrométrica media mensual", "var_id": 33, "unit": "", "network": "sat2", "province": "", "procedure": "", "live": true, "percentiles": ""}}, {"type": "Feature", "geometry": {"type": "Point", "coordinates": [-69.0672222222222, -45.5644444444444]}, "properties": {"series_id": 6715, "station_id": 2225, "station": "*Senguerr -Pte Camino B. Pasto", "river": "", "variable": "Altura hidrométrica", "var_id": 2, "unit": "", "network": "sat2", "province": "", "procedure": "", "live": true, "percentiles": ""}}, {"type": "Feature", "geometry": {"type": "Point", "coordinates": [-63.6333333333333, -42.7666666666667]}, "properties": {"series_id": 8484, "station_id": 2226, "station": "Faro Punta Delgada", "river": "", "variable": "precipitación horaria", "var_id": 31, "unit": "", "network": "sat2", "province": "", "procedure": "", "live": true, "percentiles": ""}}, {"type": "Feature", "geometry": {"type": "Point", "coordinates": [-57.8519444444444, -35.9622222222222]}, "properties": {"series_id": 7056, "station_id": 2227, "station": "Salado - RN Nº02", "river": "", "variable": "precipitación diaria 12Z", "var_id": 1, "unit": "", "network": "sat2", "province": "", "procedure": "", "live": true, "percentiles": ""}}, {"type": "Feature", "geometry": {"type": "Point", "coordinates": [-57.8519444444444, -35.9622222222222]}, "properties": {"series_id": 8526, "station_id": 2227, "station": "Salado - RN Nº02", "river": "", "variable": "precipitación horaria", "var_id": 31, "unit": "", "network": "sat2", "province": "", "procedure": "", "live": true, "percentiles": ""}}, {"type": "Feature", "geometry": {"type": "Point", "coordinates": [-57.8519444444444, -35.9622222222222]}, "properties": {"series_id": 28322, "station_id": 2227, "station": "Salado - RN Nº02", "river": "", "variable": "Altura hidrométrica media mensual", "var_id": 33, "unit": "", "network": "sat2", "province": "", "procedure": "", "live": true, "percentiles": ""}}, {"type": "Feature", "geometry": {"type": "Point", "coordinates": [-57.8519444444444, -35.9622222222222]}, "properties": {"series_id": 26543, "station_id": 2227, "station": "Salado - RN Nº02", "river": "", "variable": "Altura hidrométrica media diaria", "var_id": 39, "unit": "", "network": "sat2", "province": "", "procedure": "", "live": true, "percentiles": ""}}, {"type": "Feature", "geometry": {"type": "Point", "coordinates": [-72.8608333333333, -49.3433333333333]}, "properties": {"series_id": 6928, "station_id": 2228, "station": "De las Vueltas", "river": "", "variable": "Altura hidrométrica", "var_id": 2, "unit": "", "network": "sat2", "province": "", "procedure": "", "live": true, "percentiles": ""}}, {"type": "Feature", "geometry": {"type": "Point", "coordinates": [-71.17, -42.0997222222222]}, "properties": {"series_id": 7057, "station_id": 2229, "station": "Chubut - El Maitén", "river": "", "variable": "precipitación diaria 12Z", "var_id": 1, "unit": "", "network": "sat2", "province": "", "procedure": "", "live": true, "percentiles": ""}}, {"type": "Feature", "geometry": {"type": "Point", "coordinates": [-71.17, -42.0997222222222]}, "properties": {"series_id": 8511, "station_id": 2229, "station": "Chubut - El Maitén", "river": "", "variable": "precipitación horaria", "var_id": 31, "unit": "", "network": "sat2", "province": "", "procedure": "", "live": true, "percentiles": ""}}, {"type": "Feature", "geometry": {"type": "Point", "coordinates": [-71.17, -42.0997222222222]}, "properties": {"series_id": 28324, "station_id": 2229, "station": "Chubut - El Maitén", "river": "", "variable": "Altura hidrométrica media mensual", "var_id": 33, "unit": "", "network": "sat2", "province": "", "procedure": "", "live": true, "percentiles": ""}}, {"type": "Feature", "geometry": {"type": "Point", "coordinates": [-58.2301426802177, -34.8074531496048]}, "properties": {"series_id": 7058, "station_id": 2230, "station": "Arroyo San Juan - MeteoVARELA", "river": "Arroyo San Juan", "variable": "Altura hidrométrica", "var_id": 2, "unit": "", "network": "ina_delta", "province": "", "procedure": "", "live": true, "percentiles": ""}}, {"type": "Feature", "geometry": {"type": "Point", "coordinates": [-58.2301426802177, -34.8074531496048]}, "properties": {"series_id": 26772, "station_id": 2230, "station": "Arroyo San Juan - MeteoVARELA", "river": "Arroyo San Juan", "variable": "Altura hidrométrica media mensual", "var_id": 33, "unit": "", "network": "ina_delta", "province": "", "procedure": "", "live": true, "percentiles": ""}}, {"type": "Feature", "geometry": {"type": "Point", "coordinates": [-58.061997, -32.979836]}, "properties": {"series_id": 7059, "station_id": 2231, "station": "Nuevo Berlín", "river": "Uruguay", "variable": "Altura hidrométrica", "var_id": 2, "unit": "", "network": "alturas_varios", "province": "", "procedure": "", "live": true, "percentiles": ""}}, {"type": "Feature", "geometry": {"type": "Point", "coordinates": [-58.102575, -32.313646]}, "properties": {"series_id": 7060, "station_id": 2232, "station": "Paysandú", "river": "Uruguay", "variable": "Altura hidrométrica", "var_id": 2, "unit": "", "network": "alturas_varios", "province": "", "procedure": "", "live": true, "percentiles": ""}}, {"type": "Feature", "geometry": {"type": "Point", "coordinates": [-58.221219, -32.477173]}, "properties": {"series_id": 7061, "station_id": 2233, "station": "Concepción del Uruguay - CARU", "river": "Uruguay", "variable": "Altura hidrométrica", "var_id": 2, "unit": "", "network": "alturas_varios", "province": "", "procedure": "", "live": true, "percentiles": ""}}, {"type": "Feature", "geometry": {"type": "Point", "coordinates": [-71.3419444444444, -44.9583333333333]}, "properties": {"series_id": 26547, "station_id": 2355, "station": "Senguerr - Nacimiento", "river": "", "variable": "Altura hidrométrica media diaria", "var_id": 39, "unit": "", "network": "sat2", "province": "", "procedure": "", "live": true, "percentiles": ""}}, {"type": "Feature", "geometry": {"type": "Point", "coordinates": [-60.5175, -31.7197222222222]}, "properties": {"series_id": 7354, "station_id": 2356, "station": "Río Paraná Túnel", "river": "", "variable": "Altura hidrométrica", "var_id": 2, "unit": "", "network": "sat2", "province": "", "procedure": "", "live": true, "percentiles": ""}}, {"type": "Feature", "geometry": {"type": "Point", "coordinates": [-60.5175, -31.7197222222222]}, "properties": {"series_id": 26548, "station_id": 2356, "station": "Río Paraná Túnel", "river": "", "variable": "Altura hidrométrica media diaria", "var_id": 39, "unit": "", "network": "sat2", "province": "", "procedure": "", "live": true, "percentiles": ""}}, {"type": "Feature", "geometry": {"type": "Point", "coordinates": [-60.6777777777778, -31.6302777777778]}, "properties": {"series_id": 7356, "station_id": 2357, "station": "Sistema Setúbal - Santa Fe - L", "river": "", "variable": "Altura hidrométrica", "var_id": 2, "unit": "", "network": "sat2", "province": "", "procedure": "", "live": true, "percentiles": ""}}, {"type": "Feature", "geometry": {"type": "Point", "coordinates": [-60.6777777777778, -31.6302777777778]}, "properties": {"series_id": 26549, "station_id": 2357, "station": "Sistema Setúbal - Santa Fe - L", "river": "", "variable": "Altura hidrométrica media diaria", "var_id": 39, "unit": "", "network": "sat2", "province": "", "procedure": "", "live": true, "percentiles": ""}}, {"type": "Feature", "geometry": {"type": "Point", "coordinates": [-65.42, -25.1538888888889]}, "properties": {"series_id": 28328, "station_id": 2593, "station": "Arenales - La Maroma", "river": "", "variable": "Altura hidrométrica media mensual", "var_id": 33, "unit": "", "network": "sat2", "province": "", "procedure": "", "live": true, "percentiles": ""}}, {"type": "Feature", "geometry": {"type": "Point", "coordinates": [-65.42, -25.1538888888889]}, "properties": {"series_id": 26550, "station_id": 2593, "station": "Arenales - La Maroma", "river": "", "variable": "Altura hidrométrica media diaria", "var_id": 39, "unit": "", "network": "sat2", "province": "", "procedure": "", "live": true, "percentiles": ""}}, {"type": "Feature", "geometry": {"type": "Point", "coordinates": [-70.4355555555556, -42.6513888888889]}, "properties": {"series_id": 8822, "station_id": 2606, "station": "Gualjaina - Gualjaina", "river": "", "variable": "precipitación diaria 12Z", "var_id": 1, "unit": "", "network": "sat2", "province": "", "procedure": "", "live": true, "percentiles": ""}}, {"type": "Feature", "geometry": {"type": "Point", "coordinates": [-70.4355555555556, -42.6513888888889]}, "properties": {"series_id": 8242, "station_id": 2606, "station": "Gualjaina - Gualjaina", "river": "", "variable": "Altura hidrométrica", "var_id": 2, "unit": "", "network": "sat2", "province": "", "procedure": "", "live": true, "percentiles": ""}}, {"type": "Feature", "geometry": {"type": "Point", "coordinates": [-70.4355555555556, -42.6513888888889]}, "properties": {"series_id": 28330, "station_id": 2606, "station": "Gualjaina - Gualjaina", "river": "", "variable": "Altura hidrométrica media mensual", "var_id": 33, "unit": "", "network": "sat2", "province": "", "procedure": "", "live": true, "percentiles": ""}}, {"type": "Feature", "geometry": {"type": "Point", "coordinates": [-69.2497222222222, -35.2641666666667]}, "properties": {"series_id": 8802, "station_id": 2607, "station": "Atuel - Loma Negra", "river": "", "variable": "precipitación diaria 12Z", "var_id": 1, "unit": "", "network": "sat2", "province": "", "procedure": "", "live": true, "percentiles": ""}}, {"type": "Feature", "geometry": {"type": "Point", "coordinates": [-69.2497222222222, -35.2641666666667]}, "properties": {"series_id": 28331, "station_id": 2607, "station": "Atuel - Loma Negra", "river": "", "variable": "Altura hidrométrica media mensual", "var_id": 33, "unit": "", "network": "sat2", "province": "", "procedure": "", "live": true, "percentiles": ""}}, {"type": "Feature", "geometry": {"type": "Point", "coordinates": [-69.3163888888889, -34.6686111111111]}, "properties": {"series_id": 8233, "station_id": 2608, "station": "Diamante - La Jaula", "river": "", "variable": "Altura hidrométrica", "var_id": 2, "unit": "", "network": "sat2", "province": "", "procedure": "", "live": true, "percentiles": ""}}, {"type": "Feature", "geometry": {"type": "Point", "coordinates": [-69.3186111111111, -34.6658333333333]}, "properties": {"series_id": 8811, "station_id": 2609, "station": "Diamante - La Jaula MET", "river": "", "variable": "precipitación diaria 12Z", "var_id": 1, "unit": "", "network": "sat2", "province": "", "procedure": "", "live": true, "percentiles": ""}}, {"type": "Feature", "geometry": {"type": "Point", "coordinates": [-64.1058333333333, -25.1608333333333]}, "properties": {"series_id": 8312, "station_id": 2671, "station": "Canal Finca Agropecuaria", "river": "", "variable": "Altura hidrométrica", "var_id": 2, "unit": "", "network": "sat2", "province": "", "procedure": "", "live": true, "percentiles": ""}}, {"type": "Feature", "geometry": {"type": "Point", "coordinates": [-64.1058333333333, -25.1608333333333]}, "properties": {"series_id": 26556, "station_id": 2671, "station": "Canal Finca Agropecuaria", "river": "", "variable": "Altura hidrométrica media diaria", "var_id": 39, "unit": "", "network": "sat2", "province": "", "procedure": "", "live": true, "percentiles": ""}}, {"type": "Feature", "geometry": {"type": "Point", "coordinates": [-64.1061111111111, -25.1613888888889]}, "properties": {"series_id": 26557, "station_id": 2672, "station": "Juramento - Finca Agropecuari", "river": "", "variable": "Altura hidrométrica media diaria", "var_id": 39, "unit": "", "network": "sat2", "province": "", "procedure": "", "live": true, "percentiles": ""}}, {"type": "Feature", "geometry": {"type": "Point", "coordinates": [-59, -34]}, "properties": {"series_id": 33568, "station_id": 2697, "station": "Prueba - GSM", "river": "", "variable": "precipitación horaria", "var_id": 31, "unit": "", "network": "sat2", "province": "", "procedure": "", "live": true, "percentiles": ""}}, {"type": "Feature", "geometry": {"type": "Point", "coordinates": [-59, -34]}, "properties": {"series_id": 26559, "station_id": 2697, "station": "Prueba - GSM", "river": "", "variable": "Altura hidrométrica media diaria", "var_id": 39, "unit": "", "network": "sat2", "province": "", "procedure": "", "live": true, "percentiles": ""}}, {"type": "Feature", "geometry": {"type": "Point", "coordinates": [-58.3772222222222, -34.6130555555556]}, "properties": {"series_id": 9081, "station_id": 2706, "station": "ZEstacion de prueba 9003", "river": "", "variable": "precipitación diaria 12Z", "var_id": 1, "unit": "", "network": "sat2", "province": "", "procedure": "", "live": true, "percentiles": ""}}, {"type": "Feature", "geometry": {"type": "Point", "coordinates": [-58.3772222222222, -34.6130555555556]}, "properties": {"series_id": 8891, "station_id": 2706, "station": "ZEstacion de prueba 9003", "river": "", "variable": "Altura hidrométrica", "var_id": 2, "unit": "", "network": "sat2", "province": "", "procedure": "", "live": true, "percentiles": ""}}, {"type": "Feature", "geometry": {"type": "Point", "coordinates": [-58.3772222222222, -34.6130555555556]}, "properties": {"series_id": 9082, "station_id": 2706, "station": "ZEstacion de prueba 9003", "river": "", "variable": "precipitación horaria", "var_id": 31, "unit": "", "network": "sat2", "province": "", "procedure": "", "live": true, "percentiles": ""}}, {"type": "Feature", "geometry": {"type": "Point", "coordinates": [-56.5422222222222, -28.4166666666667]}, "properties": {"series_id": 26561, "station_id": 2731, "station": "Aguapey - La Sirena", "river": "", "variable": "Altura hidrométrica media diaria", "var_id": 39, "unit": "", "network": "sat2", "province": "", "procedure": "", "live": true, "percentiles": ""}}, {"type": "Feature", "geometry": {"type": "Point", "coordinates": [-68.8747222222222, -35.0986111111111]}, "properties": {"series_id": 9014, "station_id": 2732, "station": "Atuel - La Angostura", "river": "", "variable": "precipitación diaria 12Z", "var_id": 1, "unit": "", "network": "sat2", "province": "", "procedure": "", "live": true, "percentiles": ""}}, {"type": "Feature", "geometry": {"type": "Point", "coordinates": [-68.8747222222222, -35.0986111111111]}, "properties": {"series_id": 9192, "station_id": 2732, "station": "Atuel - La Angostura", "river": "", "variable": "Altura hidrométrica", "var_id": 2, "unit": "", "network": "sat2", "province": "", "procedure": "", "live": true, "percentiles": ""}}, {"type": "Feature", "geometry": {"type": "Point", "coordinates": [-68.8747222222222, -35.0986111111111]}, "properties": {"series_id": 28340, "station_id": 2732, "station": "Atuel - La Angostura", "river": "", "variable": "Altura hidrométrica media mensual", "var_id": 33, "unit": "", "network": "sat2", "province": "", "procedure": "", "live": true, "percentiles": ""}}, {"type": "Feature", "geometry": {"type": "Point", "coordinates": [-65.2675, -22.4044444444444]}, "properties": {"series_id": 9396, "station_id": 2741, "station": "Iruya - Tuc Tuca", "river": "", "variable": "precipitación diaria 12Z", "var_id": 1, "unit": "", "network": "sat2", "province": "", "procedure": "", "live": true, "percentiles": ""}}, {"type": "Feature", "geometry": {"type": "Point", "coordinates": [-65.2675, -22.4044444444444]}, "properties": {"series_id": 9397, "station_id": 2741, "station": "Iruya - Tuc Tuca", "river": "", "variable": "precipitación horaria", "var_id": 31, "unit": "", "network": "sat2", "province": "", "procedure": "", "live": true, "percentiles": ""}}, {"type": "Feature", "geometry": {"type": "Point", "coordinates": [-68.595, -34.6613888888889]}, "properties": {"series_id": 8998, "station_id": 2749, "station": "Diamante - El Tigre", "river": "", "variable": "precipitación diaria 12Z", "var_id": 1, "unit": "", "network": "sat2", "province": "", "procedure": "", "live": true, "percentiles": false}}, {"type": "Feature", "geometry": {"type": "Point", "coordinates": [-68.595, -34.6613888888889]}, "properties": {"series_id": 32303, "station_id": 2749, "station": "Diamante - El Tigre", "river": "", "variable": "Altura hidrométrica", "var_id": 2, "unit": "", "network": "sat2", "province": "", "procedure": "", "live": true, "percentiles": ""}}, {"type": "Feature", "geometry": {"type": "Point", "coordinates": [-68.595, -34.6613888888889]}, "properties": {"series_id": 8999, "station_id": 2749, "station": "Diamante - El Tigre", "river": "", "variable": "precipitación horaria", "var_id": 31, "unit": "", "network": "sat2", "province": "", "procedure": "", "live": true, "percentiles": ""}}, {"type": "Feature", "geometry": {"type": "Point", "coordinates": [-68.595, -34.6613888888889]}, "properties": {"series_id": 37866, "station_id": 2749, "station": "Diamante - El Tigre", "river": "", "variable": "Altura hidrométrica media diaria", "var_id": 39, "unit": "", "network": "sat2", "province": "", "procedure": "", "live": true, "percentiles": ""}}, {"type": "Feature", "geometry": {"type": "Point", "coordinates": [-71.7247222222222, -42.1055555555556]}, "properties": {"series_id": 28342, "station_id": 2762, "station": "Puelo - Hito fronterizo", "river": "", "variable": "Altura hidrométrica media mensual", "var_id": 33, "unit": "", "network": "sat2", "province": "", "procedure": "", "live": true, "percentiles": ""}}, {"type": "Feature", "geometry": {"type": "Point", "coordinates": [-71.7247222222222, -42.1055555555556]}, "properties": {"series_id": 26564, "station_id": 2762, "station": "Puelo - Hito fronterizo", "river": "", "variable": "Altura hidrométrica media diaria", "var_id": 39, "unit": "", "network": "sat2", "province": "", "procedure": "", "live": true, "percentiles": ""}}, {"type": "Feature", "geometry": {"type": "Point", "coordinates": [-64.8527777777778, -31.6911111111111]}, "properties": {"series_id": 26565, "station_id": 2776, "station": "PN Trinidad - Condorito ", "river": "", "variable": "Altura hidrométrica media diaria", "var_id": 39, "unit": "", "network": "sat2", "province": "", "procedure": "", "live": true, "percentiles": ""}}, {"type": "Feature", "geometry": {"type": "Point", "coordinates": [-69.2588888888889, -45.4797222222222]}, "properties": {"series_id": 28344, "station_id": 2806, "station": "Lago Muster - Fortín", "river": "", "variable": "Altura hidrométrica media mensual", "var_id": 33, "unit": "", "network": "sat2", "province": "", "procedure": "", "live": true, "percentiles": ""}}, {"type": "Feature", "geometry": {"type": "Point", "coordinates": [-63.7244444444444, -26.3741666666667]}, "properties": {"series_id": 9547, "station_id": 2807, "station": "Salado - El Arenal", "river": "", "variable": "Altura hidrométrica", "var_id": 2, "unit": "", "network": "sat2", "province": "", "procedure": "", "live": true, "percentiles": ""}}, {"type": "Feature", "geometry": {"type": "Point", "coordinates": [-69.6825, -35.5527777777778]}, "properties": {"series_id": 9541, "station_id": 2808, "station": "Malargue - La Barda", "river": "", "variable": "Altura hidrométrica", "var_id": 2, "unit": "", "network": "sat2", "province": "", "procedure": "", "live": true, "percentiles": ""}}, {"type": "Feature", "geometry": {"type": "Point", "coordinates": [-69.6825, -35.5527777777778]}, "properties": {"series_id": 26568, "station_id": 2808, "station": "Malargue - La Barda", "river": "", "variable": "Altura hidrométrica media diaria", "var_id": 39, "unit": "", "network": "sat2", "province": "", "procedure": "", "live": true, "percentiles": ""}}, {"type": "Feature", "geometry": {"type": "Point", "coordinates": [-63.645, -34.7627777777778]}, "properties": {"series_id": 9549, "station_id": 2809, "station": "Quinto - RP Nº26", "river": "", "variable": "Altura hidrométrica", "var_id": 2, "unit": "", "network": "sat2", "province": "", "procedure": "", "live": true, "percentiles": false}}, {"type": "Feature", "geometry": {"type": "Point", "coordinates": [-63.645, -34.7627777777778]}, "properties": {"series_id": 28347, "station_id": 2809, "station": "Quinto - RP Nº26", "river": "", "variable": "Altura hidrométrica media mensual", "var_id": 33, "unit": "", "network": "sat2", "province": "", "procedure": "", "live": true, "percentiles": ""}}, {"type": "Feature", "geometry": {"type": "Point", "coordinates": [-64.0461111111111, -25.3441666666667]}, "properties": {"series_id": 9196, "station_id": 2810, "station": "Río Juramento El Quebrachal", "river": "", "variable": "Altura hidrométrica", "var_id": 2, "unit": "", "network": "sat2", "province": "", "procedure": "", "live": true, "percentiles": ""}}, {"type": "Feature", "geometry": {"type": "Point", "coordinates": [-68.1705555555556, -38.7247222222222]}, "properties": {"series_id": 9459, "station_id": 2811, "station": "Río Neuquén - Dique Ballester", "river": "", "variable": "Altura hidrométrica", "var_id": 2, "unit": "", "network": "sat2", "province": "", "procedure": "", "live": true, "percentiles": ""}}, {"type": "Feature", "geometry": {"type": "Point", "coordinates": [-68.1705555555556, -38.7247222222222]}, "properties": {"series_id": 28349, "station_id": 2811, "station": "Río Neuquén - Dique Ballester", "river": "", "variable": "Altura hidrométrica media mensual", "var_id": 33, "unit": "", "network": "sat2", "province": "", "procedure": "", "live": true, "percentiles": ""}}, {"type": "Feature", "geometry": {"type": "Point", "coordinates": [-72.8694444444444, -49.3944444444444]}, "properties": {"series_id": 9553, "station_id": 2812, "station": "Lago Viedma - Lago Viedma", "river": "", "variable": "Altura hidrométrica", "var_id": 2, "unit": "", "network": "sat2", "province": "", "procedure": "", "live": true, "percentiles": ""}}, {"type": "Feature", "geometry": {"type": "Point", "coordinates": [-72.8694444444444, -49.3944444444444]}, "properties": {"series_id": 26572, "station_id": 2812, "station": "Lago Viedma - Lago Viedma", "river": "", "variable": "Altura hidrométrica media diaria", "var_id": 39, "unit": "", "network": "sat2", "province": "", "procedure": "", "live": true, "percentiles": ""}}, {"type": "Feature", "geometry": {"type": "Point", "coordinates": [-57.2363888888889, -28.9166666666667]}, "properties": {"series_id": 9542, "station_id": 2813, "station": "Miriñay - Paso Mesa", "river": "", "variable": "Altura hidrométrica", "var_id": 2, "unit": "", "network": "sat2", "province": "", "procedure": "", "live": true, "percentiles": ""}}, {"type": "Feature", "geometry": {"type": "Point", "coordinates": [-57.2363888888889, -28.9166666666667]}, "properties": {"series_id": 26573, "station_id": 2813, "station": "Miriñay - Paso Mesa", "river": "", "variable": "Altura hidrométrica media diaria", "var_id": 39, "unit": "", "network": "sat2", "province": "", "procedure": "", "live": true, "percentiles": ""}}, {"type": "Feature", "geometry": {"type": "Point", "coordinates": [-64.5922222222222, -25.3933333333333]}, "properties": {"series_id": 9546, "station_id": 2814, "station": "Río Metan - Desembocadura", "river": "", "variable": "Altura hidrométrica", "var_id": 2, "unit": "", "network": "sat2", "province": "", "procedure": "", "live": true, "percentiles": ""}}, {"type": "Feature", "geometry": {"type": "Point", "coordinates": [-64.5922222222222, -25.3933333333333]}, "properties": {"series_id": 26574, "station_id": 2814, "station": "Río Metan - Desembocadura", "river": "", "variable": "Altura hidrométrica media diaria", "var_id": 39, "unit": "", "network": "sat2", "province": "", "procedure": "", "live": true, "percentiles": ""}}, {"type": "Feature", "geometry": {"type": "Point", "coordinates": [-71.4275, -42.5111111111111]}, "properties": {"series_id": 9435, "station_id": 2817, "station": "Carrenleufú - Cholila MET", "river": "", "variable": "precipitación horaria", "var_id": 31, "unit": "", "network": "sat2", "province": "", "procedure": "", "live": true, "percentiles": ""}}, {"type": "Feature", "geometry": {"type": "Point", "coordinates": [-61.7138888888889, -25.9227777777778]}, "properties": {"series_id": 9087, "station_id": 2819, "station": "PN Copo  - El Aibal ", "river": "", "variable": "precipitación horaria", "var_id": 31, "unit": "", "network": "sat2", "province": "", "procedure": "", "live": true, "percentiles": ""}}, {"type": "Feature", "geometry": {"type": "Point", "coordinates": [-60.1088888888889, -35.0880555555556]}, "properties": {"series_id": 9409, "station_id": 2821, "station": "Río Salado RP Nº 51 - Achupall", "river": "", "variable": "Altura hidrométrica", "var_id": 2, "unit": "", "network": "sat2", "province": "", "procedure": "", "live": true, "percentiles": ""}}, {"type": "Feature", "geometry": {"type": "Point", "coordinates": [-60.1088888888889, -35.0880555555556]}, "properties": {"series_id": 28353, "station_id": 2821, "station": "Río Salado RP Nº 51 - Achupall", "river": "", "variable": "Altura hidrométrica media mensual", "var_id": 33, "unit": "", "network": "sat2", "province": "", "procedure": "", "live": true, "percentiles": ""}}, {"type": "Feature", "geometry": {"type": "Point", "coordinates": [-60.1088888888889, -35.0880555555556]}, "properties": {"series_id": 26575, "station_id": 2821, "station": "Río Salado RP Nº 51 - Achupall", "river": "", "variable": "Altura hidrométrica media diaria", "var_id": 39, "unit": "", "network": "sat2", "province": "", "procedure": "", "live": true, "percentiles": ""}}, {"type": "Feature", "geometry": {"type": "Point", "coordinates": [-62.2163888888889, -22.65]}, "properties": {"series_id": 9019, "station_id": 2822, "station": "Pilcomayo - El Raúl", "river": "", "variable": "Altura hidrométrica", "var_id": 2, "unit": "", "network": "sat2", "province": "", "procedure": "", "live": true, "percentiles": ""}}, {"type": "Feature", "geometry": {"type": "Point", "coordinates": [-62.2163888888889, -22.65]}, "properties": {"series_id": 28354, "station_id": 2822, "station": "Pilcomayo - El Raúl", "river": "", "variable": "Altura hidrométrica media mensual", "var_id": 33, "unit": "", "network": "sat2", "province": "", "procedure": "", "live": true, "percentiles": ""}}, {"type": "Feature", "geometry": {"type": "Point", "coordinates": [-62.2163888888889, -22.65]}, "properties": {"series_id": 26576, "station_id": 2822, "station": "Pilcomayo - El Raúl", "river": "", "variable": "Altura hidrométrica media diaria", "var_id": 39, "unit": "", "network": "sat2", "province": "", "procedure": "", "live": true, "percentiles": ""}}, {"type": "Feature", "geometry": {"type": "Point", "coordinates": [-62.2163888888889, -22.65]}, "properties": {"series_id": 35948, "station_id": 2822, "station": "Pilcomayo - El Raúl", "river": "", "variable": "Caudal medio diario", "var_id": 40, "unit": "", "network": "sat2", "province": "", "procedure": "", "live": true, "percentiles": ""}}, {"type": "Feature", "geometry": {"type": "Point", "coordinates": [-65.2372222222222, -25.2677777777778]}, "properties": {"series_id": 9410, "station_id": 2823, "station": "Juramento - Cabra Corral", "river": "", "variable": "Altura hidrométrica", "var_id": 2, "unit": "", "network": "sat2", "province": "", "procedure": "", "live": true, "percentiles": ""}}, {"type": "Feature", "geometry": {"type": "Point", "coordinates": [-70.3111111111111, -35.3241666666667]}, "properties": {"series_id": 9197, "station_id": 2824, "station": "Valenzuela - Valle Noble", "river": "", "variable": "Altura hidrométrica", "var_id": 2, "unit": "", "network": "sat2", "province": "", "procedure": "", "live": true, "percentiles": ""}}, {"type": "Feature", "geometry": {"type": "Point", "coordinates": [-70.3111111111111, -35.3241666666667]}, "properties": {"series_id": 26578, "station_id": 2824, "station": "Valenzuela - Valle Noble", "river": "", "variable": "Altura hidrométrica media diaria", "var_id": 39, "unit": "", "network": "sat2", "province": "", "procedure": "", "live": true, "percentiles": ""}}, {"type": "Feature", "geometry": {"type": "Point", "coordinates": [-59.0905555555556, -28.9877777777778]}, "properties": {"series_id": 9108, "station_id": 2825, "station": "Santa Lucia - Santa Lucia", "river": "", "variable": "Altura hidrométrica", "var_id": 2, "unit": "", "network": "sat2", "province": "", "procedure": "", "live": true, "percentiles": ""}}, {"type": "Feature", "geometry": {"type": "Point", "coordinates": [-59.0905555555556, -28.9877777777778]}, "properties": {"series_id": 28357, "station_id": 2825, "station": "Santa Lucia - Santa Lucia", "river": "", "variable": "Altura hidrométrica media mensual", "var_id": 33, "unit": "", "network": "sat2", "province": "", "procedure": "", "live": true, "percentiles": ""}}, {"type": "Feature", "geometry": {"type": "Point", "coordinates": [-59.0905555555556, -28.9877777777778]}, "properties": {"series_id": 26579, "station_id": 2825, "station": "Santa Lucia - Santa Lucia", "river": "", "variable": "Altura hidrométrica media diaria", "var_id": 39, "unit": "", "network": "sat2", "province": "", "procedure": "", "live": true, "percentiles": ""}}, {"type": "Feature", "geometry": {"type": "Point", "coordinates": [-62.2133333333333, -22.7280555555556]}, "properties": {"series_id": 28358, "station_id": 2826, "station": "Pilcomayo - Puesto Jerez", "river": "", "variable": "Altura hidrométrica media mensual", "var_id": 33, "unit": "", "network": "sat2", "province": "", "procedure": "", "live": true, "percentiles": ""}}, {"type": "Feature", "geometry": {"type": "Point", "coordinates": [-62.2133333333333, -22.7280555555556]}, "properties": {"series_id": 26580, "station_id": 2826, "station": "Pilcomayo - Puesto Jerez", "river": "", "variable": "Altura hidrométrica media diaria", "var_id": 39, "unit": "", "network": "sat2", "province": "", "procedure": "", "live": true, "percentiles": ""}}, {"type": "Feature", "geometry": {"type": "Point", "coordinates": [-59.1308333333333, -27.5413888888889]}, "properties": {"series_id": 9020, "station_id": 2828, "station": "Río Salado RN Nº 11", "river": "", "variable": "Altura hidrométrica", "var_id": 2, "unit": "", "network": "sat2", "province": "", "procedure": "", "live": true, "percentiles": ""}}, {"type": "Feature", "geometry": {"type": "Point", "coordinates": [-59.1308333333333, -27.5413888888889]}, "properties": {"series_id": 28359, "station_id": 2828, "station": "Río Salado RN Nº 11", "river": "", "variable": "Altura hidrométrica media mensual", "var_id": 33, "unit": "", "network": "sat2", "province": "", "procedure": "", "live": true, "percentiles": ""}}, {"type": "Feature", "geometry": {"type": "Point", "coordinates": [-59.1308333333333, -27.5413888888889]}, "properties": {"series_id": 26581, "station_id": 2828, "station": "Río Salado RN Nº 11", "river": "", "variable": "Altura hidrométrica media diaria", "var_id": 39, "unit": "", "network": "sat2", "province": "", "procedure": "", "live": true, "percentiles": ""}}, {"type": "Feature", "geometry": {"type": "Point", "coordinates": [-58.9, -33.8830555555556]}, "properties": {"series_id": 9442, "station_id": 2830, "station": "Paraná Guazú - Brazo Largo", "river": "Paraná Guazú", "variable": "Altura hidrométrica", "var_id": 2, "unit": "", "network": "sat2", "province": "", "procedure": "", "live": true, "percentiles": ""}}, {"type": "Feature", "geometry": {"type": "Point", "coordinates": [-58.9, -33.8830555555556]}, "properties": {"series_id": 29447, "station_id": 2830, "station": "Paraná Guazú - Brazo Largo", "river": "Paraná Guazú", "variable": "Caudal", "var_id": 4, "unit": "", "network": "sat2", "province": "", "procedure": "", "live": true, "percentiles": ""}}, {"type": "Feature", "geometry": {"type": "Point", "coordinates": [-69.9477777777778, -45.3191666666667]}, "properties": {"series_id": 9411, "station_id": 2831, "station": "Senguerr - Facundo", "river": "", "variable": "Altura hidrométrica", "var_id": 2, "unit": "", "network": "sat2", "province": "", "procedure": "", "live": true, "percentiles": ""}}, {"type": "Feature", "geometry": {"type": "Point", "coordinates": [-69.9477777777778, -45.3191666666667]}, "properties": {"series_id": 26584, "station_id": 2831, "station": "Senguerr - Facundo", "river": "", "variable": "Altura hidrométrica media diaria", "var_id": 39, "unit": "", "network": "sat2", "province": "", "procedure": "", "live": true, "percentiles": ""}}, {"type": "Feature", "geometry": {"type": "Point", "coordinates": [-58.5583333333333, -28.995]}, "properties": {"series_id": 9021, "station_id": 2832, "station": "Corriente - Paso Lucero", "river": "", "variable": "Altura hidrométrica", "var_id": 2, "unit": "", "network": "sat2", "province": "", "procedure": "", "live": true, "percentiles": ""}}, {"type": "Feature", "geometry": {"type": "Point", "coordinates": [-58.5583333333333, -28.995]}, "properties": {"series_id": 26585, "station_id": 2832, "station": "Corriente - Paso Lucero", "river": "", "variable": "Altura hidrométrica media diaria", "var_id": 39, "unit": "", "network": "sat2", "province": "", "procedure": "", "live": true, "percentiles": ""}}, {"type": "Feature", "geometry": {"type": "Point", "coordinates": [-58.5583333333333, -28.995]}, "properties": {"series_id": 35429, "station_id": 2832, "station": "Corriente - Paso Lucero", "river": "", "variable": "Caudal medio diario", "var_id": 40, "unit": "", "network": "sat2", "province": "", "procedure": "", "live": true, "percentiles": ""}}, {"type": "Feature", "geometry": {"type": "Point", "coordinates": [-60.425, -31.4947222222222]}, "properties": {"series_id": 28364, "station_id": 2833, "station": "Aº Leyes - RP Nº 1", "river": "", "variable": "Altura hidrométrica media mensual", "var_id": 33, "unit": "", "network": "sat2", "province": "", "procedure": "", "live": true, "percentiles": ""}}, {"type": "Feature", "geometry": {"type": "Point", "coordinates": [-71.4227777777778, -42.2083333333333]}, "properties": {"series_id": 9443, "station_id": 2834, "station": "Lago Epuyen - Muelle", "river": "", "variable": "Altura hidrométrica", "var_id": 2, "unit": "", "network": "sat2", "province": "", "procedure": "", "live": true, "percentiles": false}}, {"type": "Feature", "geometry": {"type": "Point", "coordinates": [-71.4227777777778, -42.2083333333333]}, "properties": {"series_id": 28365, "station_id": 2834, "station": "Lago Epuyen - Muelle", "river": "", "variable": "Altura hidrométrica media mensual", "var_id": 33, "unit": "", "network": "sat2", "province": "", "procedure": "", "live": true, "percentiles": ""}}, {"type": "Feature", "geometry": {"type": "Point", "coordinates": [-71.4227777777778, -42.2083333333333]}, "properties": {"series_id": 26587, "station_id": 2834, "station": "Lago Epuyen - Muelle", "river": "", "variable": "Altura hidrométrica media diaria", "var_id": 39, "unit": "", "network": "sat2", "province": "", "procedure": "", "live": true, "percentiles": ""}}, {"type": "Feature", "geometry": {"type": "Point", "coordinates": [-63.2447222222222, -32.4219444444444]}, "properties": {"series_id": 9400, "station_id": 2835, "station": "Río Tercero - Villa María", "river": "", "variable": "Altura hidrométrica", "var_id": 2, "unit": "", "network": "sat2", "province": "", "procedure": "", "live": true, "percentiles": ""}}, {"type": "Feature", "geometry": {"type": "Point", "coordinates": [-63.2447222222222, -32.4219444444444]}, "properties": {"series_id": 28366, "station_id": 2835, "station": "Río Tercero - Villa María", "river": "", "variable": "Altura hidrométrica media mensual", "var_id": 33, "unit": "", "network": "sat2", "province": "", "procedure": "", "live": true, "percentiles": ""}}, {"type": "Feature", "geometry": {"type": "Point", "coordinates": [-63.2447222222222, -32.4219444444444]}, "properties": {"series_id": 26588, "station_id": 2835, "station": "Río Tercero - Villa María", "river": "", "variable": "Altura hidrométrica media diaria", "var_id": 39, "unit": "", "network": "sat2", "province": "", "procedure": "", "live": true, "percentiles": false}}, {"type": "Feature", "geometry": {"type": "Point", "coordinates": [-59.3244444444444, -30.2172222222222]}, "properties": {"series_id": 9200, "station_id": 2836, "station": "Aº Barrancas - Paso La Llana", "river": "", "variable": "Altura hidrométrica", "var_id": 2, "unit": "", "network": "sat2", "province": "", "procedure": "", "live": true, "percentiles": ""}}, {"type": "Feature", "geometry": {"type": "Point", "coordinates": [-59.3244444444444, -30.2172222222222]}, "properties": {"series_id": 28367, "station_id": 2836, "station": "Aº Barrancas - Paso La Llana", "river": "", "variable": "Altura hidrométrica media mensual", "var_id": 33, "unit": "", "network": "sat2", "province": "", "procedure": "", "live": true, "percentiles": ""}}, {"type": "Feature", "geometry": {"type": "Point", "coordinates": [-59.3244444444444, -30.2172222222222]}, "properties": {"series_id": 26589, "station_id": 2836, "station": "Aº Barrancas - Paso La Llana", "river": "", "variable": "Altura hidrométrica media diaria", "var_id": 39, "unit": "", "network": "sat2", "province": "", "procedure": "", "live": true, "percentiles": ""}}, {"type": "Feature", "geometry": {"type": "Point", "coordinates": [-59.7638888888889, -32.3947222222222]}, "properties": {"series_id": 9412, "station_id": 2837, "station": "Nogoya - RN Nº12", "river": "", "variable": "Altura hidrométrica", "var_id": 2, "unit": "", "network": "sat2", "province": "", "procedure": "", "live": true, "percentiles": ""}}, {"type": "Feature", "geometry": {"type": "Point", "coordinates": [-59.7638888888889, -32.3947222222222]}, "properties": {"series_id": 26590, "station_id": 2837, "station": "Nogoya - RN Nº12", "river": "", "variable": "Altura hidrométrica media diaria", "var_id": 39, "unit": "", "network": "sat2", "province": "", "procedure": "", "live": true, "percentiles": ""}}, {"type": "Feature", "geometry": {"type": "Point", "coordinates": [-59.5747222222222, -35.4594444444445]}, "properties": {"series_id": 9022, "station_id": 2838, "station": "Aº Saladillo - RN Nº205", "river": "", "variable": "Altura hidrométrica", "var_id": 2, "unit": "", "network": "sat2", "province": "", "procedure": "", "live": true, "percentiles": false}}, {"type": "Feature", "geometry": {"type": "Point", "coordinates": [-59.5747222222222, -35.4594444444445]}, "properties": {"series_id": 26591, "station_id": 2838, "station": "Aº Saladillo - RN Nº205", "river": "", "variable": "Altura hidrométrica media diaria", "var_id": 39, "unit": "", "network": "sat2", "province": "", "procedure": "", "live": true, "percentiles": ""}}, {"type": "Feature", "geometry": {"type": "Point", "coordinates": [-63.3091666666667, -33.4155555555556]}, "properties": {"series_id": 9473, "station_id": 2840, "station": "Río Cuarto - La Carlota", "river": "", "variable": "precipitación horaria", "var_id": 31, "unit": "", "network": "sat2", "province": "", "procedure": "", "live": true, "percentiles": ""}}, {"type": "Feature", "geometry": {"type": "Point", "coordinates": [-59.1961111111111, -27.2633333333333]}, "properties": {"series_id": 9485, "station_id": 2841, "station": "Río Negro - Laguna Blanca", "river": "", "variable": "precipitación horaria", "var_id": 31, "unit": "", "network": "sat2", "province": "", "procedure": "", "live": true, "percentiles": ""}}, {"type": "Feature", "geometry": {"type": "Point", "coordinates": [-71.8719444444444, -47.5113888888889]}, "properties": {"series_id": 9492, "station_id": 2842, "station": "Lago Posadas - Posadas", "river": "", "variable": "Altura hidrométrica", "var_id": 2, "unit": "", "network": "sat2", "province": "", "procedure": "", "live": true, "percentiles": ""}}, {"type": "Feature", "geometry": {"type": "Point", "coordinates": [-72.7338888888889, -50.3997222222222]}, "properties": {"series_id": 9493, "station_id": 2843, "station": "Mitre - Ruta Prov. Nº11", "river": "", "variable": "Altura hidrométrica", "var_id": 2, "unit": "", "network": "sat2", "province": "", "procedure": "", "live": true, "percentiles": ""}}, {"type": "Feature", "geometry": {"type": "Point", "coordinates": [-72.7338888888889, -50.3997222222222]}, "properties": {"series_id": 28373, "station_id": 2843, "station": "Mitre - Ruta Prov. Nº11", "river": "", "variable": "Altura hidrométrica media mensual", "var_id": 33, "unit": "", "network": "sat2", "province": "", "procedure": "", "live": true, "percentiles": ""}}, {"type": "Feature", "geometry": {"type": "Point", "coordinates": [-71.9680555555556, -47.3758333333333]}, "properties": {"series_id": 9494, "station_id": 2844, "station": "Lago Pueyrredón - Pueyrredón", "river": "", "variable": "Altura hidrométrica", "var_id": 2, "unit": "", "network": "sat2", "province": "", "procedure": "", "live": true, "percentiles": ""}}, {"type": "Feature", "geometry": {"type": "Point", "coordinates": [-71.9680555555556, -47.3758333333333]}, "properties": {"series_id": 26596, "station_id": 2844, "station": "Lago Pueyrredón - Pueyrredón", "river": "", "variable": "Altura hidrométrica media diaria", "var_id": 39, "unit": "", "network": "sat2", "province": "", "procedure": "", "live": true, "percentiles": ""}}, {"type": "Feature", "geometry": {"type": "Point", "coordinates": [-72.4855555555555, -49.1238888888889]}, "properties": {"series_id": 9495, "station_id": 2845, "station": "Lago San Martín - Brazo Chacab", "river": "", "variable": "Altura hidrométrica", "var_id": 2, "unit": "", "network": "sat2", "province": "", "procedure": "", "live": true, "percentiles": ""}}, {"type": "Feature", "geometry": {"type": "Point", "coordinates": [-72.4855555555555, -49.1238888888889]}, "properties": {"series_id": 28375, "station_id": 2845, "station": "Lago San Martín - Brazo Chacab", "river": "", "variable": "Altura hidrométrica media mensual", "var_id": 33, "unit": "", "network": "sat2", "province": "", "procedure": "", "live": true, "percentiles": ""}}, {"type": "Feature", "geometry": {"type": "Point", "coordinates": [-72.4855555555555, -49.1238888888889]}, "properties": {"series_id": 26597, "station_id": 2845, "station": "Lago San Martín - Brazo Chacab", "river": "", "variable": "Altura hidrométrica media diaria", "var_id": 39, "unit": "", "network": "sat2", "province": "", "procedure": "", "live": true, "percentiles": ""}}, {"type": "Feature", "geometry": {"type": "Point", "coordinates": [-62.5236111111111, -22.3775]}, "properties": {"series_id": 32025, "station_id": 2846, "station": "Pilcomayo - Misión La Paz", "river": "", "variable": "Altura hidrométrica", "var_id": 2, "unit": "", "network": "sat2", "province": "", "procedure": "", "live": true, "percentiles": ""}}, {"type": "Feature", "geometry": {"type": "Point", "coordinates": [-62.5236111111111, -22.3775]}, "properties": {"series_id": 9501, "station_id": 2846, "station": "Pilcomayo - Misión La Paz", "river": "", "variable": "precipitación horaria", "var_id": 31, "unit": "", "network": "sat2", "province": "", "procedure": "", "live": true, "percentiles": ""}}, {"type": "Feature", "geometry": {"type": "Point", "coordinates": [-62.5236111111111, -22.3775]}, "properties": {"series_id": 37849, "station_id": 2846, "station": "Pilcomayo - Misión La Paz", "river": "", "variable": "Altura hidrométrica media diaria", "var_id": 39, "unit": "", "network": "sat2", "province": "", "procedure": "", "live": true, "percentiles": ""}}, {"type": "Feature", "geometry": {"type": "Point", "coordinates": [-58.1752777777778, -25.1233333333333]}, "properties": {"series_id": 9511, "station_id": 2847, "station": "PN Pilcomayo - Piquete del 8", "river": "", "variable": "precipitación diaria 12Z", "var_id": 1, "unit": "", "network": "sat2", "province": "", "procedure": "", "live": true, "percentiles": ""}}, {"type": "Feature", "geometry": {"type": "Point", "coordinates": [-69.4122222222222, -38.5316666666667]}, "properties": {"series_id": 34138, "station_id": 2848, "station": "Neuquén - Paso de Indios MET", "river": "", "variable": "Altura hidrométrica", "var_id": 2, "unit": "", "network": "sat2", "province": "", "procedure": "", "live": true, "percentiles": ""}}, {"type": "Feature", "geometry": {"type": "Point", "coordinates": [-69.4122222222222, -38.5316666666667]}, "properties": {"series_id": 9523, "station_id": 2848, "station": "Neuquén - Paso de Indios MET", "river": "", "variable": "precipitación horaria", "var_id": 31, "unit": "", "network": "sat2", "province": "", "procedure": "", "live": true, "percentiles": ""}}, {"type": "Feature", "geometry": {"type": "Point", "coordinates": [-69.4122222222222, -38.5316666666667]}, "properties": {"series_id": 38154, "station_id": 2848, "station": "Neuquén - Paso de Indios MET", "river": "", "variable": "Altura hidrométrica media diaria", "var_id": 39, "unit": "", "network": "sat2", "province": "", "procedure": "", "live": true, "percentiles": ""}}, {"type": "Feature", "geometry": {"type": "Point", "coordinates": [-65.635, -37.885]}, "properties": {"series_id": 9533, "station_id": 2849, "station": "PN Lihué Calel - El Once", "river": "", "variable": "precipitación diaria 12Z", "var_id": 1, "unit": "", "network": "sat2", "province": "", "procedure": "", "live": true, "percentiles": ""}}, {"type": "Feature", "geometry": {"type": "Point", "coordinates": [-59.2702777777778, -33.1005555555556]}, "properties": {"series_id": 9550, "station_id": 2853, "station": "Gualeguay - Paso Alonso", "river": "", "variable": "Altura hidrométrica", "var_id": 2, "unit": "", "network": "sat2", "province": "", "procedure": "", "live": true, "percentiles": ""}}, {"type": "Feature", "geometry": {"type": "Point", "coordinates": [-59.2702777777778, -33.1005555555556]}, "properties": {"series_id": 28376, "station_id": 2853, "station": "Gualeguay - Paso Alonso", "river": "", "variable": "Altura hidrométrica media mensual", "var_id": 33, "unit": "", "network": "sat2", "province": "", "procedure": "", "live": true, "percentiles": ""}}, {"type": "Feature", "geometry": {"type": "Point", "coordinates": [-59.2702777777778, -33.1005555555556]}, "properties": {"series_id": 26598, "station_id": 2853, "station": "Gualeguay - Paso Alonso", "river": "", "variable": "Altura hidrométrica media diaria", "var_id": 39, "unit": "", "network": "sat2", "province": "", "procedure": "", "live": true, "percentiles": ""}}, {"type": "Feature", "geometry": {"type": "Point", "coordinates": [-58.5697222222222, -27.5105555555556]}, "properties": {"series_id": 9551, "station_id": 2854, "station": "Aº Riachuelo - RP Nº5", "river": "", "variable": "Altura hidrométrica", "var_id": 2, "unit": "", "network": "sat2", "province": "", "procedure": "", "live": true, "percentiles": ""}}, {"type": "Feature", "geometry": {"type": "Point", "coordinates": [-58.5697222222222, -27.5105555555556]}, "properties": {"series_id": 28377, "station_id": 2854, "station": "Aº Riachuelo - RP Nº5", "river": "", "variable": "Altura hidrométrica media mensual", "var_id": 33, "unit": "", "network": "sat2", "province": "", "procedure": "", "live": true, "percentiles": ""}}, {"type": "Feature", "geometry": {"type": "Point", "coordinates": [-58.5697222222222, -27.5105555555556]}, "properties": {"series_id": 26599, "station_id": 2854, "station": "Aº Riachuelo - RP Nº5", "river": "", "variable": "Altura hidrométrica media diaria", "var_id": 39, "unit": "", "network": "sat2", "province": "", "procedure": "", "live": true, "percentiles": ""}}, {"type": "Feature", "geometry": {"type": "Point", "coordinates": [-58.5363888888889, -35.7263888888889]}, "properties": {"series_id": 28378, "station_id": 2855, "station": "Salado - RP Nº 41", "river": "", "variable": "Altura hidrométrica media mensual", "var_id": 33, "unit": "", "network": "sat2", "province": "", "procedure": "", "live": true, "percentiles": ""}}, {"type": "Feature", "geometry": {"type": "Point", "coordinates": [-64.5397222222222, -23.7119444444444]}, "properties": {"series_id": 9559, "station_id": 2856, "station": "San Fransisco Caimancito", "river": "", "variable": "precipitación diaria 12Z", "var_id": 1, "unit": "", "network": "sat2", "province": "", "procedure": "", "live": true, "percentiles": ""}}, {"type": "Feature", "geometry": {"type": "Point", "coordinates": [-60.2947222222222, -31.6105555555556]}, "properties": {"series_id": 9570, "station_id": 2857, "station": "Paraná - Chapetón", "river": "", "variable": "precipitación diaria 12Z", "var_id": 1, "unit": "", "network": "sat2", "province": "", "procedure": "", "live": true, "percentiles": ""}}, {"type": "Feature", "geometry": {"type": "Point", "coordinates": [-58.1834, -32.70101]}, "properties": {"series_id": 9616, "station_id": 2868, "station": "Campichuelo", "river": "URUGUAY", "variable": "Altura hidrométrica", "var_id": 2, "unit": "", "network": "alturas_varios", "province": "", "procedure": "", "live": true, "percentiles": ""}}, {"type": "Feature", "geometry": {"type": "Point", "coordinates": [-57.899273, -30.994853]}, "properties": {"series_id": 18621, "station_id": 5430, "station": "Federación Embalse", "river": "Uruguay", "variable": "Altura hidrométrica", "var_id": 2, "unit": "", "network": "alturas_prefe", "province": "", "procedure": "", "live": true, "percentiles": ""}}, {"type": "Feature", "geometry": {"type": "Point", "coordinates": [-57.899273, -30.994853]}, "properties": {"series_id": 25579, "station_id": 5430, "station": "Federación Embalse", "river": "Uruguay", "variable": "Altura hidrométrica media mensual", "var_id": 33, "unit": "", "network": "alturas_prefe", "province": "", "procedure": "", "live": true, "percentiles": false}}, {"type": "Feature", "geometry": {"type": "Point", "coordinates": [-57.899273, -30.994853]}, "properties": {"series_id": 26601, "station_id": 5430, "station": "Federación Embalse", "river": "Uruguay", "variable": "Altura hidrométrica media diaria", "var_id": 39, "unit": "", "network": "alturas_prefe", "province": "", "procedure": "", "live": true, "percentiles": ""}}, {"type": "Feature", "geometry": {"type": "Point", "coordinates": [-58.298648, -34.783421]}, "properties": {"series_id": 26201, "station_id": 5873, "station": "Arroyo Las Piedras - Gob. Monteverde", "river": "Cuenca Sarandí-Santo Domingo", "variable": "Altura hidrométrica", "var_id": 2, "unit": "", "network": "ina_delta", "province": "", "procedure": "", "live": true, "percentiles": ""}}, {"type": "Feature", "geometry": {"type": "Point", "coordinates": [-58.298648, -34.783421]}, "properties": {"series_id": 35413, "station_id": 5873, "station": "Arroyo Las Piedras - Gob. Monteverde", "river": "Cuenca Sarandí-Santo Domingo", "variable": "Altura hidrométrica", "var_id": 2, "unit": "", "network": "ina_delta", "province": "", "procedure": "", "live": true, "percentiles": ""}}, {"type": "Feature", "geometry": {"type": "Point", "coordinates": [-58.298648, -34.783421]}, "properties": {"series_id": 26773, "station_id": 5873, "station": "Arroyo Las Piedras - Gob. Monteverde", "river": "Cuenca Sarandí-Santo Domingo", "variable": "Altura hidrométrica media mensual", "var_id": 33, "unit": "", "network": "ina_delta", "province": "", "procedure": "", "live": true, "percentiles": ""}}, {"type": "Feature", "geometry": {"type": "Point", "coordinates": [-58.298648, -34.783421]}, "properties": {"series_id": 26602, "station_id": 5873, "station": "Arroyo Las Piedras - Gob. Monteverde", "river": "Cuenca Sarandí-Santo Domingo", "variable": "Altura hidrométrica media diaria", "var_id": 39, "unit": "", "network": "ina_delta", "province": "", "procedure": "", "live": true, "percentiles": ""}}, {"type": "Feature", "geometry": {"type": "Point", "coordinates": [-58.3234008, -34.7650541]}, "properties": {"series_id": 26603, "station_id": 5874, "station": "Arroyo San Francisco - Dr. Torre", "river": "Cuenca Sarandí-Santo Domingo", "variable": "Altura hidrométrica media diaria", "var_id": 39, "unit": "", "network": "ina_delta", "province": "", "procedure": "", "live": true, "percentiles": ""}}, {"type": "Feature", "geometry": {"type": "Point", "coordinates": [-58.835841, -34.05977]}, "properties": {"series_id": 26206, "station_id": 5876, "station": "Carabelas", "river": "Carabelas", "variable": "Altura hidrométrica", "var_id": 2, "unit": "", "network": "ina_delta", "province": "", "procedure": "", "live": true, "percentiles": ""}}, {"type": "Feature", "geometry": {"type": "Point", "coordinates": [-58.835841, -34.05977]}, "properties": {"series_id": 26775, "station_id": 5876, "station": "Carabelas", "river": "Carabelas", "variable": "Altura hidrométrica media mensual", "var_id": 33, "unit": "", "network": "ina_delta", "province": "", "procedure": "", "live": true, "percentiles": ""}}, {"type": "Feature", "geometry": {"type": "Point", "coordinates": [-61.6563305555556, -24.4332722222222]}, "properties": {"series_id": 29393, "station_id": 5888, "station": "Sauzalito", "river": "Bermejo", "variable": "Altura hidrométrica", "var_id": 2, "unit": "", "network": "alturas_bdhi", "province": "", "procedure": "", "live": true, "percentiles": ""}}, {"type": "Feature", "geometry": {"type": "Point", "coordinates": [-61.6563305555556, -24.4332722222222]}, "properties": {"series_id": 30098, "station_id": 5888, "station": "Sauzalito", "river": "Bermejo", "variable": "Altura hidrométrica media diaria", "var_id": 39, "unit": "", "network": "alturas_bdhi", "province": "", "procedure": "", "live": true, "percentiles": ""}}, {"type": "Feature", "geometry": {"type": "Point", "coordinates": [-60.6255555555556, -32.9513888888889]}, "properties": {"series_id": 29519, "station_id": 5893, "station": "Paraná - Rosario", "river": "Paraná", "variable": "Altura hidrométrica media diaria", "var_id": 39, "unit": "", "network": "sat2", "province": "", "procedure": "", "live": true, "percentiles": ""}}, {"type": "Feature", "geometry": {"type": "Point", "coordinates": [-60.1652777777778, -32.6316666666667]}, "properties": {"series_id": 29438, "station_id": 5894, "station": "Riacho Victoria - Victoria", "river": "Riacho Victoria", "variable": "Altura hidrométrica", "var_id": 2, "unit": "", "network": "sat2", "province": "", "procedure": "", "live": true, "percentiles": ""}}, {"type": "Feature", "geometry": {"type": "Point", "coordinates": [-60.1652777777778, -32.6316666666667]}, "properties": {"series_id": 29516, "station_id": 5894, "station": "Riacho Victoria - Victoria", "river": "Riacho Victoria", "variable": "Altura hidrométrica media mensual", "var_id": 33, "unit": "", "network": "sat2", "province": "", "procedure": "", "live": true, "percentiles": ""}}, {"type": "Feature", "geometry": {"type": "Point", "coordinates": [-60.1652777777778, -32.6316666666667]}, "properties": {"series_id": 29517, "station_id": 5894, "station": "Riacho Victoria - Victoria", "river": "Riacho Victoria", "variable": "Altura hidrométrica media diaria", "var_id": 39, "unit": "", "network": "sat2", "province": "", "procedure": "", "live": true, "percentiles": ""}}, {"type": "Feature", "geometry": {"type": "Point", "coordinates": [-60.645, -32.0577777777778]}, "properties": {"series_id": 29442, "station_id": 5900, "station": "Paraná - Diamante", "river": "Paraná", "variable": "Caudal", "var_id": 4, "unit": "", "network": "sat2", "province": "", "procedure": "", "live": true, "percentiles": ""}}, {"type": "Feature", "geometry": {"type": "Point", "coordinates": [-60.645, -32.0577777777778]}, "properties": {"series_id": 29515, "station_id": 5900, "station": "Paraná - Diamante", "river": "Paraná", "variable": "Altura hidrométrica media diaria", "var_id": 39, "unit": "", "network": "sat2", "province": "", "procedure": "", "live": true, "percentiles": ""}}, {"type": "Feature", "geometry": {"type": "Point", "coordinates": [-60.5175, -31.72]}, "properties": {"series_id": 29441, "station_id": 5901, "station": "Paraná - Túnel subfluvial", "river": "Paraná", "variable": "Caudal", "var_id": 4, "unit": "", "network": "sat2", "province": "", "procedure": "", "live": true, "percentiles": ""}}, {"type": "Feature", "geometry": {"type": "Point", "coordinates": [-60.5175, -31.72]}, "properties": {"series_id": 29545, "station_id": 5901, "station": "Paraná - Túnel subfluvial", "river": "Paraná", "variable": "Caudal", "var_id": 4, "unit": "", "network": "sat2", "province": "", "procedure": "", "live": true, "percentiles": ""}}, {"type": "Feature", "geometry": {"type": "Point", "coordinates": [-60.5175, -31.72]}, "properties": {"series_id": 29512, "station_id": 5901, "station": "Paraná - Túnel subfluvial", "river": "Paraná", "variable": "Altura hidrométrica media mensual", "var_id": 33, "unit": "", "network": "sat2", "province": "", "procedure": "", "live": true, "percentiles": ""}}, {"type": "Feature", "geometry": {"type": "Point", "coordinates": [-60.5175, -31.72]}, "properties": {"series_id": 29513, "station_id": 5901, "station": "Paraná - Túnel subfluvial", "river": "Paraná", "variable": "Altura hidrométrica media diaria", "var_id": 39, "unit": "", "network": "sat2", "province": "", "procedure": "", "live": true, "percentiles": ""}}, {"type": "Feature", "geometry": {"type": "Point", "coordinates": [-58.8988888888889, -34.2255555555556]}, "properties": {"series_id": 31985, "station_id": 5904, "station": "PN Ciervo de los Pantanos", "river": "null", "variable": "precipitación diaria 12Z", "var_id": 1, "unit": "", "network": "sat2", "province": "", "procedure": "", "live": true, "percentiles": ""}}, {"type": "Feature", "geometry": {"type": "Point", "coordinates": [-58.8988888888889, -34.2255555555556]}, "properties": {"series_id": 34357, "station_id": 5904, "station": "PN Ciervo de los Pantanos", "river": "null", "variable": "Altura hidrométrica", "var_id": 2, "unit": "", "network": "sat2", "province": "", "procedure": "", "live": true, "percentiles": ""}}, {"type": "Feature", "geometry": {"type": "Point", "coordinates": [-58.8988888888889, -34.2255555555556]}, "properties": {"series_id": 31986, "station_id": 5904, "station": "PN Ciervo de los Pantanos", "river": "null", "variable": "precipitación horaria", "var_id": 31, "unit": "", "network": "sat2", "province": "", "procedure": "", "live": true, "percentiles": ""}}, {"type": "Feature", "geometry": {"type": "Point", "coordinates": [-58.8988888888889, -34.2255555555556]}, "properties": {"series_id": 29511, "station_id": 5904, "station": "PN Ciervo de los Pantanos", "river": "null", "variable": "Altura hidrométrica media diaria", "var_id": 39, "unit": "", "network": "sat2", "province": "", "procedure": "", "live": true, "percentiles": ""}}, {"type": "Feature", "geometry": {"type": "Point", "coordinates": [-60.32, -33.2272222222222]}, "properties": {"series_id": 29445, "station_id": 5905, "station": "Paraná - Villa Constitución", "river": "Paraná", "variable": "Caudal", "var_id": 4, "unit": "", "network": "sat2", "province": "", "procedure": "", "live": true, "percentiles": ""}}, {"type": "Feature", "geometry": {"type": "Point", "coordinates": [-60.32, -33.2272222222222]}, "properties": {"series_id": 33148, "station_id": 5905, "station": "Paraná - Villa Constitución", "river": "Paraná", "variable": "precipitación horaria", "var_id": 31, "unit": "", "network": "sat2", "province": "", "procedure": "", "live": true, "percentiles": ""}}, {"type": "Feature", "geometry": {"type": "Point", "coordinates": [-60.32, -33.2272222222222]}, "properties": {"series_id": 29508, "station_id": 5905, "station": "Paraná - Villa Constitución", "river": "Paraná", "variable": "Altura hidrométrica media mensual", "var_id": 33, "unit": "", "network": "sat2", "province": "", "procedure": "", "live": true, "percentiles": ""}}, {"type": "Feature", "geometry": {"type": "Point", "coordinates": [-59.0088888888889, -34.1019444444444]}, "properties": {"series_id": 29534, "station_id": 5907, "station": "Paraná Las Palmas - Zárate", "river": "Paraná de las Palmas", "variable": "Altura hidrométrica", "var_id": 2, "unit": "", "network": "sat2", "province": "", "procedure": "", "live": true, "percentiles": ""}}, {"type": "Feature", "geometry": {"type": "Point", "coordinates": [-59.0088888888889, -34.1019444444444]}, "properties": {"series_id": 29446, "station_id": 5907, "station": "Paraná Las Palmas - Zárate", "river": "Paraná de las Palmas", "variable": "Caudal", "var_id": 4, "unit": "", "network": "sat2", "province": "", "procedure": "", "live": true, "percentiles": ""}}, {"type": "Feature", "geometry": {"type": "Point", "coordinates": [-59.0088888888889, -34.1019444444444]}, "properties": {"series_id": 29506, "station_id": 5907, "station": "Paraná Las Palmas - Zárate", "river": "Paraná de las Palmas", "variable": "Altura hidrométrica media mensual", "var_id": 33, "unit": "", "network": "sat2", "province": "", "procedure": "", "live": true, "percentiles": ""}}, {"type": "Feature", "geometry": {"type": "Point", "coordinates": [-59.0088888888889, -34.1019444444444]}, "properties": {"series_id": 29507, "station_id": 5907, "station": "Paraná Las Palmas - Zárate", "river": "Paraná de las Palmas", "variable": "Altura hidrométrica media diaria", "var_id": 39, "unit": "", "network": "sat2", "province": "", "procedure": "", "live": true, "percentiles": ""}}, {"type": "Feature", "geometry": {"type": "Point", "coordinates": [-60.6779722222222, -31.6301388888889]}, "properties": {"series_id": 30115, "station_id": 5910, "station": "SANTA FE - LA GUARDIA", "river": "SISTEMA SETÚBAL", "variable": "Altura hidrométrica", "var_id": 2, "unit": "", "network": "alturas_bdhi", "province": "", "procedure": "", "live": true, "percentiles": ""}}, {"type": "Feature", "geometry": {"type": "Point", "coordinates": [-60.6779722222222, -31.6301388888889]}, "properties": {"series_id": 30116, "station_id": 5910, "station": "SANTA FE - LA GUARDIA", "river": "SISTEMA SETÚBAL", "variable": "Altura hidrométrica", "var_id": 2, "unit": "", "network": "alturas_bdhi", "province": "", "procedure": "", "live": true, "percentiles": ""}}, {"type": "Feature", "geometry": {"type": "Point", "coordinates": [-60.6779722222222, -31.6301388888889]}, "properties": {"series_id": 30117, "station_id": 5910, "station": "SANTA FE - LA GUARDIA", "river": "SISTEMA SETÚBAL", "variable": "Altura hidrométrica media diaria", "var_id": 39, "unit": "", "network": "alturas_bdhi", "province": "", "procedure": "", "live": true, "percentiles": ""}}, {"type": "Feature", "geometry": {"type": "Point", "coordinates": [-60.6779722222222, -31.6301388888889]}, "properties": {"series_id": 30121, "station_id": 5910, "station": "SANTA FE - LA GUARDIA", "river": "SISTEMA SETÚBAL", "variable": "Caudal medio diario", "var_id": 40, "unit": "", "network": "alturas_bdhi", "province": "", "procedure": "", "live": true, "percentiles": ""}}, {"type": "Feature", "geometry": {"type": "Point", "coordinates": [-60.7261111111111, -32.7197222222222]}, "properties": {"series_id": 31964, "station_id": 5912, "station": "Paraná - Timbúes", "river": "", "variable": "precipitación diaria 12Z", "var_id": 1, "unit": "", "network": "sat2", "province": "", "procedure": "", "live": true, "percentiles": ""}}, {"type": "Feature", "geometry": {"type": "Point", "coordinates": [-60.7261111111111, -32.7197222222222]}, "properties": {"series_id": 30125, "station_id": 5912, "station": "Paraná - Timbúes", "river": "", "variable": "Altura hidrométrica", "var_id": 2, "unit": "", "network": "sat2", "province": "", "procedure": "", "live": true, "percentiles": ""}}, {"type": "Feature", "geometry": {"type": "Point", "coordinates": [-60.7261111111111, -32.7197222222222]}, "properties": {"series_id": 30126, "station_id": 5912, "station": "Paraná - Timbúes", "river": "", "variable": "Caudal", "var_id": 4, "unit": "", "network": "sat2", "province": "", "procedure": "", "live": true, "percentiles": ""}}, {"type": "Feature", "geometry": {"type": "Point", "coordinates": [-60.7261111111111, -32.7197222222222]}, "properties": {"series_id": 31965, "station_id": 5912, "station": "Paraná - Timbúes", "river": "", "variable": "precipitación horaria", "var_id": 31, "unit": "", "network": "sat2", "province": "", "procedure": "", "live": true, "percentiles": ""}}, {"type": "Feature", "geometry": {"type": "Point", "coordinates": [-60.7261111111111, -32.7197222222222]}, "properties": {"series_id": 30131, "station_id": 5912, "station": "Paraná - Timbúes", "river": "", "variable": "Altura hidrométrica media mensual", "var_id": 33, "unit": "", "network": "sat2", "province": "", "procedure": "", "live": true, "percentiles": ""}}, {"type": "Feature", "geometry": {"type": "Point", "coordinates": [-60.7261111111111, -32.7197222222222]}, "properties": {"series_id": 30127, "station_id": 5912, "station": "Paraná - Timbúes", "river": "", "variable": "Altura hidrométrica media diaria", "var_id": 39, "unit": "", "network": "sat2", "province": "", "procedure": "", "live": true, "percentiles": ""}}, {"type": "Feature", "geometry": {"type": "Point", "coordinates": [-60.7261111111111, -32.7197222222222]}, "properties": {"series_id": 30128, "station_id": 5912, "station": "Paraná - Timbúes", "river": "", "variable": "Caudal medio diario", "var_id": 40, "unit": "", "network": "sat2", "province": "", "procedure": "", "live": true, "percentiles": ""}}, {"type": "Feature", "geometry": {"type": "Point", "coordinates": [-58.9472905, -34.92753059]}, "properties": {"series_id": 31540, "station_id": 5954, "station": "Las Heras", "river": "", "variable": "precipitación horaria", "var_id": 31, "unit": "", "network": "red_acumar", "province": "", "procedure": "", "live": true, "percentiles": ""}}, {"type": "Feature", "geometry": {"type": "Point", "coordinates": [-58.8643, -34.17675]}, "properties": {"series_id": 31866, "station_id": 6163, "station": "INTA Delta", "river": "Paraná de las Palmas", "variable": "Altura hidrométrica", "var_id": 2, "unit": "", "network": "ina_delta", "province": "", "procedure": "", "live": true, "percentiles": ""}}, {"type": "Feature", "geometry": {"type": "Point", "coordinates": [-62.9961111111111, -30.9641666666667]}, "properties": {"series_id": 32675, "station_id": 6263, "station": "Primero (Suquía) Camino Secund", "river": "", "variable": "Altura hidrométrica", "var_id": 2, "unit": "", "network": "sat2", "province": "", "procedure": "", "live": true, "percentiles": false}}, {"type": "Feature", "geometry": {"type": "Point", "coordinates": [-62.9961111111111, -30.9641666666667]}, "properties": {"series_id": 37883, "station_id": 6263, "station": "Primero (Suquía) Camino Secund", "river": "", "variable": "Altura hidrométrica media diaria", "var_id": 39, "unit": "", "network": "sat2", "province": "", "procedure": "", "live": true, "percentiles": ""}}, {"type": "Feature", "geometry": {"type": "Point", "coordinates": [-59.6386111111111, -30.7325]}, "properties": {"series_id": 32631, "station_id": 6354, "station": "Paraná - La Paz", "river": "", "variable": "Altura hidrométrica", "var_id": 2, "unit": "", "network": "sat2", "province": "", "procedure": "", "live": true, "percentiles": ""}}, {"type": "Feature", "geometry": {"type": "Point", "coordinates": [-59.6386111111111, -30.7325]}, "properties": {"series_id": 37873, "station_id": 6354, "station": "Paraná - La Paz", "river": "", "variable": "Altura hidrométrica media diaria", "var_id": 39, "unit": "", "network": "sat2", "province": "", "procedure": "", "live": true, "percentiles": ""}}, {"type": "Feature", "geometry": {"type": "Point", "coordinates": [-71.7288888888889, -43.5608333333333]}, "properties": {"series_id": 34337, "station_id": 6355, "station": "Carrenleufú - Frontera", "river": "", "variable": "precipitación diaria 12Z", "var_id": 1, "unit": "", "network": "sat2", "province": "", "procedure": "", "live": true, "percentiles": ""}}, {"type": "Feature", "geometry": {"type": "Point", "coordinates": [-71.7288888888889, -43.5608333333333]}, "properties": {"series_id": 34338, "station_id": 6355, "station": "Carrenleufú - Frontera", "river": "", "variable": "precipitación horaria", "var_id": 31, "unit": "", "network": "sat2", "province": "", "procedure": "", "live": true, "percentiles": ""}}, {"type": "Feature", "geometry": {"type": "Point", "coordinates": [-61.7875, -33.0063888888889]}, "properties": {"series_id": 34342, "station_id": 6357, "station": "Carcarañá - Cruz Alta", "river": "", "variable": "Altura hidrométrica", "var_id": 2, "unit": "", "network": "sat2", "province": "", "procedure": "", "live": true, "percentiles": ""}}, {"type": "Feature", "geometry": {"type": "Point", "coordinates": [-60.9572222222222, -34.6113888888889]}, "properties": {"series_id": 34343, "station_id": 6359, "station": "Salado - Puente Carretero", "river": "", "variable": "Altura hidrométrica", "var_id": 2, "unit": "", "network": "sat2", "province": "", "procedure": "", "live": true, "percentiles": ""}}, {"type": "Feature", "geometry": {"type": "Point", "coordinates": [-62.3322222222222, -32.9316666666667]}, "properties": {"series_id": 34344, "station_id": 6360, "station": "Saladillo - Dique Aforador", "river": "", "variable": "Altura hidrométrica", "var_id": 2, "unit": "", "network": "sat2", "province": "", "procedure": "", "live": true, "percentiles": ""}}, {"type": "Feature", "geometry": {"type": "Point", "coordinates": [-64.2327777777778, -32.1694444444444]}, "properties": {"series_id": 38187, "station_id": 6361, "station": "Tercero - Piedras Moras", "river": "", "variable": "Altura hidrométrica media diaria", "var_id": 39, "unit": "", "network": "sat2", "province": "", "procedure": "", "live": true, "percentiles": ""}}, {"type": "Feature", "geometry": {"type": "Point", "coordinates": [-68.0227777777778, -38.9497222222222]}, "properties": {"series_id": 34346, "station_id": 6362, "station": "Neuquén - Neuquén", "river": "", "variable": "Altura hidrométrica", "var_id": 2, "unit": "", "network": "sat2", "province": "", "procedure": "", "live": true, "percentiles": ""}}, {"type": "Feature", "geometry": {"type": "Point", "coordinates": [-68.0227777777778, -38.9497222222222]}, "properties": {"series_id": 38188, "station_id": 6362, "station": "Neuquén - Neuquén", "river": "", "variable": "Altura hidrométrica media diaria", "var_id": 39, "unit": "", "network": "sat2", "province": "", "procedure": "", "live": true, "percentiles": ""}}, {"type": "Feature", "geometry": {"type": "Point", "coordinates": [-63.1294444444444, -33.4555555555556]}, "properties": {"series_id": 38189, "station_id": 6363, "station": "Cuarto - Puente de Olmos", "river": "", "variable": "Altura hidrométrica media diaria", "var_id": 39, "unit": "", "network": "sat2", "province": "", "procedure": "", "live": true, "percentiles": ""}}, {"type": "Feature", "geometry": {"type": "Point", "coordinates": [-65.0288888888889, -24.7316666666667]}, "properties": {"series_id": 32735, "station_id": 6365, "station": "Mojotoro - Güemes", "river": "", "variable": "precipitación diaria 12Z", "var_id": 1, "unit": "", "network": "sat2", "province": "", "procedure": "", "live": true, "percentiles": ""}}, {"type": "Feature", "geometry": {"type": "Point", "coordinates": [-65.0288888888889, -24.7316666666667]}, "properties": {"series_id": 37936, "station_id": 6365, "station": "Mojotoro - Güemes", "river": "", "variable": "Altura hidrométrica media diaria", "var_id": 39, "unit": "", "network": "sat2", "province": "", "procedure": "", "live": true, "percentiles": ""}}, {"type": "Feature", "geometry": {"type": "Point", "coordinates": [-60.0194444444444, -35.9875]}, "properties": {"series_id": 34350, "station_id": 6366, "station": "Aº Las Flores - Gral. Alvear", "river": "", "variable": "Altura hidrométrica", "var_id": 2, "unit": "", "network": "sat2", "province": "", "procedure": "", "live": true, "percentiles": ""}}, {"type": "Feature", "geometry": {"type": "Point", "coordinates": [-64.3616666666667, -27.6511111111111]}, "properties": {"series_id": 37840, "station_id": 6374, "station": "Dulce - Dique Los Quiroga", "river": "", "variable": "Altura hidrométrica media diaria", "var_id": 39, "unit": "", "network": "sat2", "province": "", "procedure": "", "live": true, "percentiles": ""}}, {"type": "Feature", "geometry": {"type": "Point", "coordinates": [-70.3844444444445, -42.6097222222222]}, "properties": {"series_id": 39429, "station_id": 6376, "station": "Chubut - Gualjaina", "river": "", "variable": "precipitación diaria 12Z", "var_id": 1, "unit": "", "network": "sat2", "province": "", "procedure": "", "live": true, "percentiles": ""}}, {"type": "Feature", "geometry": {"type": "Point", "coordinates": [-70.3844444444445, -42.6097222222222]}, "properties": {"series_id": 34354, "station_id": 6376, "station": "Chubut - Gualjaina", "river": "", "variable": "Altura hidrométrica", "var_id": 2, "unit": "", "network": "sat2", "province": "", "procedure": "", "live": true, "percentiles": ""}}, {"type": "Feature", "geometry": {"type": "Point", "coordinates": [-70.1419444444444, -35.7925]}, "properties": {"series_id": 33433, "station_id": 6382, "station": "Chico - Las Loicas", "river": "", "variable": "Altura hidrométrica", "var_id": 2, "unit": "", "network": "sat2", "province": "", "procedure": "", "live": true, "percentiles": ""}}, {"type": "Feature", "geometry": {"type": "Point", "coordinates": [-70.1419444444444, -35.7925]}, "properties": {"series_id": 38028, "station_id": 6382, "station": "Chico - Las Loicas", "river": "", "variable": "Altura hidrométrica media diaria", "var_id": 39, "unit": "", "network": "sat2", "province": "", "procedure": "", "live": true, "percentiles": ""}}, {"type": "Feature", "geometry": {"type": "Point", "coordinates": [-71.1083333333333, -41.8341666666667]}, "properties": {"series_id": 32013, "station_id": 6384, "station": "Chubut-Alto Chubut(Nacimiento)", "river": "", "variable": "precipitación diaria 12Z", "var_id": 1, "unit": "", "network": "sat2", "province": "", "procedure": "", "live": true, "percentiles": ""}}, {"type": "Feature", "geometry": {"type": "Point", "coordinates": [-71.1083333333333, -41.8341666666667]}, "properties": {"series_id": 32923, "station_id": 6384, "station": "Chubut-Alto Chubut(Nacimiento)", "river": "", "variable": "Altura hidrométrica", "var_id": 2, "unit": "", "network": "sat2", "province": "", "procedure": "", "live": true, "percentiles": ""}}, {"type": "Feature", "geometry": {"type": "Point", "coordinates": [-71.1083333333333, -41.8341666666667]}, "properties": {"series_id": 32014, "station_id": 6384, "station": "Chubut-Alto Chubut(Nacimiento)", "river": "", "variable": "precipitación horaria", "var_id": 31, "unit": "", "network": "sat2", "province": "", "procedure": "", "live": true, "percentiles": ""}}, {"type": "Feature", "geometry": {"type": "Point", "coordinates": [-71.1083333333333, -41.8341666666667]}, "properties": {"series_id": 37932, "station_id": 6384, "station": "Chubut-Alto Chubut(Nacimiento)", "river": "", "variable": "Altura hidrométrica media diaria", "var_id": 39, "unit": "", "network": "sat2", "province": "", "procedure": "", "live": true, "percentiles": ""}}, {"type": "Feature", "geometry": {"type": "Point", "coordinates": [-70.4825, -41.7063888888889]}, "properties": {"series_id": 31937, "station_id": 6385, "station": "Chico - Cerro Mesa", "river": "", "variable": "Altura hidrométrica", "var_id": 2, "unit": "", "network": "sat2", "province": "", "procedure": "", "live": true, "percentiles": false}}, {"type": "Feature", "geometry": {"type": "Point", "coordinates": [-69.8919444444444, -35.8716666666667]}, "properties": {"series_id": 33839, "station_id": 6388, "station": "Grande - La Gotera", "river": "", "variable": "Altura hidrométrica", "var_id": 2, "unit": "", "network": "sat2", "province": "", "procedure": "", "live": true, "percentiles": ""}}, {"type": "Feature", "geometry": {"type": "Point", "coordinates": [-69.8919444444444, -35.8716666666667]}, "properties": {"series_id": 38087, "station_id": 6388, "station": "Grande - La Gotera", "river": "", "variable": "Altura hidrométrica media diaria", "var_id": 39, "unit": "", "network": "sat2", "province": "", "procedure": "", "live": true, "percentiles": ""}}, {"type": "Feature", "geometry": {"type": "Point", "coordinates": [-64.7763888888889, -32.8036111111111]}, "properties": {"series_id": 32289, "station_id": 6389, "station": "Las Tapias - Las Tapias", "river": "", "variable": "precipitación horaria", "var_id": 31, "unit": "", "network": "sat2", "province": "", "procedure": "", "live": true, "percentiles": ""}}, {"type": "Feature", "geometry": {"type": "Point", "coordinates": [-64.7763888888889, -32.8036111111111]}, "properties": {"series_id": 37993, "station_id": 6389, "station": "Las Tapias - Las Tapias", "river": "", "variable": "Altura hidrométrica media diaria", "var_id": 39, "unit": "", "network": "sat2", "province": "", "procedure": "", "live": true, "percentiles": ""}}, {"type": "Feature", "geometry": {"type": "Point", "coordinates": [-70.8913888888889, -41.8419444444444]}, "properties": {"series_id": 32636, "station_id": 6390, "station": "Ñorquinco - Ñorquinco", "river": "", "variable": "precipitación diaria 12Z", "var_id": 1, "unit": "", "network": "sat2", "province": "", "procedure": "", "live": true, "percentiles": ""}}, {"type": "Feature", "geometry": {"type": "Point", "coordinates": [-70.8913888888889, -41.8419444444444]}, "properties": {"series_id": 32637, "station_id": 6390, "station": "Ñorquinco - Ñorquinco", "river": "", "variable": "precipitación horaria", "var_id": 31, "unit": "", "network": "sat2", "province": "", "procedure": "", "live": true, "percentiles": ""}}, {"type": "Feature", "geometry": {"type": "Point", "coordinates": [-70.8913888888889, -41.8419444444444]}, "properties": {"series_id": 37895, "station_id": 6390, "station": "Ñorquinco - Ñorquinco", "river": "", "variable": "Altura hidrométrica media diaria", "var_id": 39, "unit": "", "network": "sat2", "province": "", "procedure": "", "live": true, "percentiles": ""}}, {"type": "Feature", "geometry": {"type": "Point", "coordinates": [-63.7230555555556, -34.6533333333333]}, "properties": {"series_id": 31947, "station_id": 6391, "station": "Laguna La Margarita", "river": "", "variable": "precipitación diaria 12Z", "var_id": 1, "unit": "", "network": "sat2", "province": "", "procedure": "", "live": true, "percentiles": ""}}, {"type": "Feature", "geometry": {"type": "Point", "coordinates": [-63.7230555555556, -34.6533333333333]}, "properties": {"series_id": 31948, "station_id": 6391, "station": "Laguna La Margarita", "river": "", "variable": "precipitación horaria", "var_id": 31, "unit": "", "network": "sat2", "province": "", "procedure": "", "live": true, "percentiles": ""}}, {"type": "Feature", "geometry": {"type": "Point", "coordinates": [-60.0194444444444, -35.9875]}, "properties": {"series_id": 32016, "station_id": 6393, "station": "Aº Las Flores - Gral. Alvear", "river": "", "variable": "Altura hidrométrica", "var_id": 2, "unit": "", "network": "sat2", "province": "", "procedure": "", "live": true, "percentiles": ""}}, {"type": "Feature", "geometry": {"type": "Point", "coordinates": [-60.0194444444444, -35.9875]}, "properties": {"series_id": 37846, "station_id": 6393, "station": "Aº Las Flores - Gral. Alvear", "river": "", "variable": "Altura hidrométrica media diaria", "var_id": 39, "unit": "", "network": "sat2", "province": "", "procedure": "", "live": true, "percentiles": ""}}, {"type": "Feature", "geometry": {"type": "Point", "coordinates": [-62.6755555555556, -39.5247222222222]}, "properties": {"series_id": 37964, "station_id": 6394, "station": "Colorado - Pedro Luro", "river": "", "variable": "Altura hidrométrica media diaria", "var_id": 39, "unit": "", "network": "sat2", "province": "", "procedure": "", "live": true, "percentiles": ""}}, {"type": "Feature", "geometry": {"type": "Point", "coordinates": [-59.8130555555556, -33.5941666666667]}, "properties": {"series_id": 33257, "station_id": 6395, "station": "Paraná - Vuelta de Obligado", "river": "", "variable": "Altura hidrométrica", "var_id": 2, "unit": "", "network": "sat2", "province": "", "procedure": "", "live": true, "percentiles": ""}}, {"type": "Feature", "geometry": {"type": "Point", "coordinates": [-59.8130555555556, -33.5941666666667]}, "properties": {"series_id": 37994, "station_id": 6395, "station": "Paraná - Vuelta de Obligado", "river": "", "variable": "Altura hidrométrica media diaria", "var_id": 39, "unit": "", "network": "sat2", "province": "", "procedure": "", "live": true, "percentiles": ""}}, {"type": "Feature", "geometry": {"type": "Point", "coordinates": [-60.5702777777778, -33.9041666666667]}, "properties": {"series_id": 31982, "station_id": 6397, "station": "Aº Pergamino - Pergamino", "river": "", "variable": "Altura hidrométrica", "var_id": 2, "unit": "", "network": "sat2", "province": "", "procedure": "", "live": true, "percentiles": ""}}, {"type": "Feature", "geometry": {"type": "Point", "coordinates": [-62.8902777777778, -28.5597222222222]}, "properties": {"series_id": 37844, "station_id": 6398, "station": "Salado - Colonia Dora", "river": "", "variable": "Altura hidrométrica media diaria", "var_id": 39, "unit": "", "network": "sat2", "province": "", "procedure": "", "live": true, "percentiles": ""}}, {"type": "Feature", "geometry": {"type": "Point", "coordinates": [-60.3230555555556, -33.3505555555556]}, "properties": {"series_id": 31956, "station_id": 6401, "station": "Aº Del Medio - Motomel", "river": "", "variable": "Altura hidrométrica", "var_id": 2, "unit": "", "network": "sat2", "province": "", "procedure": "", "live": true, "percentiles": ""}}, {"type": "Feature", "geometry": {"type": "Point", "coordinates": [-60.3230555555556, -33.3505555555556]}, "properties": {"series_id": 37838, "station_id": 6401, "station": "Aº Del Medio - Motomel", "river": "", "variable": "Altura hidrométrica media diaria", "var_id": 39, "unit": "", "network": "sat2", "province": "", "procedure": "", "live": true, "percentiles": ""}}, {"type": "Feature", "geometry": {"type": "Point", "coordinates": [-58.0847222222222, -31.4847222222222]}, "properties": {"series_id": 37850, "station_id": 6403, "station": "Uruguay - Corralito", "river": "", "variable": "Altura hidrométrica media diaria", "var_id": 39, "unit": "", "network": "sat2", "province": "", "procedure": "", "live": true, "percentiles": ""}}, {"type": "Feature", "geometry": {"type": "Point", "coordinates": [-55.8916666666667, -27.7475]}, "properties": {"series_id": 33678, "station_id": 6404, "station": "Aº Aguapey - San Carlos", "river": "null", "variable": "Altura hidrométrica", "var_id": 2, "unit": "", "network": "sat2", "province": "", "procedure": "", "live": true, "percentiles": ""}}, {"type": "Feature", "geometry": {"type": "Point", "coordinates": [-55.8916666666667, -27.7475]}, "properties": {"series_id": 32006, "station_id": 6404, "station": "Aº Aguapey - San Carlos", "river": "null", "variable": "precipitación horaria", "var_id": 31, "unit": "", "network": "sat2", "province": "", "procedure": "", "live": true, "percentiles": ""}}, {"type": "Feature", "geometry": {"type": "Point", "coordinates": [-58.2208333333333, -32.4775]}, "properties": {"series_id": 37934, "station_id": 6405, "station": "Uruguay - Concep. del Uruguay", "river": "", "variable": "Altura hidrométrica media diaria", "var_id": 39, "unit": "", "network": "sat2", "province": "", "procedure": "", "live": true, "percentiles": ""}}, {"type": "Feature", "geometry": {"type": "Point", "coordinates": [-69.5580555555556, -29.8905555555556]}, "properties": {"series_id": 32731, "station_id": 6408, "station": "NIV Jáchal - Cerro Negro", "river": "", "variable": "Altura hidrométrica", "var_id": 2, "unit": "", "network": "sat2", "province": "", "procedure": "", "live": true, "percentiles": ""}}, {"type": "Feature", "geometry": {"type": "Point", "coordinates": [-71.4055555555556, -43.8288888888889]}, "properties": {"series_id": 32927, "station_id": 6409, "station": "NIV Carrenleufú - Lago Guacho", "river": "", "variable": "Altura hidrométrica", "var_id": 2, "unit": "", "network": "sat2", "province": "", "procedure": "", "live": true, "percentiles": false}}, {"type": "Feature", "geometry": {"type": "Point", "coordinates": [-71.4055555555556, -43.8288888888889]}, "properties": {"series_id": 37935, "station_id": 6409, "station": "NIV Carrenleufú - Lago Guacho", "river": "", "variable": "Altura hidrométrica media diaria", "var_id": 39, "unit": "", "network": "sat2", "province": "", "procedure": "", "live": true, "percentiles": ""}}, {"type": "Feature", "geometry": {"type": "Point", "coordinates": [-70.0458333333333, -34.5111111111111]}, "properties": {"series_id": 32730, "station_id": 6410, "station": "NIV Atuel - Laguna Atuel", "river": "", "variable": "Altura hidrométrica", "var_id": 2, "unit": "", "network": "sat2", "province": "", "procedure": "", "live": true, "percentiles": ""}}, {"type": "Feature", "geometry": {"type": "Point", "coordinates": [-70.3941666666667, -35.98]}, "properties": {"series_id": 38057, "station_id": 6411, "station": "NIV Grande - Paso Pehuenche", "river": "", "variable": "Altura hidrométrica media diaria", "var_id": 39, "unit": "", "network": "sat2", "province": "", "procedure": "", "live": true, "percentiles": ""}}, {"type": "Feature", "geometry": {"type": "Point", "coordinates": [-70.2016666666667, -35.1422222222222]}, "properties": {"series_id": 32244, "station_id": 6412, "station": "NIV Grande - Valle Hermoso", "river": "", "variable": "Altura hidrométrica", "var_id": 2, "unit": "", "network": "sat2", "province": "", "procedure": "", "live": true, "percentiles": ""}}, {"type": "Feature", "geometry": {"type": "Point", "coordinates": [-70.2016666666667, -35.1422222222222]}, "properties": {"series_id": 37855, "station_id": 6412, "station": "NIV Grande - Valle Hermoso", "river": "", "variable": "Altura hidrométrica media diaria", "var_id": 39, "unit": "", "network": "sat2", "province": "", "procedure": "", "live": true, "percentiles": ""}}, {"type": "Feature", "geometry": {"type": "Point", "coordinates": [-69.6980555555556, -34.1988888888889]}, "properties": {"series_id": 33258, "station_id": 6413, "station": "NIV Diamante - Laguna Diamante", "river": "", "variable": "Altura hidrométrica", "var_id": 2, "unit": "", "network": "sat2", "province": "", "procedure": "", "live": true, "percentiles": ""}}, {"type": "Feature", "geometry": {"type": "Point", "coordinates": [-69.8886111111111, -33.1641666666667]}, "properties": {"series_id": 37871, "station_id": 6414, "station": "NIV Mendoza - Toscas", "river": "", "variable": "Altura hidrométrica media diaria", "var_id": 39, "unit": "", "network": "sat2", "province": "", "procedure": "", "live": true, "percentiles": ""}}, {"type": "Feature", "geometry": {"type": "Point", "coordinates": [-70.0916666666667, -35.1394444444444]}, "properties": {"series_id": 31942, "station_id": 6415, "station": "NIV Aº de Las Leñas - Las Leña", "river": "", "variable": "Altura hidrométrica", "var_id": 2, "unit": "", "network": "sat2", "province": "", "procedure": "", "live": true, "percentiles": ""}}, {"type": "Feature", "geometry": {"type": "Point", "coordinates": [-71.1141666666667, -41.6730555555555]}, "properties": {"series_id": 32248, "station_id": 6416, "station": "NIV - Alto Chubut", "river": "", "variable": "precipitación horaria", "var_id": 31, "unit": "", "network": "sat2", "province": "", "procedure": "", "live": true, "percentiles": ""}}, {"type": "Feature", "geometry": {"type": "Point", "coordinates": [-71.1141666666667, -41.6730555555555]}, "properties": {"series_id": 37836, "station_id": 6416, "station": "NIV - Alto Chubut", "river": "", "variable": "Altura hidrométrica media diaria", "var_id": 39, "unit": "", "network": "sat2", "province": "", "procedure": "", "live": true, "percentiles": ""}}, {"type": "Feature", "geometry": {"type": "Point", "coordinates": [-1.01694444444444, -1.01694444444444]}, "properties": {"series_id": 32604, "station_id": 6419, "station": "PruebaSinDatos", "river": "", "variable": "precipitación diaria 12Z", "var_id": 1, "unit": "", "network": "sat2", "province": "", "procedure": "", "live": true, "percentiles": ""}}, {"type": "Feature", "geometry": {"type": "Point", "coordinates": [-71.6094444444444, -46.5391666666667]}, "properties": {"series_id": 32251, "station_id": 6420, "station": "Lago Buenos Aires-Los Antiguos", "river": "", "variable": "Altura hidrométrica", "var_id": 2, "unit": "", "network": "sat2", "province": "", "procedure": "", "live": true, "percentiles": ""}}, {"type": "Feature", "geometry": {"type": "Point", "coordinates": [-71.6094444444444, -46.5391666666667]}, "properties": {"series_id": 37857, "station_id": 6420, "station": "Lago Buenos Aires-Los Antiguos", "river": "", "variable": "Altura hidrométrica media diaria", "var_id": 39, "unit": "", "network": "sat2", "province": "", "procedure": "", "live": true, "percentiles": ""}}, {"type": "Feature", "geometry": {"type": "Point", "coordinates": [-67.4261111111111, -35.6361111111111]}, "properties": {"series_id": 32008, "station_id": 6421, "station": "Atuel - Paso de Loro", "river": "", "variable": "Altura hidrométrica", "var_id": 2, "unit": "", "network": "sat2", "province": "", "procedure": "", "live": true, "percentiles": ""}}, {"type": "Feature", "geometry": {"type": "Point", "coordinates": [-67.4261111111111, -35.6361111111111]}, "properties": {"series_id": 37843, "station_id": 6421, "station": "Atuel - Paso de Loro", "river": "", "variable": "Altura hidrométrica media diaria", "var_id": 39, "unit": "", "network": "sat2", "province": "", "procedure": "", "live": true, "percentiles": ""}}, {"type": "Feature", "geometry": {"type": "Point", "coordinates": [-58.0588888888889, -30.1083333333333]}, "properties": {"series_id": 33259, "station_id": 6422, "station": "Mocoretá - RN Nº 127", "river": "", "variable": "Altura hidrométrica", "var_id": 2, "unit": "", "network": "sat2", "province": "", "procedure": "", "live": true, "percentiles": ""}}, {"type": "Feature", "geometry": {"type": "Point", "coordinates": [-58.0588888888889, -30.1083333333333]}, "properties": {"series_id": 37996, "station_id": 6422, "station": "Mocoretá - RN Nº 127", "river": "", "variable": "Altura hidrométrica media diaria", "var_id": 39, "unit": "", "network": "sat2", "province": "", "procedure": "", "live": true, "percentiles": ""}}, {"type": "Feature", "geometry": {"type": "Point", "coordinates": [-60.4261111111111, -32.3058333333333]}, "properties": {"series_id": 32295, "station_id": 6423, "station": "Aº Del Doll - RN 11", "river": "", "variable": "precipitación diaria 12Z", "var_id": 1, "unit": "", "network": "sat2", "province": "", "procedure": "", "live": true, "percentiles": ""}}, {"type": "Feature", "geometry": {"type": "Point", "coordinates": [-60.4261111111111, -32.3058333333333]}, "properties": {"series_id": 32027, "station_id": 6423, "station": "Aº Del Doll - RN 11", "river": "", "variable": "Altura hidrométrica", "var_id": 2, "unit": "", "network": "sat2", "province": "", "procedure": "", "live": true, "percentiles": ""}}, {"type": "Feature", "geometry": {"type": "Point", "coordinates": [-60.4261111111111, -32.3058333333333]}, "properties": {"series_id": 37851, "station_id": 6423, "station": "Aº Del Doll - RN 11", "river": "", "variable": "Altura hidrométrica media diaria", "var_id": 39, "unit": "", "network": "sat2", "province": "", "procedure": "", "live": true, "percentiles": ""}}, {"type": "Feature", "geometry": {"type": "Point", "coordinates": [-64.7161111111111, -32.9033333333333]}, "properties": {"series_id": 37899, "station_id": 6424, "station": "Cuarto - Tincunaco", "river": "", "variable": "Altura hidrométrica media diaria", "var_id": 39, "unit": "", "network": "sat2", "province": "", "procedure": "", "live": true, "percentiles": ""}}, {"type": "Feature", "geometry": {"type": "Point", "coordinates": [-57.675, -29.8458333333333]}, "properties": {"series_id": 33844, "station_id": 6425, "station": "Miriñay - Paso Ledesma", "river": "", "variable": "Altura hidrométrica", "var_id": 2, "unit": "", "network": "sat2", "province": "", "procedure": "", "live": true, "percentiles": ""}}, {"type": "Feature", "geometry": {"type": "Point", "coordinates": [-57.675, -29.8458333333333]}, "properties": {"series_id": 38089, "station_id": 6425, "station": "Miriñay - Paso Ledesma", "river": "", "variable": "Altura hidrométrica media diaria", "var_id": 39, "unit": "", "network": "sat2", "province": "", "procedure": "", "live": true, "percentiles": ""}}, {"type": "Feature", "geometry": {"type": "Point", "coordinates": [-61.6969444444444, -38.7608333333333]}, "properties": {"series_id": 31981, "station_id": 6426, "station": "Sauce Grande - RN Nº3", "river": "", "variable": "Altura hidrométrica", "var_id": 2, "unit": "", "network": "sat2", "province": "", "procedure": "", "live": true, "percentiles": ""}}, {"type": "Feature", "geometry": {"type": "Point", "coordinates": [-61.6969444444444, -38.7608333333333]}, "properties": {"series_id": 37841, "station_id": 6426, "station": "Sauce Grande - RN Nº3", "river": "", "variable": "Altura hidrométrica media diaria", "var_id": 39, "unit": "", "network": "sat2", "province": "", "procedure": "", "live": true, "percentiles": ""}}, {"type": "Feature", "geometry": {"type": "Point", "coordinates": [-59.5388888888889, -37.0811111111111]}, "properties": {"series_id": 37900, "station_id": 6427, "station": "Aº De los Huesos - RN 226", "river": "", "variable": "Altura hidrométrica media diaria", "var_id": 39, "unit": "", "network": "sat2", "province": "", "procedure": "", "live": true, "percentiles": ""}}, {"type": "Feature", "geometry": {"type": "Point", "coordinates": [-63.8916666666667, -25.7166666666667]}, "properties": {"series_id": 32656, "station_id": 6428, "station": "Salado -A.Ab. Azud Cruz Bajada", "river": "", "variable": "Altura hidrométrica", "var_id": 2, "unit": "", "network": "sat2", "province": "", "procedure": "", "live": true, "percentiles": ""}}, {"type": "Feature", "geometry": {"type": "Point", "coordinates": [-69.4138888888889, -31.3319444444444]}, "properties": {"series_id": 37876, "station_id": 6429, "station": "Blanco - Calingasta - RP 142", "river": "", "variable": "Altura hidrométrica media diaria", "var_id": 39, "unit": "", "network": "sat2", "province": "", "procedure": "", "live": true, "percentiles": ""}}, {"type": "Feature", "geometry": {"type": "Point", "coordinates": [-63.2375, -39.3669444444444]}, "properties": {"series_id": 32932, "station_id": 6430, "station": "Colorado - Paso Alsina", "river": "", "variable": "precipitación diaria 12Z", "var_id": 1, "unit": "", "network": "sat2", "province": "", "procedure": "", "live": true, "percentiles": ""}}, {"type": "Feature", "geometry": {"type": "Point", "coordinates": [-63.2375, -39.3669444444444]}, "properties": {"series_id": 32666, "station_id": 6430, "station": "Colorado - Paso Alsina", "river": "", "variable": "Altura hidrométrica", "var_id": 2, "unit": "", "network": "sat2", "province": "", "procedure": "", "live": true, "percentiles": ""}}, {"type": "Feature", "geometry": {"type": "Point", "coordinates": [-63.2375, -39.3669444444444]}, "properties": {"series_id": 32933, "station_id": 6430, "station": "Colorado - Paso Alsina", "river": "", "variable": "precipitación horaria", "var_id": 31, "unit": "", "network": "sat2", "province": "", "procedure": "", "live": true, "percentiles": ""}}, {"type": "Feature", "geometry": {"type": "Point", "coordinates": [-63.2375, -39.3669444444444]}, "properties": {"series_id": 37881, "station_id": 6430, "station": "Colorado - Paso Alsina", "river": "", "variable": "Altura hidrométrica media diaria", "var_id": 39, "unit": "", "network": "sat2", "province": "", "procedure": "", "live": true, "percentiles": ""}}, {"type": "Feature", "geometry": {"type": "Point", "coordinates": [-61.7138888888889, -25.9227777777778]}, "properties": {"series_id": 31978, "station_id": 6431, "station": "PN  - Copo  - El Aibal ", "river": "", "variable": "precipitación horaria", "var_id": 31, "unit": "", "network": "sat2", "province": "", "procedure": "", "live": true, "percentiles": ""}}, {"type": "Feature", "geometry": {"type": "Point", "coordinates": [-61.7138888888889, -25.9227777777778]}, "properties": {"series_id": 38088, "station_id": 6431, "station": "PN  - Copo  - El Aibal ", "river": "", "variable": "Altura hidrométrica media diaria", "var_id": 39, "unit": "", "network": "sat2", "province": "", "procedure": "", "live": true, "percentiles": ""}}, {"type": "Feature", "geometry": {"type": "Point", "coordinates": [-59.1961111111111, -27.2633333333333]}, "properties": {"series_id": 33263, "station_id": 6432, "station": "Negro - Laguna Blanca", "river": "", "variable": "precipitación diaria 12Z", "var_id": 1, "unit": "", "network": "sat2", "province": "", "procedure": "", "live": true, "percentiles": ""}}, {"type": "Feature", "geometry": {"type": "Point", "coordinates": [-59.1961111111111, -27.2633333333333]}, "properties": {"series_id": 33681, "station_id": 6432, "station": "Negro - Laguna Blanca", "river": "", "variable": "Altura hidrométrica", "var_id": 2, "unit": "", "network": "sat2", "province": "", "procedure": "", "live": true, "percentiles": ""}}, {"type": "Feature", "geometry": {"type": "Point", "coordinates": [-59.1961111111111, -27.2633333333333]}, "properties": {"series_id": 33264, "station_id": 6432, "station": "Negro - Laguna Blanca", "river": "", "variable": "precipitación horaria", "var_id": 31, "unit": "", "network": "sat2", "province": "", "procedure": "", "live": true, "percentiles": ""}}, {"type": "Feature", "geometry": {"type": "Point", "coordinates": [-59.1961111111111, -27.2633333333333]}, "properties": {"series_id": 38058, "station_id": 6432, "station": "Negro - Laguna Blanca", "river": "", "variable": "Altura hidrométrica media diaria", "var_id": 39, "unit": "", "network": "sat2", "province": "", "procedure": "", "live": true, "percentiles": ""}}, {"type": "Feature", "geometry": {"type": "Point", "coordinates": [-54.5883333333333, -26.4858333333333]}, "properties": {"series_id": 33455, "station_id": 6435, "station": "Piray Guazú - R. Nac. 12 Vieja", "river": "", "variable": "precipitación diaria 12Z", "var_id": 1, "unit": "", "network": "sat2", "province": "", "procedure": "", "live": true, "percentiles": ""}}, {"type": "Feature", "geometry": {"type": "Point", "coordinates": [-54.5883333333333, -26.4858333333333]}, "properties": {"series_id": 37858, "station_id": 6435, "station": "Piray Guazú - R. Nac. 12 Vieja", "river": "", "variable": "Altura hidrométrica media diaria", "var_id": 39, "unit": "", "network": "sat2", "province": "", "procedure": "", "live": true, "percentiles": ""}}, {"type": "Feature", "geometry": {"type": "Point", "coordinates": [-54.5883333333333, -26.4858333333333]}, "properties": {"series_id": 35446, "station_id": 6435, "station": "Piray Guazú - R. Nac. 12 Vieja", "river": "", "variable": "Caudal medio diario", "var_id": 40, "unit": "", "network": "sat2", "province": "", "procedure": "", "live": true, "percentiles": ""}}, {"type": "Feature", "geometry": {"type": "Point", "coordinates": [-65.2144444444445, -22.8716666666667]}, "properties": {"series_id": 32945, "station_id": 6436, "station": "Iruya - Colanzulí", "river": "", "variable": "Altura hidrométrica", "var_id": 2, "unit": "", "network": "sat2", "province": "", "procedure": "", "live": true, "percentiles": ""}}, {"type": "Feature", "geometry": {"type": "Point", "coordinates": [-65.2144444444445, -22.8716666666667]}, "properties": {"series_id": 37937, "station_id": 6436, "station": "Iruya - Colanzulí", "river": "", "variable": "Altura hidrométrica media diaria", "var_id": 39, "unit": "", "network": "sat2", "province": "", "procedure": "", "live": true, "percentiles": ""}}, {"type": "Feature", "geometry": {"type": "Point", "coordinates": [-71.7466666666667, -41.3783333333333]}, "properties": {"series_id": 32752, "station_id": 6437, "station": "Manso - Los Alerces", "river": "", "variable": "precipitación diaria 12Z", "var_id": 1, "unit": "", "network": "sat2", "province": "", "procedure": "", "live": true, "percentiles": ""}}, {"type": "Feature", "geometry": {"type": "Point", "coordinates": [-71.7466666666667, -41.3783333333333]}, "properties": {"series_id": 32753, "station_id": 6437, "station": "Manso - Los Alerces", "river": "", "variable": "precipitación horaria", "var_id": 31, "unit": "", "network": "sat2", "province": "", "procedure": "", "live": true, "percentiles": ""}}, {"type": "Feature", "geometry": {"type": "Point", "coordinates": [-71.7466666666667, -41.3783333333333]}, "properties": {"series_id": 38029, "station_id": 6437, "station": "Manso - Los Alerces", "river": "", "variable": "Altura hidrométrica media diaria", "var_id": 39, "unit": "", "network": "sat2", "province": "", "procedure": "", "live": true, "percentiles": ""}}, {"type": "Feature", "geometry": {"type": "Point", "coordinates": [-63.6383333333333, -42.7658333333333]}, "properties": {"series_id": 32757, "station_id": 6438, "station": "Faro - punta Delgada", "river": "", "variable": "precipitación diaria 12Z", "var_id": 1, "unit": "", "network": "sat2", "province": "", "procedure": "", "live": true, "percentiles": false}}, {"type": "Feature", "geometry": {"type": "Point", "coordinates": [-63.6383333333333, -42.7658333333333]}, "properties": {"series_id": 32758, "station_id": 6438, "station": "Faro - punta Delgada", "river": "", "variable": "precipitación horaria", "var_id": 31, "unit": "", "network": "sat2", "province": "", "procedure": "", "live": true, "percentiles": ""}}, {"type": "Feature", "geometry": {"type": "Point", "coordinates": [-54.4983333333333, -26.355]}, "properties": {"series_id": 35450, "station_id": 6439, "station": "Piray Mini - Valle Hermoso", "river": "", "variable": "Caudal medio diario", "var_id": 40, "unit": "", "network": "sat2", "province": "", "procedure": "", "live": true, "percentiles": ""}}, {"type": "Feature", "geometry": {"type": "Point", "coordinates": [-54.4983333333333, -26.355]}, "properties": {"series_id": 35451, "station_id": 6439, "station": "Piray Mini - Valle Hermoso", "river": "", "variable": "Caudal medio diario", "var_id": 40, "unit": "", "network": "sat2", "province": "", "procedure": "", "live": true, "percentiles": ""}}, {"type": "Feature", "geometry": {"type": "Point", "coordinates": [-65.5336111111111, -33.6538888888889]}, "properties": {"series_id": 34033, "station_id": 6441, "station": "Quinto - Dique Villa Mercedes", "river": "", "variable": "Altura hidrométrica", "var_id": 2, "unit": "", "network": "sat2", "province": "", "procedure": "", "live": true, "percentiles": ""}}, {"type": "Feature", "geometry": {"type": "Point", "coordinates": [-64.3219444444444, -36.6213888888889]}, "properties": {"series_id": 33104, "station_id": 6443, "station": "Santa Rosa - Meteorológica", "river": "", "variable": "precipitación diaria 12Z", "var_id": 1, "unit": "", "network": "sat2", "province": "", "procedure": "", "live": true, "percentiles": ""}}, {"type": "Feature", "geometry": {"type": "Point", "coordinates": [-64.3219444444444, -36.6213888888889]}, "properties": {"series_id": 32779, "station_id": 6443, "station": "Santa Rosa - Meteorológica", "river": "", "variable": "Altura hidrométrica", "var_id": 2, "unit": "", "network": "sat2", "province": "", "procedure": "", "live": true, "percentiles": ""}}, {"type": "Feature", "geometry": {"type": "Point", "coordinates": [-64.3219444444444, -36.6213888888889]}, "properties": {"series_id": 37903, "station_id": 6443, "station": "Santa Rosa - Meteorológica", "river": "", "variable": "Altura hidrométrica media diaria", "var_id": 39, "unit": "", "network": "sat2", "province": "", "procedure": "", "live": true, "percentiles": ""}}, {"type": "Feature", "geometry": {"type": "Point", "coordinates": [-66.0633333333333, -33.1058333333333]}, "properties": {"series_id": 32762, "station_id": 6444, "station": "Trapiche - Hosteria El Trapich", "river": "", "variable": "precipitación diaria 12Z", "var_id": 1, "unit": "", "network": "sat2", "province": "", "procedure": "", "live": true, "percentiles": ""}}, {"type": "Feature", "geometry": {"type": "Point", "coordinates": [-66.0633333333333, -33.1058333333333]}, "properties": {"series_id": 32763, "station_id": 6444, "station": "Trapiche - Hosteria El Trapich", "river": "", "variable": "precipitación horaria", "var_id": 31, "unit": "", "network": "sat2", "province": "", "procedure": "", "live": true, "percentiles": ""}}, {"type": "Feature", "geometry": {"type": "Point", "coordinates": [-66.0633333333333, -33.1058333333333]}, "properties": {"series_id": 37864, "station_id": 6444, "station": "Trapiche - Hosteria El Trapich", "river": "", "variable": "Altura hidrométrica media diaria", "var_id": 39, "unit": "", "network": "sat2", "province": "", "procedure": "", "live": true, "percentiles": ""}}, {"type": "Feature", "geometry": {"type": "Point", "coordinates": [-65.1516666666667, -33.9186111111111]}, "properties": {"series_id": 32265, "station_id": 6445, "station": "Quinto - Justo Daract", "river": "", "variable": "precipitación horaria", "var_id": 31, "unit": "", "network": "sat2", "province": "", "procedure": "", "live": true, "percentiles": ""}}, {"type": "Feature", "geometry": {"type": "Point", "coordinates": [-65.1516666666667, -33.9186111111111]}, "properties": {"series_id": 38169, "station_id": 6445, "station": "Quinto - Justo Daract", "river": "", "variable": "Altura hidrométrica media diaria", "var_id": 39, "unit": "", "network": "sat2", "province": "", "procedure": "", "live": true, "percentiles": ""}}, {"type": "Feature", "geometry": {"type": "Point", "coordinates": [-64.7202777777778, -32.6894444444444]}, "properties": {"series_id": 33270, "station_id": 6446, "station": "De Las Barrancas-A.Corral RP23", "river": "", "variable": "precipitación diaria 12Z", "var_id": 1, "unit": "", "network": "sat2", "province": "", "procedure": "", "live": true, "percentiles": ""}}, {"type": "Feature", "geometry": {"type": "Point", "coordinates": [-64.7202777777778, -32.6894444444444]}, "properties": {"series_id": 33271, "station_id": 6446, "station": "De Las Barrancas-A.Corral RP23", "river": "", "variable": "precipitación horaria", "var_id": 31, "unit": "", "network": "sat2", "province": "", "procedure": "", "live": true, "percentiles": ""}}, {"type": "Feature", "geometry": {"type": "Point", "coordinates": [-64.7202777777778, -32.6894444444444]}, "properties": {"series_id": 37965, "station_id": 6446, "station": "De Las Barrancas-A.Corral RP23", "river": "", "variable": "Altura hidrométrica media diaria", "var_id": 39, "unit": "", "network": "sat2", "province": "", "procedure": "", "live": true, "percentiles": ""}}, {"type": "Feature", "geometry": {"type": "Point", "coordinates": [-58.61, -27.2891666666667]}, "properties": {"series_id": 38130, "station_id": 6449, "station": "Paraguay - Isla del Cerrito", "river": "", "variable": "Altura hidrométrica media diaria", "var_id": 39, "unit": "", "network": "sat2", "province": "", "procedure": "", "live": true, "percentiles": ""}}, {"type": "Feature", "geometry": {"type": "Point", "coordinates": [-65.3636111111111, -33.6366666666667]}, "properties": {"series_id": 32769, "station_id": 6450, "station": "Nuevo - Ruta Nac. Nº 8", "river": "", "variable": "precipitación horaria", "var_id": 31, "unit": "", "network": "sat2", "province": "", "procedure": "", "live": true, "percentiles": ""}}, {"type": "Feature", "geometry": {"type": "Point", "coordinates": [-65.3636111111111, -33.6366666666667]}, "properties": {"series_id": 38128, "station_id": 6450, "station": "Nuevo - Ruta Nac. Nº 8", "river": "", "variable": "Altura hidrométrica media diaria", "var_id": 39, "unit": "", "network": "sat2", "province": "", "procedure": "", "live": true, "percentiles": ""}}, {"type": "Feature", "geometry": {"type": "Point", "coordinates": [-62.5419444444444, -34.3486111111111]}, "properties": {"series_id": 37859, "station_id": 6451, "station": "Laguna La Picasa - CR Nº7", "river": "", "variable": "Altura hidrométrica media diaria", "var_id": 39, "unit": "", "network": "sat2", "province": "", "procedure": "", "live": true, "percentiles": ""}}, {"type": "Feature", "geometry": {"type": "Point", "coordinates": [-58.8988888888889, -27.4563888888889]}, "properties": {"series_id": 32633, "station_id": 6454, "station": "Negro-Obra de Ctrl. Agua Abajo", "river": "", "variable": "Altura hidrométrica", "var_id": 2, "unit": "", "network": "sat2", "province": "", "procedure": "", "live": true, "percentiles": ""}}, {"type": "Feature", "geometry": {"type": "Point", "coordinates": [-64.0066666666667, -28.3291666666667]}, "properties": {"series_id": 33311, "station_id": 6456, "station": "Dulce - Villa San Martín", "river": "", "variable": "precipitación diaria 12Z", "var_id": 1, "unit": "", "network": "sat2", "province": "", "procedure": "", "live": true, "percentiles": ""}}, {"type": "Feature", "geometry": {"type": "Point", "coordinates": [-63.8916666666667, -25.7158333333333]}, "properties": {"series_id": 33461, "station_id": 6457, "station": "Embalse Cruz Bajada", "river": "", "variable": "Altura hidrométrica", "var_id": 2, "unit": "", "network": "sat2", "province": "", "procedure": "", "live": true, "percentiles": ""}}, {"type": "Feature", "geometry": {"type": "Point", "coordinates": [-54.6205555555556, -25.9166666666667]}, "properties": {"series_id": 33696, "station_id": 6458, "station": "Paraná - Puerto Libertad", "river": "", "variable": "Altura hidrométrica", "var_id": 2, "unit": "", "network": "sat2", "province": "", "procedure": "", "live": true, "percentiles": ""}}, {"type": "Feature", "geometry": {"type": "Point", "coordinates": [-63.8905555555556, -25.7163888888889]}, "properties": {"series_id": 32024, "station_id": 6459, "station": "Canal de Dios - Cruz Bajada", "river": "", "variable": "Altura hidrométrica", "var_id": 2, "unit": "", "network": "sat2", "province": "", "procedure": "", "live": true, "percentiles": ""}}, {"type": "Feature", "geometry": {"type": "Point", "coordinates": [-63.8905555555556, -25.7163888888889]}, "properties": {"series_id": 37848, "station_id": 6459, "station": "Canal de Dios - Cruz Bajada", "river": "", "variable": "Altura hidrométrica media diaria", "var_id": 39, "unit": "", "network": "sat2", "province": "", "procedure": "", "live": true, "percentiles": ""}}, {"type": "Feature", "geometry": {"type": "Point", "coordinates": [-65.2713888888889, -27.4325]}, "properties": {"series_id": 33484, "station_id": 6460, "station": "Gastona - Atahona RN Nº157", "river": "", "variable": "precipitación horaria", "var_id": 31, "unit": "", "network": "sat2", "province": "", "procedure": "", "live": true, "percentiles": ""}}, {"type": "Feature", "geometry": {"type": "Point", "coordinates": [-65.2713888888889, -27.4325]}, "properties": {"series_id": 37861, "station_id": 6460, "station": "Gastona - Atahona RN Nº157", "river": "", "variable": "Altura hidrométrica media diaria", "var_id": 39, "unit": "", "network": "sat2", "province": "", "procedure": "", "live": true, "percentiles": false}}, {"type": "Feature", "geometry": {"type": "Point", "coordinates": [-59.4738888888889, -28.7766666666667]}, "properties": {"series_id": 32023, "station_id": 6461, "station": "Aº Las Garzas - RN Nº 11", "river": "", "variable": "Altura hidrométrica", "var_id": 2, "unit": "", "network": "sat2", "province": "", "procedure": "", "live": true, "percentiles": ""}}, {"type": "Feature", "geometry": {"type": "Point", "coordinates": [-64.8080555555556, -23.9094444444444]}, "properties": {"series_id": 33117, "station_id": 6463, "station": "Ledesma -Fraile Pintado-RN 34 ", "river": "", "variable": "Altura hidrométrica", "var_id": 2, "unit": "", "network": "sat2", "province": "", "procedure": "", "live": true, "percentiles": ""}}, {"type": "Feature", "geometry": {"type": "Point", "coordinates": [-64.8986111111111, -24.2644444444444]}, "properties": {"series_id": 32777, "station_id": 6464, "station": "San Pedro - Ledesma - RN 34", "river": "", "variable": "Altura hidrométrica", "var_id": 2, "unit": "", "network": "sat2", "province": "", "procedure": "", "live": true, "percentiles": ""}}, {"type": "Feature", "geometry": {"type": "Point", "coordinates": [-68.2411111111111, -29.3488888888889]}, "properties": {"series_id": 33281, "station_id": 6466, "station": "Vinchina - Los Palacios -RN 40", "river": "", "variable": "Altura hidrométrica", "var_id": 2, "unit": "", "network": "sat2", "province": "", "procedure": "", "live": true, "percentiles": ""}}, {"type": "Feature", "geometry": {"type": "Point", "coordinates": [-68.2411111111111, -29.3488888888889]}, "properties": {"series_id": 37998, "station_id": 6466, "station": "Vinchina - Los Palacios -RN 40", "river": "", "variable": "Altura hidrométrica media diaria", "var_id": 39, "unit": "", "network": "sat2", "province": "", "procedure": "", "live": true, "percentiles": ""}}, {"type": "Feature", "geometry": {"type": "Point", "coordinates": [-67.9730555555556, -38.995]}, "properties": {"series_id": 37999, "station_id": 6468, "station": "Negro - Isla Jordan", "river": "", "variable": "Altura hidrométrica media diaria", "var_id": 39, "unit": "", "network": "sat2", "province": "", "procedure": "", "live": true, "percentiles": ""}}, {"type": "Feature", "geometry": {"type": "Point", "coordinates": [-65.3163888888889, -26.4775]}, "properties": {"series_id": 37852, "station_id": 6469, "station": "Vipos - Toma Obras Sanitarias", "river": "", "variable": "Altura hidrométrica media diaria", "var_id": 39, "unit": "", "network": "sat2", "province": "", "procedure": "", "live": true, "percentiles": ""}}, {"type": "Feature", "geometry": {"type": "Point", "coordinates": [-65.3769444444444, -33.7391666666667]}, "properties": {"series_id": 32844, "station_id": 6472, "station": "Quinto -Av Circunvalación", "river": "", "variable": "Altura hidrométrica", "var_id": 2, "unit": "", "network": "sat2", "province": "", "procedure": "", "live": true, "percentiles": ""}}, {"type": "Feature", "geometry": {"type": "Point", "coordinates": [-69.2763888888889, -45.5802777777778]}, "properties": {"series_id": 32654, "station_id": 6474, "station": "Lago Muster - Fortín", "river": "", "variable": "Altura hidrométrica", "var_id": 2, "unit": "", "network": "sat2", "province": "", "procedure": "", "live": true, "percentiles": ""}}, {"type": "Feature", "geometry": {"type": "Point", "coordinates": [-71.7880555555556, -41.1911111111111]}, "properties": {"series_id": 33872, "station_id": 6477, "station": "NIV-C. Trona.-Otto Meiling MET", "river": "", "variable": "precipitación diaria 12Z", "var_id": 1, "unit": "", "network": "sat2", "province": "", "procedure": "", "live": true, "percentiles": false}}, {"type": "Feature", "geometry": {"type": "Point", "coordinates": [-71.7880555555556, -41.1911111111111]}, "properties": {"series_id": 38061, "station_id": 6477, "station": "NIV-C. Trona.-Otto Meiling MET", "river": "", "variable": "Altura hidrométrica media diaria", "var_id": 39, "unit": "", "network": "sat2", "province": "", "procedure": "", "live": true, "percentiles": ""}}, {"type": "Feature", "geometry": {"type": "Point", "coordinates": [-72.0783333333333, -51.6808333333333]}, "properties": {"series_id": 33120, "station_id": 6478, "station": "Turbio - Turbio Viejo", "river": "", "variable": "precipitación diaria 12Z", "var_id": 1, "unit": "", "network": "sat2", "province": "", "procedure": "", "live": true, "percentiles": ""}}, {"type": "Feature", "geometry": {"type": "Point", "coordinates": [-72.0783333333333, -51.6808333333333]}, "properties": {"series_id": 33121, "station_id": 6478, "station": "Turbio - Turbio Viejo", "river": "", "variable": "precipitación horaria", "var_id": 31, "unit": "", "network": "sat2", "province": "", "procedure": "", "live": true, "percentiles": ""}}, {"type": "Feature", "geometry": {"type": "Point", "coordinates": [-72.0783333333333, -51.6808333333333]}, "properties": {"series_id": 37867, "station_id": 6478, "station": "Turbio - Turbio Viejo", "river": "", "variable": "Altura hidrométrica media diaria", "var_id": 39, "unit": "", "network": "sat2", "province": "", "procedure": "", "live": true, "percentiles": ""}}, {"type": "Feature", "geometry": {"type": "Point", "coordinates": [-63.9333333333333, -27.6966666666667]}, "properties": {"series_id": 32784, "station_id": 6480, "station": "Canal - Jume Esquina", "river": "", "variable": "precipitación horaria", "var_id": 31, "unit": "", "network": "sat2", "province": "", "procedure": "", "live": true, "percentiles": ""}}, {"type": "Feature", "geometry": {"type": "Point", "coordinates": [-63.9333333333333, -27.6966666666667]}, "properties": {"series_id": 37868, "station_id": 6480, "station": "Canal - Jume Esquina", "river": "", "variable": "Altura hidrométrica media diaria", "var_id": 39, "unit": "", "network": "sat2", "province": "", "procedure": "", "live": true, "percentiles": ""}}, {"type": "Feature", "geometry": {"type": "Point", "coordinates": [-66.1055555555556, -32.9019444444444]}, "properties": {"series_id": 32789, "station_id": 6481, "station": "Grande - Ruta Provincia Nº 9", "river": "", "variable": "precipitación horaria", "var_id": 31, "unit": "", "network": "sat2", "province": "", "procedure": "", "live": true, "percentiles": ""}}, {"type": "Feature", "geometry": {"type": "Point", "coordinates": [-66.1055555555556, -32.9019444444444]}, "properties": {"series_id": 37944, "station_id": 6481, "station": "Grande - Ruta Provincia Nº 9", "river": "", "variable": "Altura hidrométrica media diaria", "var_id": 39, "unit": "", "network": "sat2", "province": "", "procedure": "", "live": true, "percentiles": ""}}, {"type": "Feature", "geometry": {"type": "Point", "coordinates": [-66.5886111111111, -34.7741666666667]}, "properties": {"series_id": 32793, "station_id": 6482, "station": "Desaguadero - Navia", "river": "", "variable": "precipitación diaria 12Z", "var_id": 1, "unit": "", "network": "sat2", "province": "", "procedure": "", "live": true, "percentiles": ""}}, {"type": "Feature", "geometry": {"type": "Point", "coordinates": [-66.5886111111111, -34.7741666666667]}, "properties": {"series_id": 32794, "station_id": 6482, "station": "Desaguadero - Navia", "river": "", "variable": "precipitación horaria", "var_id": 31, "unit": "", "network": "sat2", "province": "", "procedure": "", "live": true, "percentiles": ""}}, {"type": "Feature", "geometry": {"type": "Point", "coordinates": [-66.71, -34.0869444444444]}, "properties": {"series_id": 33290, "station_id": 6483, "station": "Desaguadero - Salto de la Tosc", "river": "", "variable": "precipitación diaria 12Z", "var_id": 1, "unit": "", "network": "sat2", "province": "", "procedure": "", "live": true, "percentiles": ""}}, {"type": "Feature", "geometry": {"type": "Point", "coordinates": [-66.71, -34.0869444444444]}, "properties": {"series_id": 33357, "station_id": 6483, "station": "Desaguadero - Salto de la Tosc", "river": "", "variable": "Altura hidrométrica", "var_id": 2, "unit": "", "network": "sat2", "province": "", "procedure": "", "live": true, "percentiles": ""}}, {"type": "Feature", "geometry": {"type": "Point", "coordinates": [-66.71, -34.0869444444444]}, "properties": {"series_id": 33291, "station_id": 6483, "station": "Desaguadero - Salto de la Tosc", "river": "", "variable": "precipitación horaria", "var_id": 31, "unit": "", "network": "sat2", "province": "", "procedure": "", "live": true, "percentiles": ""}}, {"type": "Feature", "geometry": {"type": "Point", "coordinates": [-66.71, -34.0869444444444]}, "properties": {"series_id": 38003, "station_id": 6483, "station": "Desaguadero - Salto de la Tosc", "river": "", "variable": "Altura hidrométrica media diaria", "var_id": 39, "unit": "", "network": "sat2", "province": "", "procedure": "", "live": true, "percentiles": ""}}, {"type": "Feature", "geometry": {"type": "Point", "coordinates": [-71.7430555555556, -42.7436111111111]}, "properties": {"series_id": 32815, "station_id": 6490, "station": "Arrayanes - Lago Verde", "river": "", "variable": "Altura hidrométrica", "var_id": 2, "unit": "", "network": "sat2", "province": "", "procedure": "", "live": true, "percentiles": ""}}, {"type": "Feature", "geometry": {"type": "Point", "coordinates": [-69.34, -32.5944444444444]}, "properties": {"series_id": 32660, "station_id": 6492, "station": "Uspallata - Uspallata", "river": "", "variable": "Altura hidrométrica", "var_id": 2, "unit": "", "network": "sat2", "province": "", "procedure": "", "live": true, "percentiles": ""}}, {"type": "Feature", "geometry": {"type": "Point", "coordinates": [-69.34, -32.5944444444444]}, "properties": {"series_id": 33137, "station_id": 6492, "station": "Uspallata - Uspallata", "river": "", "variable": "precipitación horaria", "var_id": 31, "unit": "", "network": "sat2", "province": "", "procedure": "", "live": true, "percentiles": ""}}, {"type": "Feature", "geometry": {"type": "Point", "coordinates": [-69.34, -32.5944444444444]}, "properties": {"series_id": 37880, "station_id": 6492, "station": "Uspallata - Uspallata", "river": "", "variable": "Altura hidrométrica media diaria", "var_id": 39, "unit": "", "network": "sat2", "province": "", "procedure": "", "live": true, "percentiles": ""}}, {"type": "Feature", "geometry": {"type": "Point", "coordinates": [-64.5119444444444, -26.2188888888889]}, "properties": {"series_id": 32820, "station_id": 6498, "station": "Urueña -7 de Abril - RN34", "river": "", "variable": "Altura hidrométrica", "var_id": 2, "unit": "", "network": "sat2", "province": "", "procedure": "", "live": true, "percentiles": ""}}, {"type": "Feature", "geometry": {"type": "Point", "coordinates": [-64.5119444444444, -26.2188888888889]}, "properties": {"series_id": 33142, "station_id": 6498, "station": "Urueña -7 de Abril - RN34", "river": "", "variable": "precipitación horaria", "var_id": 31, "unit": "", "network": "sat2", "province": "", "procedure": "", "live": true, "percentiles": ""}}, {"type": "Feature", "geometry": {"type": "Point", "coordinates": [-65.3175, -27.3361111111111]}, "properties": {"series_id": 32679, "station_id": 6504, "station": "Seco - RN Nº 157", "river": "", "variable": "Altura hidrométrica", "var_id": 2, "unit": "", "network": "sat2", "province": "", "procedure": "", "live": true, "percentiles": ""}}, {"type": "Feature", "geometry": {"type": "Point", "coordinates": [-65.2663888888889, -27.5211111111111]}, "properties": {"series_id": 38091, "station_id": 6505, "station": "Chico - RN Nº157 Monteagudo", "river": "", "variable": "Altura hidrométrica media diaria", "var_id": 39, "unit": "", "network": "sat2", "province": "", "procedure": "", "live": true, "percentiles": ""}}, {"type": "Feature", "geometry": {"type": "Point", "coordinates": [-65.1619444444444, -26.7191666666667]}, "properties": {"series_id": 33966, "station_id": 6506, "station": "Salí - Alta Gracia", "river": "", "variable": "Altura hidrométrica", "var_id": 2, "unit": "", "network": "sat2", "province": "", "procedure": "", "live": true, "percentiles": ""}}, {"type": "Feature", "geometry": {"type": "Point", "coordinates": [-70.2291666666667, -37.4063888888889]}, "properties": {"series_id": 32688, "station_id": 6507, "station": "Neuquén - Chos Malal -RN40", "river": "", "variable": "precipitación diaria 12Z", "var_id": 1, "unit": "", "network": "sat2", "province": "", "procedure": "", "live": true, "percentiles": ""}}, {"type": "Feature", "geometry": {"type": "Point", "coordinates": [-70.2291666666667, -37.4063888888889]}, "properties": {"series_id": 32997, "station_id": 6507, "station": "Neuquén - Chos Malal -RN40", "river": "", "variable": "Altura hidrométrica", "var_id": 2, "unit": "", "network": "sat2", "province": "", "procedure": "", "live": true, "percentiles": ""}}, {"type": "Feature", "geometry": {"type": "Point", "coordinates": [-70.2291666666667, -37.4063888888889]}, "properties": {"series_id": 37941, "station_id": 6507, "station": "Neuquén - Chos Malal -RN40", "river": "", "variable": "Altura hidrométrica media diaria", "var_id": 39, "unit": "", "network": "sat2", "province": "", "procedure": "", "live": true, "percentiles": ""}}, {"type": "Feature", "geometry": {"type": "Point", "coordinates": [-58.6427777777778, -27.1180555555556]}, "properties": {"series_id": 33153, "station_id": 6511, "station": "Paraguay - Las Palmas", "river": "", "variable": "precipitación diaria 12Z", "var_id": 1, "unit": "", "network": "sat2", "province": "", "procedure": "", "live": true, "percentiles": ""}}, {"type": "Feature", "geometry": {"type": "Point", "coordinates": [-58.6427777777778, -27.1180555555556]}, "properties": {"series_id": 37942, "station_id": 6511, "station": "Paraguay - Las Palmas", "river": "", "variable": "Altura hidrométrica media diaria", "var_id": 39, "unit": "", "network": "sat2", "province": "", "procedure": "", "live": true, "percentiles": ""}}, {"type": "Feature", "geometry": {"type": "Point", "coordinates": [-58.5202777777778, -34.7972222222222]}, "properties": {"series_id": 33346, "station_id": 6512, "station": "INA - Ezeiza", "river": "null", "variable": "precipitación diaria 12Z", "var_id": 1, "unit": "", "network": "sat2", "province": "", "procedure": "", "live": true, "percentiles": ""}}, {"type": "Feature", "geometry": {"type": "Point", "coordinates": [-58.5202777777778, -34.7972222222222]}, "properties": {"series_id": 38032, "station_id": 6512, "station": "INA - Ezeiza", "river": "null", "variable": "Altura hidrométrica media diaria", "var_id": 39, "unit": "", "network": "sat2", "province": "", "procedure": "", "live": true, "percentiles": ""}}, {"type": "Feature", "geometry": {"type": "Point", "coordinates": [-71.3266666666667, -40.1469444444444]}, "properties": {"series_id": 32699, "station_id": 6513, "station": "Aº Calbuco - S.M. de Los Andes", "river": "", "variable": "precipitación diaria 12Z", "var_id": 1, "unit": "", "network": "sat2", "province": "", "procedure": "", "live": true, "percentiles": ""}}, {"type": "Feature", "geometry": {"type": "Point", "coordinates": [-71.3266666666667, -40.1469444444444]}, "properties": {"series_id": 38063, "station_id": 6513, "station": "Aº Calbuco - S.M. de Los Andes", "river": "", "variable": "Altura hidrométrica media diaria", "var_id": 39, "unit": "", "network": "sat2", "province": "", "procedure": "", "live": true, "percentiles": ""}}, {"type": "Feature", "geometry": {"type": "Point", "coordinates": [-57.0847222222222, -29.7238888888889]}, "properties": {"series_id": 33316, "station_id": 6515, "station": "Uruguay - Paso de los Libres", "river": "", "variable": "precipitación diaria 12Z", "var_id": 1, "unit": "", "network": "sat2", "province": "", "procedure": "", "live": true, "percentiles": ""}}, {"type": "Feature", "geometry": {"type": "Point", "coordinates": [-72.1063888888889, -50.9961111111111]}, "properties": {"series_id": 33321, "station_id": 6516, "station": "Vizcachas - Cerro Palique", "river": "", "variable": "precipitación diaria 12Z", "var_id": 1, "unit": "", "network": "sat2", "province": "", "procedure": "", "live": true, "percentiles": ""}}, {"type": "Feature", "geometry": {"type": "Point", "coordinates": [-72.1063888888889, -50.9961111111111]}, "properties": {"series_id": 32862, "station_id": 6516, "station": "Vizcachas - Cerro Palique", "river": "", "variable": "Altura hidrométrica", "var_id": 2, "unit": "", "network": "sat2", "province": "", "procedure": "", "live": true, "percentiles": ""}}, {"type": "Feature", "geometry": {"type": "Point", "coordinates": [-72.1063888888889, -50.9961111111111]}, "properties": {"series_id": 37924, "station_id": 6516, "station": "Vizcachas - Cerro Palique", "river": "", "variable": "Altura hidrométrica media diaria", "var_id": 39, "unit": "", "network": "sat2", "province": "", "procedure": "", "live": true, "percentiles": ""}}, {"type": "Feature", "geometry": {"type": "Point", "coordinates": [-66.8258333333333, -37.4669444444444]}, "properties": {"series_id": 33716, "station_id": 6517, "station": "Laguna Salitral - Salitral", "river": "", "variable": "precipitación diaria 12Z", "var_id": 1, "unit": "", "network": "sat2", "province": "", "procedure": "", "live": true, "percentiles": ""}}, {"type": "Feature", "geometry": {"type": "Point", "coordinates": [-67.1866666666667, -36.2413888888889]}, "properties": {"series_id": 34047, "station_id": 6518, "station": "Atuel - La Puntilla", "river": "", "variable": "precipitación horaria", "var_id": 31, "unit": "", "network": "sat2", "province": "", "procedure": "", "live": true, "percentiles": ""}}, {"type": "Feature", "geometry": {"type": "Point", "coordinates": [-67.1866666666667, -36.2413888888889]}, "properties": {"series_id": 38111, "station_id": 6518, "station": "Atuel - La Puntilla", "river": "", "variable": "Altura hidrométrica media diaria", "var_id": 39, "unit": "", "network": "sat2", "province": "", "procedure": "", "live": true, "percentiles": ""}}, {"type": "Feature", "geometry": {"type": "Point", "coordinates": [-71.3347222222222, -40.1530555555556]}, "properties": {"series_id": 33886, "station_id": 6519, "station": "Aº Trabunco -S.M. de Los Andes", "river": "", "variable": "Altura hidrométrica", "var_id": 2, "unit": "", "network": "sat2", "province": "", "procedure": "", "live": true, "percentiles": ""}}, {"type": "Feature", "geometry": {"type": "Point", "coordinates": [-54.0897222222222, -26.6352777777778]}, "properties": {"series_id": 33720, "station_id": 6520, "station": "Aº Yaboti - San Pedro", "river": "", "variable": "Altura hidrométrica", "var_id": 2, "unit": "", "network": "sat2", "province": "", "procedure": "", "live": true, "percentiles": ""}}, {"type": "Feature", "geometry": {"type": "Point", "coordinates": [-71.5236111111111, -41.9830555555556]}, "properties": {"series_id": 33328, "station_id": 6521, "station": "Lago Puelo - Oficina tècnica", "river": "", "variable": "precipitación horaria", "var_id": 31, "unit": "", "network": "sat2", "province": "", "procedure": "", "live": true, "percentiles": ""}}, {"type": "Feature", "geometry": {"type": "Point", "coordinates": [-53.7347222222222, -26.6133333333333]}, "properties": {"series_id": 32827, "station_id": 6522, "station": "Pepirí Guazú-Pte.Int.P.Rosales", "river": "", "variable": "precipitación diaria 12Z", "var_id": 1, "unit": "", "network": "sat2", "province": "", "procedure": "", "live": true, "percentiles": ""}}, {"type": "Feature", "geometry": {"type": "Point", "coordinates": [-53.7347222222222, -26.6133333333333]}, "properties": {"series_id": 33564, "station_id": 6522, "station": "Pepirí Guazú-Pte.Int.P.Rosales", "river": "", "variable": "Altura hidrométrica", "var_id": 2, "unit": "", "network": "sat2", "province": "", "procedure": "", "live": true, "percentiles": ""}}, {"type": "Feature", "geometry": {"type": "Point", "coordinates": [-67.1, -36.6852777777778]}, "properties": {"series_id": 32833, "station_id": 6523, "station": "Laguna El Uncal - AM20", "river": "", "variable": "precipitación diaria 12Z", "var_id": 1, "unit": "", "network": "sat2", "province": "", "procedure": "", "live": true, "percentiles": ""}}, {"type": "Feature", "geometry": {"type": "Point", "coordinates": [-67.1, -36.6852777777778]}, "properties": {"series_id": 37885, "station_id": 6523, "station": "Laguna El Uncal - AM20", "river": "", "variable": "Altura hidrométrica media diaria", "var_id": 39, "unit": "", "network": "sat2", "province": "", "procedure": "", "live": true, "percentiles": ""}}, {"type": "Feature", "geometry": {"type": "Point", "coordinates": [-64.1394444444445, -30.9769444444444]}, "properties": {"series_id": 32691, "station_id": 6526, "station": "Jesus Maria - MET", "river": "", "variable": "Altura hidrométrica", "var_id": 2, "unit": "", "network": "sat2", "province": "", "procedure": "", "live": true, "percentiles": ""}}, {"type": "Feature", "geometry": {"type": "Point", "coordinates": [-64.1394444444445, -30.9769444444444]}, "properties": {"series_id": 33355, "station_id": 6526, "station": "Jesus Maria - MET", "river": "", "variable": "precipitación horaria", "var_id": 31, "unit": "", "network": "sat2", "province": "", "procedure": "", "live": true, "percentiles": ""}}, {"type": "Feature", "geometry": {"type": "Point", "coordinates": [-64.1394444444445, -30.9769444444444]}, "properties": {"series_id": 37889, "station_id": 6526, "station": "Jesus Maria - MET", "river": "", "variable": "Altura hidrométrica media diaria", "var_id": 39, "unit": "", "network": "sat2", "province": "", "procedure": "", "live": true, "percentiles": ""}}, {"type": "Feature", "geometry": {"type": "Point", "coordinates": [-64.5919444444444, -37.3647222222222]}, "properties": {"series_id": 33528, "station_id": 6527, "station": "General Acha - La Pampa", "river": "", "variable": "precipitación diaria 12Z", "var_id": 1, "unit": "", "network": "sat2", "province": "", "procedure": "", "live": true, "percentiles": ""}}, {"type": "Feature", "geometry": {"type": "Point", "coordinates": [-67.8069444444444, -32.2247222222222]}, "properties": {"series_id": 32848, "station_id": 6528, "station": "Desaguadero - El Encón", "river": "", "variable": "precipitación diaria 12Z", "var_id": 1, "unit": "", "network": "sat2", "province": "", "procedure": "", "live": true, "percentiles": ""}}, {"type": "Feature", "geometry": {"type": "Point", "coordinates": [-67.8069444444444, -32.2247222222222]}, "properties": {"series_id": 33490, "station_id": 6528, "station": "Desaguadero - El Encón", "river": "", "variable": "Altura hidrométrica", "var_id": 2, "unit": "", "network": "sat2", "province": "", "procedure": "", "live": true, "percentiles": ""}}, {"type": "Feature", "geometry": {"type": "Point", "coordinates": [-67.8069444444444, -32.2247222222222]}, "properties": {"series_id": 38033, "station_id": 6528, "station": "Desaguadero - El Encón", "river": "", "variable": "Altura hidrométrica media diaria", "var_id": 39, "unit": "", "network": "sat2", "province": "", "procedure": "", "live": true, "percentiles": ""}}, {"type": "Feature", "geometry": {"type": "Point", "coordinates": [-71.3586111111111, -40.1616666666667]}, "properties": {"series_id": 33887, "station_id": 6529, "station": "L. Lacar - S.M. de Los Andes", "river": "", "variable": "Altura hidrométrica", "var_id": 2, "unit": "", "network": "sat2", "province": "", "procedure": "", "live": true, "percentiles": ""}}, {"type": "Feature", "geometry": {"type": "Point", "coordinates": [-71.3586111111111, -40.1616666666667]}, "properties": {"series_id": 38093, "station_id": 6529, "station": "L. Lacar - S.M. de Los Andes", "river": "", "variable": "Altura hidrométrica media diaria", "var_id": 39, "unit": "", "network": "sat2", "province": "", "procedure": "", "live": true, "percentiles": ""}}, {"type": "Feature", "geometry": {"type": "Point", "coordinates": [-70.0325, -38.3658333333333]}, "properties": {"series_id": 34051, "station_id": 6530, "station": "Agrio - Bajada del Agrio", "river": "", "variable": "Altura hidrométrica", "var_id": 2, "unit": "", "network": "sat2", "province": "", "procedure": "", "live": true, "percentiles": ""}}, {"type": "Feature", "geometry": {"type": "Point", "coordinates": [-70.0325, -38.3658333333333]}, "properties": {"series_id": 38132, "station_id": 6530, "station": "Agrio - Bajada del Agrio", "river": "", "variable": "Altura hidrométrica media diaria", "var_id": 39, "unit": "", "network": "sat2", "province": "", "procedure": "", "live": true, "percentiles": ""}}, {"type": "Feature", "geometry": {"type": "Point", "coordinates": [-71.7458333333333, -41.3736111111111]}, "properties": {"series_id": 32838, "station_id": 6532, "station": "Manso - Los Alerces HID", "river": "", "variable": "Altura hidrométrica", "var_id": 2, "unit": "", "network": "sat2", "province": "", "procedure": "", "live": true, "percentiles": ""}}, {"type": "Feature", "geometry": {"type": "Point", "coordinates": [-71.7458333333333, -41.3736111111111]}, "properties": {"series_id": 37914, "station_id": 6532, "station": "Manso - Los Alerces HID", "river": "", "variable": "Altura hidrométrica media diaria", "var_id": 39, "unit": "", "network": "sat2", "province": "", "procedure": "", "live": true, "percentiles": ""}}, {"type": "Feature", "geometry": {"type": "Point", "coordinates": [-70.5616666666667, -51.865]}, "properties": {"series_id": 33331, "station_id": 6533, "station": "Gallegos Chico - Bella Vista", "river": "", "variable": "Altura hidrométrica", "var_id": 2, "unit": "", "network": "sat2", "province": "", "procedure": "", "live": true, "percentiles": ""}}, {"type": "Feature", "geometry": {"type": "Point", "coordinates": [-70.5616666666667, -51.865]}, "properties": {"series_id": 38002, "station_id": 6533, "station": "Gallegos Chico - Bella Vista", "river": "", "variable": "Altura hidrométrica media diaria", "var_id": 39, "unit": "", "network": "sat2", "province": "", "procedure": "", "live": true, "percentiles": ""}}, {"type": "Feature", "geometry": {"type": "Point", "coordinates": [-69.1775, -31.2522222222222]}, "properties": {"series_id": 33009, "station_id": 6534, "station": "San Juan - Km 101 LIM", "river": "", "variable": "Altura hidrométrica", "var_id": 2, "unit": "", "network": "sat2", "province": "", "procedure": "", "live": true, "percentiles": ""}}, {"type": "Feature", "geometry": {"type": "Point", "coordinates": [-68.6405555555556, -49.7769444444444]}, "properties": {"series_id": 38034, "station_id": 6535, "station": "Chico - Ruta Nac. Nº 3", "river": "", "variable": "Altura hidrométrica media diaria", "var_id": 39, "unit": "", "network": "sat2", "province": "", "procedure": "", "live": true, "percentiles": false}}, {"type": "Feature", "geometry": {"type": "Point", "coordinates": [-65.0805555555555, -22.4547222222222]}, "properties": {"series_id": 34062, "station_id": 6536, "station": "Iruya - Poscaya", "river": "", "variable": "precipitación horaria", "var_id": 31, "unit": "", "network": "sat2", "province": "", "procedure": "", "live": true, "percentiles": ""}}, {"type": "Feature", "geometry": {"type": "Point", "coordinates": [-64.9708333333333, -22.8258333333333]}, "properties": {"series_id": 33341, "station_id": 6537, "station": "Iruya - San Antonio", "river": "", "variable": "precipitación horaria", "var_id": 31, "unit": "", "network": "sat2", "province": "", "procedure": "", "live": true, "percentiles": ""}}, {"type": "Feature", "geometry": {"type": "Point", "coordinates": [-65.0972222222222, -22.7541666666667]}, "properties": {"series_id": 33739, "station_id": 6538, "station": "Iruya - Las Higueras", "river": "", "variable": "precipitación diaria 12Z", "var_id": 1, "unit": "", "network": "sat2", "province": "", "procedure": "", "live": true, "percentiles": ""}}, {"type": "Feature", "geometry": {"type": "Point", "coordinates": [-71.8333333333333, -41.2016666666667]}, "properties": {"series_id": 33015, "station_id": 6539, "station": "Ventisquero Negro - Lago Manso", "river": "", "variable": "precipitación diaria 12Z", "var_id": 1, "unit": "", "network": "sat2", "province": "", "procedure": "", "live": true, "percentiles": false}}, {"type": "Feature", "geometry": {"type": "Point", "coordinates": [-71.8333333333333, -41.2016666666667]}, "properties": {"series_id": 37892, "station_id": 6539, "station": "Ventisquero Negro - Lago Manso", "river": "", "variable": "Altura hidrométrica media diaria", "var_id": 39, "unit": "", "network": "sat2", "province": "", "procedure": "", "live": true, "percentiles": ""}}, {"type": "Feature", "geometry": {"type": "Point", "coordinates": [-62.7786111111111, -28.6152777777778]}, "properties": {"series_id": 33898, "station_id": 6540, "station": "Salado - Icaño", "river": "", "variable": "precipitación diaria 12Z", "var_id": 1, "unit": "", "network": "sat2", "province": "", "procedure": "", "live": true, "percentiles": ""}}, {"type": "Feature", "geometry": {"type": "Point", "coordinates": [-58.2511111111111, -30.2827777777778]}, "properties": {"series_id": 33730, "station_id": 6542, "station": "Puesto Cam. San Jaime - RN127", "river": "", "variable": "precipitación horaria", "var_id": 31, "unit": "", "network": "sat2", "province": "", "procedure": "", "live": true, "percentiles": ""}}, {"type": "Feature", "geometry": {"type": "Point", "coordinates": [-53.7347222222222, -26.6133333333333]}, "properties": {"series_id": 33069, "station_id": 6543, "station": "*Pepirí Guazú-Pte.Int.P.Rosale", "river": "", "variable": "Altura hidrométrica", "var_id": 2, "unit": "", "network": "sat2", "province": "", "procedure": "", "live": true, "percentiles": ""}}, {"type": "Feature", "geometry": {"type": "Point", "coordinates": [-53.7347222222222, -26.6133333333333]}, "properties": {"series_id": 34056, "station_id": 6543, "station": "*Pepirí Guazú-Pte.Int.P.Rosale", "river": "", "variable": "precipitación horaria", "var_id": 31, "unit": "", "network": "sat2", "province": "", "procedure": "", "live": true, "percentiles": ""}}, {"type": "Feature", "geometry": {"type": "Point", "coordinates": [-59.8169444444444, -34.3519444444444]}, "properties": {"series_id": 32711, "station_id": 6544, "station": "Areco - Carmen de Areco", "river": "", "variable": "Altura hidrométrica", "var_id": 2, "unit": "", "network": "sat2", "province": "", "procedure": "", "live": true, "percentiles": ""}}, {"type": "Feature", "geometry": {"type": "Point", "coordinates": [-59.8169444444444, -34.3519444444444]}, "properties": {"series_id": 34893, "station_id": 6544, "station": "Areco - Carmen de Areco", "river": "", "variable": "Caudal medio diario", "var_id": 40, "unit": "", "network": "sat2", "province": "", "procedure": "", "live": true, "percentiles": ""}}, {"type": "Feature", "geometry": {"type": "Point", "coordinates": [-67.1244444444444, -28.3094444444444]}, "properties": {"series_id": 33166, "station_id": 6545, "station": "Los Sauces II - MET", "river": "", "variable": "precipitación diaria 12Z", "var_id": 1, "unit": "", "network": "sat2", "province": "", "procedure": "", "live": true, "percentiles": ""}}, {"type": "Feature", "geometry": {"type": "Point", "coordinates": [-67.1244444444444, -28.3094444444444]}, "properties": {"series_id": 33167, "station_id": 6545, "station": "Los Sauces II - MET", "river": "", "variable": "precipitación horaria", "var_id": 31, "unit": "", "network": "sat2", "province": "", "procedure": "", "live": true, "percentiles": ""}}, {"type": "Feature", "geometry": {"type": "Point", "coordinates": [-64.3691666666667, -22.7263888888889]}, "properties": {"series_id": 32851, "station_id": 6548, "station": "Bermejo - Aguas Blancas LIM", "river": "", "variable": "Altura hidrométrica", "var_id": 2, "unit": "", "network": "sat2", "province": "", "procedure": "", "live": true, "percentiles": ""}}, {"type": "Feature", "geometry": {"type": "Point", "coordinates": [-64.3691666666667, -22.7263888888889]}, "properties": {"series_id": 37917, "station_id": 6548, "station": "Bermejo - Aguas Blancas LIM", "river": "", "variable": "Altura hidrométrica media diaria", "var_id": 39, "unit": "", "network": "sat2", "province": "", "procedure": "", "live": true, "percentiles": ""}}, {"type": "Feature", "geometry": {"type": "Point", "coordinates": [-64.3902777777778, -25.2497222222222]}, "properties": {"series_id": 32882, "station_id": 6549, "station": "Juramento - El Tunal", "river": "", "variable": "Altura hidrométrica", "var_id": 2, "unit": "", "network": "sat2", "province": "", "procedure": "", "live": true, "percentiles": ""}}, {"type": "Feature", "geometry": {"type": "Point", "coordinates": [-64.3902777777778, -25.2497222222222]}, "properties": {"series_id": 38835, "station_id": 6549, "station": "Juramento - El Tunal", "river": "", "variable": "precipitación horaria", "var_id": 31, "unit": "", "network": "sat2", "province": "", "procedure": "", "live": true, "percentiles": ""}}, {"type": "Feature", "geometry": {"type": "Point", "coordinates": [-64.3902777777778, -25.2497222222222]}, "properties": {"series_id": 37928, "station_id": 6549, "station": "Juramento - El Tunal", "river": "", "variable": "Altura hidrométrica media diaria", "var_id": 39, "unit": "", "network": "sat2", "province": "", "procedure": "", "live": true, "percentiles": ""}}, {"type": "Feature", "geometry": {"type": "Point", "coordinates": [-57.6216666666667, -30.2516666666667]}, "properties": {"series_id": 33230, "station_id": 6551, "station": "Uruguay - Monte Caseros", "river": "", "variable": "Altura hidrométrica", "var_id": 2, "unit": "", "network": "sat2", "province": "", "procedure": "", "live": true, "percentiles": ""}}, {"type": "Feature", "geometry": {"type": "Point", "coordinates": [-54.9725, -27.2158333333333]}, "properties": {"series_id": 33025, "station_id": 6552, "station": "Acaragua - Campo Grande", "river": "null", "variable": "precipitación diaria 12Z", "var_id": 1, "unit": "", "network": "sat2", "province": "", "procedure": "", "live": true, "percentiles": ""}}, {"type": "Feature", "geometry": {"type": "Point", "coordinates": [-54.9725, -27.2158333333333]}, "properties": {"series_id": 33745, "station_id": 6552, "station": "Acaragua - Campo Grande", "river": "null", "variable": "Altura hidrométrica", "var_id": 2, "unit": "", "network": "sat2", "province": "", "procedure": "", "live": true, "percentiles": ""}}, {"type": "Feature", "geometry": {"type": "Point", "coordinates": [-54.9725, -27.2158333333333]}, "properties": {"series_id": 33026, "station_id": 6552, "station": "Acaragua - Campo Grande", "river": "null", "variable": "precipitación horaria", "var_id": 31, "unit": "", "network": "sat2", "province": "", "procedure": "", "live": true, "percentiles": ""}}, {"type": "Feature", "geometry": {"type": "Point", "coordinates": [-60.3341666666667, -24.4086111111111]}, "properties": {"series_id": 33906, "station_id": 6553, "station": "Bañado La Estrella - RP Nº28", "river": "", "variable": "precipitación diaria 12Z", "var_id": 1, "unit": "", "network": "sat2", "province": "", "procedure": "", "live": true, "percentiles": ""}}, {"type": "Feature", "geometry": {"type": "Point", "coordinates": [-60.3341666666667, -24.4086111111111]}, "properties": {"series_id": 34065, "station_id": 6553, "station": "Bañado La Estrella - RP Nº28", "river": "", "variable": "Altura hidrométrica", "var_id": 2, "unit": "", "network": "sat2", "province": "", "procedure": "", "live": true, "percentiles": ""}}, {"type": "Feature", "geometry": {"type": "Point", "coordinates": [-60.3341666666667, -24.4086111111111]}, "properties": {"series_id": 38133, "station_id": 6553, "station": "Bañado La Estrella - RP Nº28", "river": "", "variable": "Altura hidrométrica media diaria", "var_id": 39, "unit": "", "network": "sat2", "province": "", "procedure": "", "live": true, "percentiles": ""}}, {"type": "Feature", "geometry": {"type": "Point", "coordinates": [-66.2175, -26.9955555555556]}, "properties": {"series_id": 33974, "station_id": 6555, "station": "Santa Maria - Pie de Medano", "river": "", "variable": "Altura hidrométrica", "var_id": 2, "unit": "", "network": "sat2", "province": "", "procedure": "", "live": true, "percentiles": ""}}, {"type": "Feature", "geometry": {"type": "Point", "coordinates": [-66.2175, -26.9955555555556]}, "properties": {"series_id": 38112, "station_id": 6555, "station": "Santa Maria - Pie de Medano", "river": "", "variable": "Altura hidrométrica media diaria", "var_id": 39, "unit": "", "network": "sat2", "province": "", "procedure": "", "live": true, "percentiles": ""}}, {"type": "Feature", "geometry": {"type": "Point", "coordinates": [-61.9638888888889, -23.1397222222222]}, "properties": {"series_id": 33909, "station_id": 6556, "station": "Pilcomayo - Tigra Norte", "river": "", "variable": "Altura hidrométrica", "var_id": 2, "unit": "", "network": "sat2", "province": "", "procedure": "", "live": true, "percentiles": ""}}, {"type": "Feature", "geometry": {"type": "Point", "coordinates": [-60.9019444444444, -28.7297222222222]}, "properties": {"series_id": 39430, "station_id": 6567, "station": "CIRHBAS - MET EL GUANAGAN RP13", "river": "", "variable": "precipitación diaria 12Z", "var_id": 1, "unit": "", "network": "sat2", "province": "", "procedure": "", "live": true, "percentiles": ""}}, {"type": "Feature", "geometry": {"type": "Point", "coordinates": [-60.9019444444444, -28.7297222222222]}, "properties": {"series_id": 33363, "station_id": 6567, "station": "CIRHBAS - MET EL GUANAGAN RP13", "river": "", "variable": "Altura hidrométrica", "var_id": 2, "unit": "", "network": "sat2", "province": "", "procedure": "", "live": true, "percentiles": ""}}, {"type": "Feature", "geometry": {"type": "Point", "coordinates": [-59.3283333333333, -29.165]}, "properties": {"series_id": 37893, "station_id": 6569, "station": "Paraná - Goya", "river": "", "variable": "Altura hidrométrica media diaria", "var_id": 39, "unit": "", "network": "sat2", "province": "", "procedure": "", "live": true, "percentiles": ""}}, {"type": "Feature", "geometry": {"type": "Point", "coordinates": [-65.2733333333333, -43.2761111111111]}, "properties": {"series_id": 34308, "station_id": 6570, "station": "Chubut - Trelew", "river": "", "variable": "precipitación diaria 12Z", "var_id": 1, "unit": "", "network": "sat2", "province": "", "procedure": "", "live": true, "percentiles": ""}}, {"type": "Feature", "geometry": {"type": "Point", "coordinates": [-65.2733333333333, -43.2761111111111]}, "properties": {"series_id": 34309, "station_id": 6570, "station": "Chubut - Trelew", "river": "", "variable": "precipitación horaria", "var_id": 31, "unit": "", "network": "sat2", "province": "", "procedure": "", "live": true, "percentiles": ""}}, {"type": "Feature", "geometry": {"type": "Point", "coordinates": [-65.2733333333333, -43.2761111111111]}, "properties": {"series_id": 38036, "station_id": 6570, "station": "Chubut - Trelew", "river": "", "variable": "Altura hidrométrica media diaria", "var_id": 39, "unit": "", "network": "sat2", "province": "", "procedure": "", "live": true, "percentiles": false}}, {"type": "Feature", "geometry": {"type": "Point", "coordinates": [-65.3980555555556, -33.5838888888889]}, "properties": {"series_id": 39416, "station_id": 6572, "station": "Aº El Quebrachal - RP Nº 33", "river": "", "variable": "precipitación diaria 12Z", "var_id": 1, "unit": "", "network": "sat2", "province": "", "procedure": "", "live": true, "percentiles": ""}}, {"type": "Feature", "geometry": {"type": "Point", "coordinates": [-65.3980555555556, -33.5838888888889]}, "properties": {"series_id": 37946, "station_id": 6572, "station": "Aº El Quebrachal - RP Nº 33", "river": "", "variable": "Altura hidrométrica media diaria", "var_id": 39, "unit": "", "network": "sat2", "province": "", "procedure": "", "live": true, "percentiles": ""}}, {"type": "Feature", "geometry": {"type": "Point", "coordinates": [-65.03, -40.7566666666667]}, "properties": {"series_id": 33939, "station_id": 6573, "station": "San Antonio Oeste - ET 132 KV", "river": "", "variable": "precipitación diaria 12Z", "var_id": 1, "unit": "", "network": "sat2", "province": "", "procedure": "", "live": true, "percentiles": ""}}, {"type": "Feature", "geometry": {"type": "Point", "coordinates": [-65.3433333333333, -41.5916666666667]}, "properties": {"series_id": 38067, "station_id": 6574, "station": "Sierra Grande - Aeródromo", "river": "", "variable": "Altura hidrométrica media diaria", "var_id": 39, "unit": "", "network": "sat2", "province": "", "procedure": "", "live": true, "percentiles": ""}}, {"type": "Feature", "geometry": {"type": "Point", "coordinates": [-55.8177777777778, -27.9122222222222]}, "properties": {"series_id": 38008, "station_id": 6575, "station": "Chimiray - Colonia Liebig", "river": "", "variable": "Altura hidrométrica media diaria", "var_id": 39, "unit": "", "network": "sat2", "province": "", "procedure": "", "live": true, "percentiles": ""}}, {"type": "Feature", "geometry": {"type": "Point", "coordinates": [-61.2419444444444, -24.2563888888889]}, "properties": {"series_id": 38114, "station_id": 6576, "station": "Laguna Yema", "river": "", "variable": "Altura hidrométrica media diaria", "var_id": 39, "unit": "", "network": "sat2", "province": "", "procedure": "", "live": true, "percentiles": ""}}, {"type": "Feature", "geometry": {"type": "Point", "coordinates": [-65.5238888888889, -25.5091666666667]}, "properties": {"series_id": 33380, "station_id": 6577, "station": "Las Conchas - Coropampa", "river": "", "variable": "precipitación diaria 12Z", "var_id": 1, "unit": "", "network": "sat2", "province": "", "procedure": "", "live": true, "percentiles": ""}}, {"type": "Feature", "geometry": {"type": "Point", "coordinates": [-65.5238888888889, -25.5091666666667]}, "properties": {"series_id": 33381, "station_id": 6577, "station": "Las Conchas - Coropampa", "river": "", "variable": "precipitación horaria", "var_id": 31, "unit": "", "network": "sat2", "province": "", "procedure": "", "live": true, "percentiles": ""}}, {"type": "Feature", "geometry": {"type": "Point", "coordinates": [-54.1955555555556, -27.2922222222222]}, "properties": {"series_id": 33756, "station_id": 6578, "station": "Uruguay - El Soberbio", "river": "", "variable": "precipitación diaria 12Z", "var_id": 1, "unit": "", "network": "sat2", "province": "", "procedure": "", "live": true, "percentiles": ""}}, {"type": "Feature", "geometry": {"type": "Point", "coordinates": [-54.1955555555556, -27.2922222222222]}, "properties": {"series_id": 33241, "station_id": 6578, "station": "Uruguay - El Soberbio", "river": "", "variable": "Altura hidrométrica", "var_id": 2, "unit": "", "network": "sat2", "province": "", "procedure": "", "live": true, "percentiles": ""}}, {"type": "Feature", "geometry": {"type": "Point", "coordinates": [-54.1955555555556, -27.2922222222222]}, "properties": {"series_id": 33757, "station_id": 6578, "station": "Uruguay - El Soberbio", "river": "", "variable": "precipitación horaria", "var_id": 31, "unit": "", "network": "sat2", "province": "", "procedure": "", "live": true, "percentiles": ""}}, {"type": "Feature", "geometry": {"type": "Point", "coordinates": [-55.335, -27.4011111111111]}, "properties": {"series_id": 34142, "station_id": 6579, "station": "Yabebiry - Colonia Martires", "river": "", "variable": "precipitación diaria 12Z", "var_id": 1, "unit": "", "network": "sat2", "province": "", "procedure": "", "live": true, "percentiles": ""}}, {"type": "Feature", "geometry": {"type": "Point", "coordinates": [-55.335, -27.4011111111111]}, "properties": {"series_id": 37948, "station_id": 6579, "station": "Yabebiry - Colonia Martires", "river": "", "variable": "Altura hidrométrica media diaria", "var_id": 39, "unit": "", "network": "sat2", "province": "", "procedure": "", "live": true, "percentiles": ""}}, {"type": "Feature", "geometry": {"type": "Point", "coordinates": [-69.475, -45.9861111111111]}, "properties": {"series_id": 33062, "station_id": 6582, "station": "Senguerr - Los Molinos", "river": "", "variable": "Altura hidrométrica", "var_id": 2, "unit": "", "network": "sat2", "province": "", "procedure": "", "live": true, "percentiles": ""}}, {"type": "Feature", "geometry": {"type": "Point", "coordinates": [-69.475, -45.9861111111111]}, "properties": {"series_id": 37956, "station_id": 6582, "station": "Senguerr - Los Molinos", "river": "", "variable": "Altura hidrométrica media diaria", "var_id": 39, "unit": "", "network": "sat2", "province": "", "procedure": "", "live": true, "percentiles": ""}}, {"type": "Feature", "geometry": {"type": "Point", "coordinates": [-71.5633333333333, -41.3572222222222]}, "properties": {"series_id": 33820, "station_id": 6583, "station": "Lago Mascardi - Central Frey", "river": "", "variable": "precipitación horaria", "var_id": 31, "unit": "", "network": "sat2", "province": "", "procedure": "", "live": true, "percentiles": ""}}, {"type": "Feature", "geometry": {"type": "Point", "coordinates": [-55.1358333333333, -27.8938888888889]}, "properties": {"series_id": 33073, "station_id": 6588, "station": "Uruguay-S.Javier-P.de la Barca", "river": "", "variable": "precipitación diaria 12Z", "var_id": 1, "unit": "", "network": "sat2", "province": "", "procedure": "", "live": true, "percentiles": ""}}, {"type": "Feature", "geometry": {"type": "Point", "coordinates": [-55.1358333333333, -27.8938888888889]}, "properties": {"series_id": 33074, "station_id": 6588, "station": "Uruguay-S.Javier-P.de la Barca", "river": "", "variable": "precipitación horaria", "var_id": 31, "unit": "", "network": "sat2", "province": "", "procedure": "", "live": true, "percentiles": ""}}, {"type": "Feature", "geometry": {"type": "Point", "coordinates": [-71.4283333333333, -43.9194444444444]}, "properties": {"series_id": 37926, "station_id": 6591, "station": "Lago Vinter - Vinter", "river": "", "variable": "Altura hidrométrica media diaria", "var_id": 39, "unit": "", "network": "sat2", "province": "", "procedure": "", "live": true, "percentiles": ""}}, {"type": "Feature", "geometry": {"type": "Point", "coordinates": [-54.5766666666667, -27.4405555555556]}, "properties": {"series_id": 33192, "station_id": 6592, "station": "A° Saltito - El Saltito", "river": "", "variable": "Altura hidrométrica", "var_id": 2, "unit": "", "network": "sat2", "province": "", "procedure": "", "live": true, "percentiles": ""}}, {"type": "Feature", "geometry": {"type": "Point", "coordinates": [-63.7897222222222, -40.4555555555556]}, "properties": {"series_id": 38068, "station_id": 6593, "station": "Negro - Primera Angostura", "river": "", "variable": "Altura hidrométrica media diaria", "var_id": 39, "unit": "", "network": "sat2", "province": "", "procedure": "", "live": true, "percentiles": ""}}, {"type": "Feature", "geometry": {"type": "Point", "coordinates": [-62.4133333333333, -34.4494444444444]}, "properties": {"series_id": 34145, "station_id": 6595, "station": "Lag. La Picasa-Inter. Can. A22", "river": "", "variable": "Altura hidrométrica", "var_id": 2, "unit": "", "network": "sat2", "province": "", "procedure": "", "live": true, "percentiles": ""}}, {"type": "Feature", "geometry": {"type": "Point", "coordinates": [-65.5933333333333, -24.8422222222222]}, "properties": {"series_id": 33984, "station_id": 6597, "station": "Arenales - El Encon", "river": "", "variable": "precipitación horaria", "var_id": 31, "unit": "", "network": "sat2", "province": "", "procedure": "", "live": true, "percentiles": ""}}, {"type": "Feature", "geometry": {"type": "Point", "coordinates": [-59.7155555555556, -28.2275]}, "properties": {"series_id": 33386, "station_id": 6599, "station": "Aº Los Amores - Escuela 1256", "river": "", "variable": "precipitación diaria 12Z", "var_id": 1, "unit": "", "network": "sat2", "province": "", "procedure": "", "live": true, "percentiles": ""}}, {"type": "Feature", "geometry": {"type": "Point", "coordinates": [-65.1502777777778, -22.5988888888889]}, "properties": {"series_id": 33511, "station_id": 6602, "station": "Iruya - El Molino", "river": "", "variable": "precipitación diaria 12Z", "var_id": 1, "unit": "", "network": "sat2", "province": "", "procedure": "", "live": true, "percentiles": ""}}, {"type": "Feature", "geometry": {"type": "Point", "coordinates": [-65.1502777777778, -22.5988888888889]}, "properties": {"series_id": 33512, "station_id": 6602, "station": "Iruya - El Molino", "river": "", "variable": "precipitación horaria", "var_id": 31, "unit": "", "network": "sat2", "province": "", "procedure": "", "live": true, "percentiles": ""}}, {"type": "Feature", "geometry": {"type": "Point", "coordinates": [-65.9288888888889, -27.2141666666667]}, "properties": {"series_id": 34075, "station_id": 6603, "station": "Pavas - Las Mesadas", "river": "", "variable": "precipitación diaria 12Z", "var_id": 1, "unit": "", "network": "sat2", "province": "", "procedure": "", "live": true, "percentiles": ""}}, {"type": "Feature", "geometry": {"type": "Point", "coordinates": [-59.7027777777778, -34.2880555555556]}, "properties": {"series_id": 32879, "station_id": 6604, "station": "Areco - Puente Quemado", "river": "", "variable": "precipitación diaria 12Z", "var_id": 1, "unit": "", "network": "sat2", "province": "", "procedure": "", "live": true, "percentiles": ""}}, {"type": "Feature", "geometry": {"type": "Point", "coordinates": [-59.7027777777778, -34.2880555555556]}, "properties": {"series_id": 32880, "station_id": 6604, "station": "Areco - Puente Quemado", "river": "", "variable": "precipitación horaria", "var_id": 31, "unit": "", "network": "sat2", "province": "", "procedure": "", "live": true, "percentiles": ""}}, {"type": "Feature", "geometry": {"type": "Point", "coordinates": [-59.7027777777778, -34.2880555555556]}, "properties": {"series_id": 37927, "station_id": 6604, "station": "Areco - Puente Quemado", "river": "", "variable": "Altura hidrométrica media diaria", "var_id": 39, "unit": "", "network": "sat2", "province": "", "procedure": "", "live": true, "percentiles": ""}}, {"type": "Feature", "geometry": {"type": "Point", "coordinates": [-68.3983333333333, -43.8886111111111]}, "properties": {"series_id": 33064, "station_id": 6608, "station": "Chubut - Los Altares", "river": "", "variable": "Altura hidrométrica", "var_id": 2, "unit": "", "network": "sat2", "province": "", "procedure": "", "live": true, "percentiles": ""}}, {"type": "Feature", "geometry": {"type": "Point", "coordinates": [-63.3816666666667, -34.2619444444444]}, "properties": {"series_id": 33055, "station_id": 6609, "station": "La Picasa - Obra Reg Nº1", "river": "", "variable": "Altura hidrométrica", "var_id": 2, "unit": "", "network": "sat2", "province": "", "procedure": "", "live": true, "percentiles": ""}}, {"type": "Feature", "geometry": {"type": "Point", "coordinates": [-63.3816666666667, -34.2619444444444]}, "properties": {"series_id": 37949, "station_id": 6609, "station": "La Picasa - Obra Reg Nº1", "river": "", "variable": "Altura hidrométrica media diaria", "var_id": 39, "unit": "", "network": "sat2", "province": "", "procedure": "", "live": true, "percentiles": ""}}, {"type": "Feature", "geometry": {"type": "Point", "coordinates": [-69.8519444444444, -33.1475]}, "properties": {"series_id": 33987, "station_id": 6612, "station": "Niv. Cerro Polleras", "river": "", "variable": "Altura hidrométrica", "var_id": 2, "unit": "", "network": "sat2", "province": "", "procedure": "", "live": true, "percentiles": ""}}, {"type": "Feature", "geometry": {"type": "Point", "coordinates": [-69.8519444444444, -33.1475]}, "properties": {"series_id": 38115, "station_id": 6612, "station": "Niv. Cerro Polleras", "river": "", "variable": "Altura hidrométrica media diaria", "var_id": 39, "unit": "", "network": "sat2", "province": "", "procedure": "", "live": true, "percentiles": ""}}, {"type": "Feature", "geometry": {"type": "Point", "coordinates": [-69.9483333333333, -34.3075]}, "properties": {"series_id": 34079, "station_id": 6613, "station": "NIV - Picos de Barroso", "river": "", "variable": "Altura hidrométrica", "var_id": 2, "unit": "", "network": "sat2", "province": "", "procedure": "", "live": true, "percentiles": ""}}, {"type": "Feature", "geometry": {"type": "Point", "coordinates": [-69.9483333333333, -34.3075]}, "properties": {"series_id": 38136, "station_id": 6613, "station": "NIV - Picos de Barroso", "river": "", "variable": "Altura hidrométrica media diaria", "var_id": 39, "unit": "", "network": "sat2", "province": "", "procedure": "", "live": true, "percentiles": ""}}, {"type": "Feature", "geometry": {"type": "Point", "coordinates": [-68.4511111111111, -52.8902777777778]}, "properties": {"series_id": 33389, "station_id": 6614, "station": "Cullén - Cullén 2", "river": "", "variable": "Altura hidrométrica", "var_id": 2, "unit": "", "network": "sat2", "province": "", "procedure": "", "live": true, "percentiles": ""}}, {"type": "Feature", "geometry": {"type": "Point", "coordinates": [-55.6422222222222, -28.1772222222222]}, "properties": {"series_id": 33231, "station_id": 6615, "station": "Uruguay - Garruchos", "river": "", "variable": "Altura hidrométrica", "var_id": 2, "unit": "", "network": "sat2", "province": "", "procedure": "", "live": true, "percentiles": ""}}, {"type": "Feature", "geometry": {"type": "Point", "coordinates": [-67.0163888888889, -27.6155555555556]}, "properties": {"series_id": 33056, "station_id": 6616, "station": "Dique Belén - Aguas Abajo", "river": "", "variable": "Altura hidrométrica", "var_id": 2, "unit": "", "network": "sat2", "province": "", "procedure": "", "live": true, "percentiles": ""}}, {"type": "Feature", "geometry": {"type": "Point", "coordinates": [-67.0163888888889, -27.6155555555556]}, "properties": {"series_id": 37950, "station_id": 6616, "station": "Dique Belén - Aguas Abajo", "river": "", "variable": "Altura hidrométrica media diaria", "var_id": 39, "unit": "", "network": "sat2", "province": "", "procedure": "", "live": true, "percentiles": ""}}, {"type": "Feature", "geometry": {"type": "Point", "coordinates": [-53.8938888888889, -27.0694444444444]}, "properties": {"series_id": 32883, "station_id": 6617, "station": "Aº Yabotí  Guazú", "river": "", "variable": "Altura hidrométrica", "var_id": 2, "unit": "", "network": "sat2", "province": "", "procedure": "", "live": true, "percentiles": ""}}, {"type": "Feature", "geometry": {"type": "Point", "coordinates": [-53.8938888888889, -27.0694444444444]}, "properties": {"series_id": 37929, "station_id": 6617, "station": "Aº Yabotí  Guazú", "river": "", "variable": "Altura hidrométrica media diaria", "var_id": 39, "unit": "", "network": "sat2", "province": "", "procedure": "", "live": true, "percentiles": ""}}, {"type": "Feature", "geometry": {"type": "Point", "coordinates": [-55.335, -27.4011111111111]}, "properties": {"series_id": 33835, "station_id": 6618, "station": "Yabebiry - Colonia Martires", "river": "", "variable": "precipitación diaria 12Z", "var_id": 1, "unit": "", "network": "sat2", "province": "", "procedure": "", "live": true, "percentiles": ""}}, {"type": "Feature", "geometry": {"type": "Point", "coordinates": [-55.335, -27.4011111111111]}, "properties": {"series_id": 33836, "station_id": 6618, "station": "Yabebiry - Colonia Martires", "river": "", "variable": "precipitación horaria", "var_id": 31, "unit": "", "network": "sat2", "province": "", "procedure": "", "live": true, "percentiles": ""}}, {"type": "Feature", "geometry": {"type": "Point", "coordinates": [-71.8880555555556, -42.6177777777778]}, "properties": {"series_id": 33767, "station_id": 6620, "station": "L. Menéndez-Cisne Pto. Sagrado", "river": "", "variable": "Altura hidrométrica", "var_id": 2, "unit": "", "network": "sat2", "province": "", "procedure": "", "live": true, "percentiles": ""}}, {"type": "Feature", "geometry": {"type": "Point", "coordinates": [-71.8880555555556, -42.6177777777778]}, "properties": {"series_id": 33562, "station_id": 6620, "station": "L. Menéndez-Cisne Pto. Sagrado", "river": "", "variable": "precipitación horaria", "var_id": 31, "unit": "", "network": "sat2", "province": "", "procedure": "", "live": true, "percentiles": ""}}, {"type": "Feature", "geometry": {"type": "Point", "coordinates": [-57.0830555555556, -29.7219444444444]}, "properties": {"series_id": 33988, "station_id": 6621, "station": "Uruguay - Paso de los Libres", "river": "", "variable": "Altura hidrométrica", "var_id": 2, "unit": "", "network": "sat2", "province": "", "procedure": "", "live": true, "percentiles": ""}}, {"type": "Feature", "geometry": {"type": "Point", "coordinates": [-63.4491666666667, -33.9330555555556]}, "properties": {"series_id": 38296, "station_id": 6623, "station": "Quinto - Canal Devoto RP 4", "river": "", "variable": "Altura hidrométrica media diaria", "var_id": 39, "unit": "", "network": "sat2", "province": "", "procedure": "", "live": true, "percentiles": ""}}, {"type": "Feature", "geometry": {"type": "Point", "coordinates": [-64.3963888888889, -33.9311111111111]}, "properties": {"series_id": 32887, "station_id": 6624, "station": "Aº El Aji - RN Nº35 y RN Nº7", "river": "", "variable": "precipitación diaria 12Z", "var_id": 1, "unit": "", "network": "sat2", "province": "", "procedure": "", "live": true, "percentiles": ""}}, {"type": "Feature", "geometry": {"type": "Point", "coordinates": [-64.3963888888889, -33.9311111111111]}, "properties": {"series_id": 32888, "station_id": 6624, "station": "Aº El Aji - RN Nº35 y RN Nº7", "river": "", "variable": "precipitación horaria", "var_id": 31, "unit": "", "network": "sat2", "province": "", "procedure": "", "live": true, "percentiles": ""}}, {"type": "Feature", "geometry": {"type": "Point", "coordinates": [-64.3963888888889, -33.9311111111111]}, "properties": {"series_id": 38295, "station_id": 6624, "station": "Aº El Aji - RN Nº35 y RN Nº7", "river": "", "variable": "Altura hidrométrica media diaria", "var_id": 39, "unit": "", "network": "sat2", "province": "", "procedure": "", "live": true, "percentiles": ""}}, {"type": "Feature", "geometry": {"type": "Point", "coordinates": [-68.3769444444444, -53.5480555555556]}, "properties": {"series_id": 33059, "station_id": 6625, "station": "Chico - Chico 2", "river": "", "variable": "Altura hidrométrica", "var_id": 2, "unit": "", "network": "sat2", "province": "", "procedure": "", "live": true, "percentiles": ""}}, {"type": "Feature", "geometry": {"type": "Point", "coordinates": [-59.5147222222222, -30.3511111111111]}, "properties": {"series_id": 34086, "station_id": 6626, "station": "Guayquiraró - RN 12 - A°Curupí", "river": "", "variable": "Altura hidrométrica", "var_id": 2, "unit": "", "network": "sat2", "province": "", "procedure": "", "live": true, "percentiles": false}}, {"type": "Feature", "geometry": {"type": "Point", "coordinates": [-62.1211111111111, -34.2419444444444]}, "properties": {"series_id": 38040, "station_id": 6627, "station": "Compuerta Alternativa Norte AD", "river": "", "variable": "Altura hidrométrica media diaria", "var_id": 39, "unit": "", "network": "sat2", "province": "", "procedure": "", "live": true, "percentiles": ""}}, {"type": "Feature", "geometry": {"type": "Point", "coordinates": [-65.2877777777778, -28.5911111111111]}, "properties": {"series_id": 34147, "station_id": 6631, "station": "Dique Sotomayor - Aguas abajo", "river": "", "variable": "Altura hidrométrica", "var_id": 2, "unit": "", "network": "sat2", "province": "", "procedure": "", "live": true, "percentiles": ""}}, {"type": "Feature", "geometry": {"type": "Point", "coordinates": [-65.2877777777778, -28.5911111111111]}, "properties": {"series_id": 38158, "station_id": 6631, "station": "Dique Sotomayor - Aguas abajo", "river": "", "variable": "Altura hidrométrica media diaria", "var_id": 39, "unit": "", "network": "sat2", "province": "", "procedure": "", "live": true, "percentiles": ""}}, {"type": "Feature", "geometry": {"type": "Point", "coordinates": [-59.1308333333333, -27.5413888888889]}, "properties": {"series_id": 38041, "station_id": 6633, "station": "Salado - RN Nº 11", "river": "", "variable": "Altura hidrométrica media diaria", "var_id": 39, "unit": "", "network": "sat2", "province": "", "procedure": "", "live": true, "percentiles": ""}}, {"type": "Feature", "geometry": {"type": "Point", "coordinates": [-65.3636111111111, -33.6366666666667]}, "properties": {"series_id": 39445, "station_id": 6635, "station": "Nuevo - Ruta Nac. Nº 8", "river": "", "variable": "precipitación diaria 12Z", "var_id": 1, "unit": "", "network": "sat2", "province": "", "procedure": "", "live": true, "percentiles": ""}}, {"type": "Feature", "geometry": {"type": "Point", "coordinates": [-65.3636111111111, -33.6366666666667]}, "properties": {"series_id": 33774, "station_id": 6635, "station": "Nuevo - Ruta Nac. Nº 8", "river": "", "variable": "Altura hidrométrica", "var_id": 2, "unit": "", "network": "sat2", "province": "", "procedure": "", "live": true, "percentiles": ""}}, {"type": "Feature", "geometry": {"type": "Point", "coordinates": [-65.3636111111111, -33.6366666666667]}, "properties": {"series_id": 38072, "station_id": 6635, "station": "Nuevo - Ruta Nac. Nº 8", "river": "", "variable": "Altura hidrométrica media diaria", "var_id": 39, "unit": "", "network": "sat2", "province": "", "procedure": "", "live": true, "percentiles": ""}}, {"type": "Feature", "geometry": {"type": "Point", "coordinates": [-68.2525, -29.2580555555556]}, "properties": {"series_id": 33393, "station_id": 6637, "station": "Bermejo - Azud los Colorados", "river": "", "variable": "Altura hidrométrica", "var_id": 2, "unit": "", "network": "sat2", "province": "", "procedure": "", "live": true, "percentiles": ""}}, {"type": "Feature", "geometry": {"type": "Point", "coordinates": [-67.0163888888889, -27.615]}, "properties": {"series_id": 33927, "station_id": 6638, "station": "Dique Belén - Embalse", "river": "", "variable": "Altura hidrométrica", "var_id": 2, "unit": "", "network": "sat2", "province": "", "procedure": "", "live": true, "percentiles": ""}}, {"type": "Feature", "geometry": {"type": "Point", "coordinates": [-68.5313888888889, -53.8416666666667]}, "properties": {"series_id": 33058, "station_id": 6639, "station": "Afluente Río Grande       ", "river": "", "variable": "Altura hidrométrica", "var_id": 2, "unit": "", "network": "sat2", "province": "", "procedure": "", "live": true, "percentiles": ""}}, {"type": "Feature", "geometry": {"type": "Point", "coordinates": [-68.5313888888889, -53.8416666666667]}, "properties": {"series_id": 33208, "station_id": 6639, "station": "Afluente Río Grande       ", "river": "", "variable": "precipitación horaria", "var_id": 31, "unit": "", "network": "sat2", "province": "", "procedure": "", "live": true, "percentiles": ""}}, {"type": "Feature", "geometry": {"type": "Point", "coordinates": [-68.5313888888889, -53.8416666666667]}, "properties": {"series_id": 37952, "station_id": 6639, "station": "Afluente Río Grande       ", "river": "", "variable": "Altura hidrométrica media diaria", "var_id": 39, "unit": "", "network": "sat2", "province": "", "procedure": "", "live": true, "percentiles": ""}}, {"type": "Feature", "geometry": {"type": "Point", "coordinates": [-70.8913888888889, -41.8419444444444]}, "properties": {"series_id": 33516, "station_id": 6640, "station": "Ñorquinco - Ñorquinco", "river": "", "variable": "Altura hidrométrica", "var_id": 2, "unit": "", "network": "sat2", "province": "", "procedure": "", "live": true, "percentiles": ""}}, {"type": "Feature", "geometry": {"type": "Point", "coordinates": [-70.8913888888889, -41.8419444444444]}, "properties": {"series_id": 38039, "station_id": 6640, "station": "Ñorquinco - Ñorquinco", "river": "", "variable": "Altura hidrométrica media diaria", "var_id": 39, "unit": "", "network": "sat2", "province": "", "procedure": "", "live": true, "percentiles": ""}}, {"type": "Feature", "geometry": {"type": "Point", "coordinates": [-72.915, -49.08]}, "properties": {"series_id": 33770, "station_id": 6642, "station": "Niv-LagoDelDesierto-El Crestón", "river": "", "variable": "precipitación diaria 12Z", "var_id": 1, "unit": "", "network": "sat2", "province": "", "procedure": "", "live": true, "percentiles": ""}}, {"type": "Feature", "geometry": {"type": "Point", "coordinates": [-70.6458333333333, -44.0344444444444]}, "properties": {"series_id": 34084, "station_id": 6643, "station": "Gob. Costa - Chubut MET-FRE", "river": "", "variable": "precipitación horaria", "var_id": 31, "unit": "", "network": "sat2", "province": "", "procedure": "", "live": true, "percentiles": ""}}, {"type": "Feature", "geometry": {"type": "Point", "coordinates": [-67.1977777777778, -27.6022222222222]}, "properties": {"series_id": 33924, "station_id": 6645, "station": "Esc. Prov. 355 - Piedra Larga", "river": "", "variable": "Altura hidrométrica", "var_id": 2, "unit": "", "network": "sat2", "province": "", "procedure": "", "live": true, "percentiles": ""}}, {"type": "Feature", "geometry": {"type": "Point", "coordinates": [-71.6194444444444, -42.0972222222222]}, "properties": {"series_id": 33394, "station_id": 6649, "station": "Lago Puelo - Lago Puelo", "river": "", "variable": "Altura hidrométrica", "var_id": 2, "unit": "", "network": "sat2", "province": "", "procedure": "", "live": true, "percentiles": ""}}, {"type": "Feature", "geometry": {"type": "Point", "coordinates": [-65.3155555555555, -27.1333333333333]}, "properties": {"series_id": 33520, "station_id": 6650, "station": "Salí - RP Nº323", "river": "", "variable": "Altura hidrométrica", "var_id": 2, "unit": "", "network": "sat2", "province": "", "procedure": "", "live": true, "percentiles": ""}}, {"type": "Feature", "geometry": {"type": "Point", "coordinates": [-65.3155555555555, -27.1333333333333]}, "properties": {"series_id": 38043, "station_id": 6650, "station": "Salí - RP Nº323", "river": "", "variable": "Altura hidrométrica media diaria", "var_id": 39, "unit": "", "network": "sat2", "province": "", "procedure": "", "live": true, "percentiles": ""}}, {"type": "Feature", "geometry": {"type": "Point", "coordinates": [-64.0980555555555, -28.0144444444444]}, "properties": {"series_id": 38139, "station_id": 6651, "station": "Dulce - Tuhama", "river": "", "variable": "Altura hidrométrica media diaria", "var_id": 39, "unit": "", "network": "sat2", "province": "", "procedure": "", "live": true, "percentiles": ""}}, {"type": "Feature", "geometry": {"type": "Point", "coordinates": [-64.7372222222222, -22.4311111111111]}, "properties": {"series_id": 33572, "station_id": 6652, "station": "Lipeo - Puente Colgante", "river": "", "variable": "precipitación diaria 12Z", "var_id": 1, "unit": "", "network": "sat2", "province": "", "procedure": "", "live": true, "percentiles": ""}}, {"type": "Feature", "geometry": {"type": "Point", "coordinates": [-64.7372222222222, -22.4311111111111]}, "properties": {"series_id": 33573, "station_id": 6652, "station": "Lipeo - Puente Colgante", "river": "", "variable": "precipitación horaria", "var_id": 31, "unit": "", "network": "sat2", "province": "", "procedure": "", "live": true, "percentiles": ""}}, {"type": "Feature", "geometry": {"type": "Point", "coordinates": [-64.7372222222222, -22.4311111111111]}, "properties": {"series_id": 38027, "station_id": 6652, "station": "Lipeo - Puente Colgante", "river": "", "variable": "Altura hidrométrica media diaria", "var_id": 39, "unit": "", "network": "sat2", "province": "", "procedure": "", "live": true, "percentiles": ""}}, {"type": "Feature", "geometry": {"type": "Point", "coordinates": [-72.2838888888889, -48.2061111111111]}, "properties": {"series_id": 33395, "station_id": 6654, "station": "Carreras - Frontera", "river": "", "variable": "Altura hidrométrica", "var_id": 2, "unit": "", "network": "sat2", "province": "", "procedure": "", "live": true, "percentiles": ""}}, {"type": "Feature", "geometry": {"type": "Point", "coordinates": [-59.8938888888889, -36.8311111111111]}, "properties": {"series_id": 34000, "station_id": 6655, "station": "Aº Azul - Seminario Diocesano", "river": "", "variable": "Altura hidrométrica", "var_id": 2, "unit": "", "network": "sat2", "province": "", "procedure": "", "live": true, "percentiles": ""}}, {"type": "Feature", "geometry": {"type": "Point", "coordinates": [-59.8938888888889, -36.8311111111111]}, "properties": {"series_id": 38117, "station_id": 6655, "station": "Aº Azul - Seminario Diocesano", "river": "", "variable": "Altura hidrométrica media diaria", "var_id": 39, "unit": "", "network": "sat2", "province": "", "procedure": "", "live": true, "percentiles": ""}}, {"type": "Feature", "geometry": {"type": "Point", "coordinates": [-70.4825, -41.7063888888889]}, "properties": {"series_id": 33522, "station_id": 6656, "station": "Chico - Cerro Mesa", "river": "", "variable": "Altura hidrométrica", "var_id": 2, "unit": "", "network": "sat2", "province": "", "procedure": "", "live": true, "percentiles": ""}}, {"type": "Feature", "geometry": {"type": "Point", "coordinates": [-70.4825, -41.7063888888889]}, "properties": {"series_id": 38044, "station_id": 6656, "station": "Chico - Cerro Mesa", "river": "", "variable": "Altura hidrométrica media diaria", "var_id": 39, "unit": "", "network": "sat2", "province": "", "procedure": "", "live": true, "percentiles": ""}}, {"type": "Feature", "geometry": {"type": "Point", "coordinates": [-68.2205555555556, -28.7436111111111]}, "properties": {"series_id": 34088, "station_id": 6657, "station": "Vinchina - Vinchina", "river": "", "variable": "Altura hidrométrica", "var_id": 2, "unit": "", "network": "sat2", "province": "", "procedure": "", "live": true, "percentiles": ""}}, {"type": "Feature", "geometry": {"type": "Point", "coordinates": [-57.8730555555556, -25.875]}, "properties": {"series_id": 34001, "station_id": 6658, "station": "Paraguay - Puerto Dalmacia", "river": "", "variable": "Altura hidrométrica", "var_id": 2, "unit": "", "network": "sat2", "province": "", "procedure": "", "live": true, "percentiles": ""}}, {"type": "Feature", "geometry": {"type": "Point", "coordinates": [-57.8730555555556, -25.875]}, "properties": {"series_id": 38118, "station_id": 6658, "station": "Paraguay - Puerto Dalmacia", "river": "", "variable": "Altura hidrométrica media diaria", "var_id": 39, "unit": "", "network": "sat2", "province": "", "procedure": "", "live": true, "percentiles": ""}}, {"type": "Feature", "geometry": {"type": "Point", "coordinates": [-58.3591666666667, -26.4077777777778]}, "properties": {"series_id": 33061, "station_id": 6659, "station": "Riacho Salado - Tatané - RN 11", "river": "", "variable": "Altura hidrométrica", "var_id": 2, "unit": "", "network": "sat2", "province": "", "procedure": "", "live": true, "percentiles": ""}}, {"type": "Feature", "geometry": {"type": "Point", "coordinates": [-58.3591666666667, -26.4077777777778]}, "properties": {"series_id": 37955, "station_id": 6659, "station": "Riacho Salado - Tatané - RN 11", "river": "", "variable": "Altura hidrométrica media diaria", "var_id": 39, "unit": "", "network": "sat2", "province": "", "procedure": "", "live": true, "percentiles": ""}}, {"type": "Feature", "geometry": {"type": "Point", "coordinates": [-59.4997222222222, -24.7469444444444]}, "properties": {"series_id": 33396, "station_id": 6660, "station": "Pilcomayo - Villa Gral. Güemes", "river": "", "variable": "Altura hidrométrica", "var_id": 2, "unit": "", "network": "sat2", "province": "", "procedure": "", "live": true, "percentiles": ""}}, {"type": "Feature", "geometry": {"type": "Point", "coordinates": [-67.0208333333333, -28.2613888888889]}, "properties": {"series_id": 33523, "station_id": 6661, "station": "Abaucán - Limite con La Rioja", "river": "", "variable": "Altura hidrométrica", "var_id": 2, "unit": "", "network": "sat2", "province": "", "procedure": "", "live": true, "percentiles": ""}}, {"type": "Feature", "geometry": {"type": "Point", "coordinates": [-67.0208333333333, -28.2613888888889]}, "properties": {"series_id": 38045, "station_id": 6661, "station": "Abaucán - Limite con La Rioja", "river": "", "variable": "Altura hidrométrica media diaria", "var_id": 39, "unit": "", "network": "sat2", "province": "", "procedure": "", "live": true, "percentiles": ""}}, {"type": "Feature", "geometry": {"type": "Point", "coordinates": [-57.9827777777778, -30.6275]}, "properties": {"series_id": 33216, "station_id": 6664, "station": "Aº Mocoretá - RN Nº 14", "river": "", "variable": "Altura hidrométrica", "var_id": 2, "unit": "", "network": "sat2", "province": "", "procedure": "", "live": true, "percentiles": ""}}, {"type": "Feature", "geometry": {"type": "Point", "coordinates": [-72.3111111111111, -51.0297222222222]}, "properties": {"series_id": 33066, "station_id": 6667, "station": "Vizcachas - Limite con Chile", "river": "", "variable": "Altura hidrométrica", "var_id": 2, "unit": "", "network": "sat2", "province": "", "procedure": "", "live": true, "percentiles": ""}}, {"type": "Feature", "geometry": {"type": "Point", "coordinates": [-60.1530555555556, -31.1933333333333]}, "properties": {"series_id": 33531, "station_id": 6669, "station": "San Javier - Cayastá", "river": "", "variable": "Altura hidrométrica", "var_id": 2, "unit": "", "network": "sat2", "province": "", "procedure": "", "live": true, "percentiles": false}}, {"type": "Feature", "geometry": {"type": "Point", "coordinates": [-60.1530555555556, -31.1933333333333]}, "properties": {"series_id": 38047, "station_id": 6669, "station": "San Javier - Cayastá", "river": "", "variable": "Altura hidrométrica media diaria", "var_id": 39, "unit": "", "network": "sat2", "province": "", "procedure": "", "live": true, "percentiles": ""}}, {"type": "Feature", "geometry": {"type": "Point", "coordinates": [-71.965, -50.87]}, "properties": {"series_id": 34148, "station_id": 6671, "station": "Vizcachas - Nacimiento", "river": "", "variable": "Altura hidrométrica", "var_id": 2, "unit": "", "network": "sat2", "province": "", "procedure": "", "live": true, "percentiles": ""}}, {"type": "Feature", "geometry": {"type": "Point", "coordinates": [-68.1177777777778, -53.9288888888889]}, "properties": {"series_id": 33067, "station_id": 6672, "station": "Ona - Ona - RP B", "river": "", "variable": "Altura hidrométrica", "var_id": 2, "unit": "", "network": "sat2", "province": "", "procedure": "", "live": true, "percentiles": ""}}, {"type": "Feature", "geometry": {"type": "Point", "coordinates": [-68.1177777777778, -53.9288888888889]}, "properties": {"series_id": 37959, "station_id": 6672, "station": "Ona - Ona - RP B", "river": "", "variable": "Altura hidrométrica media diaria", "var_id": 39, "unit": "", "network": "sat2", "province": "", "procedure": "", "live": true, "percentiles": ""}}, {"type": "Feature", "geometry": {"type": "Point", "coordinates": [-64.8527777777778, -31.6911111111111]}, "properties": {"series_id": 34004, "station_id": 6676, "station": "PN Trinidad - Condorito ", "river": "", "variable": "Altura hidrométrica", "var_id": 2, "unit": "", "network": "sat2", "province": "", "procedure": "", "live": true, "percentiles": ""}}, {"type": "Feature", "geometry": {"type": "Point", "coordinates": [-64.8527777777778, -31.6911111111111]}, "properties": {"series_id": 38120, "station_id": 6676, "station": "PN Trinidad - Condorito ", "river": "", "variable": "Altura hidrométrica media diaria", "var_id": 39, "unit": "", "network": "sat2", "province": "", "procedure": "", "live": true, "percentiles": ""}}, {"type": "Feature", "geometry": {"type": "Point", "coordinates": [-64.6527777777778, -22.1902777777778]}, "properties": {"series_id": 33399, "station_id": 6678, "station": "Bermejo - Alarache", "river": "", "variable": "Altura hidrométrica", "var_id": 2, "unit": "", "network": "sat2", "province": "", "procedure": "", "live": true, "percentiles": ""}}, {"type": "Feature", "geometry": {"type": "Point", "coordinates": [-60.6777777777778, -31.6302777777778]}, "properties": {"series_id": 34093, "station_id": 6685, "station": "Sis. Setúbal-Sta. Fé-La Guard.", "river": "", "variable": "Altura hidrométrica", "var_id": 2, "unit": "", "network": "sat2", "province": "", "procedure": "", "live": true, "percentiles": ""}}, {"type": "Feature", "geometry": {"type": "Point", "coordinates": [-60.6777777777778, -31.6302777777778]}, "properties": {"series_id": 38144, "station_id": 6685, "station": "Sis. Setúbal-Sta. Fé-La Guard.", "river": "", "variable": "Altura hidrométrica media diaria", "var_id": 39, "unit": "", "network": "sat2", "province": "", "procedure": "", "live": true, "percentiles": ""}}, {"type": "Feature", "geometry": {"type": "Point", "coordinates": [-68.9477777777778, -30.2230555555556]}, "properties": {"series_id": 33786, "station_id": 6691, "station": "Jáchal - Pachimoco", "river": "", "variable": "precipitación diaria 12Z", "var_id": 1, "unit": "", "network": "sat2", "province": "", "procedure": "", "live": true, "percentiles": ""}}, {"type": "Feature", "geometry": {"type": "Point", "coordinates": [-68.9477777777778, -30.2230555555556]}, "properties": {"series_id": 33932, "station_id": 6691, "station": "Jáchal - Pachimoco", "river": "", "variable": "Altura hidrométrica", "var_id": 2, "unit": "", "network": "sat2", "province": "", "procedure": "", "live": true, "percentiles": ""}}, {"type": "Feature", "geometry": {"type": "Point", "coordinates": [-68.9477777777778, -30.2230555555556]}, "properties": {"series_id": 33787, "station_id": 6691, "station": "Jáchal - Pachimoco", "river": "", "variable": "precipitación horaria", "var_id": 31, "unit": "", "network": "sat2", "province": "", "procedure": "", "live": true, "percentiles": ""}}, {"type": "Feature", "geometry": {"type": "Point", "coordinates": [-68.9477777777778, -30.2230555555556]}, "properties": {"series_id": 38102, "station_id": 6691, "station": "Jáchal - Pachimoco", "river": "", "variable": "Altura hidrométrica media diaria", "var_id": 39, "unit": "", "network": "sat2", "province": "", "procedure": "", "live": true, "percentiles": ""}}, {"type": "Feature", "geometry": {"type": "Point", "coordinates": [-60.1088888888889, -35.0880555555556]}, "properties": {"series_id": 34115, "station_id": 6698, "station": "Salado RP Nº 51 - Achupallas", "river": "", "variable": "Altura hidrométrica", "var_id": 2, "unit": "", "network": "sat2", "province": "", "procedure": "", "live": true, "percentiles": ""}}, {"type": "Feature", "geometry": {"type": "Point", "coordinates": [-60.1088888888889, -35.0880555555556]}, "properties": {"series_id": 38145, "station_id": 6698, "station": "Salado RP Nº 51 - Achupallas", "river": "", "variable": "Altura hidrométrica media diaria", "var_id": 39, "unit": "", "network": "sat2", "province": "", "procedure": "", "live": true, "percentiles": ""}}, {"type": "Feature", "geometry": {"type": "Point", "coordinates": [-64.3219444444444, -36.6213888888889]}, "properties": {"series_id": 39384, "station_id": 6701, "station": "Santa Rosa - Meteorológica", "river": "", "variable": "precipitación diaria 12Z", "var_id": 1, "unit": "", "network": "sat2", "province": "", "procedure": "", "live": true, "percentiles": ""}}, {"type": "Feature", "geometry": {"type": "Point", "coordinates": [-64.3219444444444, -36.6213888888889]}, "properties": {"series_id": 38847, "station_id": 6701, "station": "Santa Rosa - Meteorológica", "river": "", "variable": "precipitación horaria", "var_id": 31, "unit": "", "network": "sat2", "province": "", "procedure": "", "live": true, "percentiles": ""}}, {"type": "Feature", "geometry": {"type": "Point", "coordinates": [-64.3219444444444, -36.6213888888889]}, "properties": {"series_id": 37984, "station_id": 6701, "station": "Santa Rosa - Meteorológica", "river": "", "variable": "Altura hidrométrica media diaria", "var_id": 39, "unit": "", "network": "sat2", "province": "", "procedure": "", "live": true, "percentiles": ""}}, {"type": "Feature", "geometry": {"type": "Point", "coordinates": [-63.3086111111111, -33.4155555555556]}, "properties": {"series_id": 39381, "station_id": 6702, "station": "Cuarto - La Carlota", "river": "", "variable": "precipitación diaria 12Z", "var_id": 1, "unit": "", "network": "sat2", "province": "", "procedure": "", "live": true, "percentiles": ""}}, {"type": "Feature", "geometry": {"type": "Point", "coordinates": [-63.3086111111111, -33.4155555555556]}, "properties": {"series_id": 33790, "station_id": 6702, "station": "Cuarto - La Carlota", "river": "", "variable": "Altura hidrométrica", "var_id": 2, "unit": "", "network": "sat2", "province": "", "procedure": "", "live": true, "percentiles": ""}}, {"type": "Feature", "geometry": {"type": "Point", "coordinates": [-63.3086111111111, -33.4155555555556]}, "properties": {"series_id": 38830, "station_id": 6702, "station": "Cuarto - La Carlota", "river": "", "variable": "precipitación horaria", "var_id": 31, "unit": "", "network": "sat2", "province": "", "procedure": "", "live": true, "percentiles": ""}}, {"type": "Feature", "geometry": {"type": "Point", "coordinates": [-71.6397222222222, -46.5541666666667]}, "properties": {"series_id": 33400, "station_id": 6706, "station": "Los Antiguos - Los Antiguos", "river": "", "variable": "Altura hidrométrica", "var_id": 2, "unit": "", "network": "sat2", "province": "", "procedure": "", "live": true, "percentiles": ""}}, {"type": "Feature", "geometry": {"type": "Point", "coordinates": [-64.0461111111111, -25.3441666666667]}, "properties": {"series_id": 33793, "station_id": 6707, "station": "Juramento - El Quebrachal", "river": "", "variable": "Altura hidrométrica", "var_id": 2, "unit": "", "network": "sat2", "province": "", "procedure": "", "live": true, "percentiles": ""}}, {"type": "Feature", "geometry": {"type": "Point", "coordinates": [-57.9902777777778, -31.3147222222222]}, "properties": {"series_id": 33415, "station_id": 6708, "station": "Salto Chico - Concordia", "river": "", "variable": "precipitación horaria", "var_id": 31, "unit": "", "network": "sat2", "province": "", "procedure": "", "live": true, "percentiles": ""}}, {"type": "Feature", "geometry": {"type": "Point", "coordinates": [-65.0913888888889, -23.8619444444444]}, "properties": {"series_id": 33554, "station_id": 6709, "station": "Esc. Mariano Moreno Nº232", "river": "", "variable": "precipitación diaria 12Z", "var_id": 1, "unit": "", "network": "sat2", "province": "", "procedure": "", "live": true, "percentiles": ""}}, {"type": "Feature", "geometry": {"type": "Point", "coordinates": [-65.0913888888889, -23.8619444444444]}, "properties": {"series_id": 33555, "station_id": 6709, "station": "Esc. Mariano Moreno Nº232", "river": "", "variable": "precipitación horaria", "var_id": 31, "unit": "", "network": "sat2", "province": "", "procedure": "", "live": true, "percentiles": ""}}, {"type": "Feature", "geometry": {"type": "Point", "coordinates": [-64.8669444444444, -23.8663888888889]}, "properties": {"series_id": 34216, "station_id": 6711, "station": "PN - Calilegua - La Mesada", "river": "", "variable": "precipitación diaria 12Z", "var_id": 1, "unit": "", "network": "sat2", "province": "", "procedure": "", "live": true, "percentiles": ""}}, {"type": "Feature", "geometry": {"type": "Point", "coordinates": [-64.8669444444444, -23.8663888888889]}, "properties": {"series_id": 34217, "station_id": 6711, "station": "PN - Calilegua - La Mesada", "river": "", "variable": "precipitación horaria", "var_id": 31, "unit": "", "network": "sat2", "province": "", "procedure": "", "live": true, "percentiles": ""}}, {"type": "Feature", "geometry": {"type": "Point", "coordinates": [-58.3491666666667, -32.9841666666667]}, "properties": {"series_id": 33796, "station_id": 6713, "station": "Salto Chico - Gualeguaychú", "river": "", "variable": "precipitación diaria 12Z", "var_id": 1, "unit": "", "network": "sat2", "province": "", "procedure": "", "live": true, "percentiles": ""}}, {"type": "Feature", "geometry": {"type": "Point", "coordinates": [-58.3491666666667, -32.9841666666667]}, "properties": {"series_id": 33797, "station_id": 6713, "station": "Salto Chico - Gualeguaychú", "river": "", "variable": "precipitación horaria", "var_id": 31, "unit": "", "network": "sat2", "province": "", "procedure": "", "live": true, "percentiles": ""}}, {"type": "Feature", "geometry": {"type": "Point", "coordinates": [-63.7044444444444, -26.1144444444444]}, "properties": {"series_id": 34112, "station_id": 6714, "station": "San José del Boquerón", "river": "", "variable": "precipitación diaria 12Z", "var_id": 1, "unit": "", "network": "sat2", "province": "", "procedure": "", "live": true, "percentiles": ""}}, {"type": "Feature", "geometry": {"type": "Point", "coordinates": [-63.7044444444444, -26.1144444444444]}, "properties": {"series_id": 34113, "station_id": 6714, "station": "San José del Boquerón", "river": "", "variable": "precipitación horaria", "var_id": 31, "unit": "", "network": "sat2", "province": "", "procedure": "", "live": true, "percentiles": ""}}, {"type": "Feature", "geometry": {"type": "Point", "coordinates": [-71.4419444444444, -42.4611111111111]}, "properties": {"series_id": 34194, "station_id": 6715, "station": "Carrileufú - Cholila MET", "river": "", "variable": "precipitación diaria 12Z", "var_id": 1, "unit": "", "network": "sat2", "province": "", "procedure": "", "live": true, "percentiles": ""}}, {"type": "Feature", "geometry": {"type": "Point", "coordinates": [-67.2327777777778, -54.5269444444444]}, "properties": {"series_id": 33250, "station_id": 6718, "station": "Lago Fagnano – Puerto Tolhuin ", "river": "", "variable": "Altura hidrométrica", "var_id": 2, "unit": "", "network": "sat2", "province": "", "procedure": "", "live": true, "percentiles": ""}}, {"type": "Feature", "geometry": {"type": "Point", "coordinates": [-67.2327777777778, -54.5269444444444]}, "properties": {"series_id": 37990, "station_id": 6718, "station": "Lago Fagnano – Puerto Tolhuin ", "river": "", "variable": "Altura hidrométrica media diaria", "var_id": 39, "unit": "", "network": "sat2", "province": "", "procedure": "", "live": true, "percentiles": ""}}, {"type": "Feature", "geometry": {"type": "Point", "coordinates": [-67.8422222222222, -53.8297222222222]}, "properties": {"series_id": 33424, "station_id": 6719, "station": "Grande - Planta Potabilizadora", "river": "", "variable": "Altura hidrométrica", "var_id": 2, "unit": "", "network": "sat2", "province": "", "procedure": "", "live": true, "percentiles": ""}}, {"type": "Feature", "geometry": {"type": "Point", "coordinates": [-69.1138888888889, -37.2083333333333]}, "properties": {"series_id": 38123, "station_id": 6721, "station": "Colorado - Pata Mora", "river": "", "variable": "Altura hidrométrica media diaria", "var_id": 39, "unit": "", "network": "sat2", "province": "", "procedure": "", "live": true, "percentiles": ""}}, {"type": "Feature", "geometry": {"type": "Point", "coordinates": [-61.4722222222222, -33.6680555555556]}, "properties": {"series_id": 34219, "station_id": 6722, "station": "Laguna Melincué - RP Nº 90", "river": "", "variable": "Altura hidrométrica", "var_id": 2, "unit": "", "network": "sat2", "province": "", "procedure": "", "live": true, "percentiles": ""}}, {"type": "Feature", "geometry": {"type": "Point", "coordinates": [-61.4722222222222, -33.6680555555556]}, "properties": {"series_id": 38175, "station_id": 6722, "station": "Laguna Melincué - RP Nº 90", "river": "", "variable": "Altura hidrométrica media diaria", "var_id": 39, "unit": "", "network": "sat2", "province": "", "procedure": "", "live": true, "percentiles": ""}}, {"type": "Feature", "geometry": {"type": "Point", "coordinates": [-62.8591666666667, -34.3044444444444]}, "properties": {"series_id": 38146, "station_id": 6725, "station": "La Picasa - Obra Reg Nº5", "river": "", "variable": "Altura hidrométrica media diaria", "var_id": 39, "unit": "", "network": "sat2", "province": "", "procedure": "", "live": true, "percentiles": ""}}, {"type": "Feature", "geometry": {"type": "Point", "coordinates": [-68.5947222222222, -53.9983333333333]}, "properties": {"series_id": 34118, "station_id": 6726, "station": "Bella Vista -  Radman", "river": "", "variable": "Altura hidrométrica", "var_id": 2, "unit": "", "network": "sat2", "province": "", "procedure": "", "live": true, "percentiles": ""}}, {"type": "Feature", "geometry": {"type": "Point", "coordinates": [-60.8158333333333, -32.4275]}, "properties": {"series_id": 33251, "station_id": 6730, "station": "Coronda - Puerto Gaboto", "river": "", "variable": "Altura hidrométrica", "var_id": 2, "unit": "", "network": "sat2", "province": "", "procedure": "", "live": true, "percentiles": ""}}, {"type": "Feature", "geometry": {"type": "Point", "coordinates": [-60.8158333333333, -32.4275]}, "properties": {"series_id": 37991, "station_id": 6730, "station": "Coronda - Puerto Gaboto", "river": "", "variable": "Altura hidrométrica media diaria", "var_id": 39, "unit": "", "network": "sat2", "province": "", "procedure": "", "live": true, "percentiles": ""}}, {"type": "Feature", "geometry": {"type": "Point", "coordinates": [-57.5655555555556, -29.2969444444444]}, "properties": {"series_id": 39444, "station_id": 6735, "station": "Miriñay - San Roquito", "river": "", "variable": "precipitación diaria 12Z", "var_id": 1, "unit": "", "network": "sat2", "province": "", "procedure": "", "live": true, "percentiles": ""}}, {"type": "Feature", "geometry": {"type": "Point", "coordinates": [-57.5655555555556, -29.2969444444444]}, "properties": {"series_id": 34121, "station_id": 6735, "station": "Miriñay - San Roquito", "river": "", "variable": "Altura hidrométrica", "var_id": 2, "unit": "", "network": "sat2", "province": "", "procedure": "", "live": true, "percentiles": ""}}, {"type": "Feature", "geometry": {"type": "Point", "coordinates": [-57.5655555555556, -29.2969444444444]}, "properties": {"series_id": 38150, "station_id": 6735, "station": "Miriñay - San Roquito", "river": "", "variable": "Altura hidrométrica media diaria", "var_id": 39, "unit": "", "network": "sat2", "province": "", "procedure": "", "live": true, "percentiles": ""}}, {"type": "Feature", "geometry": {"type": "Point", "coordinates": [-65.8494444444444, -22.9008333333333]}, "properties": {"series_id": 33426, "station_id": 6738, "station": "Miraflores - Sayate", "river": "", "variable": "Altura hidrométrica", "var_id": 2, "unit": "", "network": "sat2", "province": "", "procedure": "", "live": true, "percentiles": ""}}, {"type": "Feature", "geometry": {"type": "Point", "coordinates": [-65.8494444444444, -22.9008333333333]}, "properties": {"series_id": 38026, "station_id": 6738, "station": "Miraflores - Sayate", "river": "", "variable": "Altura hidrométrica media diaria", "var_id": 39, "unit": "", "network": "sat2", "province": "", "procedure": "", "live": true, "percentiles": ""}}, {"type": "Feature", "geometry": {"type": "Point", "coordinates": [-70.2480555555556, -45.6836111111111]}, "properties": {"series_id": 33811, "station_id": 6739, "station": "Mayo - Paso Río Mayo - HID", "river": "", "variable": "Altura hidrométrica", "var_id": 2, "unit": "", "network": "sat2", "province": "", "procedure": "", "live": true, "percentiles": ""}}, {"type": "Feature", "geometry": {"type": "Point", "coordinates": [-71.5411111111111, -42.4955555555556]}, "properties": {"series_id": 33252, "station_id": 6740, "station": "Carrileufú - Cholila", "river": "", "variable": "Altura hidrométrica", "var_id": 2, "unit": "", "network": "sat2", "province": "", "procedure": "", "live": true, "percentiles": ""}}, {"type": "Feature", "geometry": {"type": "Point", "coordinates": [-71.5411111111111, -42.4955555555556]}, "properties": {"series_id": 37992, "station_id": 6740, "station": "Carrileufú - Cholila", "river": "", "variable": "Altura hidrométrica media diaria", "var_id": 39, "unit": "", "network": "sat2", "province": "", "procedure": "", "live": true, "percentiles": ""}}, {"type": "Feature", "geometry": {"type": "Point", "coordinates": [-70.3216666666667, -48.7522222222222]}, "properties": {"series_id": 33813, "station_id": 6741, "station": "Chico - Gregores", "river": "", "variable": "Altura hidrométrica", "var_id": 2, "unit": "", "network": "sat2", "province": "", "procedure": "", "live": true, "percentiles": ""}}, {"type": "Feature", "geometry": {"type": "Point", "coordinates": [-65.9977777777778, -27.4333333333333]}, "properties": {"series_id": 33952, "station_id": 6744, "station": "Del Campo - Cabo San Miguel", "river": "", "variable": "Altura hidrométrica", "var_id": 2, "unit": "", "network": "sat2", "province": "", "procedure": "", "live": true, "percentiles": ""}}, {"type": "Feature", "geometry": {"type": "Point", "coordinates": [-64.0911111111111, -30.9702777777778]}, "properties": {"series_id": 33948, "station_id": 6745, "station": "Guanasacate - Jesús Maria", "river": "", "variable": "Altura hidrométrica", "var_id": 2, "unit": "", "network": "sat2", "province": "", "procedure": "", "live": true, "percentiles": ""}}, {"type": "Feature", "geometry": {"type": "Point", "coordinates": [-64.0911111111111, -30.9702777777778]}, "properties": {"series_id": 38105, "station_id": 6745, "station": "Guanasacate - Jesús Maria", "river": "", "variable": "Altura hidrométrica media diaria", "var_id": 39, "unit": "", "network": "sat2", "province": "", "procedure": "", "live": true, "percentiles": ""}}, {"type": "Feature", "geometry": {"type": "Point", "coordinates": [-62.1688888888889, -31.9905555555556]}, "properties": {"series_id": 34178, "station_id": 6746, "station": "Canal San Antonio- RP Nº66", "river": "", "variable": "Altura hidrométrica", "var_id": 2, "unit": "", "network": "sat2", "province": "", "procedure": "", "live": true, "percentiles": ""}}, {"type": "Feature", "geometry": {"type": "Point", "coordinates": [-62.1688888888889, -31.9905555555556]}, "properties": {"series_id": 38164, "station_id": 6746, "station": "Canal San Antonio- RP Nº66", "river": "", "variable": "Altura hidrométrica media diaria", "var_id": 39, "unit": "", "network": "sat2", "province": "", "procedure": "", "live": true, "percentiles": ""}}, {"type": "Feature", "geometry": {"type": "Point", "coordinates": [-59.4994444444444, -34.2405555555556]}, "properties": {"series_id": 39380, "station_id": 6747, "station": "Areco - San Antonio de Areco", "river": "", "variable": "precipitación diaria 12Z", "var_id": 1, "unit": "", "network": "sat2", "province": "", "procedure": "", "live": true, "percentiles": ""}}, {"type": "Feature", "geometry": {"type": "Point", "coordinates": [-59.4994444444444, -34.2405555555556]}, "properties": {"series_id": 38825, "station_id": 6747, "station": "Areco - San Antonio de Areco", "river": "", "variable": "precipitación horaria", "var_id": 31, "unit": "", "network": "sat2", "province": "", "procedure": "", "live": true, "percentiles": ""}}, {"type": "Feature", "geometry": {"type": "Point", "coordinates": [-59.4994444444444, -34.2405555555556]}, "properties": {"series_id": 38177, "station_id": 6747, "station": "Areco - San Antonio de Areco", "river": "", "variable": "Altura hidrométrica media diaria", "var_id": 39, "unit": "", "network": "sat2", "province": "", "procedure": "", "live": true, "percentiles": ""}}, {"type": "Feature", "geometry": {"type": "Point", "coordinates": [-62.3247222222222, -34.3372222222222]}, "properties": {"series_id": 38180, "station_id": 6748, "station": "Lag. La Picasa - Escollera FFC", "river": "", "variable": "Altura hidrométrica media diaria", "var_id": 39, "unit": "", "network": "sat2", "province": "", "procedure": "", "live": true, "percentiles": ""}}, {"type": "Feature", "geometry": {"type": "Point", "coordinates": [-65.3433333333333, -41.5916666666667]}, "properties": {"series_id": 34206, "station_id": 6749, "station": "Sierra Grande - Aeródromo", "river": "", "variable": "precipitación horaria", "var_id": 31, "unit": "", "network": "sat2", "province": "", "procedure": "", "live": true, "percentiles": ""}}, {"type": "Feature", "geometry": {"type": "Point", "coordinates": [-65.3433333333333, -41.5916666666667]}, "properties": {"series_id": 38124, "station_id": 6749, "station": "Sierra Grande - Aeródromo", "river": "", "variable": "Altura hidrométrica media diaria", "var_id": 39, "unit": "", "network": "sat2", "province": "", "procedure": "", "live": true, "percentiles": false}}, {"type": "Feature", "geometry": {"type": "Point", "coordinates": [-65.8830555555555, -33.4383333333333]}, "properties": {"series_id": 34228, "station_id": 6750, "station": "Quinto - Malvin Reich", "river": "", "variable": "precipitación diaria 12Z", "var_id": 1, "unit": "", "network": "sat2", "province": "", "procedure": "", "live": true, "percentiles": ""}}, {"type": "Feature", "geometry": {"type": "Point", "coordinates": [-65.7980555555555, -28.1202777777778]}, "properties": {"series_id": 38086, "station_id": 6763, "station": "Del Valle - Huaycama", "river": "", "variable": "Altura hidrométrica media diaria", "var_id": 39, "unit": "", "network": "sat2", "province": "", "procedure": "", "live": true, "percentiles": ""}}, {"type": "Feature", "geometry": {"type": "Point", "coordinates": [-58.596012, -34.322529]}, "properties": {"series_id": 34847, "station_id": 6831, "station": "Arroyo Toro", "river": "Arroyo Toro", "variable": "Altura hidrométrica", "var_id": 2, "unit": "", "network": "ina_delta", "province": "", "procedure": "", "live": true, "percentiles": ""}}, {"type": "Feature", "geometry": {"type": "Point", "coordinates": [-58.397766, -34.786209]}, "properties": {"series_id": 35405, "station_id": 6949, "station": "Finky", "river": "", "variable": "Altura hidrométrica", "var_id": 2, "unit": "", "network": "prevenir", "province": "", "procedure": "", "live": true, "percentiles": ""}}, {"type": "Feature", "geometry": {"type": "Point", "coordinates": [-58.30934, -34.738069]}, "properties": {"series_id": 35407, "station_id": 6950, "station": "LP_Libano", "river": "Arroyo Las Piedras", "variable": "Altura hidrométrica", "var_id": 2, "unit": "", "network": "prevenir", "province": "", "procedure": "", "live": true, "percentiles": ""}}, {"type": "Feature", "geometry": {"type": "Point", "coordinates": [-58.30934, -34.738069]}, "properties": {"series_id": 35406, "station_id": 6950, "station": "LP_Libano", "river": "Arroyo Las Piedras", "variable": "Altura hidrométrica", "var_id": 2, "unit": "", "network": "prevenir", "province": "", "procedure": "", "live": true, "percentiles": ""}}, {"type": "Feature", "geometry": {"type": "Point", "coordinates": [-58.319435, -34.728604]}, "properties": {"series_id": 35408, "station_id": 6951, "station": "SF_Montevideo", "river": "Arroyo San Francisco", "variable": "Altura hidrométrica", "var_id": 2, "unit": "", "network": "prevenir", "province": "", "procedure": "", "live": true, "percentiles": ""}}, {"type": "Feature", "geometry": {"type": "Point", "coordinates": [-58.323275, -34.687629]}, "properties": {"series_id": 35411, "station_id": 6952, "station": "SD_Olmos", "river": "Canal Santo Domingo", "variable": "Altura hidrométrica", "var_id": 2, "unit": "", "network": "prevenir", "province": "", "procedure": "", "live": true, "percentiles": ""}}, {"type": "Feature", "geometry": {"type": "Point", "coordinates": [-58.323275, -34.687629]}, "properties": {"series_id": 35410, "station_id": 6952, "station": "SD_Olmos", "river": "Canal Santo Domingo", "variable": "Altura hidrométrica", "var_id": 2, "unit": "", "network": "prevenir", "province": "", "procedure": "", "live": true, "percentiles": ""}}, {"type": "Feature", "geometry": {"type": "Point", "coordinates": [-59.6547222222222, -29.1333333333333]}, "properties": {"series_id": 36689, "station_id": 7162, "station": "Aº El Rey - RN Nº11", "river": "", "variable": "Altura hidrométrica", "var_id": 2, "unit": "", "network": "sat2", "province": "", "procedure": "", "live": true, "percentiles": ""}}, {"type": "Feature", "geometry": {"type": "Point", "coordinates": [-59.6547222222222, -29.1333333333333]}, "properties": {"series_id": 38198, "station_id": 7162, "station": "Aº El Rey - RN Nº11", "river": "", "variable": "Altura hidrométrica media diaria", "var_id": 39, "unit": "", "network": "sat2", "province": "", "procedure": "", "live": true, "percentiles": ""}}, {"type": "Feature", "geometry": {"type": "Point", "coordinates": [-58.9427777777778, -27.5272222222222]}, "properties": {"series_id": 38200, "station_id": 7164, "station": "Canal Soberanía - Obra Control", "river": "", "variable": "Altura hidrométrica media diaria", "var_id": 39, "unit": "", "network": "sat2", "province": "", "procedure": "", "live": true, "percentiles": ""}}, {"type": "Feature", "geometry": {"type": "Point", "coordinates": [-59.8169444444444, -29.9122222222222]}, "properties": {"series_id": 36695, "station_id": 7168, "station": "San Javier - Alejandra", "river": "", "variable": "Altura hidrométrica", "var_id": 2, "unit": "", "network": "sat2", "province": "", "procedure": "", "live": true, "percentiles": ""}}, {"type": "Feature", "geometry": {"type": "Point", "coordinates": [-59.8169444444444, -29.9122222222222]}, "properties": {"series_id": 38204, "station_id": 7168, "station": "San Javier - Alejandra", "river": "", "variable": "Altura hidrométrica media diaria", "var_id": 39, "unit": "", "network": "sat2", "province": "", "procedure": "", "live": true, "percentiles": ""}}, {"type": "Feature", "geometry": {"type": "Point", "coordinates": [-59.6588888888889, -27.5672222222222]}, "properties": {"series_id": 38205, "station_id": 7184, "station": "CIRHBAS - LIM  Aº TAPENAGA - ESTANCIA TAPENAGA", "river": "", "variable": "Altura hidrométrica media diaria", "var_id": 39, "unit": "", "network": "sat2", "province": "", "procedure": "", "live": true, "percentiles": ""}}, {"type": "Feature", "geometry": {"type": "Point", "coordinates": [-60.5469444444444, -29.3880555555556]}, "properties": {"series_id": 36724, "station_id": 7185, "station": "CIRHBAS - LIM  LAGUNA EL BONETE", "river": "", "variable": "Altura hidrométrica", "var_id": 2, "unit": "", "network": "sat2", "province": "", "procedure": "", "live": true, "percentiles": ""}}, {"type": "Feature", "geometry": {"type": "Point", "coordinates": [-60.8397222222222, -29.1247222222222]}, "properties": {"series_id": 36725, "station_id": 7186, "station": "CIRHBAS - LIM RUTA PCIAL 40 - CL HIDROVIAL R920", "river": "", "variable": "Altura hidrométrica", "var_id": 2, "unit": "", "network": "sat2", "province": "", "procedure": "", "live": true, "percentiles": ""}}, {"type": "Feature", "geometry": {"type": "Point", "coordinates": [-60.8397222222222, -29.1247222222222]}, "properties": {"series_id": 38207, "station_id": 7186, "station": "CIRHBAS - LIM RUTA PCIAL 40 - CL HIDROVIAL R920", "river": "", "variable": "Altura hidrométrica media diaria", "var_id": 39, "unit": "", "network": "sat2", "province": "", "procedure": "", "live": true, "percentiles": ""}}, {"type": "Feature", "geometry": {"type": "Point", "coordinates": [-60.6288888888889, -30.3375]}, "properties": {"series_id": 38208, "station_id": 7187, "station": "CIRHBAS - LIM Aº RETOBADO - CRESPO", "river": "", "variable": "Altura hidrométrica media diaria", "var_id": 39, "unit": "", "network": "sat2", "province": "", "procedure": "", "live": true, "percentiles": ""}}, {"type": "Feature", "geometry": {"type": "Point", "coordinates": [-61.3519444444444, -28.0886111111111]}, "properties": {"series_id": 36727, "station_id": 7188, "station": "CIRHBAS - LIM BAJO CHOROTIS-RN 95", "river": "", "variable": "Altura hidrométrica", "var_id": 2, "unit": "", "network": "sat2", "province": "", "procedure": "", "live": true, "percentiles": ""}}, {"type": "Feature", "geometry": {"type": "Point", "coordinates": [-60.5691666666667, -28.9947222222222]}, "properties": {"series_id": 36728, "station_id": 7189, "station": "CIRHBAS - LIM CANAL INTERLAGOS-CANAL INTERLAGOS", "river": "", "variable": "Altura hidrométrica", "var_id": 2, "unit": "", "network": "sat2", "province": "", "procedure": "", "live": true, "percentiles": ""}}, {"type": "Feature", "geometry": {"type": "Point", "coordinates": [-60.7155555555556, -27.9977777777778]}, "properties": {"series_id": 36729, "station_id": 7190, "station": "CIRHBAS - LIM CANAL LINEA PARANA TRAMO IV", "river": "", "variable": "Altura hidrométrica", "var_id": 2, "unit": "", "network": "sat2", "province": "", "procedure": "", "live": true, "percentiles": ""}}, {"type": "Feature", "geometry": {"type": "Point", "coordinates": [-61.1952777777778, -28.2908333333333]}, "properties": {"series_id": 36730, "station_id": 7191, "station": "CIRHBAS - LIM LAGUNAS SALADAS- RP 77", "river": "", "variable": "Altura hidrométrica", "var_id": 2, "unit": "", "network": "sat2", "province": "", "procedure": "", "live": true, "percentiles": ""}}, {"type": "Feature", "geometry": {"type": "Point", "coordinates": [-60.1161111111111, -28.0011111111111]}, "properties": {"series_id": 43897, "station_id": 7192, "station": "CIRHBAS - LIM LIMITE CHACO STA", "river": "", "variable": "precipitación diaria 12Z", "var_id": 1, "unit": "", "network": "sat2", "province": "", "procedure": "", "live": true, "percentiles": ""}}, {"type": "Feature", "geometry": {"type": "Point", "coordinates": [-59.9755555555556, -28.1102777777778]}, "properties": {"series_id": 36732, "station_id": 7193, "station": "CIRHBAS - LIM LOS AMORES - CAN", "river": "", "variable": "Altura hidrométrica", "var_id": 2, "unit": "", "network": "sat2", "province": "", "procedure": "", "live": true, "percentiles": false}}, {"type": "Feature", "geometry": {"type": "Point", "coordinates": [-60.9477777777778, -28.8813888888889]}, "properties": {"series_id": 36734, "station_id": 7195, "station": "CIRHBAS - LIM RUTA PCIAL 13 - CANAL EL BARRIDO", "river": "", "variable": "Altura hidrométrica", "var_id": 2, "unit": "", "network": "sat2", "province": "", "procedure": "", "live": true, "percentiles": ""}}, {"type": "Feature", "geometry": {"type": "Point", "coordinates": [-59.4216666666667, -28.2744444444444]}, "properties": {"series_id": 36735, "station_id": 7196, "station": "CIRHBAS - LIM VILLA GUILLERMINA-ARROYO LOS AMORES", "river": "", "variable": "Altura hidrométrica", "var_id": 2, "unit": "", "network": "sat2", "province": "", "procedure": "", "live": true, "percentiles": ""}}, {"type": "Feature", "geometry": {"type": "Point", "coordinates": [-60.3794444444444, -29.425]}, "properties": {"series_id": 39388, "station_id": 7200, "station": "CIRHBAS - MET LAS GAMAS", "river": "", "variable": "precipitación diaria 12Z", "var_id": 1, "unit": "", "network": "sat2", "province": "", "procedure": "", "live": true, "percentiles": ""}}, {"type": "Feature", "geometry": {"type": "Point", "coordinates": [-62.0580555555556, -27.0111111111111]}, "properties": {"series_id": 39390, "station_id": 7202, "station": "CIRHBAS - MET SACHAYOJ", "river": "", "variable": "precipitación diaria 12Z", "var_id": 1, "unit": "", "network": "sat2", "province": "", "procedure": "", "live": true, "percentiles": ""}}, {"type": "Feature", "geometry": {"type": "Point", "coordinates": [-61.6047222222222, -28.6219444444444]}, "properties": {"series_id": 39391, "station_id": 7203, "station": "CIRHBAS - MET VILLA MINETTI", "river": "", "variable": "precipitación diaria 12Z", "var_id": 1, "unit": "", "network": "sat2", "province": "", "procedure": "", "live": true, "percentiles": ""}}, {"type": "Feature", "geometry": {"type": "Point", "coordinates": [-60.0758333333333, -27.0722222222222]}, "properties": {"series_id": 36786, "station_id": 7204, "station": "CIRHBAS - PF EL AGUARA", "river": "", "variable": "Altura hidrométrica", "var_id": 2, "unit": "", "network": "sat2", "province": "", "procedure": "", "live": true, "percentiles": ""}}, {"type": "Feature", "geometry": {"type": "Point", "coordinates": [-60.0758333333333, -27.0722222222222]}, "properties": {"series_id": 38218, "station_id": 7204, "station": "CIRHBAS - PF EL AGUARA", "river": "", "variable": "Altura hidrométrica media diaria", "var_id": 39, "unit": "", "network": "sat2", "province": "", "procedure": "", "live": true, "percentiles": ""}}, {"type": "Feature", "geometry": {"type": "Point", "coordinates": [-61.9780555555556, -28.6461111111111]}, "properties": {"series_id": 39395, "station_id": 7207, "station": "CIRHBAS - PF LAS GAMAS (LA IND", "river": "", "variable": "precipitación diaria 12Z", "var_id": 1, "unit": "", "network": "sat2", "province": "", "procedure": "", "live": true, "percentiles": ""}}, {"type": "Feature", "geometry": {"type": "Point", "coordinates": [-61.5672222222222, -26.8241666666667]}, "properties": {"series_id": 39396, "station_id": 7208, "station": "CIRHBAS - PF LAS PIEDRITAS", "river": "", "variable": "precipitación diaria 12Z", "var_id": 1, "unit": "", "network": "sat2", "province": "", "procedure": "", "live": true, "percentiles": ""}}, {"type": "Feature", "geometry": {"type": "Point", "coordinates": [-60.6766666666667, -26.9119444444444]}, "properties": {"series_id": 39397, "station_id": 7209, "station": "CIRHBAS - PF LOTE 48 (LA MONTENEGRINA)", "river": "", "variable": "precipitación diaria 12Z", "var_id": 1, "unit": "", "network": "sat2", "province": "", "procedure": "", "live": true, "percentiles": ""}}, {"type": "Feature", "geometry": {"type": "Point", "coordinates": [-61.4686111111111, -27.1652777777778]}, "properties": {"series_id": 39399, "station_id": 7211, "station": "CIRHBAS - PF PALMAR NORTE", "river": "", "variable": "precipitación diaria 12Z", "var_id": 1, "unit": "", "network": "sat2", "province": "", "procedure": "", "live": true, "percentiles": ""}}, {"type": "Feature", "geometry": {"type": "Point", "coordinates": [-62.0844444444444, -28.0283333333333]}, "properties": {"series_id": 39401, "station_id": 7213, "station": "CIRHBAS - PF TRES MOJONES", "river": "", "variable": "precipitación diaria 12Z", "var_id": 1, "unit": "", "network": "sat2", "province": "", "procedure": "", "live": true, "percentiles": ""}}, {"type": "Feature", "geometry": {"type": "Point", "coordinates": [-61.7138888888889, -26.9075]}, "properties": {"series_id": 39402, "station_id": 7214, "station": "CIRHBAS - PLU A DENOMINAR 10", "river": "", "variable": "precipitación diaria 12Z", "var_id": 1, "unit": "", "network": "sat2", "province": "", "procedure": "", "live": true, "percentiles": ""}}, {"type": "Feature", "geometry": {"type": "Point", "coordinates": [-61.8583333333333, -28.8644444444444]}, "properties": {"series_id": 39403, "station_id": 7215, "station": "CIRHBAS - PLU CUATRO BOCAS", "river": "", "variable": "precipitación diaria 12Z", "var_id": 1, "unit": "", "network": "sat2", "province": "", "procedure": "", "live": true, "percentiles": ""}}, {"type": "Feature", "geometry": {"type": "Point", "coordinates": [-59.6066666666667, -27.7794444444444]}, "properties": {"series_id": 39404, "station_id": 7216, "station": "CIRHBAS - PLU EL 38 NORTE", "river": "", "variable": "precipitación diaria 12Z", "var_id": 1, "unit": "", "network": "sat2", "province": "", "procedure": "", "live": true, "percentiles": ""}}, {"type": "Feature", "geometry": {"type": "Point", "coordinates": [-61.3041666666667, -28.8472222222222]}, "properties": {"series_id": 39406, "station_id": 7218, "station": "CIRHBAS - PLU EL DESCANSO", "river": "", "variable": "precipitación diaria 12Z", "var_id": 1, "unit": "", "network": "sat2", "province": "", "procedure": "", "live": true, "percentiles": ""}}, {"type": "Feature", "geometry": {"type": "Point", "coordinates": [-60.2316666666667, -27.8]}, "properties": {"series_id": 39409, "station_id": 7221, "station": "CIRHBAS - PLU LA HORQUETA", "river": "", "variable": "precipitación diaria 12Z", "var_id": 1, "unit": "", "network": "sat2", "province": "", "procedure": "", "live": true, "percentiles": ""}}, {"type": "Feature", "geometry": {"type": "Point", "coordinates": [-59.6966666666667, -28.0377777777778]}, "properties": {"series_id": 39412, "station_id": 7224, "station": "CIRHBAS - PLU NOGUES", "river": "", "variable": "precipitación diaria 12Z", "var_id": 1, "unit": "", "network": "sat2", "province": "", "procedure": "", "live": true, "percentiles": ""}}, {"type": "Feature", "geometry": {"type": "Point", "coordinates": [-61.6869444444444, -27.1663888888889]}, "properties": {"series_id": 39414, "station_id": 7226, "station": "CIRHBAS - PLU POZO LAS PIEDRAS", "river": "", "variable": "precipitación diaria 12Z", "var_id": 1, "unit": "", "network": "sat2", "province": "", "procedure": "", "live": true, "percentiles": ""}}, {"type": "Feature", "geometry": {"type": "Point", "coordinates": [-61.8188888888889, -26.6805555555556]}, "properties": {"series_id": 39415, "station_id": 7227, "station": "CIRHBAS - PLU SACHAYOJ", "river": "", "variable": "precipitación diaria 12Z", "var_id": 1, "unit": "", "network": "sat2", "province": "", "procedure": "", "live": true, "percentiles": ""}}, {"type": "Feature", "geometry": {"type": "Point", "coordinates": [-57.2061111111111, -36.6741666666667]}, "properties": {"series_id": 39508, "station_id": 7229, "station": "Salado Bs As -Lag. Salada Gde.", "river": "", "variable": "precipitación diaria 12Z", "var_id": 1, "unit": "", "network": "sat2", "province": "", "procedure": "", "live": true, "percentiles": ""}}, {"type": "Feature", "geometry": {"type": "Point", "coordinates": [-56.2583333333333, -27.8244444444444]}, "properties": {"series_id": 36827, "station_id": 7230, "station": "Aguapey - Caá Caraí", "river": "", "variable": "Altura hidrométrica", "var_id": 2, "unit": "", "network": "sat2", "province": "", "procedure": "", "live": true, "percentiles": false}}, {"type": "Feature", "geometry": {"type": "Point", "coordinates": [-64.5375, -31.6908333333333]}, "properties": {"series_id": 38220, "station_id": 7231, "station": "Anizacate - Santa Ana", "river": "", "variable": "Altura hidrométrica media diaria", "var_id": 39, "unit": "", "network": "sat2", "province": "", "procedure": "", "live": true, "percentiles": ""}}, {"type": "Feature", "geometry": {"type": "Point", "coordinates": [-58.7075, -30.3930555555556]}, "properties": {"series_id": 36832, "station_id": 7234, "station": "Aº Feliciano - Paso Correa RP2", "river": "", "variable": "Altura hidrométrica", "var_id": 2, "unit": "", "network": "sat2", "province": "", "procedure": "", "live": true, "percentiles": ""}}, {"type": "Feature", "geometry": {"type": "Point", "coordinates": [-58.7075, -30.3930555555556]}, "properties": {"series_id": 38223, "station_id": 7234, "station": "Aº Feliciano - Paso Correa RP2", "river": "", "variable": "Altura hidrométrica media diaria", "var_id": 39, "unit": "", "network": "sat2", "province": "", "procedure": "", "live": true, "percentiles": ""}}, {"type": "Feature", "geometry": {"type": "Point", "coordinates": [-59.3558333333333, -28.5558333333333]}, "properties": {"series_id": 39418, "station_id": 7236, "station": "Aº Los Amores - RN Nº11", "river": "", "variable": "precipitación diaria 12Z", "var_id": 1, "unit": "", "network": "sat2", "province": "", "procedure": "", "live": true, "percentiles": ""}}, {"type": "Feature", "geometry": {"type": "Point", "coordinates": [-59.3558333333333, -28.5558333333333]}, "properties": {"series_id": 36835, "station_id": 7236, "station": "Aº Los Amores - RN Nº11", "river": "", "variable": "Altura hidrométrica", "var_id": 2, "unit": "", "network": "sat2", "province": "", "procedure": "", "live": true, "percentiles": ""}}, {"type": "Feature", "geometry": {"type": "Point", "coordinates": [-58.5077777777778, -34.5611111111111]}, "properties": {"series_id": 36837, "station_id": 7237, "station": "Aº Medrano Reser. - Tecnópolis", "river": "", "variable": "Altura hidrométrica", "var_id": 2, "unit": "", "network": "sat2", "province": "", "procedure": "", "live": true, "percentiles": ""}}, {"type": "Feature", "geometry": {"type": "Point", "coordinates": [-58.5077777777778, -34.5611111111111]}, "properties": {"series_id": 38226, "station_id": 7237, "station": "Aº Medrano Reser. - Tecnópolis", "river": "", "variable": "Altura hidrométrica media diaria", "var_id": 39, "unit": "", "network": "sat2", "province": "", "procedure": "", "live": true, "percentiles": ""}}, {"type": "Feature", "geometry": {"type": "Point", "coordinates": [-60.5766666666667, -33.36]}, "properties": {"series_id": 39419, "station_id": 7238, "station": "Aº Pavón - Cnel. Bogado", "river": "", "variable": "precipitación diaria 12Z", "var_id": 1, "unit": "", "network": "sat2", "province": "", "procedure": "", "live": true, "percentiles": ""}}, {"type": "Feature", "geometry": {"type": "Point", "coordinates": [-60.5766666666667, -33.36]}, "properties": {"series_id": 36838, "station_id": 7238, "station": "Aº Pavón - Cnel. Bogado", "river": "", "variable": "Altura hidrométrica", "var_id": 2, "unit": "", "network": "sat2", "province": "", "procedure": "", "live": true, "percentiles": ""}}, {"type": "Feature", "geometry": {"type": "Point", "coordinates": [-60.5766666666667, -33.36]}, "properties": {"series_id": 38227, "station_id": 7238, "station": "Aº Pavón - Cnel. Bogado", "river": "", "variable": "Altura hidrométrica media diaria", "var_id": 39, "unit": "", "network": "sat2", "province": "", "procedure": "", "live": true, "percentiles": ""}}, {"type": "Feature", "geometry": {"type": "Point", "coordinates": [-60.4127777777778, -30.8402777777778]}, "properties": {"series_id": 38229, "station_id": 7240, "station": "Aº Saladillo Amargo - RP Nº 81", "river": "", "variable": "Altura hidrométrica media diaria", "var_id": 39, "unit": "", "network": "sat2", "province": "", "procedure": "", "live": true, "percentiles": ""}}, {"type": "Feature", "geometry": {"type": "Point", "coordinates": [-60.2822222222222, -30.8547222222222]}, "properties": {"series_id": 38230, "station_id": 7241, "station": "Aº Saladillo Dulce - RP Nº 81", "river": "", "variable": "Altura hidrométrica media diaria", "var_id": 39, "unit": "", "network": "sat2", "province": "", "procedure": "", "live": true, "percentiles": ""}}, {"type": "Feature", "geometry": {"type": "Point", "coordinates": [-60.3108333333333, -36.8791666666667]}, "properties": {"series_id": 36844, "station_id": 7242, "station": "Aº Tapalqué - Av de los Trabaj", "river": "", "variable": "Altura hidrométrica", "var_id": 2, "unit": "", "network": "sat2", "province": "", "procedure": "", "live": true, "percentiles": ""}}, {"type": "Feature", "geometry": {"type": "Point", "coordinates": [-60.3108333333333, -36.8791666666667]}, "properties": {"series_id": 38231, "station_id": 7242, "station": "Aº Tapalqué - Av de los Trabaj", "river": "", "variable": "Altura hidrométrica media diaria", "var_id": 39, "unit": "", "network": "sat2", "province": "", "procedure": "", "live": true, "percentiles": ""}}, {"type": "Feature", "geometry": {"type": "Point", "coordinates": [-60.9555555555556, -36.3711111111111]}, "properties": {"series_id": 36845, "station_id": 7243, "station": "Aº Vallimanca - RN 226", "river": "", "variable": "Altura hidrométrica", "var_id": 2, "unit": "", "network": "sat2", "province": "", "procedure": "", "live": true, "percentiles": ""}}, {"type": "Feature", "geometry": {"type": "Point", "coordinates": [-71.5661111111111, -41.9588888888889]}, "properties": {"series_id": 36848, "station_id": 7245, "station": "Azul - Puesto 1", "river": "", "variable": "Altura hidrométrica", "var_id": 2, "unit": "", "network": "sat2", "province": "", "procedure": "", "live": true, "percentiles": ""}}, {"type": "Feature", "geometry": {"type": "Point", "coordinates": [-71.5661111111111, -41.9588888888889]}, "properties": {"series_id": 38233, "station_id": 7245, "station": "Azul - Puesto 1", "river": "", "variable": "Altura hidrométrica media diaria", "var_id": 39, "unit": "", "network": "sat2", "province": "", "procedure": "", "live": true, "percentiles": ""}}, {"type": "Feature", "geometry": {"type": "Point", "coordinates": [-69.8730555555556, -36.8136111111111]}, "properties": {"series_id": 36849, "station_id": 7246, "station": "Barrancas - Barrancas", "river": "", "variable": "Altura hidrométrica", "var_id": 2, "unit": "", "network": "sat2", "province": "", "procedure": "", "live": true, "percentiles": ""}}, {"type": "Feature", "geometry": {"type": "Point", "coordinates": [-64.4636111111111, -22.4925]}, "properties": {"series_id": 39423, "station_id": 7247, "station": "Bermejo - Balapuca MET", "river": "", "variable": "precipitación diaria 12Z", "var_id": 1, "unit": "", "network": "sat2", "province": "", "procedure": "", "live": true, "percentiles": ""}}, {"type": "Feature", "geometry": {"type": "Point", "coordinates": [-64.4636111111111, -22.4925]}, "properties": {"series_id": 36858, "station_id": 7247, "station": "Bermejo - Balapuca MET", "river": "", "variable": "Altura hidrométrica", "var_id": 2, "unit": "", "network": "sat2", "province": "", "procedure": "", "live": true, "percentiles": ""}}, {"type": "Feature", "geometry": {"type": "Point", "coordinates": [-64.4636111111111, -22.4925]}, "properties": {"series_id": 38235, "station_id": 7247, "station": "Bermejo - Balapuca MET", "river": "", "variable": "Altura hidrométrica media diaria", "var_id": 39, "unit": "", "network": "sat2", "province": "", "procedure": "", "live": true, "percentiles": ""}}, {"type": "Feature", "geometry": {"type": "Point", "coordinates": [-64.1947222222222, -23.1438888888889]}, "properties": {"series_id": 36859, "station_id": 7248, "station": "Bermejo - P. Sarmiento", "river": "", "variable": "Altura hidrométrica", "var_id": 2, "unit": "", "network": "sat2", "province": "", "procedure": "", "live": true, "percentiles": ""}}, {"type": "Feature", "geometry": {"type": "Point", "coordinates": [-64.1947222222222, -23.1438888888889]}, "properties": {"series_id": 38236, "station_id": 7248, "station": "Bermejo - P. Sarmiento", "river": "", "variable": "Altura hidrométrica media diaria", "var_id": 39, "unit": "", "network": "sat2", "province": "", "procedure": "", "live": true, "percentiles": ""}}, {"type": "Feature", "geometry": {"type": "Point", "coordinates": [-64.9613888888889, -22.2486111111111]}, "properties": {"series_id": 36860, "station_id": 7249, "station": "Bermejo - Santa Victoria Oeste", "river": "", "variable": "Altura hidrométrica", "var_id": 2, "unit": "", "network": "sat2", "province": "", "procedure": "", "live": true, "percentiles": ""}}, {"type": "Feature", "geometry": {"type": "Point", "coordinates": [-69.17, -30.0505555555556]}, "properties": {"series_id": 36862, "station_id": 7250, "station": "Blanco - Angualasto", "river": "", "variable": "Altura hidrométrica", "var_id": 2, "unit": "", "network": "sat2", "province": "", "procedure": "", "live": true, "percentiles": ""}}, {"type": "Feature", "geometry": {"type": "Point", "coordinates": [-57.7038888888889, -36.2811111111111]}, "properties": {"series_id": 36871, "station_id": 7252, "station": "Canal 9 - Autovia 2", "river": "", "variable": "Altura hidrométrica", "var_id": 2, "unit": "", "network": "sat2", "province": "", "procedure": "", "live": true, "percentiles": false}}, {"type": "Feature", "geometry": {"type": "Point", "coordinates": [-57.7038888888889, -36.2811111111111]}, "properties": {"series_id": 38240, "station_id": 7252, "station": "Canal 9 - Autovia 2", "river": "", "variable": "Altura hidrométrica media diaria", "var_id": 39, "unit": "", "network": "sat2", "province": "", "procedure": "", "live": true, "percentiles": ""}}, {"type": "Feature", "geometry": {"type": "Point", "coordinates": [-61.9569444444444, -32.4230555555555]}, "properties": {"series_id": 38241, "station_id": 7253, "station": "Canal San Antonio- RP Nº2", "river": "", "variable": "Altura hidrométrica media diaria", "var_id": 39, "unit": "", "network": "sat2", "province": "", "procedure": "", "live": true, "percentiles": ""}}, {"type": "Feature", "geometry": {"type": "Point", "coordinates": [-60.6747222222222, -31.6158333333333]}, "properties": {"series_id": 39427, "station_id": 7256, "station": "Centro Regional Litoral - INA", "river": "", "variable": "precipitación diaria 12Z", "var_id": 1, "unit": "", "network": "sat2", "province": "", "procedure": "", "live": true, "percentiles": ""}}, {"type": "Feature", "geometry": {"type": "Point", "coordinates": [-66.9116666666667, -44.4769444444444]}, "properties": {"series_id": 39428, "station_id": 7257, "station": "Chico - Ameghino", "river": "", "variable": "precipitación diaria 12Z", "var_id": 1, "unit": "", "network": "sat2", "province": "", "procedure": "", "live": true, "percentiles": ""}}, {"type": "Feature", "geometry": {"type": "Point", "coordinates": [-66.9116666666667, -44.4769444444444]}, "properties": {"series_id": 38244, "station_id": 7257, "station": "Chico - Ameghino", "river": "", "variable": "Altura hidrométrica media diaria", "var_id": 39, "unit": "", "network": "sat2", "province": "", "procedure": "", "live": true, "percentiles": ""}}, {"type": "Feature", "geometry": {"type": "Point", "coordinates": [-67.2866666666667, -43.7233333333333]}, "properties": {"series_id": 36886, "station_id": 7258, "station": "Chubut - Las Plumas", "river": "", "variable": "Altura hidrométrica", "var_id": 2, "unit": "", "network": "sat2", "province": "", "procedure": "", "live": true, "percentiles": ""}}, {"type": "Feature", "geometry": {"type": "Point", "coordinates": [-67.2866666666667, -43.7233333333333]}, "properties": {"series_id": 38245, "station_id": 7258, "station": "Chubut - Las Plumas", "river": "", "variable": "Altura hidrométrica media diaria", "var_id": 39, "unit": "", "network": "sat2", "province": "", "procedure": "", "live": true, "percentiles": ""}}, {"type": "Feature", "geometry": {"type": "Point", "coordinates": [-67.865, -34.5705555555556]}, "properties": {"series_id": 36905, "station_id": 7260, "station": "Diamante - Monte Comán", "river": "", "variable": "Altura hidrométrica", "var_id": 2, "unit": "", "network": "sat2", "province": "", "procedure": "", "live": true, "percentiles": ""}}, {"type": "Feature", "geometry": {"type": "Point", "coordinates": [-65.8669444444444, -33.3336111111111]}, "properties": {"series_id": 36906, "station_id": 7261, "station": "Dique Paso de Las Carretas", "river": "", "variable": "Altura hidrométrica", "var_id": 2, "unit": "", "network": "sat2", "province": "", "procedure": "", "live": true, "percentiles": ""}}, {"type": "Feature", "geometry": {"type": "Point", "coordinates": [-65.8669444444444, -33.3336111111111]}, "properties": {"series_id": 38248, "station_id": 7261, "station": "Dique Paso de Las Carretas", "river": "", "variable": "Altura hidrométrica media diaria", "var_id": 39, "unit": "", "network": "sat2", "province": "", "procedure": "", "live": true, "percentiles": ""}}, {"type": "Feature", "geometry": {"type": "Point", "coordinates": [-64.3586111111111, -27.6580555555556]}, "properties": {"series_id": 36908, "station_id": 7262, "station": "Dulce – Los Quiroga Aa", "river": "", "variable": "Altura hidrométrica", "var_id": 2, "unit": "", "network": "sat2", "province": "", "procedure": "", "live": true, "percentiles": ""}}, {"type": "Feature", "geometry": {"type": "Point", "coordinates": [-64.3586111111111, -27.6580555555556]}, "properties": {"series_id": 38249, "station_id": 7262, "station": "Dulce – Los Quiroga Aa", "river": "", "variable": "Altura hidrométrica media diaria", "var_id": 39, "unit": "", "network": "sat2", "province": "", "procedure": "", "live": true, "percentiles": ""}}, {"type": "Feature", "geometry": {"type": "Point", "coordinates": [-63.2069444444444, -29.2533333333333]}, "properties": {"series_id": 38250, "station_id": 7263, "station": "Dulce - Paso de Oscares", "river": "", "variable": "Altura hidrométrica media diaria", "var_id": 39, "unit": "", "network": "sat2", "province": "", "procedure": "", "live": true, "percentiles": ""}}, {"type": "Feature", "geometry": {"type": "Point", "coordinates": [-64.4075, -27.6058333333333]}, "properties": {"series_id": 36917, "station_id": 7264, "station": "Dulce III – Los Quiroga", "river": "", "variable": "Altura hidrométrica", "var_id": 2, "unit": "", "network": "sat2", "province": "", "procedure": "", "live": true, "percentiles": ""}}, {"type": "Feature", "geometry": {"type": "Point", "coordinates": [-64.4075, -27.6058333333333]}, "properties": {"series_id": 38251, "station_id": 7264, "station": "Dulce III – Los Quiroga", "river": "", "variable": "Altura hidrométrica media diaria", "var_id": 39, "unit": "", "network": "sat2", "province": "", "procedure": "", "live": true, "percentiles": ""}}, {"type": "Feature", "geometry": {"type": "Point", "coordinates": [-58.5052777777778, -27.8013888888889]}, "properties": {"series_id": 36920, "station_id": 7266, "station": "Empedrado-Ruta Provincial Nº6", "river": "", "variable": "Altura hidrométrica", "var_id": 2, "unit": "", "network": "sat2", "province": "", "procedure": "", "live": true, "percentiles": ""}}, {"type": "Feature", "geometry": {"type": "Point", "coordinates": [-58.5052777777778, -27.8013888888889]}, "properties": {"series_id": 38253, "station_id": 7266, "station": "Empedrado-Ruta Provincial Nº6", "river": "", "variable": "Altura hidrométrica media diaria", "var_id": 39, "unit": "", "network": "sat2", "province": "", "procedure": "", "live": true, "percentiles": ""}}, {"type": "Feature", "geometry": {"type": "Point", "coordinates": [-65.34, -23.1969444444444]}, "properties": {"series_id": 39434, "station_id": 7268, "station": "Esc Agr Nº3 Cnel.M.E.Arias-MET", "river": "", "variable": "precipitación diaria 12Z", "var_id": 1, "unit": "", "network": "sat2", "province": "", "procedure": "", "live": true, "percentiles": ""}}, {"type": "Feature", "geometry": {"type": "Point", "coordinates": [-71.4413888888889, -41.7133333333333]}, "properties": {"series_id": 38255, "station_id": 7269, "station": "Foyel - RN 258", "river": "", "variable": "Altura hidrométrica media diaria", "var_id": 39, "unit": "", "network": "sat2", "province": "", "procedure": "", "live": true, "percentiles": ""}}, {"type": "Feature", "geometry": {"type": "Point", "coordinates": [-64.7513888888889, -32.2183333333333]}, "properties": {"series_id": 36950, "station_id": 7270, "station": "Grande - Ume Pay", "river": "", "variable": "Altura hidrométrica", "var_id": 2, "unit": "", "network": "sat2", "province": "", "procedure": "", "live": true, "percentiles": ""}}, {"type": "Feature", "geometry": {"type": "Point", "coordinates": [-64.7513888888889, -32.2183333333333]}, "properties": {"series_id": 38256, "station_id": 7270, "station": "Grande - Ume Pay", "river": "", "variable": "Altura hidrométrica media diaria", "var_id": 39, "unit": "", "network": "sat2", "province": "", "procedure": "", "live": true, "percentiles": ""}}, {"type": "Feature", "geometry": {"type": "Point", "coordinates": [-58.5547222222222, -32.445]}, "properties": {"series_id": 36960, "station_id": 7274, "station": "Gualeguaychú - RN Nº 39", "river": "", "variable": "Altura hidrométrica", "var_id": 2, "unit": "", "network": "sat2", "province": "", "procedure": "", "live": true, "percentiles": ""}}, {"type": "Feature", "geometry": {"type": "Point", "coordinates": [-71.6091666666667, -43.5166666666667]}, "properties": {"series_id": 38261, "station_id": 7276, "station": "Hielo - Confluencia", "river": "", "variable": "Altura hidrométrica media diaria", "var_id": 39, "unit": "", "network": "sat2", "province": "", "procedure": "", "live": true, "percentiles": ""}}, {"type": "Feature", "geometry": {"type": "Point", "coordinates": [-54.58, -25.5933333333333]}, "properties": {"series_id": 36964, "station_id": 7277, "station": "Iguazú - Pto. Iguazú", "river": "", "variable": "Altura hidrométrica", "var_id": 2, "unit": "", "network": "sat2", "province": "", "procedure": "", "live": true, "percentiles": ""}}, {"type": "Feature", "geometry": {"type": "Point", "coordinates": [-64.7052777777778, -22.8641666666667]}, "properties": {"series_id": 39437, "station_id": 7279, "station": "Iruya - San José", "river": "", "variable": "precipitación diaria 12Z", "var_id": 1, "unit": "", "network": "sat2", "province": "", "procedure": "", "live": true, "percentiles": ""}}, {"type": "Feature", "geometry": {"type": "Point", "coordinates": [-71.4147222222222, -41.1644444444444]}, "properties": {"series_id": 36987, "station_id": 7282, "station": "Lago Gutierrez - Bariloche", "river": "", "variable": "Altura hidrométrica", "var_id": 2, "unit": "", "network": "sat2", "province": "", "procedure": "", "live": true, "percentiles": ""}}, {"type": "Feature", "geometry": {"type": "Point", "coordinates": [-71.4147222222222, -41.1644444444444]}, "properties": {"series_id": 38265, "station_id": 7282, "station": "Lago Gutierrez - Bariloche", "river": "", "variable": "Altura hidrométrica media diaria", "var_id": 39, "unit": "", "network": "sat2", "province": "", "procedure": "", "live": true, "percentiles": ""}}, {"type": "Feature", "geometry": {"type": "Point", "coordinates": [-65.9747222222222, -27.4]}, "properties": {"series_id": 37011, "station_id": 7285, "station": "Las Cañas - Potrero del Clavil", "river": "", "variable": "Altura hidrométrica", "var_id": 2, "unit": "", "network": "sat2", "province": "", "procedure": "", "live": true, "percentiles": ""}}, {"type": "Feature", "geometry": {"type": "Point", "coordinates": [-71.6413888888889, -41.3533333333333]}, "properties": {"series_id": 38270, "station_id": 7288, "station": "Manso - Los Moscos", "river": "", "variable": "Altura hidrométrica media diaria", "var_id": 39, "unit": "", "network": "sat2", "province": "", "procedure": "", "live": true, "percentiles": ""}}, {"type": "Feature", "geometry": {"type": "Point", "coordinates": [-71.5361111111111, -41.5158333333333]}, "properties": {"series_id": 37020, "station_id": 7289, "station": "Manso - Steffen", "river": "", "variable": "Altura hidrométrica", "var_id": 2, "unit": "", "network": "sat2", "province": "", "procedure": "", "live": true, "percentiles": ""}}, {"type": "Feature", "geometry": {"type": "Point", "coordinates": [-71.5361111111111, -41.5158333333333]}, "properties": {"series_id": 38271, "station_id": 7289, "station": "Manso - Steffen", "river": "", "variable": "Altura hidrométrica media diaria", "var_id": 39, "unit": "", "network": "sat2", "province": "", "procedure": "", "live": true, "percentiles": ""}}, {"type": "Feature", "geometry": {"type": "Point", "coordinates": [-71.7713888888889, -41.2316666666667]}, "properties": {"series_id": 39442, "station_id": 7290, "station": "Manso Superior - Pampa Linda", "river": "", "variable": "precipitación diaria 12Z", "var_id": 1, "unit": "", "network": "sat2", "province": "", "procedure": "", "live": true, "percentiles": ""}}, {"type": "Feature", "geometry": {"type": "Point", "coordinates": [-71.7713888888889, -41.2316666666667]}, "properties": {"series_id": 37021, "station_id": 7290, "station": "Manso Superior - Pampa Linda", "river": "", "variable": "Altura hidrométrica", "var_id": 2, "unit": "", "network": "sat2", "province": "", "procedure": "", "live": true, "percentiles": ""}}, {"type": "Feature", "geometry": {"type": "Point", "coordinates": [-71.7713888888889, -41.2316666666667]}, "properties": {"series_id": 38272, "station_id": 7290, "station": "Manso Superior - Pampa Linda", "river": "", "variable": "Altura hidrométrica media diaria", "var_id": 39, "unit": "", "network": "sat2", "province": "", "procedure": "", "live": true, "percentiles": ""}}, {"type": "Feature", "geometry": {"type": "Point", "coordinates": [-65.2447222222222, -27.6572222222222]}, "properties": {"series_id": 37029, "station_id": 7291, "station": "Marapa - RN Nº 157 Lamadrid", "river": "", "variable": "Altura hidrométrica", "var_id": 2, "unit": "", "network": "sat2", "province": "", "procedure": "", "live": true, "percentiles": ""}}, {"type": "Feature", "geometry": {"type": "Point", "coordinates": [-60.6680555555556, -31.6402777777778]}, "properties": {"series_id": 39443, "station_id": 7292, "station": "Met - FICH - UNL Santa Fe", "river": "", "variable": "precipitación diaria 12Z", "var_id": 1, "unit": "", "network": "sat2", "province": "", "procedure": "", "live": true, "percentiles": ""}}, {"type": "Feature", "geometry": {"type": "Point", "coordinates": [-67.9733333333333, -38.9961111111111]}, "properties": {"series_id": 37038, "station_id": 7293, "station": "Negro - Isla Jordán", "river": "", "variable": "Altura hidrométrica", "var_id": 2, "unit": "", "network": "sat2", "province": "", "procedure": "", "live": true, "percentiles": ""}}, {"type": "Feature", "geometry": {"type": "Point", "coordinates": [-67.9733333333333, -38.9961111111111]}, "properties": {"series_id": 38274, "station_id": 7293, "station": "Negro - Isla Jordán", "river": "", "variable": "Altura hidrométrica media diaria", "var_id": 39, "unit": "", "network": "sat2", "province": "", "procedure": "", "live": true, "percentiles": ""}}, {"type": "Feature", "geometry": {"type": "Point", "coordinates": [-67.6230555555556, -39.1125]}, "properties": {"series_id": 37040, "station_id": 7294, "station": "Negro - Paso Cordova", "river": "", "variable": "Altura hidrométrica", "var_id": 2, "unit": "", "network": "sat2", "province": "", "procedure": "", "live": true, "percentiles": ""}}, {"type": "Feature", "geometry": {"type": "Point", "coordinates": [-59.2613888888889, -27.1741666666667]}, "properties": {"series_id": 37041, "station_id": 7295, "station": "Negro - Philipon", "river": "", "variable": "Altura hidrométrica", "var_id": 2, "unit": "", "network": "sat2", "province": "", "procedure": "", "live": true, "percentiles": ""}}, {"type": "Feature", "geometry": {"type": "Point", "coordinates": [-58.9822222222222, -27.4355555555556]}, "properties": {"series_id": 37042, "station_id": 7296, "station": "Negro - San Fernando", "river": "", "variable": "Altura hidrométrica", "var_id": 2, "unit": "", "network": "sat2", "province": "", "procedure": "", "live": true, "percentiles": ""}}, {"type": "Feature", "geometry": {"type": "Point", "coordinates": [-58.9822222222222, -27.4355555555556]}, "properties": {"series_id": 38277, "station_id": 7296, "station": "Negro - San Fernando", "river": "", "variable": "Altura hidrométrica media diaria", "var_id": 39, "unit": "", "network": "sat2", "province": "", "procedure": "", "live": true, "percentiles": ""}}, {"type": "Feature", "geometry": {"type": "Point", "coordinates": [-68.1705555555556, -38.7247222222222]}, "properties": {"series_id": 37043, "station_id": 7297, "station": "Neuquén - Dique Ballester", "river": "", "variable": "Altura hidrométrica", "var_id": 2, "unit": "", "network": "sat2", "province": "", "procedure": "", "live": true, "percentiles": ""}}, {"type": "Feature", "geometry": {"type": "Point", "coordinates": [-59.8647222222222, -32.8419444444444]}, "properties": {"series_id": 37055, "station_id": 7301, "station": "Nogoya - RP Nº 11", "river": "", "variable": "Altura hidrométrica", "var_id": 2, "unit": "", "network": "sat2", "province": "", "procedure": "", "live": true, "percentiles": ""}}, {"type": "Feature", "geometry": {"type": "Point", "coordinates": [-60.2833333333333, -31.5741666666667]}, "properties": {"series_id": 37064, "station_id": 7302, "station": "Paraná - HID Chapetón", "river": "", "variable": "Altura hidrométrica", "var_id": 2, "unit": "", "network": "sat2", "province": "", "procedure": "", "live": true, "percentiles": ""}}, {"type": "Feature", "geometry": {"type": "Point", "coordinates": [-54.5941666666667, -25.6047222222222]}, "properties": {"series_id": 37065, "station_id": 7303, "station": "Paraná - Ita Cajón", "river": "", "variable": "Altura hidrométrica", "var_id": 2, "unit": "", "network": "sat2", "province": "", "procedure": "", "live": true, "percentiles": ""}}, {"type": "Feature", "geometry": {"type": "Point", "coordinates": [-54.7558333333333, -26.7508333333333]}, "properties": {"series_id": 37066, "station_id": 7304, "station": "Paranay - El Alcázar", "river": "", "variable": "Altura hidrométrica", "var_id": 2, "unit": "", "network": "sat2", "province": "", "procedure": "", "live": true, "percentiles": ""}}, {"type": "Feature", "geometry": {"type": "Point", "coordinates": [-71.66, -44.2402777777778]}, "properties": {"series_id": 37076, "station_id": 7306, "station": "Pico - Frontera", "river": "", "variable": "Altura hidrométrica", "var_id": 2, "unit": "", "network": "sat2", "province": "", "procedure": "", "live": true, "percentiles": ""}}, {"type": "Feature", "geometry": {"type": "Point", "coordinates": [-64.7030555555556, -22.2797222222222]}, "properties": {"series_id": 39449, "station_id": 7307, "station": "PN - El Nogalar de Los Toldos", "river": "", "variable": "precipitación diaria 12Z", "var_id": 1, "unit": "", "network": "sat2", "province": "", "procedure": "", "live": true, "percentiles": ""}}, {"type": "Feature", "geometry": {"type": "Point", "coordinates": [-58.2591666666667, -31.8638888888889]}, "properties": {"series_id": 39451, "station_id": 7309, "station": "PN El Palmar de Colón", "river": "", "variable": "precipitación diaria 12Z", "var_id": 1, "unit": "", "network": "sat2", "province": "", "procedure": "", "live": true, "percentiles": ""}}, {"type": "Feature", "geometry": {"type": "Point", "coordinates": [-58.2416666666667, -34.7058333333333]}, "properties": {"series_id": 39455, "station_id": 7312, "station": "RMA02_QUI - Quilmes", "river": "", "variable": "precipitación diaria 12Z", "var_id": 1, "unit": "", "network": "sat2", "province": "", "procedure": "", "live": true, "percentiles": ""}}, {"type": "Feature", "geometry": {"type": "Point", "coordinates": [-59.4494444444444, -34.4208333333333]}, "properties": {"series_id": 39456, "station_id": 7313, "station": "RMA02_SAG - San Andres de Gile", "river": "", "variable": "precipitación diaria 12Z", "var_id": 1, "unit": "", "network": "sat2", "province": "", "procedure": "", "live": true, "percentiles": ""}}, {"type": "Feature", "geometry": {"type": "Point", "coordinates": [-59.8694444444444, -25.2041666666667]}, "properties": {"series_id": 39458, "station_id": 7315, "station": "RMA03_IBA - Ibarreta", "river": "", "variable": "precipitación diaria 12Z", "var_id": 1, "unit": "", "network": "sat2", "province": "", "procedure": "", "live": true, "percentiles": ""}}, {"type": "Feature", "geometry": {"type": "Point", "coordinates": [-59.5763888888889, -27.5327777777778]}, "properties": {"series_id": 39463, "station_id": 7320, "station": "RMA04_COL - Cote Lai", "river": "", "variable": "precipitación diaria 12Z", "var_id": 1, "unit": "", "network": "sat2", "province": "", "procedure": "", "live": true, "percentiles": ""}}, {"type": "Feature", "geometry": {"type": "Point", "coordinates": [-59.4727777777778, -27.1333333333333]}, "properties": {"series_id": 39464, "station_id": 7321, "station": "RMA04_LAE - La Escondida", "river": "", "variable": "precipitación diaria 12Z", "var_id": 1, "unit": "", "network": "sat2", "province": "", "procedure": "", "live": true, "percentiles": ""}}, {"type": "Feature", "geometry": {"type": "Point", "coordinates": [-54.5761111111111, -26.3933333333333]}, "properties": {"series_id": 39467, "station_id": 7324, "station": "RMA05_ELD - Eldorado", "river": "", "variable": "precipitación diaria 12Z", "var_id": 1, "unit": "", "network": "sat2", "province": "", "procedure": "", "live": true, "percentiles": ""}}, {"type": "Feature", "geometry": {"type": "Point", "coordinates": [-54.5513888888889, -25.8738888888889]}, "properties": {"series_id": 39470, "station_id": 7327, "station": "RMA05_URU - Paisaje Protegido ", "river": "", "variable": "precipitación diaria 12Z", "var_id": 1, "unit": "", "network": "sat2", "province": "", "procedure": "", "live": true, "percentiles": ""}}, {"type": "Feature", "geometry": {"type": "Point", "coordinates": [-57.7236111111111, -37.9311111111111]}, "properties": {"series_id": 39472, "station_id": 7329, "station": "RMA06_LDP - Laguna de los Padres", "river": "", "variable": "precipitación diaria 12Z", "var_id": 1, "unit": "", "network": "sat2", "province": "", "procedure": "", "live": true, "percentiles": ""}}, {"type": "Feature", "geometry": {"type": "Point", "coordinates": [-58.8116666666667, -38.4866666666667]}, "properties": {"series_id": 39473, "station_id": 7330, "station": "RMA06_NCO - Necochea", "river": "", "variable": "precipitación diaria 12Z", "var_id": 1, "unit": "", "network": "sat2", "province": "", "procedure": "", "live": true, "percentiles": ""}}, {"type": "Feature", "geometry": {"type": "Point", "coordinates": [-68.7683333333333, -39.2638888888889]}, "properties": {"series_id": 39476, "station_id": 7333, "station": "RMA07_ECH - El Chocon", "river": "", "variable": "precipitación diaria 12Z", "var_id": 1, "unit": "", "network": "sat2", "province": "", "procedure": "", "live": true, "percentiles": ""}}, {"type": "Feature", "geometry": {"type": "Point", "coordinates": [-69.1816666666667, -38.9383333333333]}, "properties": {"series_id": 39479, "station_id": 7336, "station": "RMA07_PHU - Plaza Huincul", "river": "", "variable": "precipitación diaria 12Z", "var_id": 1, "unit": "", "network": "sat2", "province": "", "procedure": "", "live": true, "percentiles": ""}}, {"type": "Feature", "geometry": {"type": "Point", "coordinates": [-59.0275, -28.5138888888889]}, "properties": {"series_id": 39482, "station_id": 7339, "station": "RMA08_BVI - Bella Vista", "river": "", "variable": "precipitación diaria 12Z", "var_id": 1, "unit": "", "network": "sat2", "province": "", "procedure": "", "live": true, "percentiles": false}}, {"type": "Feature", "geometry": {"type": "Point", "coordinates": [-57.4363888888889, -28.1280555555556]}, "properties": {"series_id": 39484, "station_id": 7341, "station": "RMA08_PIB - Parque Nacional Ib", "river": "", "variable": "precipitación diaria 12Z", "var_id": 1, "unit": "", "network": "sat2", "province": "", "procedure": "", "live": true, "percentiles": ""}}, {"type": "Feature", "geometry": {"type": "Point", "coordinates": [-67.9838888888889, -54.7088888888889]}, "properties": {"series_id": 39485, "station_id": 7342, "station": "RMA09_CKR- Cerro Krund", "river": "", "variable": "precipitación diaria 12Z", "var_id": 1, "unit": "", "network": "sat2", "province": "", "procedure": "", "live": true, "percentiles": ""}}, {"type": "Feature", "geometry": {"type": "Point", "coordinates": [-68.5955555555555, -54.0002777777778]}, "properties": {"series_id": 39486, "station_id": 7343, "station": "RMA09_RAD - Radman", "river": "", "variable": "precipitación diaria 12Z", "var_id": 1, "unit": "", "network": "sat2", "province": "", "procedure": "", "live": true, "percentiles": ""}}, {"type": "Feature", "geometry": {"type": "Point", "coordinates": [-68.4588888888889, -53.3008333333333]}, "properties": {"series_id": 39487, "station_id": 7344, "station": "RMA09_SSE - San Sebastian", "river": "", "variable": "precipitación diaria 12Z", "var_id": 1, "unit": "", "network": "sat2", "province": "", "procedure": "", "live": true, "percentiles": ""}}, {"type": "Feature", "geometry": {"type": "Point", "coordinates": [-64.4655555555556, -31.5213888888889]}, "properties": {"series_id": 39491, "station_id": 7348, "station": "RMA1_FDC - Falda del Carmen", "river": "", "variable": "precipitación diaria 12Z", "var_id": 1, "unit": "", "network": "sat2", "province": "", "procedure": "", "live": true, "percentiles": ""}}, {"type": "Feature", "geometry": {"type": "Point", "coordinates": [-63.8816666666667, -31.6677777777778]}, "properties": {"series_id": 39493, "station_id": 7350, "station": "RMA1_PIL - Pilar", "river": "", "variable": "precipitación diaria 12Z", "var_id": 1, "unit": "", "network": "sat2", "province": "", "procedure": "", "live": true, "percentiles": ""}}, {"type": "Feature", "geometry": {"type": "Point", "coordinates": [-61.33, -38.0044444444444]}, "properties": {"series_id": 39495, "station_id": 7352, "station": "RMA10_CP - Coronel Pringles", "river": "", "variable": "precipitación diaria 12Z", "var_id": 1, "unit": "", "network": "sat2", "province": "", "procedure": "", "live": true, "percentiles": ""}}, {"type": "Feature", "geometry": {"type": "Point", "coordinates": [-61.91, -38.965]}, "properties": {"series_id": 39497, "station_id": 7354, "station": "RMA10_PA - Punta Alta", "river": "", "variable": "precipitación diaria 12Z", "var_id": 1, "unit": "", "network": "sat2", "province": "", "procedure": "", "live": true, "percentiles": ""}}, {"type": "Feature", "geometry": {"type": "Point", "coordinates": [-62.3863888888889, -37.6083333333333]}, "properties": {"series_id": 39498, "station_id": 7355, "station": "RMA10_PG - Pigüe", "river": "", "variable": "precipitación diaria 12Z", "var_id": 1, "unit": "", "network": "sat2", "province": "", "procedure": "", "live": true, "percentiles": ""}}, {"type": "Feature", "geometry": {"type": "Point", "coordinates": [-65.6172222222222, -27.3438888888889]}, "properties": {"series_id": 39500, "station_id": 7357, "station": "RMA11_CO - Concepción", "river": "", "variable": "precipitación diaria 12Z", "var_id": 1, "unit": "", "network": "sat2", "province": "", "procedure": "", "live": true, "percentiles": ""}}, {"type": "Feature", "geometry": {"type": "Point", "coordinates": [-65.2430555555556, -27.6583333333333]}, "properties": {"series_id": 39502, "station_id": 7359, "station": "RMA11_LV - Lavalle", "river": "", "variable": "precipitación diaria 12Z", "var_id": 1, "unit": "", "network": "sat2", "province": "", "procedure": "", "live": true, "percentiles": ""}}, {"type": "Feature", "geometry": {"type": "Point", "coordinates": [-64.4902777777778, -27.1625]}, "properties": {"series_id": 39503, "station_id": 7360, "station": "RMA11_PH - Pozo Hondo", "river": "", "variable": "precipitación diaria 12Z", "var_id": 1, "unit": "", "network": "sat2", "province": "", "procedure": "", "live": true, "percentiles": ""}}, {"type": "Feature", "geometry": {"type": "Point", "coordinates": [-65.6083333333333, -28.4986111111111]}, "properties": {"series_id": 39504, "station_id": 7361, "station": "RMA11_SA - Sierra Ancasti", "river": "", "variable": "precipitación diaria 12Z", "var_id": 1, "unit": "", "network": "sat2", "province": "", "procedure": "", "live": true, "percentiles": ""}}, {"type": "Feature", "geometry": {"type": "Point", "coordinates": [-61.8408333333333, -23.9025]}, "properties": {"series_id": 39506, "station_id": 7363, "station": "RMA3_IJU - Ingeniero Juarez", "river": "", "variable": "precipitación diaria 12Z", "var_id": 1, "unit": "", "network": "sat2", "province": "", "procedure": "", "live": true, "percentiles": ""}}, {"type": "Feature", "geometry": {"type": "Point", "coordinates": [-65.2277777777778, -27.3186111111111]}, "properties": {"series_id": 37530, "station_id": 7378, "station": "Salí - Simoca", "river": "", "variable": "Altura hidrométrica", "var_id": 2, "unit": "", "network": "sat2", "province": "", "procedure": "", "live": true, "percentiles": ""}}, {"type": "Feature", "geometry": {"type": "Point", "coordinates": [-60.2591666666667, -34.2861111111111]}, "properties": {"series_id": 37531, "station_id": 7379, "station": "Salto - Salto", "river": "", "variable": "Altura hidrométrica", "var_id": 2, "unit": "", "network": "sat2", "province": "", "procedure": "", "live": true, "percentiles": ""}}, {"type": "Feature", "geometry": {"type": "Point", "coordinates": [-69.1783333333333, -31.2530555555556]}, "properties": {"series_id": 39509, "station_id": 7380, "station": "San Juan Km 101 - MET", "river": "", "variable": "precipitación diaria 12Z", "var_id": 1, "unit": "", "network": "sat2", "province": "", "procedure": "", "live": true, "percentiles": ""}}, {"type": "Feature", "geometry": {"type": "Point", "coordinates": [-64.3536111111111, -33.2844444444444]}, "properties": {"series_id": 38286, "station_id": 7381, "station": "Santa Catalina - Catalina 630", "river": "", "variable": "Altura hidrométrica media diaria", "var_id": 39, "unit": "", "network": "sat2", "province": "", "procedure": "", "live": true, "percentiles": ""}}, {"type": "Feature", "geometry": {"type": "Point", "coordinates": [-64.3086111111111, -30.8558333333333]}, "properties": {"series_id": 39510, "station_id": 7383, "station": "Santa Sabina MET", "river": "", "variable": "precipitación diaria 12Z", "var_id": 1, "unit": "", "network": "sat2", "province": "", "procedure": "", "live": true, "percentiles": ""}}, {"type": "Feature", "geometry": {"type": "Point", "coordinates": [-64.3088888888889, -31.8033333333333]}, "properties": {"series_id": 38288, "station_id": 7384, "station": "Segundo - Despeñaderos RN Nº 3", "river": "", "variable": "Altura hidrométrica media diaria", "var_id": 39, "unit": "", "network": "sat2", "province": "", "procedure": "", "live": true, "percentiles": ""}}, {"type": "Feature", "geometry": {"type": "Point", "coordinates": [-70.8797222222222, -43.3497222222222]}, "properties": {"series_id": 37577, "station_id": 7385, "station": "Tecka - Estancia Niedo", "river": "", "variable": "Altura hidrométrica", "var_id": 2, "unit": "", "network": "sat2", "province": "", "procedure": "", "live": true, "percentiles": ""}}, {"type": "Feature", "geometry": {"type": "Point", "coordinates": [-63.2447222222222, -32.4219444444444]}, "properties": {"series_id": 38290, "station_id": 7386, "station": "Tercero - Villa María", "river": "", "variable": "Altura hidrométrica media diaria", "var_id": 39, "unit": "", "network": "sat2", "province": "", "procedure": "", "live": true, "percentiles": ""}}, {"type": "Feature", "geometry": {"type": "Point", "coordinates": [-71.3752777777778, -41.9505555555556]}, "properties": {"series_id": 37580, "station_id": 7387, "station": "Ternero - Cuesta del Ternero", "river": "", "variable": "Altura hidrométrica", "var_id": 2, "unit": "", "network": "sat2", "province": "", "procedure": "", "live": true, "percentiles": ""}}, {"type": "Feature", "geometry": {"type": "Point", "coordinates": [-68.0613888888889, -33.3072222222222]}, "properties": {"series_id": 37581, "station_id": 7388, "station": "Tunuyán - Las Catitas", "river": "", "variable": "Altura hidrométrica", "var_id": 2, "unit": "", "network": "sat2", "province": "", "procedure": "", "live": true, "percentiles": ""}}, {"type": "Feature", "geometry": {"type": "Point", "coordinates": [-62.10138889, -38.89583333]}, "properties": {"series_id": 39718, "station_id": 7396, "station": "Puerto Belgrano", "river": "", "variable": "Altura hidrométrica", "var_id": 2, "unit": "", "network": "estaciones_shn", "province": "", "procedure": "", "live": true, "percentiles": ""}}, {"type": "Feature", "geometry": {"type": "Point", "coordinates": [-59.0188888888889, -24.9369444444444]}, "properties": {"series_id": 43819, "station_id": 8247, "station": "RMET– Belgrano– Formosa", "river": "", "variable": "precipitación diaria 12Z", "var_id": 1, "unit": "", "network": "sat2", "province": "", "procedure": "", "live": true, "percentiles": ""}}, {"type": "Feature", "geometry": {"type": "Point", "coordinates": [-68.8861111111111, -32.13]}, "properties": {"series_id": 43822, "station_id": 8250, "station": "RMET- El Acequión- San Juan ", "river": "", "variable": "precipitación diaria 12Z", "var_id": 1, "unit": "", "network": "sat2", "province": "", "procedure": "", "live": true, "percentiles": ""}}, {"type": "Feature", "geometry": {"type": "Point", "coordinates": [-61.1638888888889, -23.6747222222222]}, "properties": {"series_id": 43867, "station_id": 8252, "station": "RMET –Guadalcazar –Formosa", "river": "", "variable": "precipitación diaria 12Z", "var_id": 1, "unit": "", "network": "sat2", "province": "", "procedure": "", "live": true, "percentiles": ""}}, {"type": "Feature", "geometry": {"type": "Point", "coordinates": [-65.9319444444445, -27.3283333333333]}, "properties": {"series_id": 43869, "station_id": 8254, "station": "RMET- Las Lenguas- Tucumán", "river": "", "variable": "precipitación diaria 12Z", "var_id": 1, "unit": "", "network": "sat2", "province": "", "procedure": "", "live": true, "percentiles": ""}}, {"type": "Feature", "geometry": {"type": "Point", "coordinates": [-55.1302777777778, -27.4736111111111]}, "properties": {"series_id": 43870, "station_id": 8255, "station": "RMET- Oberá - Misiones", "river": "", "variable": "precipitación diaria 12Z", "var_id": 1, "unit": "", "network": "sat2", "province": "", "procedure": "", "live": true, "percentiles": ""}}, {"type": "Feature", "geometry": {"type": "Point", "coordinates": [-61.6602777777778, -26.3066666666667]}, "properties": {"series_id": 43824, "station_id": 8257, "station": "RMET- Río Muerto- Chaco", "river": "", "variable": "precipitación diaria 12Z", "var_id": 1, "unit": "", "network": "sat2", "province": "", "procedure": "", "live": true, "percentiles": ""}}, {"type": "Feature", "geometry": {"type": "Point", "coordinates": [-71.3697222222222, -44.1838888888889]}, "properties": {"series_id": 43825, "station_id": 8258, "station": "RMET –Río Pico -Chubut", "river": "", "variable": "precipitación diaria 12Z", "var_id": 1, "unit": "", "network": "sat2", "province": "", "procedure": "", "live": true, "percentiles": ""}}, {"type": "Feature", "geometry": {"type": "Point", "coordinates": [-66.5219444444444, -33.1397222222222]}, "properties": {"series_id": 43826, "station_id": 8259, "station": "RMET- San Gerónimo -San Luis", "river": "", "variable": "precipitación diaria 12Z", "var_id": 1, "unit": "", "network": "sat2", "province": "", "procedure": "", "live": true, "percentiles": ""}}, {"type": "Feature", "geometry": {"type": "Point", "coordinates": [-70.0538888888889, -38.9091666666667]}, "properties": {"series_id": 43828, "station_id": 8261, "station": "RMET- Zapala - Neuquén", "river": "", "variable": "precipitación diaria 12Z", "var_id": 1, "unit": "", "network": "sat2", "province": "", "procedure": "", "live": true, "percentiles": ""}}, {"type": "Feature", "geometry": {"type": "Point", "coordinates": [-62.8588888888889, -28.4786111111111]}, "properties": {"series_id": 43830, "station_id": 8263, "station": "RMET-Añatuya-Stgo. Del Estero", "river": "", "variable": "precipitación diaria 12Z", "var_id": 1, "unit": "", "network": "sat2", "province": "", "procedure": "", "live": true, "percentiles": ""}}, {"type": "Feature", "geometry": {"type": "Point", "coordinates": [-58.8783333333333, -32.3716666666667]}, "properties": {"series_id": 43873, "station_id": 8265, "station": "RMET–Basavilbaso–E. Ríos", "river": "", "variable": "precipitación diaria 12Z", "var_id": 1, "unit": "", "network": "sat2", "province": "", "procedure": "", "live": true, "percentiles": ""}}, {"type": "Feature", "geometry": {"type": "Point", "coordinates": [-57.6377777777778, -27.7663888888889]}, "properties": {"series_id": 43831, "station_id": 8267, "station": "RMET-Caá Cati- Ctes.-Soc.Rural", "river": "", "variable": "precipitación diaria 12Z", "var_id": 1, "unit": "", "network": "sat2", "province": "", "procedure": "", "live": true, "percentiles": ""}}, {"type": "Feature", "geometry": {"type": "Point", "coordinates": [-67.5627777777778, -29.1319444444444]}, "properties": {"series_id": 43835, "station_id": 8271, "station": "RMET-Chilecito-Est.2 Cable Car", "river": "", "variable": "precipitación diaria 12Z", "var_id": 1, "unit": "", "network": "sat2", "province": "", "procedure": "", "live": true, "percentiles": ""}}, {"type": "Feature", "geometry": {"type": "Point", "coordinates": [-64.9025, -28.5236111111111]}, "properties": {"series_id": 43836, "station_id": 8272, "station": "RMET-Choya-Stgo. Del Estero", "river": "", "variable": "precipitación diaria 12Z", "var_id": 1, "unit": "", "network": "sat2", "province": "", "procedure": "", "live": true, "percentiles": ""}}, {"type": "Feature", "geometry": {"type": "Point", "coordinates": [-65.4247222222222, -26.6872222222222]}, "properties": {"series_id": 43876, "station_id": 8274, "station": "RMET-Com. Raco-Tucuman", "river": "", "variable": "precipitación diaria 12Z", "var_id": 1, "unit": "", "network": "sat2", "province": "", "procedure": "", "live": true, "percentiles": ""}}, {"type": "Feature", "geometry": {"type": "Point", "coordinates": [-61.4919444444444, -29.7716666666667]}, "properties": {"series_id": 43877, "station_id": 8275, "station": "RMET-Com. Rams-Santa Fe", "river": "", "variable": "precipitación diaria 12Z", "var_id": 1, "unit": "", "network": "sat2", "province": "", "procedure": "", "live": true, "percentiles": ""}}, {"type": "Feature", "geometry": {"type": "Point", "coordinates": [-61.0805555555556, -29.6408333333333]}, "properties": {"series_id": 43840, "station_id": 8280, "station": "RMET-Esc.Nº 6168- Sta. Fe", "river": "", "variable": "precipitación diaria 12Z", "var_id": 1, "unit": "", "network": "sat2", "province": "", "procedure": "", "live": true, "percentiles": ""}}, {"type": "Feature", "geometry": {"type": "Point", "coordinates": [-62.6675, -26.8658333333333]}, "properties": {"series_id": 43880, "station_id": 8282, "station": "RMET-Granadero Gatica-Stgo.Est", "river": "", "variable": "precipitación diaria 12Z", "var_id": 1, "unit": "", "network": "sat2", "province": "", "procedure": "", "live": true, "percentiles": ""}}, {"type": "Feature", "geometry": {"type": "Point", "coordinates": [-65.7838888888889, -26.7372222222222]}, "properties": {"series_id": 43882, "station_id": 8284, "station": "RMET-Infiernillo-Tucuman", "river": "", "variable": "precipitación diaria 12Z", "var_id": 1, "unit": "", "network": "sat2", "province": "", "procedure": "", "live": true, "percentiles": ""}}, {"type": "Feature", "geometry": {"type": "Point", "coordinates": [-67.2891666666667, -43.7191666666667]}, "properties": {"series_id": 43842, "station_id": 8286, "station": "RMET-Las Plumas-Chubut", "river": "", "variable": "precipitación diaria 12Z", "var_id": 1, "unit": "", "network": "sat2", "province": "", "procedure": "", "live": true, "percentiles": false}}, {"type": "Feature", "geometry": {"type": "Point", "coordinates": [-68.0811111111111, -40.845]}, "properties": {"series_id": 43843, "station_id": 8287, "station": "RMET-Los Menucos-Rio Negro-DPA", "river": "", "variable": "precipitación diaria 12Z", "var_id": 1, "unit": "", "network": "sat2", "province": "", "procedure": "", "live": true, "percentiles": ""}}, {"type": "Feature", "geometry": {"type": "Point", "coordinates": [-67.3719444444444, -25.8247222222222]}, "properties": {"series_id": 43844, "station_id": 8288, "station": "RMET-Los Nacimientos-Esc.485", "river": "", "variable": "precipitación diaria 12Z", "var_id": 1, "unit": "", "network": "sat2", "province": "", "procedure": "", "live": true, "percentiles": ""}}, {"type": "Feature", "geometry": {"type": "Point", "coordinates": [-63.4916666666667, -33.7575]}, "properties": {"series_id": 43846, "station_id": 8290, "station": "RMET-Pacheco de Melo-Córdoba", "river": "", "variable": "precipitación diaria 12Z", "var_id": 1, "unit": "", "network": "sat2", "province": "", "procedure": "", "live": true, "percentiles": ""}}, {"type": "Feature", "geometry": {"type": "Point", "coordinates": [-69.6177777777778, -42.7344444444444]}, "properties": {"series_id": 43885, "station_id": 8293, "station": "RMET-Paso del Sapo-Chubut", "river": "", "variable": "precipitación diaria 12Z", "var_id": 1, "unit": "", "network": "sat2", "province": "", "procedure": "", "live": true, "percentiles": ""}}, {"type": "Feature", "geometry": {"type": "Point", "coordinates": [-70.0213888888889, -40.0533333333333]}, "properties": {"series_id": 43886, "station_id": 8294, "station": "RMET-Piedra del Águila-Neuquén", "river": "", "variable": "precipitación diaria 12Z", "var_id": 1, "unit": "", "network": "sat2", "province": "", "procedure": "", "live": true, "percentiles": ""}}, {"type": "Feature", "geometry": {"type": "Point", "coordinates": [-64.6458333333333, -24.7308333333333]}, "properties": {"series_id": 43887, "station_id": 8295, "station": "RMET-PN-El Rey-Salta", "river": "", "variable": "precipitación diaria 12Z", "var_id": 1, "unit": "", "network": "sat2", "province": "", "procedure": "", "live": true, "percentiles": ""}}, {"type": "Feature", "geometry": {"type": "Point", "coordinates": [-64.3061111111111, -33.5019444444444]}, "properties": {"series_id": 43888, "station_id": 8300, "station": "RMET-San Basilio-Córdoba", "river": "", "variable": "precipitación diaria 12Z", "var_id": 1, "unit": "", "network": "sat2", "province": "", "procedure": "", "live": true, "percentiles": ""}}, {"type": "Feature", "geometry": {"type": "Point", "coordinates": [-58.5694444444444, -34.6661111111111]}, "properties": {"series_id": 43889, "station_id": 8305, "station": "RMET-Uni Nac La Matanza-Bs.As.", "river": "", "variable": "precipitación diaria 12Z", "var_id": 1, "unit": "", "network": "sat2", "province": "", "procedure": "", "live": true, "percentiles": ""}}, {"type": "Feature", "geometry": {"type": "Point", "coordinates": [-65.1286111111111, -33.5988888888889]}, "properties": {"series_id": 43891, "station_id": 8307, "station": "RMET-Vizcacheras-San Luis", "river": "", "variable": "precipitación diaria 12Z", "var_id": 1, "unit": "", "network": "sat2", "province": "", "procedure": "", "live": true, "percentiles": ""}}, {"type": "Feature", "geometry": {"type": "Point", "coordinates": [-65.2758333333333, -24.3852777777778]}, "properties": {"series_id": 43892, "station_id": 8308, "station": "S. Salvador de Jujuy-El Carmen", "river": "", "variable": "precipitación diaria 12Z", "var_id": 1, "unit": "", "network": "sat2", "province": "", "procedure": "", "live": true, "percentiles": ""}}, {"type": "Feature", "geometry": {"type": "Point", "coordinates": [-65.03, -40.7566666666667]}, "properties": {"series_id": 43855, "station_id": 8314, "station": "San Antonio Oeste - ET 132 KV", "river": "", "variable": "precipitación diaria 12Z", "var_id": 1, "unit": "", "network": "sat2", "province": "", "procedure": "", "live": true, "percentiles": ""}}, {"type": "Feature", "geometry": {"type": "Point", "coordinates": [-59.6691666666667, -24.4536111111111]}, "properties": {"series_id": 43893, "station_id": 8315, "station": "San Martín N°2 - Formosa ", "river": "", "variable": "precipitación diaria 12Z", "var_id": 1, "unit": "", "network": "sat2", "province": "", "procedure": "", "live": true, "percentiles": ""}}, {"type": "Feature", "geometry": {"type": "Point", "coordinates": [-54.1238888888889, -26.6169444444444]}, "properties": {"series_id": 43894, "station_id": 8316, "station": "San Pedro-Araucaria - Misiones", "river": "", "variable": "precipitación diaria 12Z", "var_id": 1, "unit": "", "network": "sat2", "province": "", "procedure": "", "live": true, "percentiles": ""}}, {"type": "Feature", "geometry": {"type": "Point", "coordinates": [-65.9686111111111, -23.2861111111111]}, "properties": {"series_id": 43856, "station_id": 8317, "station": "Sausalito - Jujuy", "river": "", "variable": "precipitación diaria 12Z", "var_id": 1, "unit": "", "network": "sat2", "province": "", "procedure": "", "live": true, "percentiles": ""}}, {"type": "Feature", "geometry": {"type": "Point", "coordinates": [-68.6133333333333, -27.4608333333333]}, "properties": {"series_id": 43581, "station_id": 8318, "station": "NIV -  Sierras Campo Negro", "river": "", "variable": "Altura hidrométrica", "var_id": 2, "unit": "", "network": "sat2", "province": "", "procedure": "", "live": true, "percentiles": ""}}, {"type": "Feature", "geometry": {"type": "Point", "coordinates": [-65.5080555555556, -36.2705555555556]}, "properties": {"series_id": 43857, "station_id": 8319, "station": "Telén- La Pampa", "river": "", "variable": "precipitación diaria 12Z", "var_id": 1, "unit": "", "network": "sat2", "province": "", "procedure": "", "live": true, "percentiles": ""}}, {"type": "Feature", "geometry": {"type": "Point", "coordinates": [-69.2588888888889, -45.4797222222222]}, "properties": {"series_id": 43925, "station_id": 8325, "station": "Lago Muster - Fortín", "river": "", "variable": "Altura hidrométrica", "var_id": 2, "unit": "", "network": "sat2", "province": "", "procedure": "", "live": true, "percentiles": ""}}]}