{"type": "FeatureCollection", "features": [{"type": "Feature", "geometry": {"type": "Point", "coordinates": [-53.9833333333333, -25.5833333333333]}, "properties": {"series_id": 8, "station_id": 8, "station": "Andresito", "river": "IGUAZU", "var_id": 2, "network": "alturas_prefe", "cat_start": "1984-01-01T06:00:00", "cat_end": "2026-08-30T00:00:00", "donor_series_id": "", "donor_station": "", "donor_river": "", "match_type": "", "match_km": "", "river_agrees": "", "combined_years": 42.7, "tier": 1}}, {"type": "Feature", "geometry": {"type": "Point", "coordinates": [-53.9833333333333, -25.5833333333333]}, "properties": {"series_id": 26605, "station_id": 8, "station": "Andresito", "river": "IGUAZU", "var_id": 40, "network": "alturas_prefe", "cat_start": "2006-01-01T00:00:00", "cat_end": "2026-08-29T00:00:00", "donor_series_id": "", "donor_station": "", "donor_river": "", "match_type": "", "match_km": "", "river_agrees": "", "combined_years": 20.7, "tier": 1}}, {"type": "Feature", "geometry": {"type": "Point", "coordinates": [-54.5666666666667, -25.5833333333333]}, "properties": {"series_id": 26251, "station_id": 9, "station": "Puerto Iguazú", "river": "PARANAMED", "var_id": 39, "network": "alturas_prefe", "cat_start": "1976-01-01T00:00:00", "cat_end": "2026-08-29T00:00:00", "donor_series_id": "", "donor_station": "", "donor_river": "", "match_type": "", "match_km": "", "river_agrees": "", "combined_years": 50.7, "tier": 1}}, {"type": "Feature", "geometry": {"type": "Point", "coordinates": [-54.621134, -25.916679]}, "properties": {"series_id": 10, "station_id": 10, "station": "Libertad", "river": "PARANAMED", "var_id": 2, "network": "alturas_prefe", "cat_start": "1931-01-01T07:00:00", "cat_end": "2026-08-30T00:00:00", "donor_series_id": 6503, "donor_station": "Paraná - Puerto Libertad", "donor_river": "Paraná", "match_type": "coords", "match_km": 0.04, "river_agrees": "yes", "combined_years": 95.7, "tier": 1}}, {"type": "Feature", "geometry": {"type": "Point", "coordinates": [-54.7, -26.3833333333333]}, "properties": {"series_id": 11, "station_id": 11, "station": "El Dorado", "river": "PARANAMED", "var_id": 2, "network": "alturas_prefe", "cat_start": "1931-03-01T07:00:00", "cat_end": "2026-08-30T00:00:00", "donor_series_id": "", "donor_station": "", "donor_river": "", "match_type": "", "match_km": "", "river_agrees": "", "combined_years": 95.5, "tier": 1}}, {"type": "Feature", "geometry": {"type": "Point", "coordinates": [-55.0333333333333, -26.8]}, "properties": {"series_id": 12, "station_id": 12, "station": "Libertador", "river": "PARANAMED", "var_id": 2, "network": "alturas_prefe", "cat_start": "1956-03-01T07:00:00", "cat_end": "2026-08-30T00:00:00", "donor_series_id": "", "donor_station": "", "donor_river": "", "match_type": "", "match_km": "", "river_agrees": "", "combined_years": 70.5, "tier": 1}}, {"type": "Feature", "geometry": {"type": "Point", "coordinates": [-55.8833333333333, -27.3666666666667]}, "properties": {"series_id": 14, "station_id": 14, "station": "Posadas", "river": "PARANAMED", "var_id": 2, "network": "alturas_prefe", "cat_start": "1901-01-02T07:00:00", "cat_end": "2026-08-30T00:00:00", "donor_series_id": "", "donor_station": "", "donor_river": "", "match_type": "", "match_km": "", "river_agrees": "", "combined_years": 125.7, "tier": 1}}, {"type": "Feature", "geometry": {"type": "Point", "coordinates": [-56.7, -27.5833333333333]}, "properties": {"series_id": 15, "station_id": 15, "station": "Ituzaingó", "river": "PARANAMED", "var_id": 2, "network": "alturas_prefe", "cat_start": "1910-03-16T07:00:00", "cat_end": "2026-08-30T00:00:00", "donor_series_id": "", "donor_station": "", "donor_river": "", "match_type": "", "match_km": "", "river_agrees": "", "combined_years": 116.5, "tier": 1}}, {"type": "Feature", "geometry": {"type": "Point", "coordinates": [-57.33326783, -27.42336098]}, "properties": {"series_id": 26258, "station_id": 16, "station": "Itá Ibaté", "river": "PARANAMED", "var_id": 39, "network": "alturas_prefe", "cat_start": "1912-01-01T00:00:00", "cat_end": "2026-08-29T00:00:00", "donor_series_id": "", "donor_station": "", "donor_river": "", "match_type": "", "match_km": "", "river_agrees": "", "combined_years": 114.7, "tier": 1}}, {"type": "Feature", "geometry": {"type": "Point", "coordinates": [-58.24407387, -27.26677773]}, "properties": {"series_id": 26259, "station_id": 17, "station": "Itatí", "river": "PARANAMED", "var_id": 39, "network": "alturas_prefe", "cat_start": "1912-01-01T00:00:00", "cat_end": "2026-08-29T00:00:00", "donor_series_id": 29588, "donor_station": "Paraná - Itatí", "donor_river": "Paraná", "match_type": "coords", "match_km": 0.06, "river_agrees": "yes", "combined_years": 116.2, "tier": 1}}, {"type": "Feature", "geometry": {"type": "Point", "coordinates": [-58.5833333333333, -27.3333333333333]}, "properties": {"series_id": 26260, "station_id": 18, "station": "Paso de la Patria", "river": "PARANAMED", "var_id": 39, "network": "alturas_prefe", "cat_start": "1970-01-01T00:00:00", "cat_end": "2026-08-29T00:00:00", "donor_series_id": "", "donor_station": "", "donor_river": "", "match_type": "", "match_km": "", "river_agrees": "", "combined_years": 56.7, "tier": 1}}, {"type": "Feature", "geometry": {"type": "Point", "coordinates": [-58.8388696, -27.46364349]}, "properties": {"series_id": 19, "station_id": 19, "station": "Corrientes", "river": "PARANAMED", "var_id": 2, "network": "alturas_prefe", "cat_start": "1901-01-02T07:00:00", "cat_end": "2026-08-30T00:00:00", "donor_series_id": 6611, "donor_station": "Paraná - Corrientes", "donor_river": "Paraná", "match_type": "coords", "match_km": 0.7, "river_agrees": "yes", "combined_years": 125.7, "tier": 1}}, {"type": "Feature", "geometry": {"type": "Point", "coordinates": [-58.8388696, -27.46364349]}, "properties": {"series_id": 26261, "station_id": 19, "station": "Corrientes", "river": "PARANAMED", "var_id": 39, "network": "alturas_prefe", "cat_start": "1901-01-01T00:00:00", "cat_end": "2026-08-29T00:00:00", "donor_series_id": 6611, "donor_station": "Paraná - Corrientes", "donor_river": "Paraná", "match_type": "coords", "match_km": 0.7, "river_agrees": "yes", "combined_years": 125.7, "tier": 1}}, {"type": "Feature", "geometry": {"type": "Point", "coordinates": [-58.9333333333333, -27.4833333333333]}, "properties": {"series_id": 20, "station_id": 20, "station": "Barranqueras", "river": "BARRANQUERAS", "var_id": 2, "network": "alturas_prefe", "cat_start": "1906-03-02T07:00:00", "cat_end": "2026-08-30T00:00:00", "donor_series_id": "", "donor_station": "", "donor_river": "", "match_type": "", "match_km": "", "river_agrees": "", "combined_years": 120.5, "tier": 1}}, {"type": "Feature", "geometry": {"type": "Point", "coordinates": [-58.9333333333333, -27.4833333333333]}, "properties": {"series_id": 26262, "station_id": 20, "station": "Barranqueras", "river": "BARRANQUERAS", "var_id": 39, "network": "alturas_prefe", "cat_start": "1970-01-01T00:00:00", "cat_end": "2026-08-29T00:00:00", "donor_series_id": "", "donor_station": "", "donor_river": "", "match_type": "", "match_km": "", "river_agrees": "", "combined_years": 56.7, "tier": 1}}, {"type": "Feature", "geometry": {"type": "Point", "coordinates": [-58.81852419, -27.95412346]}, "properties": {"series_id": 21, "station_id": 21, "station": "Empedrado", "river": "PARANAINF", "var_id": 2, "network": "alturas_prefe", "cat_start": "1912-01-02T07:00:00", "cat_end": "2026-08-30T00:00:00", "donor_series_id": 6621, "donor_station": "Paraná - Empedrado", "donor_river": "Paraná", "match_type": "coords", "match_km": 0.54, "river_agrees": "yes", "combined_years": 114.7, "tier": 1}}, {"type": "Feature", "geometry": {"type": "Point", "coordinates": [-58.81852419, -27.95412346]}, "properties": {"series_id": 26263, "station_id": 21, "station": "Empedrado", "river": "PARANAINF", "var_id": 39, "network": "alturas_prefe", "cat_start": "1912-01-01T00:00:00", "cat_end": "2026-08-29T00:00:00", "donor_series_id": 6621, "donor_station": "Paraná - Empedrado", "donor_river": "Paraná", "match_type": "coords", "match_km": 0.54, "river_agrees": "yes", "combined_years": 114.7, "tier": 1}}, {"type": "Feature", "geometry": {"type": "Point", "coordinates": [-59.05931723, -28.51840072]}, "properties": {"series_id": 26264, "station_id": 22, "station": "Bella Vista", "river": "PARANAINF", "var_id": 39, "network": "alturas_prefe", "cat_start": "1970-01-01T00:00:00", "cat_end": "2026-08-29T00:00:00", "donor_series_id": "", "donor_station": "", "donor_river": "", "match_type": "", "match_km": "", "river_agrees": "", "combined_years": 56.7, "tier": 1}}, {"type": "Feature", "geometry": {"type": "Point", "coordinates": [-59.58115833, -29.23756092]}, "properties": {"series_id": 26266, "station_id": 24, "station": "Reconquista", "river": "SANJAVIER", "var_id": 39, "network": "alturas_prefe", "cat_start": "1970-01-01T00:00:00", "cat_end": "2026-08-29T00:00:00", "donor_series_id": "", "donor_station": "", "donor_river": "", "match_type": "", "match_km": "", "river_agrees": "", "combined_years": 56.7, "tier": 1}}, {"type": "Feature", "geometry": {"type": "Point", "coordinates": [-59.53663483, -30.01924089]}, "properties": {"series_id": 25, "station_id": 25, "station": "Esquina", "river": "PARANAINF", "var_id": 2, "network": "alturas_prefe", "cat_start": "1903-09-04T07:00:00", "cat_end": "2026-08-30T00:00:00", "donor_series_id": "", "donor_station": "", "donor_river": "", "match_type": "", "match_km": "", "river_agrees": "", "combined_years": 123.0, "tier": 1}}, {"type": "Feature", "geometry": {"type": "Point", "coordinates": [-59.53663483, -30.01924089]}, "properties": {"series_id": 26267, "station_id": 25, "station": "Esquina", "river": "PARANAINF", "var_id": 39, "network": "alturas_prefe", "cat_start": "1970-01-01T00:00:00", "cat_end": "2026-08-29T00:00:00", "donor_series_id": "", "donor_station": "", "donor_river": "", "match_type": "", "match_km": "", "river_agrees": "", "combined_years": 56.7, "tier": 1}}, {"type": "Feature", "geometry": {"type": "Point", "coordinates": [-59.6381167, -30.73419972]}, "properties": {"series_id": 26268, "station_id": 26, "station": "La Paz", "river": "PARANAINF", "var_id": 39, "network": "alturas_prefe", "cat_start": "1903-05-15T00:00:00", "cat_end": "2026-08-29T00:00:00", "donor_series_id": "", "donor_station": "", "donor_river": "", "match_type": "", "match_km": "", "river_agrees": "", "combined_years": 123.3, "tier": 1}}, {"type": "Feature", "geometry": {"type": "Point", "coordinates": [-59.99193936, -31.22650904]}, "properties": {"series_id": 28, "station_id": 28, "station": "Hernandarias", "river": "PARANAINF", "var_id": 2, "network": "alturas_prefe", "cat_start": "1912-01-02T07:00:00", "cat_end": "2026-08-30T00:00:00", "donor_series_id": "", "donor_station": "", "donor_river": "", "match_type": "", "match_km": "", "river_agrees": "", "combined_years": 114.7, "tier": 1}}, {"type": "Feature", "geometry": {"type": "Point", "coordinates": [-59.99193936, -31.22650904]}, "properties": {"series_id": 26270, "station_id": 28, "station": "Hernandarias", "river": "PARANAINF", "var_id": 39, "network": "alturas_prefe", "cat_start": "1970-01-01T00:00:00", "cat_end": "2026-08-29T00:00:00", "donor_series_id": "", "donor_station": "", "donor_river": "", "match_type": "", "match_km": "", "river_agrees": "", "combined_years": 56.7, "tier": 1}}, {"type": "Feature", "geometry": {"type": "Point", "coordinates": [-60.6432219715378, -32.0715615377843]}, "properties": {"series_id": 31, "station_id": 31, "station": "Diamante", "river": "PARANAINF", "var_id": 2, "network": "alturas_prefe", "cat_start": "1902-04-25T07:00:00", "cat_end": "2026-08-30T00:00:00", "donor_series_id": "", "donor_station": "", "donor_river": "", "match_type": "", "match_km": "", "river_agrees": "", "combined_years": 124.3, "tier": 1}}, {"type": "Feature", "geometry": {"type": "Point", "coordinates": [-60.6432219715378, -32.0715615377843]}, "properties": {"series_id": 26273, "station_id": 31, "station": "Diamante", "river": "PARANAINF", "var_id": 39, "network": "alturas_prefe", "cat_start": "1902-04-24T00:00:00", "cat_end": "2026-08-29T00:00:00", "donor_series_id": "", "donor_station": "", "donor_river": "", "match_type": "", "match_km": "", "river_agrees": "", "combined_years": 124.3, "tier": 1}}, {"type": "Feature", "geometry": {"type": "Point", "coordinates": [-60.2195849446607, -32.6558456373673]}, "properties": {"series_id": 32, "station_id": 32, "station": "Victoria", "river": "VICTORIA", "var_id": 2, "network": "alturas_prefe", "cat_start": "1964-01-01T09:00:00", "cat_end": "2026-08-30T00:00:00", "donor_series_id": "", "donor_station": "", "donor_river": "", "match_type": "", "match_km": "", "river_agrees": "", "combined_years": 62.7, "tier": 1}}, {"type": "Feature", "geometry": {"type": "Point", "coordinates": [-60.7256705696322, -32.7336256031375]}, "properties": {"series_id": 33, "station_id": 33, "station": "San Lorenzo (San Martín)", "river": "PARANAINF", "var_id": 2, "network": "alturas_prefe", "cat_start": "1909-01-02T07:00:00", "cat_end": "2026-08-30T00:00:00", "donor_series_id": "", "donor_station": "", "donor_river": "", "match_type": "", "match_km": "", "river_agrees": "", "combined_years": 117.7, "tier": 1}}, {"type": "Feature", "geometry": {"type": "Point", "coordinates": [-60.7256705696322, -32.7336256031375]}, "properties": {"series_id": 26275, "station_id": 33, "station": "San Lorenzo (San Martín)", "river": "PARANAINF", "var_id": 39, "network": "alturas_prefe", "cat_start": "1970-01-01T00:00:00", "cat_end": "2026-08-29T00:00:00", "donor_series_id": "", "donor_station": "", "donor_river": "", "match_type": "", "match_km": "", "river_agrees": "", "combined_years": 56.7, "tier": 1}}, {"type": "Feature", "geometry": {"type": "Point", "coordinates": [-60.6308206029857, -32.9432699442268]}, "properties": {"series_id": 26631, "station_id": 34, "station": "Rosario", "river": "PARANAINF", "var_id": 40, "network": "alturas_prefe", "cat_start": "2015-07-21T00:00:00", "cat_end": "2026-08-29T00:00:00", "donor_series_id": "", "donor_station": "", "donor_river": "", "match_type": "", "match_km": "", "river_agrees": "", "combined_years": 11.1, "tier": 1}}, {"type": "Feature", "geometry": {"type": "Point", "coordinates": [-60.3091044341421, -33.2354221667103]}, "properties": {"series_id": 35, "station_id": 35, "station": "Villa Constitución", "river": "PARANAINF", "var_id": 2, "network": "alturas_prefe", "cat_start": "1974-01-01T07:00:00", "cat_end": "2026-08-30T00:00:00", "donor_series_id": "", "donor_station": "", "donor_river": "", "match_type": "", "match_km": "", "river_agrees": "", "combined_years": 52.7, "tier": 1}}, {"type": "Feature", "geometry": {"type": "Point", "coordinates": [-59.6497183332918, -33.6745267329027]}, "properties": {"series_id": 38, "station_id": 38, "station": "San Pedro", "river": "PARANAINF", "var_id": 2, "network": "alturas_prefe", "cat_start": "1901-01-02T07:00:00", "cat_end": "2026-08-30T00:00:00", "donor_series_id": "", "donor_station": "", "donor_river": "", "match_type": "", "match_km": "", "river_agrees": "", "combined_years": 125.7, "tier": 1}}, {"type": "Feature", "geometry": {"type": "Point", "coordinates": [-59.4955962110789, -33.8006916108445]}, "properties": {"series_id": 26281, "station_id": 39, "station": "Baradero", "river": "BARADERO", "var_id": 39, "network": "alturas_prefe", "cat_start": "1976-01-01T00:00:00", "cat_end": "2026-08-29T00:00:00", "donor_series_id": "", "donor_station": "", "donor_river": "", "match_type": "", "match_km": "", "river_agrees": "", "combined_years": 50.7, "tier": 1}}, {"type": "Feature", "geometry": {"type": "Point", "coordinates": [-59.0108657589595, -34.0987818311696]}, "properties": {"series_id": 26282, "station_id": 40, "station": "Zárate", "river": "PARANADELASPALMAS", "var_id": 39, "network": "alturas_prefe", "cat_start": "1978-01-01T00:00:00", "cat_end": "2026-08-29T00:00:00", "donor_series_id": "", "donor_station": "", "donor_river": "", "match_type": "", "match_km": "", "river_agrees": "", "combined_years": 48.7, "tier": 1}}, {"type": "Feature", "geometry": {"type": "Point", "coordinates": [-58.9581750062675, -34.1555854281116]}, "properties": {"series_id": 41, "station_id": 41, "station": "Campana", "river": "PARANADELASPALMAS", "var_id": 2, "network": "alturas_prefe", "cat_start": "1977-10-24T07:00:00", "cat_end": "2026-08-30T00:00:00", "donor_series_id": "", "donor_station": "", "donor_river": "", "match_type": "", "match_km": "", "river_agrees": "", "combined_years": 48.8, "tier": 1}}, {"type": "Feature", "geometry": {"type": "Point", "coordinates": [-59.1800594404244, -33.7619777376355]}, "properties": {"series_id": 26287, "station_id": 45, "station": "Ibicuy", "river": "PARANAIBICUY", "var_id": 39, "network": "alturas_prefe", "cat_start": "1983-01-01T00:00:00", "cat_end": "2026-08-29T00:00:00", "donor_series_id": "", "donor_station": "", "donor_river": "", "match_type": "", "match_km": "", "river_agrees": "", "combined_years": 43.7, "tier": 1}}, {"type": "Feature", "geometry": {"type": "Point", "coordinates": [-58.2530455191105, -34.1902896924007]}, "properties": {"series_id": 47, "station_id": 47, "station": "Martín García", "river": "RIODELAPLATA", "var_id": 2, "network": "alturas_prefe", "cat_start": "2006-01-01T04:00:00", "cat_end": "2026-08-30T00:00:00", "donor_series_id": "", "donor_station": "", "donor_river": "", "match_type": "", "match_km": "", "river_agrees": "", "combined_years": 20.7, "tier": 1}}, {"type": "Feature", "geometry": {"type": "Point", "coordinates": [-58.4, -34.0166666667]}, "properties": {"series_id": 48, "station_id": 48, "station": "Guazucito", "river": "PARANAGUAZU", "var_id": 2, "network": "alturas_prefe", "cat_start": "2006-01-01T04:00:00", "cat_end": "2026-08-30T00:00:00", "donor_series_id": "", "donor_station": "", "donor_river": "", "match_type": "", "match_km": "", "river_agrees": "", "combined_years": 20.7, "tier": 1}}, {"type": "Feature", "geometry": {"type": "Point", "coordinates": [-58.5779747237367, -34.4159316389634]}, "properties": {"series_id": 49, "station_id": 49, "station": "Tigre", "river": "LUJAN", "var_id": 2, "network": "alturas_prefe", "cat_start": "2006-01-01T04:00:00", "cat_end": "2026-08-30T00:00:00", "donor_series_id": "", "donor_station": "", "donor_river": "", "match_type": "", "match_km": "", "river_agrees": "", "combined_years": 20.7, "tier": 1}}, {"type": "Feature", "geometry": {"type": "Point", "coordinates": [-58.5779747237367, -34.4159316389634]}, "properties": {"series_id": 26291, "station_id": 49, "station": "Tigre", "river": "LUJAN", "var_id": 39, "network": "alturas_prefe", "cat_start": "2006-01-01T00:00:00", "cat_end": "2026-08-29T00:00:00", "donor_series_id": "", "donor_station": "", "donor_river": "", "match_type": "", "match_km": "", "river_agrees": "", "combined_years": 20.7, "tier": 1}}, {"type": "Feature", "geometry": {"type": "Point", "coordinates": [-58.4833333333, -34.2]}, "properties": {"series_id": 51, "station_id": 51, "station": "Chaná Miní", "river": "CHANA", "var_id": 2, "network": "alturas_prefe", "cat_start": "2006-01-01T04:00:00", "cat_end": "2026-08-30T00:00:00", "donor_series_id": "", "donor_station": "", "donor_river": "", "match_type": "", "match_km": "", "river_agrees": "", "combined_years": 20.7, "tier": 1}}, {"type": "Feature", "geometry": {"type": "Point", "coordinates": [-58.55, -34.4333333333]}, "properties": {"series_id": 52, "station_id": 52, "station": "San Fernando", "river": "LUJAN", "var_id": 2, "network": "alturas_prefe", "cat_start": "2006-01-01T04:00:00", "cat_end": "2026-08-30T20:45:00", "donor_series_id": "", "donor_station": "", "donor_river": "", "match_type": "", "match_km": "", "river_agrees": "", "combined_years": 20.7, "tier": 1}}, {"type": "Feature", "geometry": {"type": "Point", "coordinates": [-58.475863, -34.506666]}, "properties": {"series_id": 54, "station_id": 54, "station": "Olivos", "river": "RIODELAPLATA", "var_id": 2, "network": "alturas_prefe", "cat_start": "1999-01-01T04:00:00", "cat_end": "2026-08-30T00:00:00", "donor_series_id": "", "donor_station": "", "donor_river": "", "match_type": "", "match_km": "", "river_agrees": "", "combined_years": 27.7, "tier": 1}}, {"type": "Feature", "geometry": {"type": "Point", "coordinates": [-58.475863, -34.506666]}, "properties": {"series_id": 26296, "station_id": 54, "station": "Olivos", "river": "RIODELAPLATA", "var_id": 39, "network": "alturas_prefe", "cat_start": "1999-01-01T00:00:00", "cat_end": "2026-08-29T00:00:00", "donor_series_id": "", "donor_station": "", "donor_river": "", "match_type": "", "match_km": "", "river_agrees": "", "combined_years": 27.7, "tier": 1}}, {"type": "Feature", "geometry": {"type": "Point", "coordinates": [-57.65, -25.3666666666667]}, "properties": {"series_id": 26652, "station_id": 55, "station": "Puerto Pilcomayo", "river": "PARAGUAY", "var_id": 40, "network": "alturas_prefe", "cat_start": "1970-01-01T00:00:00", "cat_end": "2026-08-29T00:00:00", "donor_series_id": 30067, "donor_station": "Pilcomayo - Puerto Pilcomayo", "donor_river": "Pilcomayo", "match_type": "coords", "match_km": 0.59, "river_agrees": "NO", "combined_years": 56.7, "tier": 1}}, {"type": "Feature", "geometry": {"type": "Point", "coordinates": [-58.506205, -26.92629]}, "properties": {"series_id": 58, "station_id": 58, "station": "Bermejo", "river": "PARAGUAY", "var_id": 2, "network": "alturas_prefe", "cat_start": "1957-02-16T07:00:00", "cat_end": "2026-08-30T00:00:00", "donor_series_id": 35887, "donor_station": "Paraguay - Puerto Bermejo", "donor_river": "Paraguay", "match_type": "coords", "match_km": 0.09, "river_agrees": "yes", "combined_years": 116.7, "tier": 1}}, {"type": "Feature", "geometry": {"type": "Point", "coordinates": [-58.506205, -26.92629]}, "properties": {"series_id": 26300, "station_id": 58, "station": "Bermejo", "river": "PARAGUAY", "var_id": 39, "network": "alturas_prefe", "cat_start": "1970-01-01T00:00:00", "cat_end": "2026-08-29T00:00:00", "donor_series_id": 35887, "donor_station": "Paraguay - Puerto Bermejo", "donor_river": "Paraguay", "match_type": "coords", "match_km": 0.09, "river_agrees": "yes", "combined_years": 116.7, "tier": 1}}, {"type": "Feature", "geometry": {"type": "Point", "coordinates": [-53.933149, -27.153744]}, "properties": {"series_id": 60, "station_id": 60, "station": "Pepirí Miní", "river": "URUGUAY", "var_id": 2, "network": "alturas_prefe", "cat_start": "1984-01-03T06:00:00", "cat_end": "2026-08-30T00:00:00", "donor_series_id": 6510, "donor_station": "Uruguay - Pepirí Miní­", "donor_river": "Uruguay", "match_type": "coords", "match_km": 0.03, "river_agrees": "yes", "combined_years": 42.7, "tier": 1}}, {"type": "Feature", "geometry": {"type": "Point", "coordinates": [-54.2, -27.3]}, "properties": {"series_id": 26658, "station_id": 61, "station": "El Soberbio", "river": "URUGUAY", "var_id": 40, "network": "alturas_prefe", "cat_start": "1980-04-25T00:00:00", "cat_end": "2026-08-29T00:00:00", "donor_series_id": 30049, "donor_station": "Uruguay - El Soberbio", "donor_river": "Uruguay", "match_type": "coords", "match_km": 0.65, "river_agrees": "yes", "combined_years": 46.3, "tier": 1}}, {"type": "Feature", "geometry": {"type": "Point", "coordinates": [-54.91305, -27.730627]}, "properties": {"series_id": 64, "station_id": 64, "station": "Panambí", "river": "URUGUAY", "var_id": 2, "network": "alturas_prefe", "cat_start": "1984-01-03T06:00:00", "cat_end": "2026-08-30T00:00:00", "donor_series_id": "", "donor_station": "", "donor_river": "", "match_type": "", "match_km": "", "river_agrees": "", "combined_years": 42.7, "tier": 1}}, {"type": "Feature", "geometry": {"type": "Point", "coordinates": [-54.91305, -27.730627]}, "properties": {"series_id": 26306, "station_id": 64, "station": "Panambí", "river": "URUGUAY", "var_id": 39, "network": "alturas_prefe", "cat_start": "1984-01-03T00:00:00", "cat_end": "2026-08-29T00:00:00", "donor_series_id": "", "donor_station": "", "donor_river": "", "match_type": "", "match_km": "", "river_agrees": "", "combined_years": 42.7, "tier": 1}}, {"type": "Feature", "geometry": {"type": "Point", "coordinates": [-55.1333333333333, -27.8833333333333]}, "properties": {"series_id": 914, "station_id": 65, "station": "San Javier", "river": "URUGUAY", "var_id": 4, "network": "alturas_prefe", "cat_start": "1923-10-02T07:00:00", "cat_end": "2026-08-30T00:00:00", "donor_series_id": "", "donor_station": "", "donor_river": "", "match_type": "", "match_km": "", "river_agrees": "", "combined_years": 102.9, "tier": 1}}, {"type": "Feature", "geometry": {"type": "Point", "coordinates": [-55.1333333333333, -27.8833333333333]}, "properties": {"series_id": 26307, "station_id": 65, "station": "San Javier", "river": "URUGUAY", "var_id": 39, "network": "alturas_prefe", "cat_start": "1970-01-01T00:00:00", "cat_end": "2026-08-29T00:00:00", "donor_series_id": "", "donor_station": "", "donor_river": "", "match_type": "", "match_km": "", "river_agrees": "", "combined_years": 56.7, "tier": 1}}, {"type": "Feature", "geometry": {"type": "Point", "coordinates": [-55.1333333333333, -27.8833333333333]}, "properties": {"series_id": 26662, "station_id": 65, "station": "San Javier", "river": "URUGUAY", "var_id": 40, "network": "alturas_prefe", "cat_start": "1970-01-01T00:00:00", "cat_end": "2026-08-29T00:00:00", "donor_series_id": "", "donor_station": "", "donor_river": "", "match_type": "", "match_km": "", "river_agrees": "", "combined_years": 56.7, "tier": 1}}, {"type": "Feature", "geometry": {"type": "Point", "coordinates": [-55.581369, -28.119193]}, "properties": {"series_id": 66, "station_id": 66, "station": "Puerto Concepción", "river": "URUGUAY", "var_id": 2, "network": "alturas_prefe", "cat_start": "2006-01-02T04:00:00", "cat_end": "2026-08-30T00:00:00", "donor_series_id": 30053, "donor_station": "Uruguay - Puerto Concepción", "donor_river": "Uruguay", "match_type": "coords", "match_km": 0.06, "river_agrees": "yes", "combined_years": 20.7, "tier": 1}}, {"type": "Feature", "geometry": {"type": "Point", "coordinates": [-55.581369, -28.119193]}, "properties": {"series_id": 26308, "station_id": 66, "station": "Puerto Concepción", "river": "URUGUAY", "var_id": 39, "network": "alturas_prefe", "cat_start": "2006-01-02T00:00:00", "cat_end": "2026-08-29T00:00:00", "donor_series_id": 30053, "donor_station": "Uruguay - Puerto Concepción", "donor_river": "Uruguay", "match_type": "coords", "match_km": 0.06, "river_agrees": "yes", "combined_years": 20.7, "tier": 1}}, {"type": "Feature", "geometry": {"type": "Point", "coordinates": [-55.65, -28.1833333333333]}, "properties": {"series_id": 67, "station_id": 67, "station": "Garruchos", "river": "URUGUAY", "var_id": 2, "network": "alturas_prefe", "cat_start": "1931-01-01T09:00:00", "cat_end": "2026-08-30T00:00:00", "donor_series_id": "", "donor_station": "", "donor_river": "", "match_type": "", "match_km": "", "river_agrees": "", "combined_years": 95.7, "tier": 1}}, {"type": "Feature", "geometry": {"type": "Point", "coordinates": [-55.65, -28.1833333333333]}, "properties": {"series_id": 26309, "station_id": 67, "station": "Garruchos", "river": "URUGUAY", "var_id": 39, "network": "alturas_prefe", "cat_start": "1970-01-01T00:00:00", "cat_end": "2026-08-29T00:00:00", "donor_series_id": "", "donor_station": "", "donor_river": "", "match_type": "", "match_km": "", "river_agrees": "", "combined_years": 56.7, "tier": 1}}, {"type": "Feature", "geometry": {"type": "Point", "coordinates": [-55.65, -28.1833333333333]}, "properties": {"series_id": 26664, "station_id": 67, "station": "Garruchos", "river": "URUGUAY", "var_id": 40, "network": "alturas_prefe", "cat_start": "1970-01-01T00:00:00", "cat_end": "2026-08-29T00:00:00", "donor_series_id": "", "donor_station": "", "donor_river": "", "match_type": "", "match_km": "", "river_agrees": "", "combined_years": 56.7, "tier": 1}}, {"type": "Feature", "geometry": {"type": "Point", "coordinates": [-56.0333333333333, -28.55]}, "properties": {"series_id": 68, "station_id": 68, "station": "Santo Tomé", "river": "URUGUAY", "var_id": 2, "network": "alturas_prefe", "cat_start": "1907-12-02T07:00:00", "cat_end": "2026-08-30T00:00:00", "donor_series_id": 6628, "donor_station": "Uruguay - Santo Tomé", "donor_river": "Uruguay", "match_type": "coords", "match_km": 0.65, "river_agrees": "yes", "combined_years": 118.7, "tier": 1}}, {"type": "Feature", "geometry": {"type": "Point", "coordinates": [-56.633977, -29.18062]}, "properties": {"series_id": 70, "station_id": 70, "station": "La Cruz", "river": "URUGUAY", "var_id": 2, "network": "alturas_prefe", "cat_start": "2006-01-01T04:00:00", "cat_end": "2026-08-30T00:00:00", "donor_series_id": "", "donor_station": "", "donor_river": "", "match_type": "", "match_km": "", "river_agrees": "", "combined_years": 20.7, "tier": 1}}, {"type": "Feature", "geometry": {"type": "Point", "coordinates": [-56.810674, -29.470031]}, "properties": {"series_id": 71, "station_id": 71, "station": "Yapeyú", "river": "URUGUAY", "var_id": 2, "network": "alturas_prefe", "cat_start": "2006-01-01T04:00:00", "cat_end": "2026-08-30T00:00:00", "donor_series_id": "", "donor_station": "", "donor_river": "", "match_type": "", "match_km": "", "river_agrees": "", "combined_years": 20.7, "tier": 1}}, {"type": "Feature", "geometry": {"type": "Point", "coordinates": [-57.0833333333333, -29.7166666666667]}, "properties": {"series_id": 921, "station_id": 72, "station": "Paso de los Libres", "river": "URUGUAY", "var_id": 4, "network": "alturas_prefe", "cat_start": "1908-03-08T07:00:00", "cat_end": "2026-08-30T00:00:00", "donor_series_id": 6574, "donor_station": "Uruguay - Paso de los Libres", "donor_river": "Uruguay", "match_type": "coords", "match_km": 0.31, "river_agrees": "yes", "combined_years": 118.5, "tier": 1}}, {"type": "Feature", "geometry": {"type": "Point", "coordinates": [-57.332887, -29.872652]}, "properties": {"series_id": 73, "station_id": 73, "station": "Bompland", "river": "URUGUAY", "var_id": 2, "network": "alturas_prefe", "cat_start": "2006-01-01T04:00:00", "cat_end": "2026-08-30T00:00:00", "donor_series_id": "", "donor_station": "", "donor_river": "", "match_type": "", "match_km": "", "river_agrees": "", "combined_years": 20.7, "tier": 1}}, {"type": "Feature", "geometry": {"type": "Point", "coordinates": [-57.6333333333333, -30.25]}, "properties": {"series_id": 74, "station_id": 74, "station": "Monte Caseros", "river": "URUGUAY", "var_id": 2, "network": "alturas_prefe", "cat_start": "1905-03-14T07:00:00", "cat_end": "2026-08-30T00:00:00", "donor_series_id": "", "donor_station": "", "donor_river": "", "match_type": "", "match_km": "", "river_agrees": "", "combined_years": 121.5, "tier": 1}}, {"type": "Feature", "geometry": {"type": "Point", "coordinates": [-57.81776, -30.715682]}, "properties": {"series_id": 75, "station_id": 75, "station": "Mocoretá", "river": "URUGUAY", "var_id": 2, "network": "alturas_prefe", "cat_start": "2006-01-01T04:00:00", "cat_end": "2026-08-30T00:00:00", "donor_series_id": "", "donor_station": "", "donor_river": "", "match_type": "", "match_km": "", "river_agrees": "", "combined_years": 20.7, "tier": 1}}, {"type": "Feature", "geometry": {"type": "Point", "coordinates": [-57.936945, -31.27547]}, "properties": {"series_id": 77, "station_id": 77, "station": "Salto Grande Arriba", "river": "URUGUAY", "var_id": 2, "network": "alturas_prefe", "cat_start": "1995-05-01T06:00:00", "cat_end": "2026-08-30T00:00:00", "donor_series_id": "", "donor_station": "", "donor_river": "", "match_type": "", "match_km": "", "river_agrees": "", "combined_years": 31.3, "tier": 1}}, {"type": "Feature", "geometry": {"type": "Point", "coordinates": [-57.936945, -31.27547]}, "properties": {"series_id": 926, "station_id": 77, "station": "Salto Grande Arriba", "river": "URUGUAY", "var_id": 4, "network": "alturas_prefe", "cat_start": "1995-05-01T06:00:00", "cat_end": "2026-08-30T00:00:00", "donor_series_id": "", "donor_station": "", "donor_river": "", "match_type": "", "match_km": "", "river_agrees": "", "combined_years": 31.3, "tier": 1}}, {"type": "Feature", "geometry": {"type": "Point", "coordinates": [-57.936945, -31.27547]}, "properties": {"series_id": 26674, "station_id": 77, "station": "Salto Grande Arriba", "river": "URUGUAY", "var_id": 40, "network": "alturas_prefe", "cat_start": "1995-05-01T00:00:00", "cat_end": "2026-08-29T00:00:00", "donor_series_id": "", "donor_station": "", "donor_river": "", "match_type": "", "match_km": "", "river_agrees": "", "combined_years": 31.3, "tier": 1}}, {"type": "Feature", "geometry": {"type": "Point", "coordinates": [-57.936945, -31.27547]}, "properties": {"series_id": 78, "station_id": 78, "station": "Salto Grande Abajo", "river": "URUGUAY", "var_id": 2, "network": "alturas_prefe", "cat_start": "2006-01-01T04:00:00", "cat_end": "2026-08-30T00:00:00", "donor_series_id": "", "donor_station": "", "donor_river": "", "match_type": "", "match_km": "", "river_agrees": "", "combined_years": 20.7, "tier": 1}}, {"type": "Feature", "geometry": {"type": "Point", "coordinates": [-57.936945, -31.27547]}, "properties": {"series_id": 26675, "station_id": 78, "station": "Salto Grande Abajo", "river": "URUGUAY", "var_id": 40, "network": "alturas_prefe", "cat_start": "2006-01-01T00:00:00", "cat_end": "2026-08-29T00:00:00", "donor_series_id": "", "donor_station": "", "donor_river": "", "match_type": "", "match_km": "", "river_agrees": "", "combined_years": 20.7, "tier": 1}}, {"type": "Feature", "geometry": {"type": "Point", "coordinates": [-58.0166666666667, -31.4]}, "properties": {"series_id": 26321, "station_id": 79, "station": "Concordia", "river": "URUGUAY", "var_id": 39, "network": "alturas_prefe", "cat_start": "1970-01-01T00:00:00", "cat_end": "2026-08-29T00:00:00", "donor_series_id": "", "donor_station": "", "donor_river": "", "match_type": "", "match_km": "", "river_agrees": "", "combined_years": 56.7, "tier": 1}}, {"type": "Feature", "geometry": {"type": "Point", "coordinates": [-58.1166666666667, -32.2333333333333]}, "properties": {"series_id": 26322, "station_id": 80, "station": "Colón", "river": "URUGUAY", "var_id": 39, "network": "alturas_prefe", "cat_start": "1971-01-01T00:00:00", "cat_end": "2026-08-29T00:00:00", "donor_series_id": "", "donor_station": "", "donor_river": "", "match_type": "", "match_km": "", "river_agrees": "", "combined_years": 55.7, "tier": 1}}, {"type": "Feature", "geometry": {"type": "Point", "coordinates": [-58.2333333333333, -32.4833333333333]}, "properties": {"series_id": 26323, "station_id": 81, "station": "Concepción del Uruguay", "river": "URUGUAY", "var_id": 39, "network": "alturas_prefe", "cat_start": "1971-01-01T00:00:00", "cat_end": "2026-08-29T00:00:00", "donor_series_id": "", "donor_station": "", "donor_river": "", "match_type": "", "match_km": "", "river_agrees": "", "combined_years": 55.7, "tier": 1}}, {"type": "Feature", "geometry": {"type": "Point", "coordinates": [-58.1834, -32.70101]}, "properties": {"series_id": 82, "station_id": 82, "station": "Campichuelo", "river": "URUGUAY", "var_id": 2, "network": "alturas_prefe", "cat_start": "1996-03-06T06:00:00", "cat_end": "2026-08-30T00:00:00", "donor_series_id": "", "donor_station": "", "donor_river": "", "match_type": "", "match_km": "", "river_agrees": "", "combined_years": 30.5, "tier": 1}}, {"type": "Feature", "geometry": {"type": "Point", "coordinates": [-58.4166666666667, -33.0666666666667]}, "properties": {"series_id": 84, "station_id": 84, "station": "Boca Gualeguaychú", "river": "URUGUAY", "var_id": 2, "network": "alturas_prefe", "cat_start": "1941-01-01T07:00:00", "cat_end": "2026-08-30T00:00:00", "donor_series_id": "", "donor_station": "", "donor_river": "", "match_type": "", "match_km": "", "river_agrees": "", "combined_years": 85.7, "tier": 1}}, {"type": "Feature", "geometry": {"type": "Point", "coordinates": [-58.399288, -34.56108]}, "properties": {"series_id": 26327, "station_id": 85, "station": "Buenos Aires", "river": "RIODELAPLATA", "var_id": 39, "network": "alturas_prefe", "cat_start": "2006-01-01T00:00:00", "cat_end": "2026-08-29T00:00:00", "donor_series_id": "", "donor_station": "", "donor_river": "", "match_type": "", "match_km": "", "river_agrees": "", "combined_years": 20.7, "tier": 1}}, {"type": "Feature", "geometry": {"type": "Point", "coordinates": [-57.873546, -34.824196]}, "properties": {"series_id": 86, "station_id": 86, "station": "La Plata", "river": "RIODELAPLATA", "var_id": 2, "network": "alturas_prefe", "cat_start": "2006-01-01T04:00:00", "cat_end": "2026-08-30T00:00:00", "donor_series_id": "", "donor_station": "", "donor_river": "", "match_type": "", "match_km": "", "river_agrees": "", "combined_years": 20.7, "tier": 1}}, {"type": "Feature", "geometry": {"type": "Point", "coordinates": [-57.873546, -34.824196]}, "properties": {"series_id": 26328, "station_id": 86, "station": "La Plata", "river": "RIODELAPLATA", "var_id": 39, "network": "alturas_prefe", "cat_start": "2006-01-01T00:00:00", "cat_end": "2026-08-29T00:00:00", "donor_series_id": "", "donor_station": "", "donor_river": "", "match_type": "", "match_km": "", "river_agrees": "", "combined_years": 20.7, "tier": 1}}, {"type": "Feature", "geometry": {"type": "Point", "coordinates": [-56.727244, -27.482557]}, "properties": {"series_id": 26684, "station_id": 87, "station": "Yacyretá afluente", "river": "PARANAMED", "var_id": 40, "network": "alturas_prefe", "cat_start": "2006-01-01T00:00:00", "cat_end": "2026-08-29T00:00:00", "donor_series_id": "", "donor_station": "", "donor_river": "", "match_type": "", "match_km": "", "river_agrees": "", "combined_years": 20.7, "tier": 1}}, {"type": "Feature", "geometry": {"type": "Point", "coordinates": [-56.727244, -27.482557]}, "properties": {"series_id": 937, "station_id": 88, "station": "Yacyretá efluente", "river": "PARANAMED", "var_id": 4, "network": "alturas_prefe", "cat_start": "1994-07-24T06:00:00", "cat_end": "2026-08-30T00:00:00", "donor_series_id": "", "donor_station": "", "donor_river": "", "match_type": "", "match_km": "", "river_agrees": "", "combined_years": 32.1, "tier": 1}}, {"type": "Feature", "geometry": {"type": "Point", "coordinates": [-56.727244, -27.482557]}, "properties": {"series_id": 26685, "station_id": 88, "station": "Yacyretá efluente", "river": "PARANAMED", "var_id": 40, "network": "alturas_prefe", "cat_start": "1994-07-24T00:00:00", "cat_end": "2026-08-29T00:00:00", "donor_series_id": "", "donor_station": "", "donor_river": "", "match_type": "", "match_km": "", "river_agrees": "", "combined_years": 32.1, "tier": 1}}, {"type": "Feature", "geometry": {"type": "Point", "coordinates": [-54.593363, -25.592701]}, "properties": {"series_id": 942, "station_id": 93, "station": "Confluencia", "river": "PARANAMED", "var_id": 4, "network": "alturas_prefe", "cat_start": "2006-01-01T04:00:00", "cat_end": "2026-08-30T00:00:00", "donor_series_id": "", "donor_station": "", "donor_river": "", "match_type": "", "match_km": "", "river_agrees": "", "combined_years": 20.7, "tier": 1}}, {"type": "Feature", "geometry": {"type": "Point", "coordinates": [-58.5041666666667, -33.0144444444444]}, "properties": {"series_id": 99, "station_id": 99, "station": "Gualeguaychú", "river": "URUGUAY", "var_id": 2, "network": "alturas_prefe", "cat_start": "2006-01-01T04:00:00", "cat_end": "2026-08-30T00:00:00", "donor_series_id": "", "donor_station": "", "donor_river": "", "match_type": "", "match_km": "", "river_agrees": "", "combined_years": 20.7, "tier": 1}}, {"type": "Feature", "geometry": {"type": "Point", "coordinates": [-58.422029, -33.878478]}, "properties": {"series_id": 3280, "station_id": 1699, "station": "Nueva Palmira", "river": "Uruguay", "var_id": 2, "network": "alturas_varios", "cat_start": "2026-05-24T00:30:00", "cat_end": "2026-08-30T21:00:00", "donor_series_id": "", "donor_station": "", "donor_river": "", "match_type": "", "match_km": "", "river_agrees": "", "combined_years": 0.3, "tier": 3}}, {"type": "Feature", "geometry": {"type": "Point", "coordinates": [-57.13330078125, -35.0999984741211]}, "properties": {"series_id": 3312, "station_id": 1706, "station": "Oyarvide", "river": "", "var_id": 2, "network": "estaciones_pvnymm", "cat_start": "2012-02-12T18:45:00", "cat_end": "2026-08-30T20:45:00", "donor_series_id": "", "donor_station": "", "donor_river": "", "match_type": "", "match_km": "", "river_agrees": "", "combined_years": 14.5, "tier": 1}}, {"type": "Feature", "geometry": {"type": "Point", "coordinates": [-57.13330078125, -35.0999984741211]}, "properties": {"series_id": 26394, "station_id": 1706, "station": "Oyarvide", "river": "", "var_id": 39, "network": "estaciones_pvnymm", "cat_start": "2012-02-12T00:00:00", "cat_end": "2026-08-29T00:00:00", "donor_series_id": "", "donor_station": "", "donor_river": "", "match_type": "", "match_km": "", "river_agrees": "", "combined_years": 14.5, "tier": 1}}, {"type": "Feature", "geometry": {"type": "Point", "coordinates": [-57.8800010681152, -34.8339004516602]}, "properties": {"series_id": 26396, "station_id": 1708, "station": "La Plata", "river": "", "var_id": 39, "network": "estaciones_pvnymm", "cat_start": "2012-02-12T00:00:00", "cat_end": "2026-08-29T00:00:00", "donor_series_id": "", "donor_station": "", "donor_river": "", "match_type": "", "match_km": "", "river_agrees": "", "combined_years": 14.5, "tier": 1}}, {"type": "Feature", "geometry": {"type": "Point", "coordinates": [-57.536111, -35.015278]}, "properties": {"series_id": 3344, "station_id": 1739, "station": "Atalaya", "river": "Río de la Plata", "var_id": 2, "network": "estaciones_shn", "cat_start": "2018-05-02T19:45:00", "cat_end": "2026-08-30T20:45:00", "donor_series_id": "", "donor_station": "", "donor_river": "", "match_type": "", "match_km": "", "river_agrees": "", "combined_years": 8.3, "tier": 3}}, {"type": "Feature", "geometry": {"type": "Point", "coordinates": [-57.927417, -34.62625]}, "properties": {"series_id": 26427, "station_id": 1740, "station": "Pilote Norden", "river": "Río de la Plata", "var_id": 39, "network": "estaciones_shn", "cat_start": "2012-02-12T00:00:00", "cat_end": "2026-08-29T00:00:00", "donor_series_id": "", "donor_station": "", "donor_river": "", "match_type": "", "match_km": "", "river_agrees": "", "combined_years": 14.5, "tier": 1}}, {"type": "Feature", "geometry": {"type": "Point", "coordinates": [-57.531111, -38.035556]}, "properties": {"series_id": 26429, "station_id": 1742, "station": "Mar del Plata", "river": "Mar Argentino", "var_id": 39, "network": "estaciones_shn", "cat_start": "2012-02-12T00:00:00", "cat_end": "2026-08-29T00:00:00", "donor_series_id": "", "donor_station": "", "donor_river": "", "match_type": "", "match_km": "", "river_agrees": "", "combined_years": 14.5, "tier": 1}}, {"type": "Feature", "geometry": {"type": "Point", "coordinates": [-58.3096056, -34.7383417]}, "properties": {"series_id": 3348, "station_id": 1743, "station": "Arroyo Las Piedras - Rep. del Líbano", "river": "Cuenca Sarandí-Santo Domingo", "var_id": 2, "network": "ina_delta", "cat_start": "2018-04-06T09:14:20", "cat_end": "2026-08-30T21:15:00", "donor_series_id": "", "donor_station": "", "donor_river": "", "match_type": "", "match_km": "", "river_agrees": "", "combined_years": 8.4, "tier": 3}}, {"type": "Feature", "geometry": {"type": "Point", "coordinates": [-58.3096056, -34.7383417]}, "properties": {"series_id": 26430, "station_id": 1743, "station": "Arroyo Las Piedras - Rep. del Líbano", "river": "Cuenca Sarandí-Santo Domingo", "var_id": 39, "network": "ina_delta", "cat_start": "2018-04-06T00:00:00", "cat_end": "2026-08-29T00:00:00", "donor_series_id": "", "donor_station": "", "donor_river": "", "match_type": "", "match_km": "", "river_agrees": "", "combined_years": 8.4, "tier": 3}}, {"type": "Feature", "geometry": {"type": "Point", "coordinates": [-58.3200389, -34.7277556]}, "properties": {"series_id": 3349, "station_id": 1744, "station": "Arroyo San Francisco", "river": "Cuenca Sarandí-Santo Domingo", "var_id": 2, "network": "ina_delta", "cat_start": "2018-04-17T09:36:37", "cat_end": "2026-08-30T20:45:11", "donor_series_id": "", "donor_station": "", "donor_river": "", "match_type": "", "match_km": "", "river_agrees": "", "combined_years": 8.4, "tier": 3}}, {"type": "Feature", "geometry": {"type": "Point", "coordinates": [-58.3200389, -34.7277556]}, "properties": {"series_id": 26431, "station_id": 1744, "station": "Arroyo San Francisco", "river": "Cuenca Sarandí-Santo Domingo", "var_id": 39, "network": "ina_delta", "cat_start": "2018-04-17T00:00:00", "cat_end": "2026-08-29T00:00:00", "donor_series_id": "", "donor_station": "", "donor_river": "", "match_type": "", "match_km": "", "river_agrees": "", "combined_years": 8.4, "tier": 3}}, {"type": "Feature", "geometry": {"type": "Point", "coordinates": [-58.3756, -34.1624]}, "properties": {"series_id": 6060, "station_id": 1831, "station": "BarcaGrande", "river": "Río de la Plata", "var_id": 2, "network": "puntos_FDelta", "cat_start": "2025-08-23T01:00:00", "cat_end": "2026-09-03T03:00:00", "donor_series_id": "", "donor_station": "", "donor_river": "", "match_type": "", "match_km": "", "river_agrees": "", "combined_years": 1.0, "tier": 3}}, {"type": "Feature", "geometry": {"type": "Point", "coordinates": [-58.3678, -34.1111]}, "properties": {"series_id": 6063, "station_id": 1834, "station": "Correntoso", "river": "Río de la Plata", "var_id": 2, "network": "puntos_FDelta", "cat_start": "2025-08-23T01:00:00", "cat_end": "2026-09-03T03:00:00", "donor_series_id": "", "donor_station": "", "donor_river": "", "match_type": "", "match_km": "", "river_agrees": "", "combined_years": 1.0, "tier": 3}}, {"type": "Feature", "geometry": {"type": "Point", "coordinates": [-58.3838, -34.2114]}, "properties": {"series_id": 6065, "station_id": 1837, "station": "LaBarquita", "river": "Río de la Plata", "var_id": 2, "network": "puntos_FDelta", "cat_start": "2025-08-23T01:00:00", "cat_end": "2026-09-03T03:00:00", "donor_series_id": "", "donor_station": "", "donor_river": "", "match_type": "", "match_km": "", "river_agrees": "", "combined_years": 1.0, "tier": 3}}, {"type": "Feature", "geometry": {"type": "Point", "coordinates": [-58.5257, -34.4434]}, "properties": {"series_id": 6066, "station_id": 1838, "station": "Lujan", "river": "Río de la Plata", "var_id": 2, "network": "puntos_FDelta", "cat_start": "2025-08-23T01:00:00", "cat_end": "2026-09-03T03:00:00", "donor_series_id": "", "donor_station": "", "donor_river": "", "match_type": "", "match_km": "", "river_agrees": "", "combined_years": 1.0, "tier": 3}}, {"type": "Feature", "geometry": {"type": "Point", "coordinates": [-58.404, -34.2289]}, "properties": {"series_id": 6067, "station_id": 1839, "station": "Mini", "river": "Río de la Plata", "var_id": 2, "network": "puntos_FDelta", "cat_start": "2025-08-23T01:00:00", "cat_end": "2026-09-03T03:00:00", "donor_series_id": "", "donor_station": "", "donor_river": "", "match_type": "", "match_km": "", "river_agrees": "", "combined_years": 1.0, "tier": 3}}, {"type": "Feature", "geometry": {"type": "Point", "coordinates": [-58.5091, -34.4193]}, "properties": {"series_id": 6069, "station_id": 1841, "station": "SanAntonio", "river": "Río de la Plata", "var_id": 2, "network": "puntos_FDelta", "cat_start": "2025-08-23T01:00:00", "cat_end": "2026-09-03T03:00:00", "donor_series_id": "", "donor_station": "", "donor_river": "", "match_type": "", "match_km": "", "river_agrees": "", "combined_years": 1.0, "tier": 3}}, {"type": "Feature", "geometry": {"type": "Point", "coordinates": [-58.4282, -33.9453]}, "properties": {"series_id": 6070, "station_id": 1842, "station": "Sauce", "river": "Río de la Plata", "var_id": 2, "network": "puntos_FDelta", "cat_start": "2025-08-23T01:00:00", "cat_end": "2026-09-03T03:00:00", "donor_series_id": "", "donor_station": "", "donor_river": "", "match_type": "", "match_km": "", "river_agrees": "", "combined_years": 1.0, "tier": 3}}, {"type": "Feature", "geometry": {"type": "Point", "coordinates": [-58.4268, -33.9017]}, "properties": {"series_id": 6071, "station_id": 1843, "station": "Uruguay", "river": "Río de la Plata", "var_id": 2, "network": "puntos_FDelta", "cat_start": "2025-08-23T01:00:00", "cat_end": "2026-09-03T03:00:00", "donor_series_id": "", "donor_station": "", "donor_river": "", "match_type": "", "match_km": "", "river_agrees": "", "combined_years": 1.0, "tier": 3}}, {"type": "Feature", "geometry": {"type": "Point", "coordinates": [-60.9902777777778, -32.0177777777778]}, "properties": {"series_id": 6856, "station_id": 2113, "station": "Aº Colastiné - Autopista - A01", "river": "", "var_id": 2, "network": "sat2", "cat_start": "2019-03-28T16:00:00", "cat_end": "2026-08-30T18:00:00", "donor_series_id": 123, "donor_station": "Autopista", "donor_river": "COLASTINE", "match_type": "coords", "match_km": 0.01, "river_agrees": "unknown", "combined_years": 14.9, "tier": 2}}, {"type": "Feature", "geometry": {"type": "Point", "coordinates": [-60.9902777777778, -32.0177777777778]}, "properties": {"series_id": 26439, "station_id": 2113, "station": "Aº Colastiné - Autopista - A01", "river": "", "var_id": 39, "network": "sat2", "cat_start": "2019-03-28T00:00:00", "cat_end": "2026-08-29T00:00:00", "donor_series_id": 123, "donor_station": "Autopista", "donor_river": "COLASTINE", "match_type": "coords", "match_km": 0.01, "river_agrees": "unknown", "combined_years": 14.9, "tier": 2}}, {"type": "Feature", "geometry": {"type": "Point", "coordinates": [-58.8333333333333, -27.4597222222222]}, "properties": {"series_id": 6764, "station_id": 2115, "station": "Paraná - Corrientes", "river": "", "var_id": 2, "network": "sat2", "cat_start": "2019-01-25T20:15:00", "cat_end": "2026-08-30T21:00:00", "donor_series_id": 6611, "donor_station": "Paraná - Corrientes", "donor_river": "Paraná", "match_type": "coords", "match_km": 0.0, "river_agrees": "unknown", "combined_years": 25.3, "tier": 2}}, {"type": "Feature", "geometry": {"type": "Point", "coordinates": [-58.8333333333333, -27.4597222222222]}, "properties": {"series_id": 26441, "station_id": 2115, "station": "Paraná - Corrientes", "river": "", "var_id": 39, "network": "sat2", "cat_start": "2019-01-25T00:00:00", "cat_end": "2026-08-29T00:00:00", "donor_series_id": 6611, "donor_station": "Paraná - Corrientes", "donor_river": "Paraná", "match_type": "coords", "match_km": 0.0, "river_agrees": "unknown", "combined_years": 25.3, "tier": 2}}, {"type": "Feature", "geometry": {"type": "Point", "coordinates": [-58.1619444444444, -26.1830555555556]}, "properties": {"series_id": 26442, "station_id": 2116, "station": "Paraguay - Pto. Formosa", "river": "", "var_id": 39, "network": "sat2", "cat_start": "2019-01-25T00:00:00", "cat_end": "2026-08-29T00:00:00", "donor_series_id": 6512, "donor_station": "Paraguay - Puerto Formosa", "donor_river": "Paraguay", "match_type": "coords", "match_km": 0.02, "river_agrees": "unknown", "combined_years": 17.2, "tier": 2}}, {"type": "Feature", "geometry": {"type": "Point", "coordinates": [-62.7883333333333, -31.0105555555556]}, "properties": {"series_id": 6955, "station_id": 2119, "station": "Segundo (Plujunta) - RP Nº 17", "river": "", "var_id": 2, "network": "sat2", "cat_start": "2019-01-09T14:00:00", "cat_end": "2026-08-30T21:00:00", "donor_series_id": "", "donor_station": "", "donor_river": "", "match_type": "", "match_km": "", "river_agrees": "", "combined_years": 7.6, "tier": 3}}, {"type": "Feature", "geometry": {"type": "Point", "coordinates": [-62.7883333333333, -31.0105555555556]}, "properties": {"series_id": 26445, "station_id": 2119, "station": "Segundo (Plujunta) - RP Nº 17", "river": "", "var_id": 39, "network": "sat2", "cat_start": "2019-01-09T00:00:00", "cat_end": "2026-08-29T00:00:00", "donor_series_id": "", "donor_station": "", "donor_river": "", "match_type": "", "match_km": "", "river_agrees": "", "combined_years": 7.6, "tier": 3}}, {"type": "Feature", "geometry": {"type": "Point", "coordinates": [-60.9408333333333, -32.3922222222222]}, "properties": {"series_id": 6857, "station_id": 2121, "station": "Aº El Monje - Autopista A01", "river": "", "var_id": 2, "network": "sat2", "cat_start": "2019-05-07T12:00:00", "cat_end": "2026-08-30T20:00:00", "donor_series_id": 29395, "donor_station": "Autopista", "donor_river": "ELMONJE", "match_type": "coords", "match_km": 0.09, "river_agrees": "unknown", "combined_years": 7.3, "tier": 3}}, {"type": "Feature", "geometry": {"type": "Point", "coordinates": [-66.9952777777778, -36.8425]}, "properties": {"series_id": 26448, "station_id": 2122, "station": "Atuel - Paso Maroma", "river": "", "var_id": 39, "network": "sat2", "cat_start": "2019-07-24T00:00:00", "cat_end": "2026-08-29T00:00:00", "donor_series_id": "", "donor_station": "", "donor_river": "", "match_type": "", "match_km": "", "river_agrees": "", "combined_years": 7.1, "tier": 3}}, {"type": "Feature", "geometry": {"type": "Point", "coordinates": [-67.1402777777778, -36.3977777777778]}, "properties": {"series_id": 6746, "station_id": 2123, "station": "Atuel - Algarrobo del Águila", "river": "", "var_id": 2, "network": "sat2", "cat_start": "2021-09-01T00:00:00", "cat_end": "2026-08-30T20:00:00", "donor_series_id": "", "donor_station": "", "donor_river": "", "match_type": "", "match_km": "", "river_agrees": "", "combined_years": 5.0, "tier": 3}}, {"type": "Feature", "geometry": {"type": "Point", "coordinates": [-59.1783333333333, -34.5894444444444]}, "properties": {"series_id": 6936, "station_id": 2128, "station": "Lujan - Lujan", "river": "", "var_id": 2, "network": "sat2", "cat_start": "2019-03-21T20:30:00", "cat_end": "2026-08-30T21:00:00", "donor_series_id": 29864, "donor_station": "Puente Jáuregui", "donor_river": "LUJAN", "match_type": "coords", "match_km": 0.04, "river_agrees": "unknown", "combined_years": 7.4, "tier": 3}}, {"type": "Feature", "geometry": {"type": "Point", "coordinates": [-59.1783333333333, -34.5894444444444]}, "properties": {"series_id": 26454, "station_id": 2128, "station": "Lujan - Lujan", "river": "", "var_id": 39, "network": "sat2", "cat_start": "2019-03-21T00:00:00", "cat_end": "2026-08-29T00:00:00", "donor_series_id": 29864, "donor_station": "Puente Jáuregui", "donor_river": "LUJAN", "match_type": "coords", "match_km": 0.04, "river_agrees": "unknown", "combined_years": 7.4, "tier": 3}}, {"type": "Feature", "geometry": {"type": "Point", "coordinates": [-60.0072222222222, -34.0866666666667]}, "properties": {"series_id": 6745, "station_id": 2129, "station": "Arrecifes - Arrecifes", "river": "", "var_id": 2, "network": "sat2", "cat_start": "2019-03-20T10:45:00", "cat_end": "2026-08-30T21:00:00", "donor_series_id": "", "donor_station": "", "donor_river": "", "match_type": "", "match_km": "", "river_agrees": "", "combined_years": 7.4, "tier": 3}}, {"type": "Feature", "geometry": {"type": "Point", "coordinates": [-58.2444444444444, -27.2663888888889]}, "properties": {"series_id": 6711, "station_id": 2131, "station": "Paraná - Itatí", "river": "", "var_id": 2, "network": "sat2", "cat_start": "2019-03-19T18:30:00", "cat_end": "2026-08-30T21:00:00", "donor_series_id": 29588, "donor_station": "Paraná - Itatí", "donor_river": "Paraná", "match_type": "coords", "match_km": 0.02, "river_agrees": "unknown", "combined_years": 116.2, "tier": 2}}, {"type": "Feature", "geometry": {"type": "Point", "coordinates": [-57.6502777777778, -25.3719444444444]}, "properties": {"series_id": 26459, "station_id": 2133, "station": "Paraguay - Pto. Pilcomayo", "river": "", "var_id": 39, "network": "sat2", "cat_start": "2019-05-26T00:00:00", "cat_end": "2026-08-29T00:00:00", "donor_series_id": 30067, "donor_station": "Pilcomayo - Puerto Pilcomayo", "donor_river": "Pilcomayo", "match_type": "coords", "match_km": 0.01, "river_agrees": "unknown", "combined_years": 7.3, "tier": 3}}, {"type": "Feature", "geometry": {"type": "Point", "coordinates": [-69.6605555555556, -31.8552777777778]}, "properties": {"series_id": 6929, "station_id": 2135, "station": "De los Patos - La Plateada", "river": "", "var_id": 2, "network": "sat2", "cat_start": "2021-09-01T00:00:00", "cat_end": "2026-08-30T20:00:00", "donor_series_id": "", "donor_station": "", "donor_river": "", "match_type": "", "match_km": "", "river_agrees": "", "combined_years": 5.0, "tier": 3}}, {"type": "Feature", "geometry": {"type": "Point", "coordinates": [-69.6605555555556, -31.8552777777778]}, "properties": {"series_id": 26461, "station_id": 2135, "station": "De los Patos - La Plateada", "river": "", "var_id": 39, "network": "sat2", "cat_start": "2019-04-11T00:00:00", "cat_end": "2026-08-29T00:00:00", "donor_series_id": "", "donor_station": "", "donor_river": "", "match_type": "", "match_km": "", "river_agrees": "", "combined_years": 7.4, "tier": 3}}, {"type": "Feature", "geometry": {"type": "Point", "coordinates": [-69.7672222222222, -35.1975]}, "properties": {"series_id": 6845, "station_id": 2136, "station": "Salado - Cañada Ancha", "river": "", "var_id": 2, "network": "sat2", "cat_start": "2021-09-01T00:00:00", "cat_end": "2026-08-30T16:00:00", "donor_series_id": "", "donor_station": "", "donor_river": "", "match_type": "", "match_km": "", "river_agrees": "", "combined_years": 5.0, "tier": 3}}, {"type": "Feature", "geometry": {"type": "Point", "coordinates": [-69.7672222222222, -35.1975]}, "properties": {"series_id": 26462, "station_id": 2136, "station": "Salado - Cañada Ancha", "river": "", "var_id": 39, "network": "sat2", "cat_start": "2019-04-11T00:00:00", "cat_end": "2026-08-29T00:00:00", "donor_series_id": "", "donor_station": "", "donor_river": "", "match_type": "", "match_km": "", "river_agrees": "", "combined_years": 7.4, "tier": 3}}, {"type": "Feature", "geometry": {"type": "Point", "coordinates": [-69.9502777777778, -35.8711111111111]}, "properties": {"series_id": 6952, "station_id": 2137, "station": "Poti Malal - Gendarmería", "river": "", "var_id": 2, "network": "sat2", "cat_start": "2021-09-01T00:00:00", "cat_end": "2026-08-30T16:00:00", "donor_series_id": "", "donor_station": "", "donor_river": "", "match_type": "", "match_km": "", "river_agrees": "", "combined_years": 5.0, "tier": 3}}, {"type": "Feature", "geometry": {"type": "Point", "coordinates": [-69.9502777777778, -35.8711111111111]}, "properties": {"series_id": 26463, "station_id": 2137, "station": "Poti Malal - Gendarmería", "river": "", "var_id": 39, "network": "sat2", "cat_start": "2019-04-11T00:00:00", "cat_end": "2026-08-29T00:00:00", "donor_series_id": "", "donor_station": "", "donor_river": "", "match_type": "", "match_km": "", "river_agrees": "", "combined_years": 7.4, "tier": 3}}, {"type": "Feature", "geometry": {"type": "Point", "coordinates": [-71.5025, -41.8986111111111]}, "properties": {"series_id": 6953, "station_id": 2144, "station": "Quemquemtreu - Escuela", "river": "", "var_id": 2, "network": "sat2", "cat_start": "2021-09-01T00:00:00", "cat_end": "2026-08-30T20:00:00", "donor_series_id": 6197, "donor_station": "QUEMQUEMTREU - ESCUELA Nº 139", "donor_river": "Quemquentreu ", "match_type": "coords", "match_km": 0.05, "river_agrees": "unknown", "combined_years": 25.3, "tier": 2}}, {"type": "Feature", "geometry": {"type": "Point", "coordinates": [-54.4213888888889, -25.6766666666667]}, "properties": {"series_id": 26475, "station_id": 2149, "station": "Iguazú - Perfil Tipo", "river": "", "var_id": 39, "network": "sat2", "cat_start": "2019-04-18T00:00:00", "cat_end": "2026-08-29T00:00:00", "donor_series_id": 30060, "donor_station": "Iguazú - Perfil Tipo", "donor_river": "Iguazú", "match_type": "coords", "match_km": 0.01, "river_agrees": "unknown", "combined_years": 7.4, "tier": 3}}, {"type": "Feature", "geometry": {"type": "Point", "coordinates": [-57.675, -29.8458333333333]}, "properties": {"series_id": 26476, "station_id": 2150, "station": "Miriñay - Paso Ledesma", "river": "", "var_id": 39, "network": "sat2", "cat_start": "2019-06-01T00:00:00", "cat_end": "2026-08-29T00:00:00", "donor_series_id": 130, "donor_station": "Paso Ledesma", "donor_river": "MIRIÑAY", "match_type": "coords", "match_km": 0.05, "river_agrees": "unknown", "combined_years": 25.3, "tier": 2}}, {"type": "Feature", "geometry": {"type": "Point", "coordinates": [-58.7588888888889, -38.4625]}, "properties": {"series_id": 6903, "station_id": 2151, "station": "Quequen Grande - Necochea", "river": "", "var_id": 2, "network": "sat2", "cat_start": "2019-04-18T20:00:00", "cat_end": "2026-08-30T16:00:00", "donor_series_id": "", "donor_station": "", "donor_river": "", "match_type": "", "match_km": "", "river_agrees": "", "combined_years": 7.4, "tier": 3}}, {"type": "Feature", "geometry": {"type": "Point", "coordinates": [-64.9813888888889, -38.8216666666667]}, "properties": {"series_id": 26486, "station_id": 2160, "station": "Colorado - Pichi Mahuida", "river": "", "var_id": 39, "network": "sat2", "cat_start": "2019-05-22T00:00:00", "cat_end": "2026-08-29T00:00:00", "donor_series_id": "", "donor_station": "", "donor_river": "", "match_type": "", "match_km": "", "river_agrees": "", "combined_years": 7.3, "tier": 3}}, {"type": "Feature", "geometry": {"type": "Point", "coordinates": [-70.2522222222222, -45.6836111111111]}, "properties": {"series_id": 6943, "station_id": 2161, "station": "Mayo - Paso Mayo", "river": "", "var_id": 2, "network": "sat2", "cat_start": "2021-09-01T00:00:00", "cat_end": "2026-08-28T16:00:00", "donor_series_id": 30030, "donor_station": "MAYO - PASO RIO MAYO", "donor_river": "RÃ­o Mayo", "match_type": "coords", "match_km": 0.25, "river_agrees": "unknown", "combined_years": 18.7, "tier": 2}}, {"type": "Feature", "geometry": {"type": "Point", "coordinates": [-72.0641666666667, -49.7972222222222]}, "properties": {"series_id": 6821, "station_id": 2164, "station": "La Leona", "river": "", "var_id": 2, "network": "sat2", "cat_start": "2021-09-21T20:00:00", "cat_end": "2026-08-30T20:00:00", "donor_series_id": 6167, "donor_station": "LA LEONA - LA LEONA", "donor_river": "La Leona", "match_type": "coords", "match_km": 0.01, "river_agrees": "unknown", "combined_years": 25.3, "tier": 2}}, {"type": "Feature", "geometry": {"type": "Point", "coordinates": [-71.9077777777778, -50.2522222222222]}, "properties": {"series_id": 26491, "station_id": 2165, "station": "Charles Fhur", "river": "", "var_id": 39, "network": "sat2", "cat_start": "2019-06-10T00:00:00", "cat_end": "2026-08-29T00:00:00", "donor_series_id": 6131, "donor_station": "Santa Cruz - Charles Fuhr", "donor_river": "Santa Cruz", "match_type": "coords", "match_km": 0.01, "river_agrees": "unknown", "combined_years": 7.2, "tier": 3}}, {"type": "Feature", "geometry": {"type": "Point", "coordinates": [-65.6361111111111, -27.1008333333333]}, "properties": {"series_id": 6896, "station_id": 2166, "station": "Los Sosa - RP30 km19", "river": "", "var_id": 2, "network": "sat2", "cat_start": "2019-05-08T16:00:00", "cat_end": "2026-08-30T16:00:00", "donor_series_id": "", "donor_station": "", "donor_river": "", "match_type": "", "match_km": "", "river_agrees": "", "combined_years": 7.3, "tier": 3}}, {"type": "Feature", "geometry": {"type": "Point", "coordinates": [-65.6361111111111, -27.1008333333333]}, "properties": {"series_id": 26492, "station_id": 2166, "station": "Los Sosa - RP30 km19", "river": "", "var_id": 39, "network": "sat2", "cat_start": "2019-05-08T00:00:00", "cat_end": "2026-08-29T00:00:00", "donor_series_id": "", "donor_station": "", "donor_river": "", "match_type": "", "match_km": "", "river_agrees": "", "combined_years": 7.3, "tier": 3}}, {"type": "Feature", "geometry": {"type": "Point", "coordinates": [-63.9761111111111, -25.4136111111111]}, "properties": {"series_id": 26494, "station_id": 2175, "station": "Canal Macapillo", "river": "", "var_id": 39, "network": "sat2", "cat_start": "2019-05-31T00:00:00", "cat_end": "2026-08-29T00:00:00", "donor_series_id": 6337, "donor_station": "Canal Macapillo - Macapillo", "donor_river": "Canal Macapillo", "match_type": "coords", "match_km": 0.02, "river_agrees": "unknown", "combined_years": 17.2, "tier": 2}}, {"type": "Feature", "geometry": {"type": "Point", "coordinates": [-64.045, -25.3452777777778]}, "properties": {"series_id": 26496, "station_id": 2177, "station": "Canal Liag - Quebrachal", "river": "", "var_id": 39, "network": "sat2", "cat_start": "2019-06-20T00:00:00", "cat_end": "2026-08-29T00:00:00", "donor_series_id": 6368, "donor_station": "JURAMENTO - EL QUEBRACHAL", "donor_river": "Juramento", "match_type": "coords", "match_km": 0.16, "river_agrees": "unknown", "combined_years": 24.9, "tier": 2}}, {"type": "Feature", "geometry": {"type": "Point", "coordinates": [-53.995, -25.5905555555556]}, "properties": {"series_id": 26497, "station_id": 2178, "station": "Iguazú - Puerto Andresito", "river": "", "var_id": 39, "network": "sat2", "cat_start": "2019-05-24T00:00:00", "cat_end": "2026-08-29T00:00:00", "donor_series_id": 6500, "donor_station": "Iguazú - Puerto Andresito", "donor_river": "Iguazú", "match_type": "coords", "match_km": 0.0, "river_agrees": "unknown", "combined_years": 25.3, "tier": 2}}, {"type": "Feature", "geometry": {"type": "Point", "coordinates": [-53.995, -25.5905555555556]}, "properties": {"series_id": 18612, "station_id": 2178, "station": "Iguazú - Puerto Andresito", "river": "", "var_id": 40, "network": "sat2", "cat_start": "2021-11-01T00:00:00", "cat_end": "2026-08-29T00:00:00", "donor_series_id": 6500, "donor_station": "Iguazú - Puerto Andresito", "donor_river": "Iguazú", "match_type": "coords", "match_km": 0.0, "river_agrees": "unknown", "combined_years": 25.3, "tier": 2}}, {"type": "Feature", "geometry": {"type": "Point", "coordinates": [-71.4016666666667, -43.6716666666667]}, "properties": {"series_id": 6789, "station_id": 2179, "station": "Carrenleufú - Poncho Moro", "river": "", "var_id": 2, "network": "sat2", "cat_start": "2021-09-22T12:00:00", "cat_end": "2026-08-30T16:00:00", "donor_series_id": 170, "donor_station": "Ruta Provincial Nº 044", "donor_river": "Poncho Moro", "match_type": "coords", "match_km": 0.52, "river_agrees": "unknown", "combined_years": 25.3, "tier": 2}}, {"type": "Feature", "geometry": {"type": "Point", "coordinates": [-66.4963888888889, -35.1686111111111]}, "properties": {"series_id": 6876, "station_id": 2180, "station": "Desaguadero - Canalejas", "river": "", "var_id": 2, "network": "sat2", "cat_start": "2021-09-01T00:00:00", "cat_end": "2026-08-30T16:00:00", "donor_series_id": "", "donor_station": "", "donor_river": "", "match_type": "", "match_km": "", "river_agrees": "", "combined_years": 5.0, "tier": 3}}, {"type": "Feature", "geometry": {"type": "Point", "coordinates": [-66.4963888888889, -35.1686111111111]}, "properties": {"series_id": 26499, "station_id": 2180, "station": "Desaguadero - Canalejas", "river": "", "var_id": 39, "network": "sat2", "cat_start": "2019-05-24T00:00:00", "cat_end": "2026-08-29T00:00:00", "donor_series_id": "", "donor_station": "", "donor_river": "", "match_type": "", "match_km": "", "river_agrees": "", "combined_years": 7.3, "tier": 3}}, {"type": "Feature", "geometry": {"type": "Point", "coordinates": [-66.475, -43.6983333333333]}, "properties": {"series_id": 6924, "station_id": 2181, "station": "Chubut - Ameghino", "river": "", "var_id": 2, "network": "sat2", "cat_start": "2021-09-01T00:00:00", "cat_end": "2026-08-30T20:00:00", "donor_series_id": 6377, "donor_station": "Chubut - Ameghino", "donor_river": "Chubut", "match_type": "coords", "match_km": 0.01, "river_agrees": "unknown", "combined_years": 7.1, "tier": 3}}, {"type": "Feature", "geometry": {"type": "Point", "coordinates": [-66.475, -43.6983333333333]}, "properties": {"series_id": 26500, "station_id": 2181, "station": "Chubut - Ameghino", "river": "", "var_id": 39, "network": "sat2", "cat_start": "2019-06-04T00:00:00", "cat_end": "2026-08-29T00:00:00", "donor_series_id": 6377, "donor_station": "Chubut - Ameghino", "donor_river": "Chubut", "match_type": "coords", "match_km": 0.01, "river_agrees": "unknown", "combined_years": 7.2, "tier": 3}}, {"type": "Feature", "geometry": {"type": "Point", "coordinates": [-69.2377777777778, -32.9152777777778]}, "properties": {"series_id": 6840, "station_id": 2183, "station": "Mendoza - Guido", "river": "", "var_id": 2, "network": "sat2", "cat_start": "2021-09-01T00:00:00", "cat_end": "2026-08-30T16:00:00", "donor_series_id": "", "donor_station": "", "donor_river": "", "match_type": "", "match_km": "", "river_agrees": "", "combined_years": 5.0, "tier": 3}}, {"type": "Feature", "geometry": {"type": "Point", "coordinates": [-69.2377777777778, -32.9152777777778]}, "properties": {"series_id": 26501, "station_id": 2183, "station": "Mendoza - Guido", "river": "", "var_id": 39, "network": "sat2", "cat_start": "2019-04-27T00:00:00", "cat_end": "2026-08-29T00:00:00", "donor_series_id": "", "donor_station": "", "donor_river": "", "match_type": "", "match_km": "", "river_agrees": "", "combined_years": 7.3, "tier": 3}}, {"type": "Feature", "geometry": {"type": "Point", "coordinates": [-62.8061111111111, -29.795]}, "properties": {"series_id": 26503, "station_id": 2185, "station": "Dulce - Paso de la Cina", "river": "", "var_id": 39, "network": "sat2", "cat_start": "2019-06-19T00:00:00", "cat_end": "2026-08-29T00:00:00", "donor_series_id": "", "donor_station": "", "donor_river": "", "match_type": "", "match_km": "", "river_agrees": "", "combined_years": 7.2, "tier": 3}}, {"type": "Feature", "geometry": {"type": "Point", "coordinates": [-59.3625, -26.3341666666667]}, "properties": {"series_id": 26506, "station_id": 2188, "station": "Bermejo - El Colorado", "river": "", "var_id": 39, "network": "sat2", "cat_start": "2019-07-15T00:00:00", "cat_end": "2026-08-29T00:00:00", "donor_series_id": 6521, "donor_station": "El Colorado", "donor_river": "Bermejo", "match_type": "coords", "match_km": 0.01, "river_agrees": "unknown", "combined_years": 25.3, "tier": 2}}, {"type": "Feature", "geometry": {"type": "Point", "coordinates": [-58.6338888888889, -26.6605555555556]}, "properties": {"series_id": 6918, "station_id": 2194, "station": "Bermejo - Puerto Velaz", "river": "", "var_id": 2, "network": "sat2", "cat_start": "2019-07-15T01:00:00", "cat_end": "2026-08-29T20:00:00", "donor_series_id": 30064, "donor_station": "Bermejo - Puerto Velaz", "donor_river": "Bermejo", "match_type": "coords", "match_km": 0.01, "river_agrees": "unknown", "combined_years": 7.1, "tier": 3}}, {"type": "Feature", "geometry": {"type": "Point", "coordinates": [-62.5761111111111, -29.1058333333333]}, "properties": {"series_id": 26515, "station_id": 2197, "station": "Salado - Pinto", "river": "", "var_id": 39, "network": "sat2", "cat_start": "2019-07-03T00:00:00", "cat_end": "2026-08-29T00:00:00", "donor_series_id": "", "donor_station": "", "donor_river": "", "match_type": "", "match_km": "", "river_agrees": "", "combined_years": 7.2, "tier": 3}}, {"type": "Feature", "geometry": {"type": "Point", "coordinates": [-58.7883333333333, -29.0311111111111]}, "properties": {"series_id": 6806, "station_id": 2198, "station": "Aº Batel - Paso Cerrito", "river": "", "var_id": 2, "network": "sat2", "cat_start": "2019-07-03T09:00:00", "cat_end": "2026-08-30T12:00:00", "donor_series_id": 6577, "donor_station": "Batel - Paso Cerrito", "donor_river": "Batel", "match_type": "coords", "match_km": 0.0, "river_agrees": "unknown", "combined_years": 25.3, "tier": 2}}, {"type": "Feature", "geometry": {"type": "Point", "coordinates": [-58.7883333333333, -29.0311111111111]}, "properties": {"series_id": 26516, "station_id": 2198, "station": "Aº Batel - Paso Cerrito", "river": "", "var_id": 39, "network": "sat2", "cat_start": "2019-07-03T00:00:00", "cat_end": "2026-08-29T00:00:00", "donor_series_id": 6577, "donor_station": "Batel - Paso Cerrito", "donor_river": "Batel", "match_type": "coords", "match_km": 0.0, "river_agrees": "unknown", "combined_years": 25.3, "tier": 2}}, {"type": "Feature", "geometry": {"type": "Point", "coordinates": [-59.2172222222222, -29.7572222222222]}, "properties": {"series_id": 26517, "station_id": 2199, "station": "Corrientes - Los Laureles", "river": "", "var_id": 39, "network": "sat2", "cat_start": "2019-07-02T00:00:00", "cat_end": "2026-08-29T00:00:00", "donor_series_id": 121, "donor_station": "Los Laureles", "donor_river": "CORRIENTE", "match_type": "coords", "match_km": 0.01, "river_agrees": "unknown", "combined_years": 25.3, "tier": 2}}, {"type": "Feature", "geometry": {"type": "Point", "coordinates": [-54.2355555555556, -27.2572222222222]}, "properties": {"series_id": 6775, "station_id": 2201, "station": "A° El Soberbio - Pje La Lechuz", "river": "", "var_id": 2, "network": "sat2", "cat_start": "2019-08-23T20:00:00", "cat_end": "2026-08-30T20:00:00", "donor_series_id": "", "donor_station": "", "donor_river": "", "match_type": "", "match_km": "", "river_agrees": "", "combined_years": 7.0, "tier": 3}}, {"type": "Feature", "geometry": {"type": "Point", "coordinates": [-60.8658333333333, -32.6733333333333]}, "properties": {"series_id": 6829, "station_id": 2204, "station": "Carcarañá - Pueblo Andino", "river": "", "var_id": 2, "network": "sat2", "cat_start": "2019-07-05T12:00:00", "cat_end": "2026-08-30T21:00:00", "donor_series_id": 118, "donor_station": "Pueblo Andino", "donor_river": "CARCARAÑA", "match_type": "coords", "match_km": 0.01, "river_agrees": "unknown", "combined_years": 25.3, "tier": 2}}, {"type": "Feature", "geometry": {"type": "Point", "coordinates": [-59.1261111111111, -31.8016666666667]}, "properties": {"series_id": 26523, "station_id": 2205, "station": "Gualeguay - Villaguay", "river": "", "var_id": 39, "network": "sat2", "cat_start": "2019-07-05T00:00:00", "cat_end": "2026-08-29T00:00:00", "donor_series_id": 853, "donor_station": "Villaguay", "donor_river": "GUALEGUAY", "match_type": "coords", "match_km": 0.01, "river_agrees": "unknown", "combined_years": 7.2, "tier": 3}}, {"type": "Feature", "geometry": {"type": "Point", "coordinates": [-59.1261111111111, -31.8016666666667]}, "properties": {"series_id": 18610, "station_id": 2205, "station": "Gualeguay - Villaguay", "river": "", "var_id": 40, "network": "sat2", "cat_start": "2021-11-01T00:00:00", "cat_end": "2026-08-29T00:00:00", "donor_series_id": 853, "donor_station": "Villaguay", "donor_river": "GUALEGUAY", "match_type": "coords", "match_km": 0.01, "river_agrees": "unknown", "combined_years": 4.8, "tier": 3}}, {"type": "Feature", "geometry": {"type": "Point", "coordinates": [-61.6386111111111, -34.2580555555556]}, "properties": {"series_id": 26530, "station_id": 2213, "station": "Canal Regulador N°4 - La Pantanosa", "river": "", "var_id": 39, "network": "sat2", "cat_start": "2019-07-24T00:00:00", "cat_end": "2026-08-29T00:00:00", "donor_series_id": "", "donor_station": "", "donor_river": "", "match_type": "", "match_km": "", "river_agrees": "", "combined_years": 7.1, "tier": 3}}, {"type": "Feature", "geometry": {"type": "Point", "coordinates": [-59.4994444444444, -34.2405555555556]}, "properties": {"series_id": 6906, "station_id": 2215, "station": "Río Areco - San Antonio de Are", "river": "", "var_id": 2, "network": "sat2", "cat_start": "2019-07-27T05:00:00", "cat_end": "2026-08-30T20:00:00", "donor_series_id": "", "donor_station": "", "donor_river": "", "match_type": "", "match_km": "", "river_agrees": "", "combined_years": 7.1, "tier": 3}}, {"type": "Feature", "geometry": {"type": "Point", "coordinates": [-59.4994444444444, -34.2405555555556]}, "properties": {"series_id": 26532, "station_id": 2215, "station": "Río Areco - San Antonio de Are", "river": "", "var_id": 39, "network": "sat2", "cat_start": "2019-07-27T00:00:00", "cat_end": "2026-08-29T00:00:00", "donor_series_id": "", "donor_station": "", "donor_river": "", "match_type": "", "match_km": "", "river_agrees": "", "combined_years": 7.1, "tier": 3}}, {"type": "Feature", "geometry": {"type": "Point", "coordinates": [-68.2255555555556, -54.7975]}, "properties": {"series_id": 26533, "station_id": 2216, "station": "Olivia - Olivia", "river": "", "var_id": 39, "network": "sat2", "cat_start": "2019-07-20T00:00:00", "cat_end": "2026-08-29T00:00:00", "donor_series_id": "", "donor_station": "", "donor_river": "", "match_type": "", "match_km": "", "river_agrees": "", "combined_years": 7.1, "tier": 3}}, {"type": "Feature", "geometry": {"type": "Point", "coordinates": [-67.1852777777778, -35.9994444444444]}, "properties": {"series_id": 26538, "station_id": 2221, "station": "Atuel - Puesto Ugalde", "river": "", "var_id": 39, "network": "sat2", "cat_start": "2019-07-23T00:00:00", "cat_end": "2026-08-29T00:00:00", "donor_series_id": "", "donor_station": "", "donor_river": "", "match_type": "", "match_km": "", "river_agrees": "", "combined_years": 7.1, "tier": 3}}, {"type": "Feature", "geometry": {"type": "Point", "coordinates": [-57.8519444444444, -35.9622222222222]}, "properties": {"series_id": 26543, "station_id": 2227, "station": "Salado - RN Nº02", "river": "", "var_id": 39, "network": "sat2", "cat_start": "2019-07-24T00:00:00", "cat_end": "2026-08-29T00:00:00", "donor_series_id": "", "donor_station": "", "donor_river": "", "match_type": "", "match_km": "", "river_agrees": "", "combined_years": 7.1, "tier": 3}}, {"type": "Feature", "geometry": {"type": "Point", "coordinates": [-72.8608333333333, -49.3433333333333]}, "properties": {"series_id": 6928, "station_id": 2228, "station": "De las Vueltas", "river": "", "var_id": 2, "network": "sat2", "cat_start": "2021-08-31T23:00:00", "cat_end": "2026-08-30T17:00:00", "donor_series_id": 29934, "donor_station": "De las Vueltas - Parque Nac. los Glaciares", "donor_river": "De las Vueltas", "match_type": "coords", "match_km": 0.01, "river_agrees": "unknown", "combined_years": 18.7, "tier": 2}}, {"type": "Feature", "geometry": {"type": "Point", "coordinates": [-71.3419444444444, -44.9583333333333]}, "properties": {"series_id": 26547, "station_id": 2355, "station": "Senguerr - Nacimiento", "river": "", "var_id": 39, "network": "sat2", "cat_start": "2019-09-26T00:00:00", "cat_end": "2026-08-29T00:00:00", "donor_series_id": "", "donor_station": "", "donor_river": "", "match_type": "", "match_km": "", "river_agrees": "", "combined_years": 6.9, "tier": 3}}, {"type": "Feature", "geometry": {"type": "Point", "coordinates": [-65.42, -25.1538888888889]}, "properties": {"series_id": 26550, "station_id": 2593, "station": "Arenales - La Maroma", "river": "", "var_id": 39, "network": "sat2", "cat_start": "2019-10-15T00:00:00", "cat_end": "2026-08-29T00:00:00", "donor_series_id": "", "donor_station": "", "donor_river": "", "match_type": "", "match_km": "", "river_agrees": "", "combined_years": 6.9, "tier": 3}}, {"type": "Feature", "geometry": {"type": "Point", "coordinates": [-70.4355555555556, -42.6513888888889]}, "properties": {"series_id": 8242, "station_id": 2606, "station": "Gualjaina - Gualjaina", "river": "", "var_id": 2, "network": "sat2", "cat_start": "2021-09-01T00:00:00", "cat_end": "2026-08-30T20:00:00", "donor_series_id": 6385, "donor_station": "GUALJAINA - GUALJAINA", "donor_river": "Gualjaina", "match_type": "coords", "match_km": 0.35, "river_agrees": "unknown", "combined_years": 7.1, "tier": 3}}, {"type": "Feature", "geometry": {"type": "Point", "coordinates": [-69.3163888888889, -34.6686111111111]}, "properties": {"series_id": 8233, "station_id": 2608, "station": "Diamante - La Jaula", "river": "", "var_id": 2, "network": "sat2", "cat_start": "2021-09-01T00:00:00", "cat_end": "2026-08-30T15:00:00", "donor_series_id": "", "donor_station": "", "donor_river": "", "match_type": "", "match_km": "", "river_agrees": "", "combined_years": 5.0, "tier": 3}}, {"type": "Feature", "geometry": {"type": "Point", "coordinates": [-64.1058333333333, -25.1608333333333]}, "properties": {"series_id": 8312, "station_id": 2671, "station": "Canal Finca Agropecuaria", "river": "", "var_id": 2, "network": "sat2", "cat_start": "2019-11-21T01:00:00", "cat_end": "2026-08-30T20:00:00", "donor_series_id": 6353, "donor_station": "Canal Finca Agropecuaria - Finca Agropecuaria", "donor_river": "Canal Finca Agropecuaria", "match_type": "coords", "match_km": 0.02, "river_agrees": "unknown", "combined_years": 17.2, "tier": 2}}, {"type": "Feature", "geometry": {"type": "Point", "coordinates": [-64.1058333333333, -25.1608333333333]}, "properties": {"series_id": 26556, "station_id": 2671, "station": "Canal Finca Agropecuaria", "river": "", "var_id": 39, "network": "sat2", "cat_start": "2019-11-21T00:00:00", "cat_end": "2026-08-29T00:00:00", "donor_series_id": 6353, "donor_station": "Canal Finca Agropecuaria - Finca Agropecuaria", "donor_river": "Canal Finca Agropecuaria", "match_type": "coords", "match_km": 0.02, "river_agrees": "unknown", "combined_years": 17.2, "tier": 2}}, {"type": "Feature", "geometry": {"type": "Point", "coordinates": [-64.1061111111111, -25.1613888888889]}, "properties": {"series_id": 26557, "station_id": 2672, "station": "Juramento - Finca Agropecuari", "river": "", "var_id": 39, "network": "sat2", "cat_start": "2019-11-21T00:00:00", "cat_end": "2026-08-29T00:00:00", "donor_series_id": 6353, "donor_station": "Canal Finca Agropecuaria - Finca Agropecuaria", "donor_river": "Canal Finca Agropecuaria", "match_type": "coords", "match_km": 0.07, "river_agrees": "unknown", "combined_years": 17.2, "tier": 2}}, {"type": "Feature", "geometry": {"type": "Point", "coordinates": [-56.5422222222222, -28.4166666666667]}, "properties": {"series_id": 26561, "station_id": 2731, "station": "Aguapey - La Sirena", "river": "", "var_id": 39, "network": "sat2", "cat_start": "2019-10-16T00:00:00", "cat_end": "2026-08-29T00:00:00", "donor_series_id": 319, "donor_station": "La Sirena", "donor_river": "AGUAPEY", "match_type": "coords", "match_km": 0.01, "river_agrees": "unknown", "combined_years": 25.3, "tier": 2}}, {"type": "Feature", "geometry": {"type": "Point", "coordinates": [-68.8747222222222, -35.0986111111111]}, "properties": {"series_id": 9192, "station_id": 2732, "station": "Atuel - La Angostura", "river": "", "var_id": 2, "network": "sat2", "cat_start": "2021-09-01T00:00:00", "cat_end": "2026-08-30T20:00:00", "donor_series_id": "", "donor_station": "", "donor_river": "", "match_type": "", "match_km": "", "river_agrees": "", "combined_years": 5.0, "tier": 3}}, {"type": "Feature", "geometry": {"type": "Point", "coordinates": [-71.7247222222222, -42.1055555555556]}, "properties": {"series_id": 26564, "station_id": 2762, "station": "Puelo - Hito fronterizo", "river": "", "var_id": 39, "network": "sat2", "cat_start": "2019-11-18T00:00:00", "cat_end": "2026-08-25T00:00:00", "donor_series_id": 6426, "donor_station": "PUELO - HITO FRONTERIZO", "donor_river": "Puelo", "match_type": "coords", "match_km": 0.0, "river_agrees": "unknown", "combined_years": 7.0, "tier": 3}}, {"type": "Feature", "geometry": {"type": "Point", "coordinates": [-63.7244444444444, -26.3741666666667]}, "properties": {"series_id": 9547, "station_id": 2807, "station": "Salado - El Arenal", "river": "", "var_id": 2, "network": "sat2", "cat_start": "2019-10-01T04:00:00", "cat_end": "2026-08-30T16:00:00", "donor_series_id": 6309, "donor_station": "Salado - El Arenal", "donor_river": "Salado", "match_type": "coords", "match_km": 0.01, "river_agrees": "unknown", "combined_years": 16.4, "tier": 2}}, {"type": "Feature", "geometry": {"type": "Point", "coordinates": [-63.645, -34.7627777777778]}, "properties": {"series_id": 9549, "station_id": 2809, "station": "Quinto - RP Nº26", "river": "", "var_id": 2, "network": "sat2", "cat_start": "2019-10-01T04:00:00", "cat_end": "2026-08-30T16:00:00", "donor_series_id": "", "donor_station": "", "donor_river": "", "match_type": "", "match_km": "", "river_agrees": "", "combined_years": 6.9, "tier": 3}}, {"type": "Feature", "geometry": {"type": "Point", "coordinates": [-72.8694444444444, -49.3944444444444]}, "properties": {"series_id": 9553, "station_id": 2812, "station": "Lago Viedma - Lago Viedma", "river": "", "var_id": 2, "network": "sat2", "cat_start": "2021-09-01T00:00:00", "cat_end": "2026-08-30T20:00:00", "donor_series_id": 6132, "donor_station": "LAGO VIEDMA - LAGO VIEDMA", "donor_river": "Lago Viedma", "match_type": "coords", "match_km": 0.02, "river_agrees": "unknown", "combined_years": 7.1, "tier": 3}}, {"type": "Feature", "geometry": {"type": "Point", "coordinates": [-72.8694444444444, -49.3944444444444]}, "properties": {"series_id": 26572, "station_id": 2812, "station": "Lago Viedma - Lago Viedma", "river": "", "var_id": 39, "network": "sat2", "cat_start": "2019-10-01T00:00:00", "cat_end": "2026-08-29T00:00:00", "donor_series_id": 6132, "donor_station": "LAGO VIEDMA - LAGO VIEDMA", "donor_river": "Lago Viedma", "match_type": "coords", "match_km": 0.02, "river_agrees": "unknown", "combined_years": 7.1, "tier": 3}}, {"type": "Feature", "geometry": {"type": "Point", "coordinates": [-57.2363888888889, -28.9166666666667]}, "properties": {"series_id": 9542, "station_id": 2813, "station": "Miriñay - Paso Mesa", "river": "", "var_id": 2, "network": "sat2", "cat_start": "2019-10-01T04:00:00", "cat_end": "2026-08-30T20:00:00", "donor_series_id": 6586, "donor_station": "Miriñay - Paso Mesa", "donor_river": "Miriñay", "match_type": "coords", "match_km": 0.15, "river_agrees": "unknown", "combined_years": 15.7, "tier": 2}}, {"type": "Feature", "geometry": {"type": "Point", "coordinates": [-57.2363888888889, -28.9166666666667]}, "properties": {"series_id": 26573, "station_id": 2813, "station": "Miriñay - Paso Mesa", "river": "", "var_id": 39, "network": "sat2", "cat_start": "2019-10-01T00:00:00", "cat_end": "2026-08-29T00:00:00", "donor_series_id": 6586, "donor_station": "Miriñay - Paso Mesa", "donor_river": "Miriñay", "match_type": "coords", "match_km": 0.15, "river_agrees": "unknown", "combined_years": 15.7, "tier": 2}}, {"type": "Feature", "geometry": {"type": "Point", "coordinates": [-65.2372222222222, -25.2677777777778]}, "properties": {"series_id": 9410, "station_id": 2823, "station": "Juramento - Cabra Corral", "river": "", "var_id": 2, "network": "sat2", "cat_start": "2019-10-13T16:00:00", "cat_end": "2026-08-30T16:00:00", "donor_series_id": "", "donor_station": "", "donor_river": "", "match_type": "", "match_km": "", "river_agrees": "", "combined_years": 6.9, "tier": 3}}, {"type": "Feature", "geometry": {"type": "Point", "coordinates": [-70.3111111111111, -35.3241666666667]}, "properties": {"series_id": 9197, "station_id": 2824, "station": "Valenzuela - Valle Noble", "river": "", "var_id": 2, "network": "sat2", "cat_start": "2021-09-01T00:00:00", "cat_end": "2026-08-30T20:00:00", "donor_series_id": "", "donor_station": "", "donor_river": "", "match_type": "", "match_km": "", "river_agrees": "", "combined_years": 5.0, "tier": 3}}, {"type": "Feature", "geometry": {"type": "Point", "coordinates": [-70.3111111111111, -35.3241666666667]}, "properties": {"series_id": 26578, "station_id": 2824, "station": "Valenzuela - Valle Noble", "river": "", "var_id": 39, "network": "sat2", "cat_start": "2019-10-22T00:00:00", "cat_end": "2026-08-29T00:00:00", "donor_series_id": "", "donor_station": "", "donor_river": "", "match_type": "", "match_km": "", "river_agrees": "", "combined_years": 6.9, "tier": 3}}, {"type": "Feature", "geometry": {"type": "Point", "coordinates": [-59.0905555555556, -28.9877777777778]}, "properties": {"series_id": 9108, "station_id": 2825, "station": "Santa Lucia - Santa Lucia", "river": "", "var_id": 2, "network": "sat2", "cat_start": "2019-10-24T17:00:00", "cat_end": "2026-08-30T21:00:00", "donor_series_id": 107, "donor_station": "Santa Lucía", "donor_river": "SANTALUCIA", "match_type": "coords", "match_km": 0.83, "river_agrees": "unknown", "combined_years": 25.3, "tier": 2}}, {"type": "Feature", "geometry": {"type": "Point", "coordinates": [-59.0905555555556, -28.9877777777778]}, "properties": {"series_id": 26579, "station_id": 2825, "station": "Santa Lucia - Santa Lucia", "river": "", "var_id": 39, "network": "sat2", "cat_start": "2019-10-24T00:00:00", "cat_end": "2026-08-29T00:00:00", "donor_series_id": 107, "donor_station": "Santa Lucía", "donor_river": "SANTALUCIA", "match_type": "coords", "match_km": 0.83, "river_agrees": "unknown", "combined_years": 25.3, "tier": 2}}, {"type": "Feature", "geometry": {"type": "Point", "coordinates": [-62.2133333333333, -22.7280555555556]}, "properties": {"series_id": 26580, "station_id": 2826, "station": "Pilcomayo - Puesto Jerez", "river": "", "var_id": 39, "network": "sat2", "cat_start": "2019-10-10T00:00:00", "cat_end": "2026-08-29T00:00:00", "donor_series_id": 6520, "donor_station": "Pilcomayo - Puesto Jerez", "donor_river": "Pilcomayo", "match_type": "coords", "match_km": 0.01, "river_agrees": "unknown", "combined_years": 11.3, "tier": 2}}, {"type": "Feature", "geometry": {"type": "Point", "coordinates": [-58.9, -33.8830555555556]}, "properties": {"series_id": 9442, "station_id": 2830, "station": "Paraná Guazú - Brazo Largo", "river": "Paraná Guazú", "var_id": 2, "network": "sat2", "cat_start": "2019-11-07T09:00:00", "cat_end": "2026-08-30T21:00:00", "donor_series_id": "", "donor_station": "", "donor_river": "", "match_type": "", "match_km": "", "river_agrees": "", "combined_years": 6.8, "tier": 3}}, {"type": "Feature", "geometry": {"type": "Point", "coordinates": [-58.5583333333333, -28.995]}, "properties": {"series_id": 9021, "station_id": 2832, "station": "Corriente - Paso Lucero", "river": "", "var_id": 2, "network": "sat2", "cat_start": "2019-10-31T14:00:00", "cat_end": "2026-08-30T21:00:00", "donor_series_id": 29870, "donor_station": "Paso Lucero", "donor_river": "CORRIENTE", "match_type": "coords", "match_km": 0.12, "river_agrees": "unknown", "combined_years": 25.3, "tier": 2}}, {"type": "Feature", "geometry": {"type": "Point", "coordinates": [-58.5583333333333, -28.995]}, "properties": {"series_id": 26585, "station_id": 2832, "station": "Corriente - Paso Lucero", "river": "", "var_id": 39, "network": "sat2", "cat_start": "2019-10-31T00:00:00", "cat_end": "2026-08-29T00:00:00", "donor_series_id": 29870, "donor_station": "Paso Lucero", "donor_river": "CORRIENTE", "match_type": "coords", "match_km": 0.12, "river_agrees": "unknown", "combined_years": 25.3, "tier": 2}}, {"type": "Feature", "geometry": {"type": "Point", "coordinates": [-71.4227777777778, -42.2083333333333]}, "properties": {"series_id": 9443, "station_id": 2834, "station": "Lago Epuyen - Muelle", "river": "", "var_id": 2, "network": "sat2", "cat_start": "2021-08-31T22:00:00", "cat_end": "2026-08-30T21:00:00", "donor_series_id": 6432, "donor_station": "EPUYÉN - MUELLE", "donor_river": "Epuyén", "match_type": "coords", "match_km": 0.39, "river_agrees": "unknown", "combined_years": 7.1, "tier": 3}}, {"type": "Feature", "geometry": {"type": "Point", "coordinates": [-71.4227777777778, -42.2083333333333]}, "properties": {"series_id": 26587, "station_id": 2834, "station": "Lago Epuyen - Muelle", "river": "", "var_id": 39, "network": "sat2", "cat_start": "2019-11-07T00:00:00", "cat_end": "2026-08-29T00:00:00", "donor_series_id": 6432, "donor_station": "EPUYÉN - MUELLE", "donor_river": "Epuyén", "match_type": "coords", "match_km": 0.39, "river_agrees": "unknown", "combined_years": 7.1, "tier": 3}}, {"type": "Feature", "geometry": {"type": "Point", "coordinates": [-59.3244444444444, -30.2172222222222]}, "properties": {"series_id": 9200, "station_id": 2836, "station": "Aº Barrancas - Paso La Llana", "river": "", "var_id": 2, "network": "sat2", "cat_start": "2019-10-29T13:00:00", "cat_end": "2026-08-30T20:00:00", "donor_series_id": 6626, "donor_station": "Barrancas - Paso la Llana", "donor_river": "Barrancas", "match_type": "coords", "match_km": 0.02, "river_agrees": "unknown", "combined_years": 6.8, "tier": 3}}, {"type": "Feature", "geometry": {"type": "Point", "coordinates": [-59.3244444444444, -30.2172222222222]}, "properties": {"series_id": 26589, "station_id": 2836, "station": "Aº Barrancas - Paso La Llana", "river": "", "var_id": 39, "network": "sat2", "cat_start": "2019-10-29T00:00:00", "cat_end": "2026-08-29T00:00:00", "donor_series_id": 6626, "donor_station": "Barrancas - Paso la Llana", "donor_river": "Barrancas", "match_type": "coords", "match_km": 0.02, "river_agrees": "unknown", "combined_years": 6.8, "tier": 3}}, {"type": "Feature", "geometry": {"type": "Point", "coordinates": [-59.7638888888889, -32.3947222222222]}, "properties": {"series_id": 9412, "station_id": 2837, "station": "Nogoya - RN Nº12", "river": "", "var_id": 2, "network": "sat2", "cat_start": "2019-11-14T18:00:00", "cat_end": "2026-08-30T21:00:00", "donor_series_id": 29875, "donor_station": "Ruta Nacional Nº 12", "donor_river": "NOGOYA", "match_type": "coords", "match_km": 0.01, "river_agrees": "unknown", "combined_years": 17.5, "tier": 2}}, {"type": "Feature", "geometry": {"type": "Point", "coordinates": [-59.7638888888889, -32.3947222222222]}, "properties": {"series_id": 26590, "station_id": 2837, "station": "Nogoya - RN Nº12", "river": "", "var_id": 39, "network": "sat2", "cat_start": "2019-11-14T00:00:00", "cat_end": "2026-08-29T00:00:00", "donor_series_id": 29875, "donor_station": "Ruta Nacional Nº 12", "donor_river": "NOGOYA", "match_type": "coords", "match_km": 0.01, "river_agrees": "unknown", "combined_years": 17.5, "tier": 2}}, {"type": "Feature", "geometry": {"type": "Point", "coordinates": [-59.5747222222222, -35.4594444444445]}, "properties": {"series_id": 9022, "station_id": 2838, "station": "Aº Saladillo - RN Nº205", "river": "", "var_id": 2, "network": "sat2", "cat_start": "2019-10-24T18:00:00", "cat_end": "2026-08-30T21:00:00", "donor_series_id": "", "donor_station": "", "donor_river": "", "match_type": "", "match_km": "", "river_agrees": "", "combined_years": 6.9, "tier": 3}}, {"type": "Feature", "geometry": {"type": "Point", "coordinates": [-59.5747222222222, -35.4594444444445]}, "properties": {"series_id": 26591, "station_id": 2838, "station": "Aº Saladillo - RN Nº205", "river": "", "var_id": 39, "network": "sat2", "cat_start": "2019-10-24T00:00:00", "cat_end": "2026-08-29T00:00:00", "donor_series_id": "", "donor_station": "", "donor_river": "", "match_type": "", "match_km": "", "river_agrees": "", "combined_years": 6.8, "tier": 3}}, {"type": "Feature", "geometry": {"type": "Point", "coordinates": [-71.8719444444444, -47.5113888888889]}, "properties": {"series_id": 9492, "station_id": 2842, "station": "Lago Posadas - Posadas", "river": "", "var_id": 2, "network": "sat2", "cat_start": "2021-09-01T00:00:00", "cat_end": "2026-08-30T20:00:00", "donor_series_id": 6163, "donor_station": "LAGO POSADAS - LAGO POSADAS", "donor_river": "Lago Posadas", "match_type": "coords", "match_km": 0.02, "river_agrees": "unknown", "combined_years": 16.5, "tier": 2}}, {"type": "Feature", "geometry": {"type": "Point", "coordinates": [-71.9680555555556, -47.3758333333333]}, "properties": {"series_id": 9494, "station_id": 2844, "station": "Lago Pueyrredón - Pueyrredón", "river": "", "var_id": 2, "network": "sat2", "cat_start": "2021-09-01T16:00:00", "cat_end": "2026-08-30T16:00:00", "donor_series_id": 29922, "donor_station": "LAGO PUEYRREDON - LAGO PUEYRREDON", "donor_river": "Lago Pueyrredón", "match_type": "coords", "match_km": 0.04, "river_agrees": "unknown", "combined_years": 5.0, "tier": 3}}, {"type": "Feature", "geometry": {"type": "Point", "coordinates": [-71.9680555555556, -47.3758333333333]}, "properties": {"series_id": 26596, "station_id": 2844, "station": "Lago Pueyrredón - Pueyrredón", "river": "", "var_id": 39, "network": "sat2", "cat_start": "2019-11-01T00:00:00", "cat_end": "2026-08-29T00:00:00", "donor_series_id": 29922, "donor_station": "LAGO PUEYRREDON - LAGO PUEYRREDON", "donor_river": "Lago Pueyrredón", "match_type": "coords", "match_km": 0.04, "river_agrees": "unknown", "combined_years": 6.8, "tier": 3}}, {"type": "Feature", "geometry": {"type": "Point", "coordinates": [-72.4855555555555, -49.1238888888889]}, "properties": {"series_id": 9495, "station_id": 2845, "station": "Lago San Martín - Brazo Chacab", "river": "", "var_id": 2, "network": "sat2", "cat_start": "2021-09-01T00:00:00", "cat_end": "2026-08-27T08:00:00", "donor_series_id": 6134, "donor_station": "LAGO SAN MARTIN - BRAZO CHACABUCO", "donor_river": "Lago San Martin", "match_type": "coords", "match_km": 0.01, "river_agrees": "unknown", "combined_years": 7.1, "tier": 3}}, {"type": "Feature", "geometry": {"type": "Point", "coordinates": [-72.4855555555555, -49.1238888888889]}, "properties": {"series_id": 26597, "station_id": 2845, "station": "Lago San Martín - Brazo Chacab", "river": "", "var_id": 39, "network": "sat2", "cat_start": "2019-10-30T00:00:00", "cat_end": "2026-08-27T00:00:00", "donor_series_id": 6134, "donor_station": "LAGO SAN MARTIN - BRAZO CHACABUCO", "donor_river": "Lago San Martin", "match_type": "coords", "match_km": 0.01, "river_agrees": "unknown", "combined_years": 7.1, "tier": 3}}, {"type": "Feature", "geometry": {"type": "Point", "coordinates": [-59.2702777777778, -33.1005555555556]}, "properties": {"series_id": 9550, "station_id": 2853, "station": "Gualeguay - Paso Alonso", "river": "", "var_id": 2, "network": "sat2", "cat_start": "2019-10-01T03:00:00", "cat_end": "2026-08-30T20:00:00", "donor_series_id": 42624, "donor_station": "Paso Alonso", "donor_river": "GUALEGUAY", "match_type": "coords", "match_km": 0.01, "river_agrees": "unknown", "combined_years": 25.2, "tier": 2}}, {"type": "Feature", "geometry": {"type": "Point", "coordinates": [-59.2702777777778, -33.1005555555556]}, "properties": {"series_id": 26598, "station_id": 2853, "station": "Gualeguay - Paso Alonso", "river": "", "var_id": 39, "network": "sat2", "cat_start": "2019-10-01T00:00:00", "cat_end": "2026-08-29T00:00:00", "donor_series_id": 42624, "donor_station": "Paso Alonso", "donor_river": "GUALEGUAY", "match_type": "coords", "match_km": 0.01, "river_agrees": "unknown", "combined_years": 25.2, "tier": 2}}, {"type": "Feature", "geometry": {"type": "Point", "coordinates": [-58.5697222222222, -27.5105555555556]}, "properties": {"series_id": 9551, "station_id": 2854, "station": "Aº Riachuelo - RP Nº5", "river": "", "var_id": 2, "network": "sat2", "cat_start": "2019-10-01T03:00:00", "cat_end": "2026-08-30T21:00:00", "donor_series_id": 6618, "donor_station": "Riachuelo - Rp Nº 5", "donor_river": "Riachuelo", "match_type": "coords", "match_km": 0.01, "river_agrees": "unknown", "combined_years": 17.7, "tier": 2}}, {"type": "Feature", "geometry": {"type": "Point", "coordinates": [-58.5697222222222, -27.5105555555556]}, "properties": {"series_id": 26599, "station_id": 2854, "station": "Aº Riachuelo - RP Nº5", "river": "", "var_id": 39, "network": "sat2", "cat_start": "2019-10-01T00:00:00", "cat_end": "2026-08-29T00:00:00", "donor_series_id": 6618, "donor_station": "Riachuelo - Rp Nº 5", "donor_river": "Riachuelo", "match_type": "coords", "match_km": 0.01, "river_agrees": "unknown", "combined_years": 17.7, "tier": 2}}, {"type": "Feature", "geometry": {"type": "Point", "coordinates": [-57.899273, -30.994853]}, "properties": {"series_id": 18621, "station_id": 5430, "station": "Federación Embalse", "river": "Uruguay", "var_id": 2, "network": "alturas_prefe", "cat_start": "2020-08-05T16:00:00", "cat_end": "2026-08-30T00:00:00", "donor_series_id": "", "donor_station": "", "donor_river": "", "match_type": "", "match_km": "", "river_agrees": "", "combined_years": 6.1, "tier": 3}}, {"type": "Feature", "geometry": {"type": "Point", "coordinates": [-57.899273, -30.994853]}, "properties": {"series_id": 26601, "station_id": 5430, "station": "Federación Embalse", "river": "Uruguay", "var_id": 39, "network": "alturas_prefe", "cat_start": "2020-08-05T00:00:00", "cat_end": "2026-08-29T00:00:00", "donor_series_id": "", "donor_station": "", "donor_river": "", "match_type": "", "match_km": "", "river_agrees": "", "combined_years": 6.1, "tier": 3}}, {"type": "Feature", "geometry": {"type": "Point", "coordinates": [-60.6255555555556, -32.9513888888889]}, "properties": {"series_id": 29519, "station_id": 5893, "station": "Paraná - Rosario", "river": "Paraná", "var_id": 39, "network": "sat2", "cat_start": "2024-09-13T00:00:00", "cat_end": "2026-08-29T00:00:00", "donor_series_id": "", "donor_station": "", "donor_river": "", "match_type": "", "match_km": "", "river_agrees": "", "combined_years": 2.0, "tier": 3}}, {"type": "Feature", "geometry": {"type": "Point", "coordinates": [-60.1652777777778, -32.6316666666667]}, "properties": {"series_id": 29438, "station_id": 5894, "station": "Riacho Victoria - Victoria", "river": "Riacho Victoria", "var_id": 2, "network": "sat2", "cat_start": "2020-06-05T19:00:00", "cat_end": "2026-08-30T20:00:00", "donor_series_id": "", "donor_station": "", "donor_river": "", "match_type": "", "match_km": "", "river_agrees": "", "combined_years": 6.2, "tier": 3}}, {"type": "Feature", "geometry": {"type": "Point", "coordinates": [-60.1652777777778, -32.6316666666667]}, "properties": {"series_id": 29517, "station_id": 5894, "station": "Riacho Victoria - Victoria", "river": "Riacho Victoria", "var_id": 39, "network": "sat2", "cat_start": "2024-09-13T00:00:00", "cat_end": "2026-08-29T00:00:00", "donor_series_id": "", "donor_station": "", "donor_river": "", "match_type": "", "match_km": "", "river_agrees": "", "combined_years": 2.0, "tier": 3}}, {"type": "Feature", "geometry": {"type": "Point", "coordinates": [-60.645, -32.0577777777778]}, "properties": {"series_id": 29515, "station_id": 5900, "station": "Paraná - Diamante", "river": "Paraná", "var_id": 39, "network": "sat2", "cat_start": "2024-09-13T00:00:00", "cat_end": "2026-08-29T00:00:00", "donor_series_id": "", "donor_station": "", "donor_river": "", "match_type": "", "match_km": "", "river_agrees": "", "combined_years": 2.0, "tier": 3}}, {"type": "Feature", "geometry": {"type": "Point", "coordinates": [-60.5175, -31.72]}, "properties": {"series_id": 29513, "station_id": 5901, "station": "Paraná - Túnel subfluvial", "river": "Paraná", "var_id": 39, "network": "sat2", "cat_start": "2020-12-31T00:00:00", "cat_end": "2026-08-29T00:00:00", "donor_series_id": 6529, "donor_station": "Paraná - Tunel Subfluvial", "donor_river": "Paraná", "match_type": "coords", "match_km": 0.02, "river_agrees": "yes", "combined_years": 25.3, "tier": 2}}, {"type": "Feature", "geometry": {"type": "Point", "coordinates": [-59.0088888888889, -34.1019444444444]}, "properties": {"series_id": 29507, "station_id": 5907, "station": "Paraná Las Palmas - Zárate", "river": "Paraná de las Palmas", "var_id": 39, "network": "sat2", "cat_start": "2024-09-13T00:00:00", "cat_end": "2026-08-29T00:00:00", "donor_series_id": "", "donor_station": "", "donor_river": "", "match_type": "", "match_km": "", "river_agrees": "", "combined_years": 2.0, "tier": 3}}, {"type": "Feature", "geometry": {"type": "Point", "coordinates": [-60.7261111111111, -32.7197222222222]}, "properties": {"series_id": 30125, "station_id": 5912, "station": "Paraná - Timbúes", "river": "", "var_id": 2, "network": "sat2", "cat_start": "2021-11-27T00:00:00", "cat_end": "2026-08-30T21:00:00", "donor_series_id": "", "donor_station": "", "donor_river": "", "match_type": "", "match_km": "", "river_agrees": "", "combined_years": 4.8, "tier": 3}}, {"type": "Feature", "geometry": {"type": "Point", "coordinates": [-60.7261111111111, -32.7197222222222]}, "properties": {"series_id": 30127, "station_id": 5912, "station": "Paraná - Timbúes", "river": "", "var_id": 39, "network": "sat2", "cat_start": "2022-02-18T00:00:00", "cat_end": "2026-08-29T00:00:00", "donor_series_id": "", "donor_station": "", "donor_river": "", "match_type": "", "match_km": "", "river_agrees": "", "combined_years": 4.5, "tier": 3}}, {"type": "Feature", "geometry": {"type": "Point", "coordinates": [-62.8061111111111, -29.795]}, "properties": {"series_id": 6705, "station_id": 2185, "station": "Dulce - Paso de la Cina", "river": "", "var_id": 2, "network": "sat2", "cat_start": "2019-06-19T12:00:00", "cat_end": "2026-08-30T20:00:00", "donor_series_id": "", "donor_station": "", "donor_river": "", "match_type": "", "match_km": "", "river_agrees": "", "combined_years": 7.2, "tier": 3}}, {"type": "Feature", "geometry": {"type": "Point", "coordinates": [-59.3625, -26.3341666666667]}, "properties": {"series_id": 6697, "station_id": 2188, "station": "Bermejo - El Colorado", "river": "", "var_id": 2, "network": "sat2", "cat_start": "2019-07-15T01:00:00", "cat_end": "2026-08-30T17:00:00", "donor_series_id": 6521, "donor_station": "El Colorado", "donor_river": "Bermejo", "match_type": "coords", "match_km": 0.01, "river_agrees": "unknown", "combined_years": 25.3, "tier": 2}}, {"type": "Feature", "geometry": {"type": "Point", "coordinates": [-64.26, -33.1605555555556]}, "properties": {"series_id": 6704, "station_id": 2202, "station": "Cuarto - RN Nº 8", "river": "", "var_id": 2, "network": "sat2", "cat_start": "2019-07-04T17:00:00", "cat_end": "2026-08-30T21:00:00", "donor_series_id": "", "donor_station": "", "donor_river": "", "match_type": "", "match_km": "", "river_agrees": "", "combined_years": 7.2, "tier": 3}}, {"type": "Feature", "geometry": {"type": "Point", "coordinates": [-59.0769444444445, -32.3086111111111]}, "properties": {"series_id": 6706, "station_id": 2203, "station": "Gualeguay - Rosario del Tala", "river": "", "var_id": 2, "network": "sat2", "cat_start": "2019-07-06T03:00:00", "cat_end": "2026-08-30T21:00:00", "donor_series_id": 851, "donor_station": "Rosario del Tala", "donor_river": "GUALEGUAY", "match_type": "coords", "match_km": 0.02, "river_agrees": "unknown", "combined_years": 7.2, "tier": 3}}, {"type": "Feature", "geometry": {"type": "Point", "coordinates": [-59.4994444444444, -34.2405555555556]}, "properties": {"series_id": 34887, "station_id": 2215, "station": "Río Areco - San Antonio de Are", "river": "", "var_id": 40, "network": "sat2", "cat_start": "2024-09-24T00:00:00", "cat_end": "2026-08-29T00:00:00", "donor_series_id": "", "donor_station": "", "donor_river": "", "match_type": "", "match_km": "", "river_agrees": "", "combined_years": 1.9, "tier": 3}}, {"type": "Feature", "geometry": {"type": "Point", "coordinates": [-68.2255555555556, -54.7975]}, "properties": {"series_id": 6691, "station_id": 2216, "station": "Olivia - Olivia", "river": "", "var_id": 2, "network": "sat2", "cat_start": "2021-09-01T00:00:00", "cat_end": "2026-08-30T20:00:00", "donor_series_id": "", "donor_station": "", "donor_river": "", "match_type": "", "match_km": "", "river_agrees": "", "combined_years": 5.0, "tier": 3}}, {"type": "Feature", "geometry": {"type": "Point", "coordinates": [-62.5236111111111, -22.3775]}, "properties": {"series_id": 32025, "station_id": 2846, "station": "Pilcomayo - Misión La Paz", "river": "", "var_id": 2, "network": "sat2", "cat_start": "2023-02-07T20:00:00", "cat_end": "2026-08-30T20:00:00", "donor_series_id": 6363, "donor_station": "Pilcomayo - La Paz", "donor_river": "Pilcomayo", "match_type": "coords", "match_km": 0.01, "river_agrees": "unknown", "combined_years": 84.7, "tier": 2}}, {"type": "Feature", "geometry": {"type": "Point", "coordinates": [-62.9961111111111, -30.9641666666667]}, "properties": {"series_id": 32675, "station_id": 6263, "station": "Primero (Suquía) Camino Secund", "river": "", "var_id": 2, "network": "sat2", "cat_start": "2023-02-07T17:00:00", "cat_end": "2026-08-30T21:00:00", "donor_series_id": "", "donor_station": "", "donor_river": "", "match_type": "", "match_km": "", "river_agrees": "", "combined_years": 3.6, "tier": 3}}, {"type": "Feature", "geometry": {"type": "Point", "coordinates": [-59.6386111111111, -30.7325]}, "properties": {"series_id": 32631, "station_id": 6354, "station": "Paraná - La Paz", "river": "", "var_id": 2, "network": "sat2", "cat_start": "2023-02-07T17:00:00", "cat_end": "2026-08-30T21:00:00", "donor_series_id": "", "donor_station": "", "donor_river": "", "match_type": "", "match_km": "", "river_agrees": "", "combined_years": 3.6, "tier": 3}}, {"type": "Feature", "geometry": {"type": "Point", "coordinates": [-61.7875, -33.0063888888889]}, "properties": {"series_id": 34342, "station_id": 6357, "station": "Carcarañá - Cruz Alta", "river": "", "var_id": 2, "network": "sat2", "cat_start": "2023-02-07T16:01:00", "cat_end": "2026-08-30T21:00:00", "donor_series_id": 6318, "donor_station": "Carcaraña - Cruz Alta", "donor_river": "Carcaraña", "match_type": "coords", "match_km": 0.09, "river_agrees": "unknown", "combined_years": 3.6, "tier": 3}}, {"type": "Feature", "geometry": {"type": "Point", "coordinates": [-60.9572222222222, -34.6113888888889]}, "properties": {"series_id": 34343, "station_id": 6359, "station": "Salado - Puente Carretero", "river": "", "var_id": 2, "network": "sat2", "cat_start": "2023-02-07T17:00:00", "cat_end": "2026-08-30T21:00:00", "donor_series_id": "", "donor_station": "", "donor_river": "", "match_type": "", "match_km": "", "river_agrees": "", "combined_years": 3.6, "tier": 3}}, {"type": "Feature", "geometry": {"type": "Point", "coordinates": [-62.3322222222222, -32.9316666666667]}, "properties": {"series_id": 34344, "station_id": 6360, "station": "Saladillo - Dique Aforador", "river": "", "var_id": 2, "network": "sat2", "cat_start": "2023-02-07T17:00:00", "cat_end": "2026-08-30T21:00:00", "donor_series_id": "", "donor_station": "", "donor_river": "", "match_type": "", "match_km": "", "river_agrees": "", "combined_years": 3.6, "tier": 3}}, {"type": "Feature", "geometry": {"type": "Point", "coordinates": [-68.0227777777778, -38.9497222222222]}, "properties": {"series_id": 34346, "station_id": 6362, "station": "Neuquén - Neuquén", "river": "", "var_id": 2, "network": "sat2", "cat_start": "2023-02-07T17:00:00", "cat_end": "2026-08-30T20:00:00", "donor_series_id": "", "donor_station": "", "donor_river": "", "match_type": "", "match_km": "", "river_agrees": "", "combined_years": 3.6, "tier": 3}}, {"type": "Feature", "geometry": {"type": "Point", "coordinates": [-70.3844444444445, -42.6097222222222]}, "properties": {"series_id": 34354, "station_id": 6376, "station": "Chubut - Gualjaina", "river": "", "var_id": 2, "network": "sat2", "cat_start": "2023-02-07T20:00:00", "cat_end": "2026-08-30T16:00:00", "donor_series_id": 30006, "donor_station": "CHUBUT - GUALJAINA", "donor_river": "Chubut", "match_type": "coords", "match_km": 0.0, "river_agrees": "unknown", "combined_years": 18.7, "tier": 2}}, {"type": "Feature", "geometry": {"type": "Point", "coordinates": [-70.1419444444444, -35.7925]}, "properties": {"series_id": 33433, "station_id": 6382, "station": "Chico - Las Loicas", "river": "", "var_id": 2, "network": "sat2", "cat_start": "2023-02-07T20:00:00", "cat_end": "2026-08-30T20:00:00", "donor_series_id": "", "donor_station": "", "donor_river": "", "match_type": "", "match_km": "", "river_agrees": "", "combined_years": 3.6, "tier": 3}}, {"type": "Feature", "geometry": {"type": "Point", "coordinates": [-69.8919444444444, -35.8716666666667]}, "properties": {"series_id": 33839, "station_id": 6388, "station": "Grande - La Gotera", "river": "", "var_id": 2, "network": "sat2", "cat_start": "2023-02-07T20:00:00", "cat_end": "2026-08-30T20:00:00", "donor_series_id": "", "donor_station": "", "donor_river": "", "match_type": "", "match_km": "", "river_agrees": "", "combined_years": 3.6, "tier": 3}}, {"type": "Feature", "geometry": {"type": "Point", "coordinates": [-60.0194444444444, -35.9875]}, "properties": {"series_id": 32016, "station_id": 6393, "station": "Aº Las Flores - Gral. Alvear", "river": "", "var_id": 2, "network": "sat2", "cat_start": "2023-02-07T17:00:00", "cat_end": "2026-08-30T21:00:00", "donor_series_id": 29907, "donor_station": "Gral. Alvear", "donor_river": "Arroyo Las Flores", "match_type": "coords", "match_km": 0.02, "river_agrees": "unknown", "combined_years": 11.4, "tier": 2}}, {"type": "Feature", "geometry": {"type": "Point", "coordinates": [-59.8130555555556, -33.5941666666667]}, "properties": {"series_id": 33257, "station_id": 6395, "station": "Paraná - Vuelta de Obligado", "river": "", "var_id": 2, "network": "sat2", "cat_start": "2023-02-07T16:01:00", "cat_end": "2026-08-30T21:00:00", "donor_series_id": "", "donor_station": "", "donor_river": "", "match_type": "", "match_km": "", "river_agrees": "", "combined_years": 3.6, "tier": 3}}, {"type": "Feature", "geometry": {"type": "Point", "coordinates": [-60.5702777777778, -33.9041666666667]}, "properties": {"series_id": 31982, "station_id": 6397, "station": "Aº Pergamino - Pergamino", "river": "", "var_id": 2, "network": "sat2", "cat_start": "2023-02-07T17:00:00", "cat_end": "2026-08-30T21:00:00", "donor_series_id": "", "donor_station": "", "donor_river": "", "match_type": "", "match_km": "", "river_agrees": "", "combined_years": 3.6, "tier": 3}}, {"type": "Feature", "geometry": {"type": "Point", "coordinates": [-60.3230555555556, -33.3505555555556]}, "properties": {"series_id": 31956, "station_id": 6401, "station": "Aº Del Medio - Motomel", "river": "", "var_id": 2, "network": "sat2", "cat_start": "2023-02-07T17:00:00", "cat_end": "2026-08-30T21:00:00", "donor_series_id": "", "donor_station": "", "donor_river": "", "match_type": "", "match_km": "", "river_agrees": "", "combined_years": 3.6, "tier": 3}}, {"type": "Feature", "geometry": {"type": "Point", "coordinates": [-67.4261111111111, -35.6361111111111]}, "properties": {"series_id": 32008, "station_id": 6421, "station": "Atuel - Paso de Loro", "river": "", "var_id": 2, "network": "sat2", "cat_start": "2023-02-07T20:00:00", "cat_end": "2026-08-30T20:00:00", "donor_series_id": "", "donor_station": "", "donor_river": "", "match_type": "", "match_km": "", "river_agrees": "", "combined_years": 3.6, "tier": 3}}, {"type": "Feature", "geometry": {"type": "Point", "coordinates": [-58.0588888888889, -30.1083333333333]}, "properties": {"series_id": 33259, "station_id": 6422, "station": "Mocoretá - RN Nº 127", "river": "", "var_id": 2, "network": "sat2", "cat_start": "2023-02-07T20:00:00", "cat_end": "2026-08-30T20:00:00", "donor_series_id": 6580, "donor_station": "Mocoretá - Rnnº 127", "donor_river": "Mocoretá", "match_type": "coords", "match_km": 0.11, "river_agrees": "unknown", "combined_years": 16.3, "tier": 2}}, {"type": "Feature", "geometry": {"type": "Point", "coordinates": [-60.4261111111111, -32.3058333333333]}, "properties": {"series_id": 32027, "station_id": 6423, "station": "Aº Del Doll - RN 11", "river": "", "var_id": 2, "network": "sat2", "cat_start": "2023-02-07T20:00:00", "cat_end": "2026-08-30T20:00:00", "donor_series_id": 30074, "donor_station": "DEL DOLL - RUTA PROVINCIAL Nº 011", "donor_river": "Del Doll", "match_type": "coords", "match_km": 0.04, "river_agrees": "unknown", "combined_years": 3.6, "tier": 3}}, {"type": "Feature", "geometry": {"type": "Point", "coordinates": [-61.6969444444444, -38.7608333333333]}, "properties": {"series_id": 31981, "station_id": 6426, "station": "Sauce Grande - RN Nº3", "river": "", "var_id": 2, "network": "sat2", "cat_start": "2023-02-07T20:00:00", "cat_end": "2026-08-30T20:00:00", "donor_series_id": "", "donor_station": "", "donor_river": "", "match_type": "", "match_km": "", "river_agrees": "", "combined_years": 3.6, "tier": 3}}, {"type": "Feature", "geometry": {"type": "Point", "coordinates": [-63.8916666666667, -25.7166666666667]}, "properties": {"series_id": 32656, "station_id": 6428, "station": "Salado -A.Ab. Azud Cruz Bajada", "river": "", "var_id": 2, "network": "sat2", "cat_start": "2023-02-07T16:01:00", "cat_end": "2026-08-30T20:00:00", "donor_series_id": "", "donor_station": "", "donor_river": "", "match_type": "", "match_km": "", "river_agrees": "", "combined_years": 3.6, "tier": 3}}, {"type": "Feature", "geometry": {"type": "Point", "coordinates": [-63.2375, -39.3669444444444]}, "properties": {"series_id": 32666, "station_id": 6430, "station": "Colorado - Paso Alsina", "river": "", "var_id": 2, "network": "sat2", "cat_start": "2023-02-07T16:01:00", "cat_end": "2026-08-30T18:00:00", "donor_series_id": "", "donor_station": "", "donor_river": "", "match_type": "", "match_km": "", "river_agrees": "", "combined_years": 3.6, "tier": 3}}, {"type": "Feature", "geometry": {"type": "Point", "coordinates": [-59.1961111111111, -27.2633333333333]}, "properties": {"series_id": 33681, "station_id": 6432, "station": "Negro - Laguna Blanca", "river": "", "var_id": 2, "network": "sat2", "cat_start": "2023-02-07T17:00:00", "cat_end": "2026-08-30T21:00:00", "donor_series_id": "", "donor_station": "", "donor_river": "", "match_type": "", "match_km": "", "river_agrees": "", "combined_years": 3.6, "tier": 3}}, {"type": "Feature", "geometry": {"type": "Point", "coordinates": [-65.5336111111111, -33.6538888888889]}, "properties": {"series_id": 34033, "station_id": 6441, "station": "Quinto - Dique Villa Mercedes", "river": "", "var_id": 2, "network": "sat2", "cat_start": "2023-02-07T16:01:00", "cat_end": "2026-08-30T21:00:00", "donor_series_id": "", "donor_station": "", "donor_river": "", "match_type": "", "match_km": "", "river_agrees": "", "combined_years": 3.6, "tier": 3}}, {"type": "Feature", "geometry": {"type": "Point", "coordinates": [-58.8988888888889, -27.4563888888889]}, "properties": {"series_id": 32633, "station_id": 6454, "station": "Negro-Obra de Ctrl. Agua Abajo", "river": "", "var_id": 2, "network": "sat2", "cat_start": "2023-02-07T17:00:00", "cat_end": "2026-08-30T21:00:00", "donor_series_id": "", "donor_station": "", "donor_river": "", "match_type": "", "match_km": "", "river_agrees": "", "combined_years": 3.6, "tier": 3}}, {"type": "Feature", "geometry": {"type": "Point", "coordinates": [-63.8916666666667, -25.7158333333333]}, "properties": {"series_id": 33461, "station_id": 6457, "station": "Embalse Cruz Bajada", "river": "", "var_id": 2, "network": "sat2", "cat_start": "2023-02-07T16:01:00", "cat_end": "2026-08-30T20:00:00", "donor_series_id": "", "donor_station": "", "donor_river": "", "match_type": "", "match_km": "", "river_agrees": "", "combined_years": 3.6, "tier": 3}}, {"type": "Feature", "geometry": {"type": "Point", "coordinates": [-54.6205555555556, -25.9166666666667]}, "properties": {"series_id": 33696, "station_id": 6458, "station": "Paraná - Puerto Libertad", "river": "", "var_id": 2, "network": "sat2", "cat_start": "2024-07-01T12:00:00", "cat_end": "2026-08-30T16:00:00", "donor_series_id": 6503, "donor_station": "Paraná - Puerto Libertad", "donor_river": "Paraná", "match_type": "coords", "match_km": 0.02, "river_agrees": "unknown", "combined_years": 11.4, "tier": 2}}, {"type": "Feature", "geometry": {"type": "Point", "coordinates": [-63.8905555555556, -25.7163888888889]}, "properties": {"series_id": 32024, "station_id": 6459, "station": "Canal de Dios - Cruz Bajada", "river": "", "var_id": 2, "network": "sat2", "cat_start": "2023-02-07T16:01:00", "cat_end": "2026-08-30T20:00:00", "donor_series_id": "", "donor_station": "", "donor_river": "", "match_type": "", "match_km": "", "river_agrees": "", "combined_years": 3.6, "tier": 3}}, {"type": "Feature", "geometry": {"type": "Point", "coordinates": [-59.4738888888889, -28.7766666666667]}, "properties": {"series_id": 32023, "station_id": 6461, "station": "Aº Las Garzas - RN Nº 11", "river": "", "var_id": 2, "network": "sat2", "cat_start": "2023-02-07T20:00:00", "cat_end": "2026-08-30T16:00:00", "donor_series_id": "", "donor_station": "", "donor_river": "", "match_type": "", "match_km": "", "river_agrees": "", "combined_years": 3.6, "tier": 3}}, {"type": "Feature", "geometry": {"type": "Point", "coordinates": [-64.8080555555556, -23.9094444444444]}, "properties": {"series_id": 33117, "station_id": 6463, "station": "Ledesma -Fraile Pintado-RN 34 ", "river": "", "var_id": 2, "network": "sat2", "cat_start": "2023-02-07T16:01:00", "cat_end": "2026-08-30T21:00:00", "donor_series_id": "", "donor_station": "", "donor_river": "", "match_type": "", "match_km": "", "river_agrees": "", "combined_years": 3.6, "tier": 3}}, {"type": "Feature", "geometry": {"type": "Point", "coordinates": [-64.8986111111111, -24.2644444444444]}, "properties": {"series_id": 32777, "station_id": 6464, "station": "San Pedro - Ledesma - RN 34", "river": "", "var_id": 2, "network": "sat2", "cat_start": "2023-02-07T17:00:00", "cat_end": "2026-08-30T21:00:00", "donor_series_id": "", "donor_station": "", "donor_river": "", "match_type": "", "match_km": "", "river_agrees": "", "combined_years": 3.6, "tier": 3}}, {"type": "Feature", "geometry": {"type": "Point", "coordinates": [-68.2411111111111, -29.3488888888889]}, "properties": {"series_id": 33281, "station_id": 6466, "station": "Vinchina - Los Palacios -RN 40", "river": "", "var_id": 2, "network": "sat2", "cat_start": "2023-02-07T16:01:00", "cat_end": "2026-08-30T21:00:00", "donor_series_id": "", "donor_station": "", "donor_river": "", "match_type": "", "match_km": "", "river_agrees": "", "combined_years": 3.6, "tier": 3}}, {"type": "Feature", "geometry": {"type": "Point", "coordinates": [-65.3769444444444, -33.7391666666667]}, "properties": {"series_id": 32844, "station_id": 6472, "station": "Quinto -Av Circunvalación", "river": "", "var_id": 2, "network": "sat2", "cat_start": "2026-04-01T05:00:00", "cat_end": "2026-08-30T21:00:00", "donor_series_id": "", "donor_station": "", "donor_river": "", "match_type": "", "match_km": "", "river_agrees": "", "combined_years": 0.4, "tier": 3}}, {"type": "Feature", "geometry": {"type": "Point", "coordinates": [-66.71, -34.0869444444444]}, "properties": {"series_id": 33357, "station_id": 6483, "station": "Desaguadero - Salto de la Tosc", "river": "", "var_id": 2, "network": "sat2", "cat_start": "2023-02-07T20:00:00", "cat_end": "2026-08-30T16:00:00", "donor_series_id": "", "donor_station": "", "donor_river": "", "match_type": "", "match_km": "", "river_agrees": "", "combined_years": 3.6, "tier": 3}}, {"type": "Feature", "geometry": {"type": "Point", "coordinates": [-64.5119444444444, -26.2188888888889]}, "properties": {"series_id": 32820, "station_id": 6498, "station": "Urueña -7 de Abril - RN34", "river": "", "var_id": 2, "network": "sat2", "cat_start": "2024-09-11T16:00:00", "cat_end": "2026-08-30T20:00:00", "donor_series_id": "", "donor_station": "", "donor_river": "", "match_type": "", "match_km": "", "river_agrees": "", "combined_years": 2.0, "tier": 3}}, {"type": "Feature", "geometry": {"type": "Point", "coordinates": [-65.3175, -27.3361111111111]}, "properties": {"series_id": 32679, "station_id": 6504, "station": "Seco - RN Nº 157", "river": "", "var_id": 2, "network": "sat2", "cat_start": "2023-02-07T17:00:00", "cat_end": "2026-08-30T20:00:00", "donor_series_id": "", "donor_station": "", "donor_river": "", "match_type": "", "match_km": "", "river_agrees": "", "combined_years": 3.6, "tier": 3}}, {"type": "Feature", "geometry": {"type": "Point", "coordinates": [-65.1619444444444, -26.7191666666667]}, "properties": {"series_id": 33966, "station_id": 6506, "station": "Salí - Alta Gracia", "river": "", "var_id": 2, "network": "sat2", "cat_start": "2023-02-07T16:01:00", "cat_end": "2026-08-30T21:00:00", "donor_series_id": "", "donor_station": "", "donor_river": "", "match_type": "", "match_km": "", "river_agrees": "", "combined_years": 3.6, "tier": 3}}, {"type": "Feature", "geometry": {"type": "Point", "coordinates": [-70.2291666666667, -37.4063888888889]}, "properties": {"series_id": 32997, "station_id": 6507, "station": "Neuquén - Chos Malal -RN40", "river": "", "var_id": 2, "network": "sat2", "cat_start": "2023-02-12T17:00:00", "cat_end": "2026-08-30T21:00:00", "donor_series_id": "", "donor_station": "", "donor_river": "", "match_type": "", "match_km": "", "river_agrees": "", "combined_years": 3.5, "tier": 3}}, {"type": "Feature", "geometry": {"type": "Point", "coordinates": [-72.1063888888889, -50.9961111111111]}, "properties": {"series_id": 32862, "station_id": 6516, "station": "Vizcachas - Cerro Palique", "river": "", "var_id": 2, "network": "sat2", "cat_start": "2023-02-07T20:00:00", "cat_end": "2026-08-30T16:00:00", "donor_series_id": 6170, "donor_station": "Vizcachas - Cerro Palique", "donor_river": "Vizcachas", "match_type": "coords", "match_km": 0.01, "river_agrees": "unknown", "combined_years": 16.5, "tier": 2}}, {"type": "Feature", "geometry": {"type": "Point", "coordinates": [-71.3347222222222, -40.1530555555556]}, "properties": {"series_id": 33886, "station_id": 6519, "station": "Aº Trabunco -S.M. de Los Andes", "river": "", "var_id": 2, "network": "sat2", "cat_start": "2023-02-07T17:00:00", "cat_end": "2026-08-30T20:00:00", "donor_series_id": "", "donor_station": "", "donor_river": "", "match_type": "", "match_km": "", "river_agrees": "", "combined_years": 3.6, "tier": 3}}, {"type": "Feature", "geometry": {"type": "Point", "coordinates": [-53.7347222222222, -26.6133333333333]}, "properties": {"series_id": 33564, "station_id": 6522, "station": "Pepirí Guazú-Pte.Int.P.Rosales", "river": "", "var_id": 2, "network": "sat2", "cat_start": "2023-02-10T20:00:00", "cat_end": "2026-08-30T00:00:00", "donor_series_id": "", "donor_station": "", "donor_river": "", "match_type": "", "match_km": "", "river_agrees": "", "combined_years": 3.6, "tier": 3}}, {"type": "Feature", "geometry": {"type": "Point", "coordinates": [-70.5616666666667, -51.865]}, "properties": {"series_id": 33331, "station_id": 6533, "station": "Gallegos Chico - Bella Vista", "river": "", "var_id": 2, "network": "sat2", "cat_start": "2023-02-07T16:01:00", "cat_end": "2026-08-30T00:00:00", "donor_series_id": "", "donor_station": "", "donor_river": "", "match_type": "", "match_km": "", "river_agrees": "", "combined_years": 3.6, "tier": 3}}, {"type": "Feature", "geometry": {"type": "Point", "coordinates": [-69.1775, -31.2522222222222]}, "properties": {"series_id": 33009, "station_id": 6534, "station": "San Juan - Km 101 LIM", "river": "", "var_id": 2, "network": "sat2", "cat_start": "2023-02-07T20:00:00", "cat_end": "2026-08-30T16:00:00", "donor_series_id": "", "donor_station": "", "donor_river": "", "match_type": "", "match_km": "", "river_agrees": "", "combined_years": 3.6, "tier": 3}}, {"type": "Feature", "geometry": {"type": "Point", "coordinates": [-59.8169444444444, -34.3519444444444]}, "properties": {"series_id": 32711, "station_id": 6544, "station": "Areco - Carmen de Areco", "river": "", "var_id": 2, "network": "sat2", "cat_start": "2023-02-07T20:00:00", "cat_end": "2026-08-30T20:00:00", "donor_series_id": 43051, "donor_station": "Carmen de Areco", "donor_river": "Areco", "match_type": "coords", "match_km": 0.03, "river_agrees": "unknown", "combined_years": 11.0, "tier": 2}}, {"type": "Feature", "geometry": {"type": "Point", "coordinates": [-64.3691666666667, -22.7263888888889]}, "properties": {"series_id": 32851, "station_id": 6548, "station": "Bermejo - Aguas Blancas LIM", "river": "", "var_id": 2, "network": "sat2", "cat_start": "2023-02-07T17:00:00", "cat_end": "2026-08-30T20:00:00", "donor_series_id": 29685, "donor_station": "Bermejo - Aguas Blancas", "donor_river": "Bermejo", "match_type": "coords", "match_km": 0.5, "river_agrees": "unknown", "combined_years": 25.3, "tier": 2}}, {"type": "Feature", "geometry": {"type": "Point", "coordinates": [-64.3902777777778, -25.2497222222222]}, "properties": {"series_id": 32882, "station_id": 6549, "station": "Juramento - El Tunal", "river": "", "var_id": 2, "network": "sat2", "cat_start": "2023-02-07T17:00:00", "cat_end": "2026-08-30T21:00:00", "donor_series_id": "", "donor_station": "", "donor_river": "", "match_type": "", "match_km": "", "river_agrees": "", "combined_years": 3.6, "tier": 3}}, {"type": "Feature", "geometry": {"type": "Point", "coordinates": [-57.6216666666667, -30.2516666666667]}, "properties": {"series_id": 33230, "station_id": 6551, "station": "Uruguay - Monte Caseros", "river": "", "var_id": 2, "network": "sat2", "cat_start": "2023-02-09T01:01:00", "cat_end": "2026-08-30T21:00:00", "donor_series_id": "", "donor_station": "", "donor_river": "", "match_type": "", "match_km": "", "river_agrees": "", "combined_years": 3.6, "tier": 3}}, {"type": "Feature", "geometry": {"type": "Point", "coordinates": [-60.3341666666667, -24.4086111111111]}, "properties": {"series_id": 34065, "station_id": 6553, "station": "Bañado La Estrella - RP Nº28", "river": "", "var_id": 2, "network": "sat2", "cat_start": "2023-02-07T20:00:00", "cat_end": "2026-08-30T20:00:00", "donor_series_id": "", "donor_station": "", "donor_river": "", "match_type": "", "match_km": "", "river_agrees": "", "combined_years": 3.6, "tier": 3}}, {"type": "Feature", "geometry": {"type": "Point", "coordinates": [-66.2175, -26.9955555555556]}, "properties": {"series_id": 33974, "station_id": 6555, "station": "Santa Maria - Pie de Medano", "river": "", "var_id": 2, "network": "sat2", "cat_start": "2023-02-07T20:00:00", "cat_end": "2026-08-30T16:00:00", "donor_series_id": "", "donor_station": "", "donor_river": "", "match_type": "", "match_km": "", "river_agrees": "", "combined_years": 3.6, "tier": 3}}, {"type": "Feature", "geometry": {"type": "Point", "coordinates": [-54.1955555555556, -27.2922222222222]}, "properties": {"series_id": 33241, "station_id": 6578, "station": "Uruguay - El Soberbio", "river": "", "var_id": 2, "network": "sat2", "cat_start": "2023-02-07T20:00:00", "cat_end": "2026-08-30T20:00:00", "donor_series_id": 30049, "donor_station": "Uruguay - El Soberbio", "donor_river": "Uruguay", "match_type": "coords", "match_km": 0.73, "river_agrees": "unknown", "combined_years": 25.3, "tier": 2}}, {"type": "Feature", "geometry": {"type": "Point", "coordinates": [-69.475, -45.9861111111111]}, "properties": {"series_id": 33062, "station_id": 6582, "station": "Senguerr - Los Molinos", "river": "", "var_id": 2, "network": "sat2", "cat_start": "2023-02-08T08:00:00", "cat_end": "2026-08-30T20:00:00", "donor_series_id": 6467, "donor_station": "Senguerr-Los Molinos", "donor_river": "Senguerr", "match_type": "coords", "match_km": 0.01, "river_agrees": "unknown", "combined_years": 7.1, "tier": 3}}, {"type": "Feature", "geometry": {"type": "Point", "coordinates": [-54.5766666666667, -27.4405555555556]}, "properties": {"series_id": 33192, "station_id": 6592, "station": "A° Saltito - El Saltito", "river": "", "var_id": 2, "network": "sat2", "cat_start": "2023-02-07T16:01:00", "cat_end": "2026-08-30T16:00:00", "donor_series_id": "", "donor_station": "", "donor_river": "", "match_type": "", "match_km": "", "river_agrees": "", "combined_years": 3.6, "tier": 3}}, {"type": "Feature", "geometry": {"type": "Point", "coordinates": [-62.4133333333333, -34.4494444444444]}, "properties": {"series_id": 34145, "station_id": 6595, "station": "Lag. La Picasa-Inter. Can. A22", "river": "", "var_id": 2, "network": "sat2", "cat_start": "2023-02-07T20:00:00", "cat_end": "2026-08-30T16:00:00", "donor_series_id": "", "donor_station": "", "donor_river": "", "match_type": "", "match_km": "", "river_agrees": "", "combined_years": 3.6, "tier": 3}}, {"type": "Feature", "geometry": {"type": "Point", "coordinates": [-68.3983333333333, -43.8886111111111]}, "properties": {"series_id": 33064, "station_id": 6608, "station": "Chubut - Los Altares", "river": "", "var_id": 2, "network": "sat2", "cat_start": "2023-02-07T20:00:00", "cat_end": "2026-08-30T20:00:00", "donor_series_id": 6448, "donor_station": "Chubut - Los Altares", "donor_river": "Chubut", "match_type": "coords", "match_km": 0.09, "river_agrees": "unknown", "combined_years": 7.1, "tier": 3}}, {"type": "Feature", "geometry": {"type": "Point", "coordinates": [-55.6422222222222, -28.1772222222222]}, "properties": {"series_id": 33231, "station_id": 6615, "station": "Uruguay - Garruchos", "river": "", "var_id": 2, "network": "sat2", "cat_start": "2023-02-07T20:00:00", "cat_end": "2026-08-30T16:00:00", "donor_series_id": 30077, "donor_station": "Uruguay - Garruchos", "donor_river": "Uruguay", "match_type": "coords", "match_km": 0.22, "river_agrees": "unknown", "combined_years": 3.6, "tier": 3}}, {"type": "Feature", "geometry": {"type": "Point", "coordinates": [-67.0163888888889, -27.6155555555556]}, "properties": {"series_id": 33056, "station_id": 6616, "station": "Dique Belén - Aguas Abajo", "river": "", "var_id": 2, "network": "sat2", "cat_start": "2024-09-13T16:00:00", "cat_end": "2026-08-30T20:00:00", "donor_series_id": "", "donor_station": "", "donor_river": "", "match_type": "", "match_km": "", "river_agrees": "", "combined_years": 2.0, "tier": 3}}, {"type": "Feature", "geometry": {"type": "Point", "coordinates": [-57.0830555555556, -29.7219444444444]}, "properties": {"series_id": 33988, "station_id": 6621, "station": "Uruguay - Paso de los Libres", "river": "", "var_id": 2, "network": "sat2", "cat_start": "2024-11-01T20:00:00", "cat_end": "2026-08-30T08:00:00", "donor_series_id": 6574, "donor_station": "Uruguay - Paso de los Libres", "donor_river": "Uruguay", "match_type": "coords", "match_km": 0.3, "river_agrees": "unknown", "combined_years": 25.3, "tier": 2}}, {"type": "Feature", "geometry": {"type": "Point", "coordinates": [-68.3769444444444, -53.5480555555556]}, "properties": {"series_id": 33059, "station_id": 6625, "station": "Chico - Chico 2", "river": "", "var_id": 2, "network": "sat2", "cat_start": "2024-09-13T16:00:00", "cat_end": "2026-08-30T16:00:00", "donor_series_id": "", "donor_station": "", "donor_river": "", "match_type": "", "match_km": "", "river_agrees": "", "combined_years": 2.0, "tier": 3}}, {"type": "Feature", "geometry": {"type": "Point", "coordinates": [-59.5147222222222, -30.3511111111111]}, "properties": {"series_id": 34086, "station_id": 6626, "station": "Guayquiraró - RN 12 - A°Curupí", "river": "", "var_id": 2, "network": "sat2", "cat_start": "2024-09-21T12:00:00", "cat_end": "2026-08-30T20:00:00", "donor_series_id": 120, "donor_station": "Paso Telégrafo", "donor_river": "GUAYQUIRARO", "match_type": "coords", "match_km": 0.84, "river_agrees": "unknown", "combined_years": 11.2, "tier": 2}}, {"type": "Feature", "geometry": {"type": "Point", "coordinates": [-65.2877777777778, -28.5911111111111]}, "properties": {"series_id": 34147, "station_id": 6631, "station": "Dique Sotomayor - Aguas abajo", "river": "", "var_id": 2, "network": "sat2", "cat_start": "2024-09-13T16:00:00", "cat_end": "2026-08-30T20:00:00", "donor_series_id": "", "donor_station": "", "donor_river": "", "match_type": "", "match_km": "", "river_agrees": "", "combined_years": 2.0, "tier": 3}}, {"type": "Feature", "geometry": {"type": "Point", "coordinates": [-68.2525, -29.2580555555556]}, "properties": {"series_id": 33393, "station_id": 6637, "station": "Bermejo - Azud los Colorados", "river": "", "var_id": 2, "network": "sat2", "cat_start": "2024-09-13T16:00:00", "cat_end": "2026-08-30T16:00:00", "donor_series_id": "", "donor_station": "", "donor_river": "", "match_type": "", "match_km": "", "river_agrees": "", "combined_years": 2.0, "tier": 3}}, {"type": "Feature", "geometry": {"type": "Point", "coordinates": [-67.0163888888889, -27.615]}, "properties": {"series_id": 33927, "station_id": 6638, "station": "Dique Belén - Embalse", "river": "", "var_id": 2, "network": "sat2", "cat_start": "2024-09-13T16:00:00", "cat_end": "2026-08-30T20:00:00", "donor_series_id": "", "donor_station": "", "donor_river": "", "match_type": "", "match_km": "", "river_agrees": "", "combined_years": 2.0, "tier": 3}}, {"type": "Feature", "geometry": {"type": "Point", "coordinates": [-68.5313888888889, -53.8416666666667]}, "properties": {"series_id": 33058, "station_id": 6639, "station": "Afluente Río Grande       ", "river": "", "var_id": 2, "network": "sat2", "cat_start": "2024-09-13T16:00:00", "cat_end": "2026-08-30T16:00:00", "donor_series_id": "", "donor_station": "", "donor_river": "", "match_type": "", "match_km": "", "river_agrees": "", "combined_years": 2.0, "tier": 3}}, {"type": "Feature", "geometry": {"type": "Point", "coordinates": [-70.8913888888889, -41.8419444444444]}, "properties": {"series_id": 33516, "station_id": 6640, "station": "Ñorquinco - Ñorquinco", "river": "", "var_id": 2, "network": "sat2", "cat_start": "2024-09-13T16:00:00", "cat_end": "2026-08-30T16:00:00", "donor_series_id": "", "donor_station": "", "donor_river": "", "match_type": "", "match_km": "", "river_agrees": "", "combined_years": 2.0, "tier": 3}}, {"type": "Feature", "geometry": {"type": "Point", "coordinates": [-71.6194444444444, -42.0972222222222]}, "properties": {"series_id": 33394, "station_id": 6649, "station": "Lago Puelo - Lago Puelo", "river": "", "var_id": 2, "network": "sat2", "cat_start": "2024-09-13T16:00:00", "cat_end": "2026-08-30T21:00:00", "donor_series_id": 6406, "donor_station": "LAGO PUELO - LAGO PUELO", "donor_river": "Puelo", "match_type": "coords", "match_km": 0.3, "river_agrees": "unknown", "combined_years": 7.1, "tier": 3}}, {"type": "Feature", "geometry": {"type": "Point", "coordinates": [-65.3155555555555, -27.1333333333333]}, "properties": {"series_id": 33520, "station_id": 6650, "station": "Salí - RP Nº323", "river": "", "var_id": 2, "network": "sat2", "cat_start": "2023-02-07T20:00:00", "cat_end": "2026-08-30T21:00:00", "donor_series_id": "", "donor_station": "", "donor_river": "", "match_type": "", "match_km": "", "river_agrees": "", "combined_years": 3.6, "tier": 3}}, {"type": "Feature", "geometry": {"type": "Point", "coordinates": [-72.2838888888889, -48.2061111111111]}, "properties": {"series_id": 33395, "station_id": 6654, "station": "Carreras - Frontera", "river": "", "var_id": 2, "network": "sat2", "cat_start": "2024-09-13T16:00:00", "cat_end": "2026-08-30T20:00:00", "donor_series_id": 6164, "donor_station": "CARRERAS - FRONTERA", "donor_river": "Carreras", "match_type": "coords", "match_km": 0.05, "river_agrees": "unknown", "combined_years": 7.1, "tier": 3}}, {"type": "Feature", "geometry": {"type": "Point", "coordinates": [-59.8938888888889, -36.8311111111111]}, "properties": {"series_id": 34000, "station_id": 6655, "station": "Aº Azul - Seminario Diocesano", "river": "", "var_id": 2, "network": "sat2", "cat_start": "2023-02-15T16:00:00", "cat_end": "2026-08-30T21:00:00", "donor_series_id": 29898, "donor_station": "Seminario Diocesano de Azul", "donor_river": "AZUL", "match_type": "coords", "match_km": 0.0, "river_agrees": "unknown", "combined_years": 11.1, "tier": 2}}, {"type": "Feature", "geometry": {"type": "Point", "coordinates": [-68.2205555555556, -28.7436111111111]}, "properties": {"series_id": 34088, "station_id": 6657, "station": "Vinchina - Vinchina", "river": "", "var_id": 2, "network": "sat2", "cat_start": "2025-01-22T16:00:00", "cat_end": "2026-08-30T20:00:00", "donor_series_id": "", "donor_station": "", "donor_river": "", "match_type": "", "match_km": "", "river_agrees": "", "combined_years": 1.6, "tier": 3}}, {"type": "Feature", "geometry": {"type": "Point", "coordinates": [-57.8730555555556, -25.875]}, "properties": {"series_id": 34001, "station_id": 6658, "station": "Paraguay - Puerto Dalmacia", "river": "", "var_id": 2, "network": "sat2", "cat_start": "2023-02-13T12:00:00", "cat_end": "2026-08-30T20:00:00", "donor_series_id": "", "donor_station": "", "donor_river": "", "match_type": "", "match_km": "", "river_agrees": "", "combined_years": 3.5, "tier": 3}}, {"type": "Feature", "geometry": {"type": "Point", "coordinates": [-58.3591666666667, -26.4077777777778]}, "properties": {"series_id": 33061, "station_id": 6659, "station": "Riacho Salado - Tatané - RN 11", "river": "", "var_id": 2, "network": "sat2", "cat_start": "2023-02-07T20:00:00", "cat_end": "2026-08-30T20:00:00", "donor_series_id": "", "donor_station": "", "donor_river": "", "match_type": "", "match_km": "", "river_agrees": "", "combined_years": 3.6, "tier": 3}}, {"type": "Feature", "geometry": {"type": "Point", "coordinates": [-59.4997222222222, -24.7469444444444]}, "properties": {"series_id": 33396, "station_id": 6660, "station": "Pilcomayo - Villa Gral. Güemes", "river": "", "var_id": 2, "network": "sat2", "cat_start": "2023-02-08T16:00:00", "cat_end": "2026-08-30T20:00:00", "donor_series_id": "", "donor_station": "", "donor_river": "", "match_type": "", "match_km": "", "river_agrees": "", "combined_years": 3.6, "tier": 3}}, {"type": "Feature", "geometry": {"type": "Point", "coordinates": [-67.0208333333333, -28.2613888888889]}, "properties": {"series_id": 33523, "station_id": 6661, "station": "Abaucán - Limite con La Rioja", "river": "", "var_id": 2, "network": "sat2", "cat_start": "2024-09-13T16:00:00", "cat_end": "2026-08-30T20:00:00", "donor_series_id": "", "donor_station": "", "donor_river": "", "match_type": "", "match_km": "", "river_agrees": "", "combined_years": 2.0, "tier": 3}}, {"type": "Feature", "geometry": {"type": "Point", "coordinates": [-57.9827777777778, -30.6275]}, "properties": {"series_id": 33216, "station_id": 6664, "station": "Aº Mocoretá - RN Nº 14", "river": "", "var_id": 2, "network": "sat2", "cat_start": "2023-02-09T08:00:00", "cat_end": "2026-08-30T20:00:00", "donor_series_id": 6568, "donor_station": "Mocoretá - Rnnº 014", "donor_river": "Mocoretá", "match_type": "coords", "match_km": 0.06, "river_agrees": "unknown", "combined_years": 16.3, "tier": 2}}, {"type": "Feature", "geometry": {"type": "Point", "coordinates": [-72.3111111111111, -51.0297222222222]}, "properties": {"series_id": 33066, "station_id": 6667, "station": "Vizcachas - Limite con Chile", "river": "", "var_id": 2, "network": "sat2", "cat_start": "2024-09-13T16:00:00", "cat_end": "2026-08-30T16:00:00", "donor_series_id": "", "donor_station": "", "donor_river": "", "match_type": "", "match_km": "", "river_agrees": "", "combined_years": 2.0, "tier": 3}}, {"type": "Feature", "geometry": {"type": "Point", "coordinates": [-60.1530555555556, -31.1933333333333]}, "properties": {"series_id": 33531, "station_id": 6669, "station": "San Javier - Cayastá", "river": "", "var_id": 2, "network": "sat2", "cat_start": "2024-09-13T16:00:00", "cat_end": "2026-08-30T16:00:00", "donor_series_id": 6260, "donor_station": "SAN JAVIER - CAYASTÁ", "donor_river": "San Javier", "match_type": "coords", "match_km": 0.65, "river_agrees": "unknown", "combined_years": 25.3, "tier": 2}}, {"type": "Feature", "geometry": {"type": "Point", "coordinates": [-71.965, -50.87]}, "properties": {"series_id": 34148, "station_id": 6671, "station": "Vizcachas - Nacimiento", "river": "", "var_id": 2, "network": "sat2", "cat_start": "2024-09-13T16:00:00", "cat_end": "2026-08-30T16:00:00", "donor_series_id": "", "donor_station": "", "donor_river": "", "match_type": "", "match_km": "", "river_agrees": "", "combined_years": 2.0, "tier": 3}}, {"type": "Feature", "geometry": {"type": "Point", "coordinates": [-68.1177777777778, -53.9288888888889]}, "properties": {"series_id": 33067, "station_id": 6672, "station": "Ona - Ona - RP B", "river": "", "var_id": 2, "network": "sat2", "cat_start": "2025-02-13T20:00:00", "cat_end": "2026-08-30T20:00:00", "donor_series_id": "", "donor_station": "", "donor_river": "", "match_type": "", "match_km": "", "river_agrees": "", "combined_years": 1.5, "tier": 3}}, {"type": "Feature", "geometry": {"type": "Point", "coordinates": [-64.6527777777778, -22.1902777777778]}, "properties": {"series_id": 33399, "station_id": 6678, "station": "Bermejo - Alarache", "river": "", "var_id": 2, "network": "sat2", "cat_start": "2024-09-13T16:00:00", "cat_end": "2026-08-30T20:00:00", "donor_series_id": "", "donor_station": "", "donor_river": "", "match_type": "", "match_km": "", "river_agrees": "", "combined_years": 2.0, "tier": 3}}, {"type": "Feature", "geometry": {"type": "Point", "coordinates": [-60.6777777777778, -31.6302777777778]}, "properties": {"series_id": 34093, "station_id": 6685, "station": "Sis. Setúbal-Sta. Fé-La Guard.", "river": "", "var_id": 2, "network": "sat2", "cat_start": "2024-09-13T16:00:00", "cat_end": "2026-08-30T21:00:00", "donor_series_id": 30115, "donor_station": "SANTA FE - LA GUARDIA", "donor_river": "SISTEMA SETÚBAL", "match_type": "coords", "match_km": 0.02, "river_agrees": "unknown", "combined_years": 25.3, "tier": 2}}, {"type": "Feature", "geometry": {"type": "Point", "coordinates": [-60.1088888888889, -35.0880555555556]}, "properties": {"series_id": 34115, "station_id": 6698, "station": "Salado RP Nº 51 - Achupallas", "river": "", "var_id": 2, "network": "sat2", "cat_start": "2023-02-07T20:00:00", "cat_end": "2026-08-30T16:00:00", "donor_series_id": "", "donor_station": "", "donor_river": "", "match_type": "", "match_km": "", "river_agrees": "", "combined_years": 3.6, "tier": 3}}, {"type": "Feature", "geometry": {"type": "Point", "coordinates": [-71.6397222222222, -46.5541666666667]}, "properties": {"series_id": 33400, "station_id": 6706, "station": "Los Antiguos - Los Antiguos", "river": "", "var_id": 2, "network": "sat2", "cat_start": "2023-02-07T18:00:00", "cat_end": "2026-08-30T19:00:00", "donor_series_id": 29935, "donor_station": "Los Antiguos - Ruta Provincial Nº 043", "donor_river": "Los Antiguos", "match_type": "coords", "match_km": 0.01, "river_agrees": "unknown", "combined_years": 18.7, "tier": 2}}, {"type": "Feature", "geometry": {"type": "Point", "coordinates": [-64.0461111111111, -25.3441666666667]}, "properties": {"series_id": 33793, "station_id": 6707, "station": "Juramento - El Quebrachal", "river": "", "var_id": 2, "network": "sat2", "cat_start": "2024-09-13T16:00:00", "cat_end": "2026-08-30T21:00:00", "donor_series_id": 6368, "donor_station": "JURAMENTO - EL QUEBRACHAL", "donor_river": "Juramento", "match_type": "coords", "match_km": 0.06, "river_agrees": "unknown", "combined_years": 24.9, "tier": 2}}, {"type": "Feature", "geometry": {"type": "Point", "coordinates": [-67.2327777777778, -54.5269444444444]}, "properties": {"series_id": 33250, "station_id": 6718, "station": "Lago Fagnano – Puerto Tolhuin ", "river": "", "var_id": 2, "network": "sat2", "cat_start": "2024-09-22T01:00:00", "cat_end": "2026-08-30T21:00:00", "donor_series_id": "", "donor_station": "", "donor_river": "", "match_type": "", "match_km": "", "river_agrees": "", "combined_years": 1.9, "tier": 3}}, {"type": "Feature", "geometry": {"type": "Point", "coordinates": [-61.4722222222222, -33.6680555555556]}, "properties": {"series_id": 34219, "station_id": 6722, "station": "Laguna Melincué - RP Nº 90", "river": "", "var_id": 2, "network": "sat2", "cat_start": "2024-12-22T13:00:00", "cat_end": "2026-08-30T21:00:00", "donor_series_id": "", "donor_station": "", "donor_river": "", "match_type": "", "match_km": "", "river_agrees": "", "combined_years": 1.7, "tier": 3}}, {"type": "Feature", "geometry": {"type": "Point", "coordinates": [-68.5947222222222, -53.9983333333333]}, "properties": {"series_id": 34118, "station_id": 6726, "station": "Bella Vista -  Radman", "river": "", "var_id": 2, "network": "sat2", "cat_start": "2025-02-13T16:00:00", "cat_end": "2026-08-30T20:00:00", "donor_series_id": "", "donor_station": "", "donor_river": "", "match_type": "", "match_km": "", "river_agrees": "", "combined_years": 1.5, "tier": 3}}, {"type": "Feature", "geometry": {"type": "Point", "coordinates": [-60.8158333333333, -32.4275]}, "properties": {"series_id": 33251, "station_id": 6730, "station": "Coronda - Puerto Gaboto", "river": "", "var_id": 2, "network": "sat2", "cat_start": "2024-09-13T16:00:00", "cat_end": "2026-08-30T16:00:00", "donor_series_id": 6276, "donor_station": "CORONDA - PUERTO GABOTO", "donor_river": "Coronda", "match_type": "coords", "match_km": 0.34, "river_agrees": "unknown", "combined_years": 25.3, "tier": 2}}, {"type": "Feature", "geometry": {"type": "Point", "coordinates": [-57.5655555555556, -29.2969444444444]}, "properties": {"series_id": 34121, "station_id": 6735, "station": "Miriñay - San Roquito", "river": "", "var_id": 2, "network": "sat2", "cat_start": "2024-09-13T16:00:00", "cat_end": "2026-08-30T20:00:00", "donor_series_id": 6633, "donor_station": "Miriñay - San Roquito", "donor_river": "Miriñay", "match_type": "coords", "match_km": 0.04, "river_agrees": "unknown", "combined_years": 25.3, "tier": 2}}, {"type": "Feature", "geometry": {"type": "Point", "coordinates": [-65.8494444444444, -22.9008333333333]}, "properties": {"series_id": 33426, "station_id": 6738, "station": "Miraflores - Sayate", "river": "", "var_id": 2, "network": "sat2", "cat_start": "2024-09-13T16:00:00", "cat_end": "2026-08-30T16:00:00", "donor_series_id": 6324, "donor_station": "Miraflores - Sayate", "donor_river": "Miraflores", "match_type": "coords", "match_km": 0.0, "river_agrees": "unknown", "combined_years": 17.1, "tier": 2}}, {"type": "Feature", "geometry": {"type": "Point", "coordinates": [-71.5411111111111, -42.4955555555556]}, "properties": {"series_id": 33252, "station_id": 6740, "station": "Carrileufú - Cholila", "river": "", "var_id": 2, "network": "sat2", "cat_start": "2025-08-13T20:00:00", "cat_end": "2026-08-30T16:00:00", "donor_series_id": 6398, "donor_station": "CARRILEUFÚ - CHOLILA", "donor_river": "Carrileufú", "match_type": "coords", "match_km": 0.0, "river_agrees": "unknown", "combined_years": 1.0, "tier": 3}}, {"type": "Feature", "geometry": {"type": "Point", "coordinates": [-65.9977777777778, -27.4333333333333]}, "properties": {"series_id": 33952, "station_id": 6744, "station": "Del Campo - Cabo San Miguel", "river": "", "var_id": 2, "network": "sat2", "cat_start": "2025-05-23T16:00:00", "cat_end": "2026-08-30T04:00:00", "donor_series_id": "", "donor_station": "", "donor_river": "", "match_type": "", "match_km": "", "river_agrees": "", "combined_years": 1.3, "tier": 3}}, {"type": "Feature", "geometry": {"type": "Point", "coordinates": [-64.0911111111111, -30.9702777777778]}, "properties": {"series_id": 33948, "station_id": 6745, "station": "Guanasacate - Jesús Maria", "river": "", "var_id": 2, "network": "sat2", "cat_start": "2024-09-13T16:00:00", "cat_end": "2026-08-30T21:00:00", "donor_series_id": "", "donor_station": "", "donor_river": "", "match_type": "", "match_km": "", "river_agrees": "", "combined_years": 2.0, "tier": 3}}, {"type": "Feature", "geometry": {"type": "Point", "coordinates": [-62.1688888888889, -31.9905555555556]}, "properties": {"series_id": 34178, "station_id": 6746, "station": "Canal San Antonio- RP Nº66", "river": "", "var_id": 2, "network": "sat2", "cat_start": "2024-09-13T16:00:00", "cat_end": "2026-08-30T21:00:00", "donor_series_id": "", "donor_station": "", "donor_river": "", "match_type": "", "match_km": "", "river_agrees": "", "combined_years": 2.0, "tier": 3}}, {"type": "Feature", "geometry": {"type": "Point", "coordinates": [-58.397766, -34.786209]}, "properties": {"series_id": 35405, "station_id": 6949, "station": "Finky", "river": "", "var_id": 2, "network": "prevenir", "cat_start": "2024-07-07T09:45:00", "cat_end": "2026-08-30T21:15:00", "donor_series_id": "", "donor_station": "", "donor_river": "", "match_type": "", "match_km": "", "river_agrees": "", "combined_years": 2.1, "tier": 3}}, {"type": "Feature", "geometry": {"type": "Point", "coordinates": [-58.30934, -34.738069]}, "properties": {"series_id": 35407, "station_id": 6950, "station": "LP_Libano", "river": "Arroyo Las Piedras", "var_id": 2, "network": "prevenir", "cat_start": "2024-07-07T09:45:00", "cat_end": "2026-08-30T20:45:11", "donor_series_id": "", "donor_station": "", "donor_river": "", "match_type": "", "match_km": "", "river_agrees": "", "combined_years": 2.1, "tier": 3}}, {"type": "Feature", "geometry": {"type": "Point", "coordinates": [-58.323275, -34.687629]}, "properties": {"series_id": 35411, "station_id": 6952, "station": "SD_Olmos", "river": "Canal Santo Domingo", "var_id": 2, "network": "prevenir", "cat_start": "2024-07-07T09:45:00", "cat_end": "2026-08-30T21:10:00", "donor_series_id": "", "donor_station": "", "donor_river": "", "match_type": "", "match_km": "", "river_agrees": "", "combined_years": 2.1, "tier": 3}}, {"type": "Feature", "geometry": {"type": "Point", "coordinates": [-59.6547222222222, -29.1333333333333]}, "properties": {"series_id": 36689, "station_id": 7162, "station": "Aº El Rey - RN Nº11", "river": "", "var_id": 2, "network": "sat2", "cat_start": "2024-07-01T00:00:00", "cat_end": "2026-08-30T21:00:00", "donor_series_id": 6252, "donor_station": "El Rey - Ruta Nacional Nº 011", "donor_river": "El Rey", "match_type": "coords", "match_km": 0.0, "river_agrees": "unknown", "combined_years": 25.3, "tier": 2}}, {"type": "Feature", "geometry": {"type": "Point", "coordinates": [-60.5469444444444, -29.3880555555556]}, "properties": {"series_id": 36724, "station_id": 7185, "station": "CIRHBAS - LIM  LAGUNA EL BONETE", "river": "", "var_id": 2, "network": "sat2", "cat_start": "2024-09-14T09:00:00", "cat_end": "2026-08-30T16:00:00", "donor_series_id": "", "donor_station": "", "donor_river": "", "match_type": "", "match_km": "", "river_agrees": "", "combined_years": 2.0, "tier": 3}}, {"type": "Feature", "geometry": {"type": "Point", "coordinates": [-61.3519444444444, -28.0886111111111]}, "properties": {"series_id": 36727, "station_id": 7188, "station": "CIRHBAS - LIM BAJO CHOROTIS-RN 95", "river": "", "var_id": 2, "network": "sat2", "cat_start": "2024-09-14T03:00:00", "cat_end": "2026-08-30T15:00:00", "donor_series_id": "", "donor_station": "", "donor_river": "", "match_type": "", "match_km": "", "river_agrees": "", "combined_years": 2.0, "tier": 3}}, {"type": "Feature", "geometry": {"type": "Point", "coordinates": [-60.5691666666667, -28.9947222222222]}, "properties": {"series_id": 36728, "station_id": 7189, "station": "CIRHBAS - LIM CANAL INTERLAGOS-CANAL INTERLAGOS", "river": "", "var_id": 2, "network": "sat2", "cat_start": "2024-09-14T09:00:00", "cat_end": "2026-08-30T15:00:00", "donor_series_id": "", "donor_station": "", "donor_river": "", "match_type": "", "match_km": "", "river_agrees": "", "combined_years": 2.0, "tier": 3}}, {"type": "Feature", "geometry": {"type": "Point", "coordinates": [-60.7155555555556, -27.9977777777778]}, "properties": {"series_id": 36729, "station_id": 7190, "station": "CIRHBAS - LIM CANAL LINEA PARANA TRAMO IV", "river": "", "var_id": 2, "network": "sat2", "cat_start": "2024-09-14T03:00:00", "cat_end": "2026-08-30T15:00:00", "donor_series_id": "", "donor_station": "", "donor_river": "", "match_type": "", "match_km": "", "river_agrees": "", "combined_years": 2.0, "tier": 3}}, {"type": "Feature", "geometry": {"type": "Point", "coordinates": [-59.9755555555556, -28.1102777777778]}, "properties": {"series_id": 36732, "station_id": 7193, "station": "CIRHBAS - LIM LOS AMORES - CAN", "river": "", "var_id": 2, "network": "sat2", "cat_start": "2024-09-13T16:00:00", "cat_end": "2026-08-30T21:00:00", "donor_series_id": 6285, "donor_station": "Canal Línea Paraná - Rp Nº 3", "donor_river": "Canal lí­nea Paraná", "match_type": "coords", "match_km": 0.03, "river_agrees": "unknown", "combined_years": 16.4, "tier": 2}}, {"type": "Feature", "geometry": {"type": "Point", "coordinates": [-59.4216666666667, -28.2744444444444]}, "properties": {"series_id": 36735, "station_id": 7196, "station": "CIRHBAS - LIM VILLA GUILLERMINA-ARROYO LOS AMORES", "river": "", "var_id": 2, "network": "sat2", "cat_start": "2024-09-14T03:00:00", "cat_end": "2026-08-30T15:00:00", "donor_series_id": "", "donor_station": "", "donor_river": "", "match_type": "", "match_km": "", "river_agrees": "", "combined_years": 2.0, "tier": 3}}, {"type": "Feature", "geometry": {"type": "Point", "coordinates": [-60.0758333333333, -27.0722222222222]}, "properties": {"series_id": 36786, "station_id": 7204, "station": "CIRHBAS - PF EL AGUARA", "river": "", "var_id": 2, "network": "sat2", "cat_start": "2024-09-14T09:00:00", "cat_end": "2026-08-30T20:00:00", "donor_series_id": "", "donor_station": "", "donor_river": "", "match_type": "", "match_km": "", "river_agrees": "", "combined_years": 2.0, "tier": 3}}, {"type": "Feature", "geometry": {"type": "Point", "coordinates": [-56.2583333333333, -27.8244444444444]}, "properties": {"series_id": 36827, "station_id": 7230, "station": "Aguapey - Caá Caraí", "river": "", "var_id": 2, "network": "sat2", "cat_start": "2024-09-13T16:00:00", "cat_end": "2026-08-30T20:00:00", "donor_series_id": 30097, "donor_station": "Aguapey - Caa Caraí", "donor_river": "Aguapey", "match_type": "coords", "match_km": 0.01, "river_agrees": "unknown", "combined_years": 2.2, "tier": 3}}, {"type": "Feature", "geometry": {"type": "Point", "coordinates": [-58.7075, -30.3930555555556]}, "properties": {"series_id": 36832, "station_id": 7234, "station": "Aº Feliciano - Paso Correa RP2", "river": "", "var_id": 2, "network": "sat2", "cat_start": "2024-09-13T16:00:00", "cat_end": "2026-08-30T21:00:00", "donor_series_id": 6542, "donor_station": "Arroyo Feliciano - Rp Nº 2-Paso Correa", "donor_river": "Arroyo Feliciano", "match_type": "coords", "match_km": 0.01, "river_agrees": "unknown", "combined_years": 11.3, "tier": 2}}, {"type": "Feature", "geometry": {"type": "Point", "coordinates": [-59.3558333333333, -28.5558333333333]}, "properties": {"series_id": 36835, "station_id": 7236, "station": "Aº Los Amores - RN Nº11", "river": "", "var_id": 2, "network": "sat2", "cat_start": "2024-09-13T16:00:00", "cat_end": "2026-08-30T20:00:00", "donor_series_id": 29955, "donor_station": "Los Amores - Ruta Nacional Nº 011", "donor_river": "Los Amores", "match_type": "coords", "match_km": 0.01, "river_agrees": "unknown", "combined_years": 25.3, "tier": 2}}, {"type": "Feature", "geometry": {"type": "Point", "coordinates": [-58.5077777777778, -34.5611111111111]}, "properties": {"series_id": 36837, "station_id": 7237, "station": "Aº Medrano Reser. - Tecnópolis", "river": "", "var_id": 2, "network": "sat2", "cat_start": "2024-09-13T15:15:00", "cat_end": "2026-08-30T21:00:00", "donor_series_id": "", "donor_station": "", "donor_river": "", "match_type": "", "match_km": "", "river_agrees": "", "combined_years": 2.0, "tier": 3}}, {"type": "Feature", "geometry": {"type": "Point", "coordinates": [-60.5766666666667, -33.36]}, "properties": {"series_id": 36838, "station_id": 7238, "station": "Aº Pavón - Cnel. Bogado", "river": "", "var_id": 2, "network": "sat2", "cat_start": "2024-09-13T16:00:00", "cat_end": "2026-08-30T21:00:00", "donor_series_id": 140, "donor_station": "Cnel. Bogado", "donor_river": "PAVON", "match_type": "coords", "match_km": 0.01, "river_agrees": "unknown", "combined_years": 25.3, "tier": 2}}, {"type": "Feature", "geometry": {"type": "Point", "coordinates": [-60.3108333333333, -36.8791666666667]}, "properties": {"series_id": 36844, "station_id": 7242, "station": "Aº Tapalqué - Av de los Trabaj", "river": "", "var_id": 2, "network": "sat2", "cat_start": "2024-09-13T16:00:00", "cat_end": "2026-08-30T18:00:00", "donor_series_id": "", "donor_station": "", "donor_river": "", "match_type": "", "match_km": "", "river_agrees": "", "combined_years": 2.0, "tier": 3}}, {"type": "Feature", "geometry": {"type": "Point", "coordinates": [-60.9555555555556, -36.3711111111111]}, "properties": {"series_id": 36845, "station_id": 7243, "station": "Aº Vallimanca - RN 226", "river": "", "var_id": 2, "network": "sat2", "cat_start": "2024-09-13T16:00:00", "cat_end": "2026-08-30T16:00:00", "donor_series_id": "", "donor_station": "", "donor_river": "", "match_type": "", "match_km": "", "river_agrees": "", "combined_years": 2.0, "tier": 3}}, {"type": "Feature", "geometry": {"type": "Point", "coordinates": [-71.5661111111111, -41.9588888888889]}, "properties": {"series_id": 36848, "station_id": 7245, "station": "Azul - Puesto 1", "river": "", "var_id": 2, "network": "sat2", "cat_start": "2024-09-13T16:00:00", "cat_end": "2026-08-30T16:00:00", "donor_series_id": 6209, "donor_station": "AZUL - PUESTO 1", "donor_river": "Azul", "match_type": "coords", "match_km": 0.01, "river_agrees": "unknown", "combined_years": 7.1, "tier": 3}}, {"type": "Feature", "geometry": {"type": "Point", "coordinates": [-64.4636111111111, -22.4925]}, "properties": {"series_id": 36858, "station_id": 7247, "station": "Bermejo - Balapuca MET", "river": "", "var_id": 2, "network": "sat2", "cat_start": "2024-09-24T16:00:00", "cat_end": "2026-08-28T16:00:00", "donor_series_id": 6343, "donor_station": "Bermejo - Balapuca", "donor_river": "Bermejo", "match_type": "coords", "match_km": 0.01, "river_agrees": "unknown", "combined_years": 25.3, "tier": 2}}, {"type": "Feature", "geometry": {"type": "Point", "coordinates": [-64.1947222222222, -23.1438888888889]}, "properties": {"series_id": 36859, "station_id": 7248, "station": "Bermejo - P. Sarmiento", "river": "", "var_id": 2, "network": "sat2", "cat_start": "2024-09-13T16:00:00", "cat_end": "2026-08-30T20:00:00", "donor_series_id": "", "donor_station": "", "donor_river": "", "match_type": "", "match_km": "", "river_agrees": "", "combined_years": 2.0, "tier": 3}}, {"type": "Feature", "geometry": {"type": "Point", "coordinates": [-64.9613888888889, -22.2486111111111]}, "properties": {"series_id": 36860, "station_id": 7249, "station": "Bermejo - Santa Victoria Oeste", "river": "", "var_id": 2, "network": "sat2", "cat_start": "2024-09-13T16:00:00", "cat_end": "2026-08-30T20:00:00", "donor_series_id": "", "donor_station": "", "donor_river": "", "match_type": "", "match_km": "", "river_agrees": "", "combined_years": 2.0, "tier": 3}}, {"type": "Feature", "geometry": {"type": "Point", "coordinates": [-69.17, -30.0505555555556]}, "properties": {"series_id": 36862, "station_id": 7250, "station": "Blanco - Angualasto", "river": "", "var_id": 2, "network": "sat2", "cat_start": "2024-09-13T16:00:00", "cat_end": "2026-08-30T16:00:00", "donor_series_id": "", "donor_station": "", "donor_river": "", "match_type": "", "match_km": "", "river_agrees": "", "combined_years": 2.0, "tier": 3}}, {"type": "Feature", "geometry": {"type": "Point", "coordinates": [-57.7038888888889, -36.2811111111111]}, "properties": {"series_id": 36871, "station_id": 7252, "station": "Canal 9 - Autovia 2", "river": "", "var_id": 2, "network": "sat2", "cat_start": "2024-09-13T16:00:00", "cat_end": "2026-08-30T21:00:00", "donor_series_id": 29908, "donor_station": "RN2", "donor_river": "Canal 9", "match_type": "coords", "match_km": 0.4, "river_agrees": "unknown", "combined_years": 11.4, "tier": 2}}, {"type": "Feature", "geometry": {"type": "Point", "coordinates": [-67.2866666666667, -43.7233333333333]}, "properties": {"series_id": 36886, "station_id": 7258, "station": "Chubut - Las Plumas", "river": "", "var_id": 2, "network": "sat2", "cat_start": "2024-09-13T16:00:00", "cat_end": "2026-08-30T21:00:00", "donor_series_id": "", "donor_station": "", "donor_river": "", "match_type": "", "match_km": "", "river_agrees": "", "combined_years": 2.0, "tier": 3}}, {"type": "Feature", "geometry": {"type": "Point", "coordinates": [-67.865, -34.5705555555556]}, "properties": {"series_id": 36905, "station_id": 7260, "station": "Diamante - Monte Comán", "river": "", "var_id": 2, "network": "sat2", "cat_start": "2024-09-13T16:00:00", "cat_end": "2026-08-30T21:00:00", "donor_series_id": "", "donor_station": "", "donor_river": "", "match_type": "", "match_km": "", "river_agrees": "", "combined_years": 2.0, "tier": 3}}, {"type": "Feature", "geometry": {"type": "Point", "coordinates": [-65.8669444444444, -33.3336111111111]}, "properties": {"series_id": 36906, "station_id": 7261, "station": "Dique Paso de Las Carretas", "river": "", "var_id": 2, "network": "sat2", "cat_start": "2024-09-13T20:00:00", "cat_end": "2026-08-30T16:00:00", "donor_series_id": "", "donor_station": "", "donor_river": "", "match_type": "", "match_km": "", "river_agrees": "", "combined_years": 2.0, "tier": 3}}, {"type": "Feature", "geometry": {"type": "Point", "coordinates": [-64.4075, -27.6058333333333]}, "properties": {"series_id": 36917, "station_id": 7264, "station": "Dulce III – Los Quiroga", "river": "", "var_id": 2, "network": "sat2", "cat_start": "2024-09-13T16:00:00", "cat_end": "2026-08-30T20:00:00", "donor_series_id": "", "donor_station": "", "donor_river": "", "match_type": "", "match_km": "", "river_agrees": "", "combined_years": 2.0, "tier": 3}}, {"type": "Feature", "geometry": {"type": "Point", "coordinates": [-58.5052777777778, -27.8013888888889]}, "properties": {"series_id": 36920, "station_id": 7266, "station": "Empedrado-Ruta Provincial Nº6", "river": "", "var_id": 2, "network": "sat2", "cat_start": "2024-10-07T12:00:00", "cat_end": "2026-08-30T16:00:00", "donor_series_id": 42630, "donor_station": "Empedrado - Rp Nº 6", "donor_river": "Empedrado", "match_type": "coords", "match_km": 0.04, "river_agrees": "unknown", "combined_years": 10.7, "tier": 2}}, {"type": "Feature", "geometry": {"type": "Point", "coordinates": [-64.7513888888889, -32.2183333333333]}, "properties": {"series_id": 36950, "station_id": 7270, "station": "Grande - Ume Pay", "river": "", "var_id": 2, "network": "sat2", "cat_start": "2024-09-13T16:00:00", "cat_end": "2026-08-30T20:00:00", "donor_series_id": "", "donor_station": "", "donor_river": "", "match_type": "", "match_km": "", "river_agrees": "", "combined_years": 2.0, "tier": 3}}, {"type": "Feature", "geometry": {"type": "Point", "coordinates": [-58.5547222222222, -32.445]}, "properties": {"series_id": 36960, "station_id": 7274, "station": "Gualeguaychú - RN Nº 39", "river": "", "var_id": 2, "network": "sat2", "cat_start": "2024-10-09T12:00:00", "cat_end": "2026-08-30T16:00:00", "donor_series_id": 1, "donor_station": "Ruta Provincial nº 39", "donor_river": "GUALEGUAYCHU", "match_type": "coords", "match_km": 0.02, "river_agrees": "unknown", "combined_years": 25.3, "tier": 2}}, {"type": "Feature", "geometry": {"type": "Point", "coordinates": [-54.58, -25.5933333333333]}, "properties": {"series_id": 36964, "station_id": 7277, "station": "Iguazú - Pto. Iguazú", "river": "", "var_id": 2, "network": "sat2", "cat_start": "2024-09-13T15:30:00", "cat_end": "2026-08-30T18:30:00", "donor_series_id": 6493, "donor_station": "Iguazú - Puerto Iguazú", "donor_river": "Iguazú", "match_type": "coords", "match_km": 0.02, "river_agrees": "unknown", "combined_years": 25.3, "tier": 2}}, {"type": "Feature", "geometry": {"type": "Point", "coordinates": [-71.5361111111111, -41.5158333333333]}, "properties": {"series_id": 37020, "station_id": 7289, "station": "Manso - Steffen", "river": "", "var_id": 2, "network": "sat2", "cat_start": "2024-09-13T16:00:00", "cat_end": "2026-08-30T16:00:00", "donor_series_id": 6203, "donor_station": "Manso - Lago Steffen", "donor_river": "Manso", "match_type": "coords", "match_km": 0.03, "river_agrees": "unknown", "combined_years": 7.1, "tier": 3}}, {"type": "Feature", "geometry": {"type": "Point", "coordinates": [-65.2447222222222, -27.6572222222222]}, "properties": {"series_id": 37029, "station_id": 7291, "station": "Marapa - RN Nº 157 Lamadrid", "river": "", "var_id": 2, "network": "sat2", "cat_start": "2024-09-13T16:00:00", "cat_end": "2026-08-30T21:00:00", "donor_series_id": "", "donor_station": "", "donor_river": "", "match_type": "", "match_km": "", "river_agrees": "", "combined_years": 2.0, "tier": 3}}, {"type": "Feature", "geometry": {"type": "Point", "coordinates": [-67.9733333333333, -38.9961111111111]}, "properties": {"series_id": 37038, "station_id": 7293, "station": "Negro - Isla Jordán", "river": "", "var_id": 2, "network": "sat2", "cat_start": "2024-09-13T18:00:00", "cat_end": "2026-08-30T20:00:00", "donor_series_id": "", "donor_station": "", "donor_river": "", "match_type": "", "match_km": "", "river_agrees": "", "combined_years": 2.0, "tier": 3}}, {"type": "Feature", "geometry": {"type": "Point", "coordinates": [-67.6230555555556, -39.1125]}, "properties": {"series_id": 37040, "station_id": 7294, "station": "Negro - Paso Cordova", "river": "", "var_id": 2, "network": "sat2", "cat_start": "2025-07-17T17:00:00", "cat_end": "2026-08-30T21:00:00", "donor_series_id": "", "donor_station": "", "donor_river": "", "match_type": "", "match_km": "", "river_agrees": "", "combined_years": 1.1, "tier": 3}}, {"type": "Feature", "geometry": {"type": "Point", "coordinates": [-58.9822222222222, -27.4355555555556]}, "properties": {"series_id": 37042, "station_id": 7296, "station": "Negro - San Fernando", "river": "", "var_id": 2, "network": "sat2", "cat_start": "2024-09-19T04:00:00", "cat_end": "2026-08-30T21:00:00", "donor_series_id": "", "donor_station": "", "donor_river": "", "match_type": "", "match_km": "", "river_agrees": "", "combined_years": 1.9, "tier": 3}}, {"type": "Feature", "geometry": {"type": "Point", "coordinates": [-68.1705555555556, -38.7247222222222]}, "properties": {"series_id": 37043, "station_id": 7297, "station": "Neuquén - Dique Ballester", "river": "", "var_id": 2, "network": "sat2", "cat_start": "2024-09-13T16:00:00", "cat_end": "2026-08-30T20:00:00", "donor_series_id": "", "donor_station": "", "donor_river": "", "match_type": "", "match_km": "", "river_agrees": "", "combined_years": 2.0, "tier": 3}}, {"type": "Feature", "geometry": {"type": "Point", "coordinates": [-59.8647222222222, -32.8419444444444]}, "properties": {"series_id": 37055, "station_id": 7301, "station": "Nogoya - RP Nº 11", "river": "", "var_id": 2, "network": "sat2", "cat_start": "2024-10-08T16:00:00", "cat_end": "2026-08-30T16:00:00", "donor_series_id": 29873, "donor_station": "Nogoyá Ruta Provincial nº 11", "donor_river": "NOGOYA", "match_type": "coords", "match_km": 0.01, "river_agrees": "unknown", "combined_years": 25.3, "tier": 2}}, {"type": "Feature", "geometry": {"type": "Point", "coordinates": [-60.2833333333333, -31.5741666666667]}, "properties": {"series_id": 37064, "station_id": 7302, "station": "Paraná - HID Chapetón", "river": "", "var_id": 2, "network": "sat2", "cat_start": "2024-09-13T16:00:00", "cat_end": "2026-08-30T16:00:00", "donor_series_id": 30073, "donor_station": "PARANA - CHAPETON", "donor_river": "Paraná", "match_type": "coords", "match_km": 0.01, "river_agrees": "unknown", "combined_years": 2.2, "tier": 3}}, {"type": "Feature", "geometry": {"type": "Point", "coordinates": [-54.5941666666667, -25.6047222222222]}, "properties": {"series_id": 37065, "station_id": 7303, "station": "Paraná - Ita Cajón", "river": "", "var_id": 2, "network": "sat2", "cat_start": "2024-09-13T17:00:00", "cat_end": "2026-08-30T20:30:00", "donor_series_id": 6499, "donor_station": "Paraná - Itá Cajón", "donor_river": "Paraná", "match_type": "coords", "match_km": 0.15, "river_agrees": "unknown", "combined_years": 25.3, "tier": 2}}, {"type": "Feature", "geometry": {"type": "Point", "coordinates": [-54.7558333333333, -26.7508333333333]}, "properties": {"series_id": 37066, "station_id": 7304, "station": "Paranay - El Alcázar", "river": "", "var_id": 2, "network": "sat2", "cat_start": "2024-09-13T16:00:00", "cat_end": "2026-08-30T20:00:00", "donor_series_id": 35456, "donor_station": "Paranay - El Alcazar", "donor_river": "Paranay", "match_type": "coords", "match_km": 0.05, "river_agrees": "unknown", "combined_years": 25.3, "tier": 2}}, {"type": "Feature", "geometry": {"type": "Point", "coordinates": [-71.66, -44.2402777777778]}, "properties": {"series_id": 37076, "station_id": 7306, "station": "Pico - Frontera", "river": "", "var_id": 2, "network": "sat2", "cat_start": "2024-09-13T20:00:00", "cat_end": "2026-08-30T20:00:00", "donor_series_id": 30035, "donor_station": "Pico - Frontera", "donor_river": "Río Pico", "match_type": "coords", "match_km": 0.01, "river_agrees": "unknown", "combined_years": 2.2, "tier": 3}}, {"type": "Feature", "geometry": {"type": "Point", "coordinates": [-62.10138889, -38.89583333]}, "properties": {"series_id": 39718, "station_id": 7396, "station": "Puerto Belgrano", "river": "", "var_id": 2, "network": "estaciones_shn", "cat_start": "2026-03-11T11:45:00", "cat_end": "2026-08-30T20:45:00", "donor_series_id": "", "donor_station": "", "donor_river": "", "match_type": "", "match_km": "", "river_agrees": "", "combined_years": 0.5, "tier": 3}}, {"type": "Feature", "geometry": {"type": "Point", "coordinates": [-69.2588888888889, -45.4797222222222]}, "properties": {"series_id": 43925, "station_id": 8325, "station": "Lago Muster - Fortín", "river": "", "var_id": 2, "network": "sat2", "cat_start": "2026-03-09T02:00:00", "cat_end": "2026-08-30T21:00:00", "donor_series_id": "", "donor_station": "", "donor_river": "", "match_type": "", "match_km": "", "river_agrees": "", "combined_years": 0.5, "tier": 3}}, {"type": "Feature", "geometry": {"type": "Point", "coordinates": [-60.9902777777778, -32.0177777777778]}, "properties": {"series_id": 38369, "station_id": 2113, "station": "Aº Colastiné - Autopista - A01", "river": "", "var_id": 101, "network": "sat2", "cat_start": "2024-09-16T20:00:00", "cat_end": "2026-08-30T16:00:00", "donor_series_id": 123, "donor_station": "Autopista", "donor_river": "COLASTINE", "match_type": "coords", "match_km": 0.01, "river_agrees": "unknown", "combined_years": 14.9, "tier": 2}}, {"type": "Feature", "geometry": {"type": "Point", "coordinates": [-60.9408333333333, -32.3922222222222]}, "properties": {"series_id": 38370, "station_id": 2121, "station": "Aº El Monje - Autopista A01", "river": "", "var_id": 101, "network": "sat2", "cat_start": "2024-09-16T20:00:00", "cat_end": "2026-08-30T16:00:00", "donor_series_id": 29395, "donor_station": "Autopista", "donor_river": "ELMONJE", "match_type": "coords", "match_km": 0.09, "river_agrees": "unknown", "combined_years": 2.0, "tier": 3}}, {"type": "Feature", "geometry": {"type": "Point", "coordinates": [-60.0072222222222, -34.0866666666667]}, "properties": {"series_id": 38328, "station_id": 2129, "station": "Arrecifes - Arrecifes", "river": "", "var_id": 101, "network": "sat2", "cat_start": "2024-09-16T20:00:00", "cat_end": "2026-08-30T16:00:00", "donor_series_id": "", "donor_station": "", "donor_river": "", "match_type": "", "match_km": "", "river_agrees": "", "combined_years": 2.0, "tier": 3}}, {"type": "Feature", "geometry": {"type": "Point", "coordinates": [-69.6041666666667, -35.0833333333333]}, "properties": {"series_id": 38388, "station_id": 2130, "station": "Atuel - El Sosneado", "river": "", "var_id": 101, "network": "sat2", "cat_start": "2024-09-16T20:00:00", "cat_end": "2026-08-30T16:00:00", "donor_series_id": "", "donor_station": "", "donor_river": "", "match_type": "", "match_km": "", "river_agrees": "", "combined_years": 2.0, "tier": 3}}, {"type": "Feature", "geometry": {"type": "Point", "coordinates": [-57.6502777777778, -25.3719444444444]}, "properties": {"series_id": 38404, "station_id": 2133, "station": "Paraguay - Pto. Pilcomayo", "river": "", "var_id": 101, "network": "sat2", "cat_start": "2024-09-16T20:00:00", "cat_end": "2026-08-30T12:00:00", "donor_series_id": 30067, "donor_station": "Pilcomayo - Puerto Pilcomayo", "donor_river": "Pilcomayo", "match_type": "coords", "match_km": 0.01, "river_agrees": "unknown", "combined_years": 2.2, "tier": 3}}, {"type": "Feature", "geometry": {"type": "Point", "coordinates": [-69.6605555555556, -31.8552777777778]}, "properties": {"series_id": 38397, "station_id": 2135, "station": "De los Patos - La Plateada", "river": "", "var_id": 101, "network": "sat2", "cat_start": "2024-09-16T20:00:00", "cat_end": "2026-08-30T12:00:00", "donor_series_id": "", "donor_station": "", "donor_river": "", "match_type": "", "match_km": "", "river_agrees": "", "combined_years": 2.0, "tier": 3}}, {"type": "Feature", "geometry": {"type": "Point", "coordinates": [-60.9138888888889, -31.9741666666667]}, "properties": {"series_id": 38332, "station_id": 2139, "station": "Coronda - Coronda", "river": "", "var_id": 101, "network": "sat2", "cat_start": "2024-09-16T20:00:00", "cat_end": "2026-08-30T16:00:00", "donor_series_id": "", "donor_station": "", "donor_river": "", "match_type": "", "match_km": "", "river_agrees": "", "combined_years": 2.0, "tier": 3}}, {"type": "Feature", "geometry": {"type": "Point", "coordinates": [-71.5025, -41.8986111111111]}, "properties": {"series_id": 38407, "station_id": 2144, "station": "Quemquemtreu - Escuela", "river": "", "var_id": 101, "network": "sat2", "cat_start": "2025-02-11T20:00:00", "cat_end": "2026-08-30T12:00:00", "donor_series_id": 6197, "donor_station": "QUEMQUEMTREU - ESCUELA Nº 139", "donor_river": "Quemquentreu ", "match_type": "coords", "match_km": 0.05, "river_agrees": "unknown", "combined_years": 25.3, "tier": 2}}, {"type": "Feature", "geometry": {"type": "Point", "coordinates": [-54.4213888888889, -25.6766666666667]}, "properties": {"series_id": 38323, "station_id": 2149, "station": "Iguazú - Perfil Tipo", "river": "", "var_id": 101, "network": "sat2", "cat_start": "2024-09-16T20:00:00", "cat_end": "2026-08-30T12:00:00", "donor_series_id": 30060, "donor_station": "Iguazú - Perfil Tipo", "donor_river": "Iguazú", "match_type": "coords", "match_km": 0.01, "river_agrees": "unknown", "combined_years": 2.2, "tier": 3}}, {"type": "Feature", "geometry": {"type": "Point", "coordinates": [-57.675, -29.8458333333333]}, "properties": {"series_id": 38383, "station_id": 2150, "station": "Miriñay - Paso Ledesma", "river": "", "var_id": 101, "network": "sat2", "cat_start": "2024-09-16T20:00:00", "cat_end": "2026-08-30T16:00:00", "donor_series_id": 130, "donor_station": "Paso Ledesma", "donor_river": "MIRIÑAY", "match_type": "coords", "match_km": 0.05, "river_agrees": "unknown", "combined_years": 25.3, "tier": 2}}, {"type": "Feature", "geometry": {"type": "Point", "coordinates": [-58.7588888888889, -38.4625]}, "properties": {"series_id": 38385, "station_id": 2151, "station": "Quequen Grande - Necochea", "river": "", "var_id": 101, "network": "sat2", "cat_start": "2024-09-16T20:00:00", "cat_end": "2026-08-30T16:00:00", "donor_series_id": "", "donor_station": "", "donor_river": "", "match_type": "", "match_km": "", "river_agrees": "", "combined_years": 2.0, "tier": 3}}, {"type": "Feature", "geometry": {"type": "Point", "coordinates": [-57.1869444444444, -28.5380555555556]}, "properties": {"series_id": 38381, "station_id": 2156, "station": "Laguna Iberá - Carlos Pellegri", "river": "", "var_id": 101, "network": "sat2", "cat_start": "2024-09-16T20:00:00", "cat_end": "2026-08-30T16:00:00", "donor_series_id": "", "donor_station": "", "donor_river": "", "match_type": "", "match_km": "", "river_agrees": "", "combined_years": 2.0, "tier": 3}}, {"type": "Feature", "geometry": {"type": "Point", "coordinates": [-64.9813888888889, -38.8216666666667]}, "properties": {"series_id": 38375, "station_id": 2160, "station": "Colorado - Pichi Mahuida", "river": "", "var_id": 101, "network": "sat2", "cat_start": "2024-09-16T20:00:00", "cat_end": "2026-08-30T16:00:00", "donor_series_id": "", "donor_station": "", "donor_river": "", "match_type": "", "match_km": "", "river_agrees": "", "combined_years": 2.0, "tier": 3}}, {"type": "Feature", "geometry": {"type": "Point", "coordinates": [-71.9077777777778, -50.2522222222222]}, "properties": {"series_id": 38341, "station_id": 2165, "station": "Charles Fhur", "river": "", "var_id": 101, "network": "sat2", "cat_start": "2024-09-16T20:00:00", "cat_end": "2026-08-30T12:00:00", "donor_series_id": 6131, "donor_station": "Santa Cruz - Charles Fuhr", "donor_river": "Santa Cruz", "match_type": "coords", "match_km": 0.01, "river_agrees": "unknown", "combined_years": 7.1, "tier": 3}}, {"type": "Feature", "geometry": {"type": "Point", "coordinates": [-63.9761111111111, -25.4136111111111]}, "properties": {"series_id": 38372, "station_id": 2175, "station": "Canal Macapillo", "river": "", "var_id": 101, "network": "sat2", "cat_start": "2024-09-16T20:00:00", "cat_end": "2026-08-30T12:00:00", "donor_series_id": 6337, "donor_station": "Canal Macapillo - Macapillo", "donor_river": "Canal Macapillo", "match_type": "coords", "match_km": 0.02, "river_agrees": "unknown", "combined_years": 17.2, "tier": 2}}, {"type": "Feature", "geometry": {"type": "Point", "coordinates": [-64.045, -25.3452777777778]}, "properties": {"series_id": 38303, "station_id": 2177, "station": "Canal Liag - Quebrachal", "river": "", "var_id": 101, "network": "sat2", "cat_start": "2024-09-16T20:00:00", "cat_end": "2026-08-30T16:00:00", "donor_series_id": 6368, "donor_station": "JURAMENTO - EL QUEBRACHAL", "donor_river": "Juramento", "match_type": "coords", "match_km": 0.16, "river_agrees": "unknown", "combined_years": 24.9, "tier": 2}}, {"type": "Feature", "geometry": {"type": "Point", "coordinates": [-71.4016666666667, -43.6716666666667]}, "properties": {"series_id": 38345, "station_id": 2179, "station": "Carrenleufú - Poncho Moro", "river": "", "var_id": 101, "network": "sat2", "cat_start": "2024-09-16T20:00:00", "cat_end": "2026-08-30T16:00:00", "donor_series_id": 170, "donor_station": "Ruta Provincial Nº 044", "donor_river": "Poncho Moro", "match_type": "coords", "match_km": 0.52, "river_agrees": "unknown", "combined_years": 25.3, "tier": 2}}, {"type": "Feature", "geometry": {"type": "Point", "coordinates": [-66.475, -43.6983333333333]}, "properties": {"series_id": 38394, "station_id": 2181, "station": "Chubut - Ameghino", "river": "", "var_id": 101, "network": "sat2", "cat_start": "2024-09-16T20:00:00", "cat_end": "2026-08-30T12:00:00", "donor_series_id": 6377, "donor_station": "Chubut - Ameghino", "donor_river": "Chubut", "match_type": "coords", "match_km": 0.01, "river_agrees": "unknown", "combined_years": 7.1, "tier": 3}}, {"type": "Feature", "geometry": {"type": "Point", "coordinates": [-69.2377777777778, -32.9152777777778]}, "properties": {"series_id": 38361, "station_id": 2183, "station": "Mendoza - Guido", "river": "", "var_id": 101, "network": "sat2", "cat_start": "2024-09-16T20:00:00", "cat_end": "2026-08-30T16:00:00", "donor_series_id": "", "donor_station": "", "donor_river": "", "match_type": "", "match_km": "", "river_agrees": "", "combined_years": 2.0, "tier": 3}}, {"type": "Feature", "geometry": {"type": "Point", "coordinates": [-59.3625, -26.3341666666667]}, "properties": {"series_id": 38310, "station_id": 2188, "station": "Bermejo - El Colorado", "river": "", "var_id": 101, "network": "sat2", "cat_start": "2024-09-16T20:00:00", "cat_end": "2026-08-30T12:00:00", "donor_series_id": 6521, "donor_station": "El Colorado", "donor_river": "Bermejo", "match_type": "coords", "match_km": 0.01, "river_agrees": "unknown", "combined_years": 25.3, "tier": 2}}, {"type": "Feature", "geometry": {"type": "Point", "coordinates": [-60.1280555555556, -25.6511111111111]}, "properties": {"series_id": 38391, "station_id": 2193, "station": "Bermejo - Puerto Lavalle", "river": "", "var_id": 101, "network": "sat2", "cat_start": "2024-09-17T08:00:00", "cat_end": "2026-08-30T12:00:00", "donor_series_id": "", "donor_station": "", "donor_river": "", "match_type": "", "match_km": "", "river_agrees": "", "combined_years": 1.9, "tier": 3}}, {"type": "Feature", "geometry": {"type": "Point", "coordinates": [-67.6269444444444, -27.9930555555556]}, "properties": {"series_id": 38319, "station_id": 2196, "station": "Abaucán - Tinogasta", "river": "", "var_id": 101, "network": "sat2", "cat_start": "2024-09-16T20:00:00", "cat_end": "2026-08-30T16:00:00", "donor_series_id": "", "donor_station": "", "donor_river": "", "match_type": "", "match_km": "", "river_agrees": "", "combined_years": 2.0, "tier": 3}}, {"type": "Feature", "geometry": {"type": "Point", "coordinates": [-64.26, -33.1605555555556]}, "properties": {"series_id": 38312, "station_id": 2202, "station": "Cuarto - RN Nº 8", "river": "", "var_id": 101, "network": "sat2", "cat_start": "2024-09-16T20:00:00", "cat_end": "2026-08-30T16:00:00", "donor_series_id": "", "donor_station": "", "donor_river": "", "match_type": "", "match_km": "", "river_agrees": "", "combined_years": 2.0, "tier": 3}}, {"type": "Feature", "geometry": {"type": "Point", "coordinates": [-59.0769444444445, -32.3086111111111]}, "properties": {"series_id": 38314, "station_id": 2203, "station": "Gualeguay - Rosario del Tala", "river": "", "var_id": 101, "network": "sat2", "cat_start": "2024-09-16T20:00:00", "cat_end": "2026-08-30T16:00:00", "donor_series_id": 851, "donor_station": "Rosario del Tala", "donor_river": "GUALEGUAY", "match_type": "coords", "match_km": 0.02, "river_agrees": "unknown", "combined_years": 2.0, "tier": 3}}, {"type": "Feature", "geometry": {"type": "Point", "coordinates": [-72.7477777777778, -50.4261111111111]}, "properties": {"series_id": 38326, "station_id": 2208, "station": "PN - Los Glaciares", "river": "", "var_id": 101, "network": "sat2", "cat_start": "2024-09-16T20:00:00", "cat_end": "2026-08-30T16:00:00", "donor_series_id": 6135, "donor_station": "Lago Rico - Parque Nac. Los Glaciares", "donor_river": "Lago Rico", "match_type": "coords", "match_km": 0.0, "river_agrees": "unknown", "combined_years": 7.1, "tier": 3}}, {"type": "Feature", "geometry": {"type": "Point", "coordinates": [-69.4022222222222, -38.5302777777778]}, "properties": {"series_id": 38384, "station_id": 2210, "station": "Neuquen - Paso de Indios", "river": "", "var_id": 101, "network": "sat2", "cat_start": "2024-09-16T20:00:00", "cat_end": "2026-08-30T12:00:00", "donor_series_id": "", "donor_station": "", "donor_river": "", "match_type": "", "match_km": "", "river_agrees": "", "combined_years": 2.0, "tier": 3}}, {"type": "Feature", "geometry": {"type": "Point", "coordinates": [-59.4994444444444, -34.2405555555556]}, "properties": {"series_id": 38387, "station_id": 2215, "station": "Río Areco - San Antonio de Are", "river": "", "var_id": 101, "network": "sat2", "cat_start": "2024-09-24T12:00:00", "cat_end": "2026-08-30T16:00:00", "donor_series_id": "", "donor_station": "", "donor_river": "", "match_type": "", "match_km": "", "river_agrees": "", "combined_years": 1.9, "tier": 3}}, {"type": "Feature", "geometry": {"type": "Point", "coordinates": [-67.7269444444444, -35.1844444444444]}, "properties": {"series_id": 38373, "station_id": 2220, "station": "Atuel - Carmensa", "river": "", "var_id": 101, "network": "sat2", "cat_start": "2024-09-16T20:00:00", "cat_end": "2026-08-30T16:00:00", "donor_series_id": "", "donor_station": "", "donor_river": "", "match_type": "", "match_km": "", "river_agrees": "", "combined_years": 2.0, "tier": 3}}, {"type": "Feature", "geometry": {"type": "Point", "coordinates": [-57.8519444444444, -35.9622222222222]}, "properties": {"series_id": 38337, "station_id": 2227, "station": "Salado - RN Nº02", "river": "", "var_id": 101, "network": "sat2", "cat_start": "2024-09-16T20:00:00", "cat_end": "2026-08-30T16:00:00", "donor_series_id": "", "donor_station": "", "donor_river": "", "match_type": "", "match_km": "", "river_agrees": "", "combined_years": 2.0, "tier": 3}}, {"type": "Feature", "geometry": {"type": "Point", "coordinates": [-72.8608333333333, -49.3433333333333]}, "properties": {"series_id": 38396, "station_id": 2228, "station": "De las Vueltas", "river": "", "var_id": 101, "network": "sat2", "cat_start": "2024-09-16T20:00:00", "cat_end": "2026-08-30T12:00:00", "donor_series_id": 29934, "donor_station": "De las Vueltas - Parque Nac. los Glaciares", "donor_river": "De las Vueltas", "match_type": "coords", "match_km": 0.01, "river_agrees": "unknown", "combined_years": 18.7, "tier": 2}}, {"type": "Feature", "geometry": {"type": "Point", "coordinates": [-71.3419444444444, -44.9583333333333]}, "properties": {"series_id": 38413, "station_id": 2355, "station": "Senguerr - Nacimiento", "river": "", "var_id": 101, "network": "sat2", "cat_start": "2024-09-16T20:00:00", "cat_end": "2026-08-30T16:00:00", "donor_series_id": "", "donor_station": "", "donor_river": "", "match_type": "", "match_km": "", "river_agrees": "", "combined_years": 2.0, "tier": 3}}, {"type": "Feature", "geometry": {"type": "Point", "coordinates": [-65.42, -25.1538888888889]}, "properties": {"series_id": 38415, "station_id": 2593, "station": "Arenales - La Maroma", "river": "", "var_id": 101, "network": "sat2", "cat_start": "2024-09-16T20:00:00", "cat_end": "2026-08-30T16:00:00", "donor_series_id": "", "donor_station": "", "donor_river": "", "match_type": "", "match_km": "", "river_agrees": "", "combined_years": 2.0, "tier": 3}}, {"type": "Feature", "geometry": {"type": "Point", "coordinates": [-70.4355555555556, -42.6513888888889]}, "properties": {"series_id": 38301, "station_id": 2606, "station": "Gualjaina - Gualjaina", "river": "", "var_id": 101, "network": "sat2", "cat_start": "2024-09-16T20:00:00", "cat_end": "2026-08-30T16:00:00", "donor_series_id": 6385, "donor_station": "GUALJAINA - GUALJAINA", "donor_river": "Gualjaina", "match_type": "coords", "match_km": 0.35, "river_agrees": "unknown", "combined_years": 7.1, "tier": 3}}, {"type": "Feature", "geometry": {"type": "Point", "coordinates": [-69.2497222222222, -35.2641666666667]}, "properties": {"series_id": 38298, "station_id": 2607, "station": "Atuel - Loma Negra", "river": "", "var_id": 101, "network": "sat2", "cat_start": "2024-09-16T20:00:00", "cat_end": "2026-08-30T16:00:00", "donor_series_id": "", "donor_station": "", "donor_river": "", "match_type": "", "match_km": "", "river_agrees": "", "combined_years": 2.0, "tier": 3}}, {"type": "Feature", "geometry": {"type": "Point", "coordinates": [-69.3163888888889, -34.6686111111111]}, "properties": {"series_id": 38300, "station_id": 2608, "station": "Diamante - La Jaula", "river": "", "var_id": 101, "network": "sat2", "cat_start": "2024-09-16T20:00:00", "cat_end": "2026-08-30T16:00:00", "donor_series_id": "", "donor_station": "", "donor_river": "", "match_type": "", "match_km": "", "river_agrees": "", "combined_years": 2.0, "tier": 3}}, {"type": "Feature", "geometry": {"type": "Point", "coordinates": [-64.1061111111111, -25.1613888888889]}, "properties": {"series_id": 38418, "station_id": 2672, "station": "Juramento - Finca Agropecuari", "river": "", "var_id": 101, "network": "sat2", "cat_start": "2024-09-16T20:00:00", "cat_end": "2026-08-30T16:00:00", "donor_series_id": 6353, "donor_station": "Canal Finca Agropecuaria - Finca Agropecuaria", "donor_river": "Canal Finca Agropecuaria", "match_type": "coords", "match_km": 0.07, "river_agrees": "unknown", "combined_years": 17.2, "tier": 2}}, {"type": "Feature", "geometry": {"type": "Point", "coordinates": [-68.8747222222222, -35.0986111111111]}, "properties": {"series_id": 38428, "station_id": 2732, "station": "Atuel - La Angostura", "river": "", "var_id": 101, "network": "sat2", "cat_start": "2024-09-16T20:00:00", "cat_end": "2026-08-30T12:00:00", "donor_series_id": "", "donor_station": "", "donor_river": "", "match_type": "", "match_km": "", "river_agrees": "", "combined_years": 2.0, "tier": 3}}, {"type": "Feature", "geometry": {"type": "Point", "coordinates": [-63.645, -34.7627777777778]}, "properties": {"series_id": 38456, "station_id": 2809, "station": "Quinto - RP Nº26", "river": "", "var_id": 101, "network": "sat2", "cat_start": "2024-09-16T20:00:00", "cat_end": "2026-08-30T16:00:00", "donor_series_id": "", "donor_station": "", "donor_river": "", "match_type": "", "match_km": "", "river_agrees": "", "combined_years": 2.0, "tier": 3}}, {"type": "Feature", "geometry": {"type": "Point", "coordinates": [-57.2363888888889, -28.9166666666667]}, "properties": {"series_id": 38453, "station_id": 2813, "station": "Miriñay - Paso Mesa", "river": "", "var_id": 101, "network": "sat2", "cat_start": "2024-09-16T20:00:00", "cat_end": "2026-08-30T12:00:00", "donor_series_id": 6586, "donor_station": "Miriñay - Paso Mesa", "donor_river": "Miriñay", "match_type": "coords", "match_km": 0.15, "river_agrees": "unknown", "combined_years": 15.7, "tier": 2}}, {"type": "Feature", "geometry": {"type": "Point", "coordinates": [-62.2133333333333, -22.7280555555556]}, "properties": {"series_id": 38431, "station_id": 2826, "station": "Pilcomayo - Puesto Jerez", "river": "", "var_id": 101, "network": "sat2", "cat_start": "2024-09-16T20:00:00", "cat_end": "2026-08-30T16:00:00", "donor_series_id": 6520, "donor_station": "Pilcomayo - Puesto Jerez", "donor_river": "Pilcomayo", "match_type": "coords", "match_km": 0.01, "river_agrees": "unknown", "combined_years": 11.3, "tier": 2}}, {"type": "Feature", "geometry": {"type": "Point", "coordinates": [-58.9, -33.8830555555556]}, "properties": {"series_id": 38441, "station_id": 2830, "station": "Paraná Guazú - Brazo Largo", "river": "Paraná Guazú", "var_id": 101, "network": "sat2", "cat_start": "2024-09-16T20:00:00", "cat_end": "2026-08-30T16:00:00", "donor_series_id": "", "donor_station": "", "donor_river": "", "match_type": "", "match_km": "", "river_agrees": "", "combined_years": 2.0, "tier": 3}}, {"type": "Feature", "geometry": {"type": "Point", "coordinates": [-59.3244444444444, -30.2172222222222]}, "properties": {"series_id": 38433, "station_id": 2836, "station": "Aº Barrancas - Paso La Llana", "river": "", "var_id": 101, "network": "sat2", "cat_start": "2024-09-16T20:00:00", "cat_end": "2026-08-30T16:00:00", "donor_series_id": 6626, "donor_station": "Barrancas - Paso la Llana", "donor_river": "Barrancas", "match_type": "coords", "match_km": 0.02, "river_agrees": "unknown", "combined_years": 2.0, "tier": 3}}, {"type": "Feature", "geometry": {"type": "Point", "coordinates": [-59.7638888888889, -32.3947222222222]}, "properties": {"series_id": 38439, "station_id": 2837, "station": "Nogoya - RN Nº12", "river": "", "var_id": 101, "network": "sat2", "cat_start": "2024-09-16T20:00:00", "cat_end": "2026-08-30T16:00:00", "donor_series_id": 29875, "donor_station": "Ruta Nacional Nº 12", "donor_river": "NOGOYA", "match_type": "coords", "match_km": 0.01, "river_agrees": "unknown", "combined_years": 17.5, "tier": 2}}, {"type": "Feature", "geometry": {"type": "Point", "coordinates": [-59.5747222222222, -35.4594444444445]}, "properties": {"series_id": 38426, "station_id": 2838, "station": "Aº Saladillo - RN Nº205", "river": "", "var_id": 101, "network": "sat2", "cat_start": "2024-09-16T20:00:00", "cat_end": "2026-08-30T16:00:00", "donor_series_id": "", "donor_station": "", "donor_river": "", "match_type": "", "match_km": "", "river_agrees": "", "combined_years": 2.0, "tier": 3}}, {"type": "Feature", "geometry": {"type": "Point", "coordinates": [-72.4855555555555, -49.1238888888889]}, "properties": {"series_id": 38450, "station_id": 2845, "station": "Lago San Martín - Brazo Chacab", "river": "", "var_id": 101, "network": "sat2", "cat_start": "2024-09-20T16:00:00", "cat_end": "2026-08-27T08:00:00", "donor_series_id": 6134, "donor_station": "LAGO SAN MARTIN - BRAZO CHACABUCO", "donor_river": "Lago San Martin", "match_type": "coords", "match_km": 0.01, "river_agrees": "unknown", "combined_years": 7.1, "tier": 3}}, {"type": "Feature", "geometry": {"type": "Point", "coordinates": [-62.5236111111111, -22.3775]}, "properties": {"series_id": 37849, "station_id": 2846, "station": "Pilcomayo - Misión La Paz", "river": "", "var_id": 39, "network": "sat2", "cat_start": "2024-09-14T00:00:00", "cat_end": "2026-08-29T00:00:00", "donor_series_id": 6363, "donor_station": "Pilcomayo - La Paz", "donor_river": "Pilcomayo", "match_type": "coords", "match_km": 0.01, "river_agrees": "unknown", "combined_years": 84.7, "tier": 2}}, {"type": "Feature", "geometry": {"type": "Point", "coordinates": [-58.5697222222222, -27.5105555555556]}, "properties": {"series_id": 38458, "station_id": 2854, "station": "Aº Riachuelo - RP Nº5", "river": "", "var_id": 101, "network": "sat2", "cat_start": "2024-09-16T20:00:00", "cat_end": "2026-08-30T16:00:00", "donor_series_id": 6618, "donor_station": "Riachuelo - Rp Nº 5", "donor_river": "Riachuelo", "match_type": "coords", "match_km": 0.01, "river_agrees": "unknown", "combined_years": 17.7, "tier": 2}}, {"type": "Feature", "geometry": {"type": "Point", "coordinates": [-58.5363888888889, -35.7263888888889]}, "properties": {"series_id": 38459, "station_id": 2855, "station": "Salado - RP Nº 41", "river": "", "var_id": 101, "network": "sat2", "cat_start": "2024-09-16T20:00:00", "cat_end": "2026-08-30T16:00:00", "donor_series_id": 114, "donor_station": "Ruta Provincial nº 41", "donor_river": "SALADOBONAERENSE", "match_type": "coords", "match_km": 0.19, "river_agrees": "unknown", "combined_years": 11.4, "tier": 2}}, {"type": "Feature", "geometry": {"type": "Point", "coordinates": [-60.6255555555556, -32.9513888888889]}, "properties": {"series_id": 38461, "station_id": 5893, "station": "Paraná - Rosario", "river": "Paraná", "var_id": 101, "network": "sat2", "cat_start": "2024-09-16T20:00:00", "cat_end": "2026-08-30T16:00:00", "donor_series_id": "", "donor_station": "", "donor_river": "", "match_type": "", "match_km": "", "river_agrees": "", "combined_years": 2.0, "tier": 3}}, {"type": "Feature", "geometry": {"type": "Point", "coordinates": [-60.1652777777778, -32.6316666666667]}, "properties": {"series_id": 38464, "station_id": 5894, "station": "Riacho Victoria - Victoria", "river": "Riacho Victoria", "var_id": 101, "network": "sat2", "cat_start": "2024-09-16T20:00:00", "cat_end": "2026-08-30T16:00:00", "donor_series_id": "", "donor_station": "", "donor_river": "", "match_type": "", "match_km": "", "river_agrees": "", "combined_years": 2.0, "tier": 3}}, {"type": "Feature", "geometry": {"type": "Point", "coordinates": [-60.5175, -31.72]}, "properties": {"series_id": 38466, "station_id": 5901, "station": "Paraná - Túnel subfluvial", "river": "Paraná", "var_id": 101, "network": "sat2", "cat_start": "2024-09-16T20:00:00", "cat_end": "2026-08-30T16:00:00", "donor_series_id": 6529, "donor_station": "Paraná - Tunel Subfluvial", "donor_river": "Paraná", "match_type": "coords", "match_km": 0.02, "river_agrees": "yes", "combined_years": 25.3, "tier": 2}}, {"type": "Feature", "geometry": {"type": "Point", "coordinates": [-59.0088888888889, -34.1019444444444]}, "properties": {"series_id": 38463, "station_id": 5907, "station": "Paraná Las Palmas - Zárate", "river": "Paraná de las Palmas", "var_id": 101, "network": "sat2", "cat_start": "2024-09-16T20:00:00", "cat_end": "2026-08-30T16:00:00", "donor_series_id": "", "donor_station": "", "donor_river": "", "match_type": "", "match_km": "", "river_agrees": "", "combined_years": 2.0, "tier": 3}}, {"type": "Feature", "geometry": {"type": "Point", "coordinates": [-62.9961111111111, -30.9641666666667]}, "properties": {"series_id": 37883, "station_id": 6263, "station": "Primero (Suquía) Camino Secund", "river": "", "var_id": 39, "network": "sat2", "cat_start": "2024-09-14T00:00:00", "cat_end": "2026-08-29T00:00:00", "donor_series_id": "", "donor_station": "", "donor_river": "", "match_type": "", "match_km": "", "river_agrees": "", "combined_years": 2.0, "tier": 3}}, {"type": "Feature", "geometry": {"type": "Point", "coordinates": [-62.9961111111111, -30.9641666666667]}, "properties": {"series_id": 38514, "station_id": 6263, "station": "Primero (Suquía) Camino Secund", "river": "", "var_id": 101, "network": "sat2", "cat_start": "2024-09-16T20:00:00", "cat_end": "2026-08-30T16:00:00", "donor_series_id": "", "donor_station": "", "donor_river": "", "match_type": "", "match_km": "", "river_agrees": "", "combined_years": 2.0, "tier": 3}}, {"type": "Feature", "geometry": {"type": "Point", "coordinates": [-65.5052777777778, -43.2908333333333]}, "properties": {"series_id": 38529, "station_id": 6301, "station": "Chubut - Valle Inferior", "river": "", "var_id": 101, "network": "sat2", "cat_start": "2024-09-16T20:00:00", "cat_end": "2026-08-30T16:00:00", "donor_series_id": 30044, "donor_station": "Chubut - Valle Inferior", "donor_river": "Chubut", "match_type": "coords", "match_km": 0.6, "river_agrees": "unknown", "combined_years": 18.7, "tier": 2}}, {"type": "Feature", "geometry": {"type": "Point", "coordinates": [-59.6386111111111, -30.7325]}, "properties": {"series_id": 37873, "station_id": 6354, "station": "Paraná - La Paz", "river": "", "var_id": 39, "network": "sat2", "cat_start": "2024-10-11T00:00:00", "cat_end": "2026-08-29T00:00:00", "donor_series_id": "", "donor_station": "", "donor_river": "", "match_type": "", "match_km": "", "river_agrees": "", "combined_years": 1.9, "tier": 3}}, {"type": "Feature", "geometry": {"type": "Point", "coordinates": [-59.6386111111111, -30.7325]}, "properties": {"series_id": 38506, "station_id": 6354, "station": "Paraná - La Paz", "river": "", "var_id": 101, "network": "sat2", "cat_start": "2024-10-11T12:00:00", "cat_end": "2026-08-30T16:00:00", "donor_series_id": "", "donor_station": "", "donor_river": "", "match_type": "", "match_km": "", "river_agrees": "", "combined_years": 1.9, "tier": 3}}, {"type": "Feature", "geometry": {"type": "Point", "coordinates": [-61.7875, -33.0063888888889]}, "properties": {"series_id": 38712, "station_id": 6357, "station": "Carcarañá - Cruz Alta", "river": "", "var_id": 101, "network": "sat2", "cat_start": "2024-09-16T20:00:00", "cat_end": "2026-08-30T16:00:00", "donor_series_id": 6318, "donor_station": "Carcaraña - Cruz Alta", "donor_river": "Carcaraña", "match_type": "coords", "match_km": 0.09, "river_agrees": "unknown", "combined_years": 2.0, "tier": 3}}, {"type": "Feature", "geometry": {"type": "Point", "coordinates": [-64.2327777777778, -32.1694444444444]}, "properties": {"series_id": 38187, "station_id": 6361, "station": "Tercero - Piedras Moras", "river": "", "var_id": 39, "network": "sat2", "cat_start": "2024-09-14T00:00:00", "cat_end": "2026-08-29T00:00:00", "donor_series_id": "", "donor_station": "", "donor_river": "", "match_type": "", "match_km": "", "river_agrees": "", "combined_years": 2.0, "tier": 3}}, {"type": "Feature", "geometry": {"type": "Point", "coordinates": [-64.2327777777778, -32.1694444444444]}, "properties": {"series_id": 38715, "station_id": 6361, "station": "Tercero - Piedras Moras", "river": "", "var_id": 101, "network": "sat2", "cat_start": "2024-09-16T20:00:00", "cat_end": "2026-08-30T16:00:00", "donor_series_id": "", "donor_station": "", "donor_river": "", "match_type": "", "match_km": "", "river_agrees": "", "combined_years": 2.0, "tier": 3}}, {"type": "Feature", "geometry": {"type": "Point", "coordinates": [-68.0227777777778, -38.9497222222222]}, "properties": {"series_id": 38188, "station_id": 6362, "station": "Neuquén - Neuquén", "river": "", "var_id": 39, "network": "sat2", "cat_start": "2025-08-01T00:00:00", "cat_end": "2026-08-29T00:00:00", "donor_series_id": "", "donor_station": "", "donor_river": "", "match_type": "", "match_km": "", "river_agrees": "", "combined_years": 1.1, "tier": 3}}, {"type": "Feature", "geometry": {"type": "Point", "coordinates": [-68.0227777777778, -38.9497222222222]}, "properties": {"series_id": 38716, "station_id": 6362, "station": "Neuquén - Neuquén", "river": "", "var_id": 101, "network": "sat2", "cat_start": "2025-08-01T16:00:00", "cat_end": "2026-08-30T16:00:00", "donor_series_id": "", "donor_station": "", "donor_river": "", "match_type": "", "match_km": "", "river_agrees": "", "combined_years": 1.1, "tier": 3}}, {"type": "Feature", "geometry": {"type": "Point", "coordinates": [-65.0288888888889, -24.7316666666667]}, "properties": {"series_id": 37936, "station_id": 6365, "station": "Mojotoro - Güemes", "river": "", "var_id": 39, "network": "sat2", "cat_start": "2024-09-14T00:00:00", "cat_end": "2026-08-29T00:00:00", "donor_series_id": "", "donor_station": "", "donor_river": "", "match_type": "", "match_km": "", "river_agrees": "", "combined_years": 2.0, "tier": 3}}, {"type": "Feature", "geometry": {"type": "Point", "coordinates": [-65.0288888888889, -24.7316666666667]}, "properties": {"series_id": 38551, "station_id": 6365, "station": "Mojotoro - Güemes", "river": "", "var_id": 101, "network": "sat2", "cat_start": "2024-09-16T20:00:00", "cat_end": "2026-08-30T16:00:00", "donor_series_id": "", "donor_station": "", "donor_river": "", "match_type": "", "match_km": "", "river_agrees": "", "combined_years": 2.0, "tier": 3}}, {"type": "Feature", "geometry": {"type": "Point", "coordinates": [-70.3844444444445, -42.6097222222222]}, "properties": {"series_id": 38719, "station_id": 6376, "station": "Chubut - Gualjaina", "river": "", "var_id": 101, "network": "sat2", "cat_start": "2024-09-17T12:00:00", "cat_end": "2026-08-30T12:00:00", "donor_series_id": 30006, "donor_station": "CHUBUT - GUALJAINA", "donor_river": "Chubut", "match_type": "coords", "match_km": 0.0, "river_agrees": "unknown", "combined_years": 18.7, "tier": 2}}, {"type": "Feature", "geometry": {"type": "Point", "coordinates": [-59.5894444444444, -34.2797222222222]}, "properties": {"series_id": 38503, "station_id": 6380, "station": "Aº De las Chañaritas", "river": "", "var_id": 101, "network": "sat2", "cat_start": "2024-09-16T20:00:00", "cat_end": "2026-08-30T16:00:00", "donor_series_id": "", "donor_station": "", "donor_river": "", "match_type": "", "match_km": "", "river_agrees": "", "combined_years": 2.0, "tier": 3}}, {"type": "Feature", "geometry": {"type": "Point", "coordinates": [-70.1419444444444, -35.7925]}, "properties": {"series_id": 38028, "station_id": 6382, "station": "Chico - Las Loicas", "river": "", "var_id": 39, "network": "sat2", "cat_start": "2024-09-14T00:00:00", "cat_end": "2026-08-29T00:00:00", "donor_series_id": "", "donor_station": "", "donor_river": "", "match_type": "", "match_km": "", "river_agrees": "", "combined_years": 2.0, "tier": 3}}, {"type": "Feature", "geometry": {"type": "Point", "coordinates": [-70.1419444444444, -35.7925]}, "properties": {"series_id": 38616, "station_id": 6382, "station": "Chico - Las Loicas", "river": "", "var_id": 101, "network": "sat2", "cat_start": "2024-09-16T20:00:00", "cat_end": "2026-08-30T16:00:00", "donor_series_id": "", "donor_station": "", "donor_river": "", "match_type": "", "match_km": "", "river_agrees": "", "combined_years": 2.0, "tier": 3}}, {"type": "Feature", "geometry": {"type": "Point", "coordinates": [-69.8919444444444, -35.8716666666667]}, "properties": {"series_id": 38087, "station_id": 6388, "station": "Grande - La Gotera", "river": "", "var_id": 39, "network": "sat2", "cat_start": "2024-09-14T00:00:00", "cat_end": "2026-08-29T00:00:00", "donor_series_id": "", "donor_station": "", "donor_river": "", "match_type": "", "match_km": "", "river_agrees": "", "combined_years": 2.0, "tier": 3}}, {"type": "Feature", "geometry": {"type": "Point", "coordinates": [-69.8919444444444, -35.8716666666667]}, "properties": {"series_id": 38655, "station_id": 6388, "station": "Grande - La Gotera", "river": "", "var_id": 101, "network": "sat2", "cat_start": "2024-09-16T20:00:00", "cat_end": "2026-08-30T12:00:00", "donor_series_id": "", "donor_station": "", "donor_river": "", "match_type": "", "match_km": "", "river_agrees": "", "combined_years": 2.0, "tier": 3}}, {"type": "Feature", "geometry": {"type": "Point", "coordinates": [-64.7763888888889, -32.8036111111111]}, "properties": {"series_id": 37993, "station_id": 6389, "station": "Las Tapias - Las Tapias", "river": "", "var_id": 39, "network": "sat2", "cat_start": "2024-12-19T00:00:00", "cat_end": "2026-08-29T00:00:00", "donor_series_id": "", "donor_station": "", "donor_river": "", "match_type": "", "match_km": "", "river_agrees": "", "combined_years": 1.7, "tier": 3}}, {"type": "Feature", "geometry": {"type": "Point", "coordinates": [-64.7763888888889, -32.8036111111111]}, "properties": {"series_id": 38594, "station_id": 6389, "station": "Las Tapias - Las Tapias", "river": "", "var_id": 101, "network": "sat2", "cat_start": "2024-12-19T20:00:00", "cat_end": "2026-08-30T16:00:00", "donor_series_id": "", "donor_station": "", "donor_river": "", "match_type": "", "match_km": "", "river_agrees": "", "combined_years": 1.7, "tier": 3}}, {"type": "Feature", "geometry": {"type": "Point", "coordinates": [-60.0194444444444, -35.9875]}, "properties": {"series_id": 37846, "station_id": 6393, "station": "Aº Las Flores - Gral. Alvear", "river": "", "var_id": 39, "network": "sat2", "cat_start": "2024-09-14T00:00:00", "cat_end": "2026-08-29T00:00:00", "donor_series_id": 29907, "donor_station": "Gral. Alvear", "donor_river": "Arroyo Las Flores", "match_type": "coords", "match_km": 0.02, "river_agrees": "unknown", "combined_years": 11.4, "tier": 2}}, {"type": "Feature", "geometry": {"type": "Point", "coordinates": [-60.0194444444444, -35.9875]}, "properties": {"series_id": 38481, "station_id": 6393, "station": "Aº Las Flores - Gral. Alvear", "river": "", "var_id": 101, "network": "sat2", "cat_start": "2024-09-16T20:00:00", "cat_end": "2026-08-30T16:00:00", "donor_series_id": 29907, "donor_station": "Gral. Alvear", "donor_river": "Arroyo Las Flores", "match_type": "coords", "match_km": 0.02, "river_agrees": "unknown", "combined_years": 11.4, "tier": 2}}, {"type": "Feature", "geometry": {"type": "Point", "coordinates": [-62.6755555555556, -39.5247222222222]}, "properties": {"series_id": 37964, "station_id": 6394, "station": "Colorado - Pedro Luro", "river": "", "var_id": 39, "network": "sat2", "cat_start": "2024-09-14T00:00:00", "cat_end": "2026-08-29T00:00:00", "donor_series_id": "", "donor_station": "", "donor_river": "", "match_type": "", "match_km": "", "river_agrees": "", "combined_years": 2.0, "tier": 3}}, {"type": "Feature", "geometry": {"type": "Point", "coordinates": [-59.8130555555556, -33.5941666666667]}, "properties": {"series_id": 37994, "station_id": 6395, "station": "Paraná - Vuelta de Obligado", "river": "", "var_id": 39, "network": "sat2", "cat_start": "2024-09-14T00:00:00", "cat_end": "2026-08-29T00:00:00", "donor_series_id": "", "donor_station": "", "donor_river": "", "match_type": "", "match_km": "", "river_agrees": "", "combined_years": 2.0, "tier": 3}}, {"type": "Feature", "geometry": {"type": "Point", "coordinates": [-63.2941666666667, -33.4075]}, "properties": {"series_id": 38635, "station_id": 6396, "station": "Cuarto - La Carlota LIM", "river": "", "var_id": 101, "network": "sat2", "cat_start": "2024-09-16T20:00:00", "cat_end": "2026-08-30T16:00:00", "donor_series_id": "", "donor_station": "", "donor_river": "", "match_type": "", "match_km": "", "river_agrees": "", "combined_years": 2.0, "tier": 3}}, {"type": "Feature", "geometry": {"type": "Point", "coordinates": [-59.0497222222222, -28.5052777777778]}, "properties": {"series_id": 38469, "station_id": 6400, "station": "Paraná - Bella Vista", "river": "", "var_id": 101, "network": "sat2", "cat_start": "2024-09-16T20:00:00", "cat_end": "2026-08-30T16:00:00", "donor_series_id": "", "donor_station": "", "donor_river": "", "match_type": "", "match_km": "", "river_agrees": "", "combined_years": 2.0, "tier": 3}}, {"type": "Feature", "geometry": {"type": "Point", "coordinates": [-60.3230555555556, -33.3505555555556]}, "properties": {"series_id": 37838, "station_id": 6401, "station": "Aº Del Medio - Motomel", "river": "", "var_id": 39, "network": "sat2", "cat_start": "2024-09-14T00:00:00", "cat_end": "2026-08-29T00:00:00", "donor_series_id": "", "donor_station": "", "donor_river": "", "match_type": "", "match_km": "", "river_agrees": "", "combined_years": 2.0, "tier": 3}}, {"type": "Feature", "geometry": {"type": "Point", "coordinates": [-58.2208333333333, -32.4775]}, "properties": {"series_id": 37934, "station_id": 6405, "station": "Uruguay - Concep. del Uruguay", "river": "", "var_id": 39, "network": "sat2", "cat_start": "2024-09-14T00:00:00", "cat_end": "2026-08-29T00:00:00", "donor_series_id": 6561, "donor_station": "Uruguay  - Concepción", "donor_river": "Uruguay", "match_type": "coords", "match_km": 0.02, "river_agrees": "unknown", "combined_years": 25.3, "tier": 2}}, {"type": "Feature", "geometry": {"type": "Point", "coordinates": [-70.2886111111111, -35.3194444444444]}, "properties": {"series_id": 38470, "station_id": 6406, "station": "Grande - La Estrechura", "river": "", "var_id": 101, "network": "sat2", "cat_start": "2024-09-16T20:00:00", "cat_end": "2026-08-30T12:00:00", "donor_series_id": "", "donor_station": "", "donor_river": "", "match_type": "", "match_km": "", "river_agrees": "", "combined_years": 2.0, "tier": 3}}, {"type": "Feature", "geometry": {"type": "Point", "coordinates": [-67.4261111111111, -35.6361111111111]}, "properties": {"series_id": 37843, "station_id": 6421, "station": "Atuel - Paso de Loro", "river": "", "var_id": 39, "network": "sat2", "cat_start": "2024-09-14T00:00:00", "cat_end": "2026-08-29T00:00:00", "donor_series_id": "", "donor_station": "", "donor_river": "", "match_type": "", "match_km": "", "river_agrees": "", "combined_years": 2.0, "tier": 3}}, {"type": "Feature", "geometry": {"type": "Point", "coordinates": [-67.4261111111111, -35.6361111111111]}, "properties": {"series_id": 38479, "station_id": 6421, "station": "Atuel - Paso de Loro", "river": "", "var_id": 101, "network": "sat2", "cat_start": "2024-09-16T20:00:00", "cat_end": "2026-08-30T16:00:00", "donor_series_id": "", "donor_station": "", "donor_river": "", "match_type": "", "match_km": "", "river_agrees": "", "combined_years": 2.0, "tier": 3}}, {"type": "Feature", "geometry": {"type": "Point", "coordinates": [-58.0588888888889, -30.1083333333333]}, "properties": {"series_id": 37996, "station_id": 6422, "station": "Mocoretá - RN Nº 127", "river": "", "var_id": 39, "network": "sat2", "cat_start": "2024-09-14T00:00:00", "cat_end": "2026-08-29T00:00:00", "donor_series_id": 6580, "donor_station": "Mocoretá - Rnnº 127", "donor_river": "Mocoretá", "match_type": "coords", "match_km": 0.11, "river_agrees": "unknown", "combined_years": 16.3, "tier": 2}}, {"type": "Feature", "geometry": {"type": "Point", "coordinates": [-60.4261111111111, -32.3058333333333]}, "properties": {"series_id": 37851, "station_id": 6423, "station": "Aº Del Doll - RN 11", "river": "", "var_id": 39, "network": "sat2", "cat_start": "2024-09-14T00:00:00", "cat_end": "2026-08-29T00:00:00", "donor_series_id": 30074, "donor_station": "DEL DOLL - RUTA PROVINCIAL Nº 011", "donor_river": "Del Doll", "match_type": "coords", "match_km": 0.04, "river_agrees": "unknown", "combined_years": 2.2, "tier": 3}}, {"type": "Feature", "geometry": {"type": "Point", "coordinates": [-64.7161111111111, -32.9033333333333]}, "properties": {"series_id": 37899, "station_id": 6424, "station": "Cuarto - Tincunaco", "river": "", "var_id": 39, "network": "sat2", "cat_start": "2024-12-19T00:00:00", "cat_end": "2026-08-29T00:00:00", "donor_series_id": "", "donor_station": "", "donor_river": "", "match_type": "", "match_km": "", "river_agrees": "", "combined_years": 1.7, "tier": 3}}, {"type": "Feature", "geometry": {"type": "Point", "coordinates": [-64.7161111111111, -32.9033333333333]}, "properties": {"series_id": 38525, "station_id": 6424, "station": "Cuarto - Tincunaco", "river": "", "var_id": 101, "network": "sat2", "cat_start": "2024-12-19T20:00:00", "cat_end": "2026-08-30T08:00:00", "donor_series_id": "", "donor_station": "", "donor_river": "", "match_type": "", "match_km": "", "river_agrees": "", "combined_years": 1.7, "tier": 3}}, {"type": "Feature", "geometry": {"type": "Point", "coordinates": [-61.6969444444444, -38.7608333333333]}, "properties": {"series_id": 37841, "station_id": 6426, "station": "Sauce Grande - RN Nº3", "river": "", "var_id": 39, "network": "sat2", "cat_start": "2024-09-14T00:00:00", "cat_end": "2026-08-29T00:00:00", "donor_series_id": "", "donor_station": "", "donor_river": "", "match_type": "", "match_km": "", "river_agrees": "", "combined_years": 2.0, "tier": 3}}, {"type": "Feature", "geometry": {"type": "Point", "coordinates": [-59.5388888888889, -37.0811111111111]}, "properties": {"series_id": 37900, "station_id": 6427, "station": "Aº De los Huesos - RN 226", "river": "", "var_id": 39, "network": "sat2", "cat_start": "2024-09-14T00:00:00", "cat_end": "2026-08-29T00:00:00", "donor_series_id": "", "donor_station": "", "donor_river": "", "match_type": "", "match_km": "", "river_agrees": "", "combined_years": 2.0, "tier": 3}}, {"type": "Feature", "geometry": {"type": "Point", "coordinates": [-59.5388888888889, -37.0811111111111]}, "properties": {"series_id": 38526, "station_id": 6427, "station": "Aº De los Huesos - RN 226", "river": "", "var_id": 101, "network": "sat2", "cat_start": "2024-09-16T20:00:00", "cat_end": "2026-08-30T16:00:00", "donor_series_id": "", "donor_station": "", "donor_river": "", "match_type": "", "match_km": "", "river_agrees": "", "combined_years": 2.0, "tier": 3}}, {"type": "Feature", "geometry": {"type": "Point", "coordinates": [-63.8916666666667, -25.7166666666667]}, "properties": {"series_id": 38511, "station_id": 6428, "station": "Salado -A.Ab. Azud Cruz Bajada", "river": "", "var_id": 101, "network": "sat2", "cat_start": "2024-09-16T20:00:00", "cat_end": "2026-08-30T16:00:00", "donor_series_id": "", "donor_station": "", "donor_river": "", "match_type": "", "match_km": "", "river_agrees": "", "combined_years": 2.0, "tier": 3}}, {"type": "Feature", "geometry": {"type": "Point", "coordinates": [-69.4138888888889, -31.3319444444444]}, "properties": {"series_id": 37876, "station_id": 6429, "station": "Blanco - Calingasta - RP 142", "river": "", "var_id": 39, "network": "sat2", "cat_start": "2024-09-14T00:00:00", "cat_end": "2026-08-29T00:00:00", "donor_series_id": "", "donor_station": "", "donor_river": "", "match_type": "", "match_km": "", "river_agrees": "", "combined_years": 2.0, "tier": 3}}, {"type": "Feature", "geometry": {"type": "Point", "coordinates": [-69.4138888888889, -31.3319444444444]}, "properties": {"series_id": 38509, "station_id": 6429, "station": "Blanco - Calingasta - RP 142", "river": "", "var_id": 101, "network": "sat2", "cat_start": "2024-09-16T20:00:00", "cat_end": "2026-08-30T12:00:00", "donor_series_id": "", "donor_station": "", "donor_river": "", "match_type": "", "match_km": "", "river_agrees": "", "combined_years": 2.0, "tier": 3}}, {"type": "Feature", "geometry": {"type": "Point", "coordinates": [-63.2375, -39.3669444444444]}, "properties": {"series_id": 37881, "station_id": 6430, "station": "Colorado - Paso Alsina", "river": "", "var_id": 39, "network": "sat2", "cat_start": "2024-09-14T00:00:00", "cat_end": "2026-08-29T00:00:00", "donor_series_id": "", "donor_station": "", "donor_river": "", "match_type": "", "match_km": "", "river_agrees": "", "combined_years": 2.0, "tier": 3}}, {"type": "Feature", "geometry": {"type": "Point", "coordinates": [-59.1961111111111, -27.2633333333333]}, "properties": {"series_id": 38058, "station_id": 6432, "station": "Negro - Laguna Blanca", "river": "", "var_id": 39, "network": "sat2", "cat_start": "2024-09-14T00:00:00", "cat_end": "2026-08-29T00:00:00", "donor_series_id": "", "donor_station": "", "donor_river": "", "match_type": "", "match_km": "", "river_agrees": "", "combined_years": 2.0, "tier": 3}}, {"type": "Feature", "geometry": {"type": "Point", "coordinates": [-54.5883333333333, -26.4858333333333]}, "properties": {"series_id": 37858, "station_id": 6435, "station": "Piray Guazú - R. Nac. 12 Vieja", "river": "", "var_id": 39, "network": "sat2", "cat_start": "2024-09-20T00:00:00", "cat_end": "2026-08-29T00:00:00", "donor_series_id": 6497, "donor_station": "Piray Guazú - Puente Viejo- RN 12", "donor_river": "Piray Guazú", "match_type": "coords", "match_km": 0.06, "river_agrees": "unknown", "combined_years": 25.3, "tier": 2}}, {"type": "Feature", "geometry": {"type": "Point", "coordinates": [-54.5883333333333, -26.4858333333333]}, "properties": {"series_id": 38492, "station_id": 6435, "station": "Piray Guazú - R. Nac. 12 Vieja", "river": "", "var_id": 101, "network": "sat2", "cat_start": "2024-09-20T12:00:00", "cat_end": "2026-08-30T16:00:00", "donor_series_id": 6497, "donor_station": "Piray Guazú - Puente Viejo- RN 12", "donor_river": "Piray Guazú", "match_type": "coords", "match_km": 0.06, "river_agrees": "unknown", "combined_years": 25.3, "tier": 2}}, {"type": "Feature", "geometry": {"type": "Point", "coordinates": [-54.4983333333333, -26.355]}, "properties": {"series_id": 38540, "station_id": 6439, "station": "Piray Mini - Valle Hermoso", "river": "", "var_id": 101, "network": "sat2", "cat_start": "2024-09-16T20:00:00", "cat_end": "2026-08-30T16:00:00", "donor_series_id": 6481, "donor_station": "Piray Miní - Valle Hermoso", "donor_river": "Piray Miní", "match_type": "coords", "match_km": 0.01, "river_agrees": "unknown", "combined_years": 25.3, "tier": 2}}, {"type": "Feature", "geometry": {"type": "Point", "coordinates": [-65.5336111111111, -33.6538888888889]}, "properties": {"series_id": 38680, "station_id": 6441, "station": "Quinto - Dique Villa Mercedes", "river": "", "var_id": 101, "network": "sat2", "cat_start": "2024-10-07T00:00:00", "cat_end": "2026-08-30T16:00:00", "donor_series_id": "", "donor_station": "", "donor_river": "", "match_type": "", "match_km": "", "river_agrees": "", "combined_years": 1.9, "tier": 3}}, {"type": "Feature", "geometry": {"type": "Point", "coordinates": [-66.0633333333333, -33.1058333333333]}, "properties": {"series_id": 37864, "station_id": 6444, "station": "Trapiche - Hosteria El Trapich", "river": "", "var_id": 39, "network": "sat2", "cat_start": "2024-09-14T00:00:00", "cat_end": "2026-08-29T00:00:00", "donor_series_id": "", "donor_station": "", "donor_river": "", "match_type": "", "match_km": "", "river_agrees": "", "combined_years": 2.0, "tier": 3}}, {"type": "Feature", "geometry": {"type": "Point", "coordinates": [-65.1516666666667, -33.9186111111111]}, "properties": {"series_id": 38169, "station_id": 6445, "station": "Quinto - Justo Daract", "river": "", "var_id": 39, "network": "sat2", "cat_start": "2024-09-14T00:00:00", "cat_end": "2026-08-29T00:00:00", "donor_series_id": "", "donor_station": "", "donor_river": "", "match_type": "", "match_km": "", "river_agrees": "", "combined_years": 2.0, "tier": 3}}, {"type": "Feature", "geometry": {"type": "Point", "coordinates": [-65.1516666666667, -33.9186111111111]}, "properties": {"series_id": 38706, "station_id": 6445, "station": "Quinto - Justo Daract", "river": "", "var_id": 101, "network": "sat2", "cat_start": "2024-09-16T20:00:00", "cat_end": "2026-08-30T16:00:00", "donor_series_id": "", "donor_station": "", "donor_river": "", "match_type": "", "match_km": "", "river_agrees": "", "combined_years": 2.0, "tier": 3}}, {"type": "Feature", "geometry": {"type": "Point", "coordinates": [-64.7202777777778, -32.6894444444444]}, "properties": {"series_id": 37965, "station_id": 6446, "station": "De Las Barrancas-A.Corral RP23", "river": "", "var_id": 39, "network": "sat2", "cat_start": "2024-09-14T00:00:00", "cat_end": "2026-08-29T00:00:00", "donor_series_id": "", "donor_station": "", "donor_river": "", "match_type": "", "match_km": "", "river_agrees": "", "combined_years": 2.0, "tier": 3}}, {"type": "Feature", "geometry": {"type": "Point", "coordinates": [-64.7202777777778, -32.6894444444444]}, "properties": {"series_id": 38573, "station_id": 6446, "station": "De Las Barrancas-A.Corral RP23", "river": "", "var_id": 101, "network": "sat2", "cat_start": "2024-09-16T20:00:00", "cat_end": "2026-08-30T16:00:00", "donor_series_id": "", "donor_station": "", "donor_river": "", "match_type": "", "match_km": "", "river_agrees": "", "combined_years": 2.0, "tier": 3}}, {"type": "Feature", "geometry": {"type": "Point", "coordinates": [-64.8558333333333, -27.5033333333333]}, "properties": {"series_id": 38496, "station_id": 6447, "station": "Dulce - La Escuela - Río Hondo", "river": "", "var_id": 101, "network": "sat2", "cat_start": "2024-09-16T20:00:00", "cat_end": "2026-08-30T16:00:00", "donor_series_id": "", "donor_station": "", "donor_river": "", "match_type": "", "match_km": "", "river_agrees": "", "combined_years": 2.0, "tier": 3}}, {"type": "Feature", "geometry": {"type": "Point", "coordinates": [-58.61, -27.2891666666667]}, "properties": {"series_id": 38130, "station_id": 6449, "station": "Paraguay - Isla del Cerrito", "river": "", "var_id": 39, "network": "sat2", "cat_start": "2024-09-14T00:00:00", "cat_end": "2026-08-29T00:00:00", "donor_series_id": 6220, "donor_station": "Paraguay - Isla del Cerrito", "donor_river": "Paraguay", "match_type": "coords", "match_km": 0.04, "river_agrees": "unknown", "combined_years": 10.0, "tier": 2}}, {"type": "Feature", "geometry": {"type": "Point", "coordinates": [-58.8988888888889, -27.4563888888889]}, "properties": {"series_id": 38508, "station_id": 6454, "station": "Negro-Obra de Ctrl. Agua Abajo", "river": "", "var_id": 101, "network": "sat2", "cat_start": "2024-09-16T20:00:00", "cat_end": "2026-08-30T16:00:00", "donor_series_id": "", "donor_station": "", "donor_river": "", "match_type": "", "match_km": "", "river_agrees": "", "combined_years": 2.0, "tier": 3}}, {"type": "Feature", "geometry": {"type": "Point", "coordinates": [-63.8916666666667, -25.7158333333333]}, "properties": {"series_id": 38618, "station_id": 6457, "station": "Embalse Cruz Bajada", "river": "", "var_id": 101, "network": "sat2", "cat_start": "2024-09-16T20:00:00", "cat_end": "2026-08-30T16:00:00", "donor_series_id": "", "donor_station": "", "donor_river": "", "match_type": "", "match_km": "", "river_agrees": "", "combined_years": 2.0, "tier": 3}}, {"type": "Feature", "geometry": {"type": "Point", "coordinates": [-63.8905555555556, -25.7163888888889]}, "properties": {"series_id": 37848, "station_id": 6459, "station": "Canal de Dios - Cruz Bajada", "river": "", "var_id": 39, "network": "sat2", "cat_start": "2024-09-14T00:00:00", "cat_end": "2026-08-29T00:00:00", "donor_series_id": "", "donor_station": "", "donor_river": "", "match_type": "", "match_km": "", "river_agrees": "", "combined_years": 2.0, "tier": 3}}, {"type": "Feature", "geometry": {"type": "Point", "coordinates": [-65.2713888888889, -27.4325]}, "properties": {"series_id": 37861, "station_id": 6460, "station": "Gastona - Atahona RN Nº157", "river": "", "var_id": 39, "network": "sat2", "cat_start": "2026-04-16T00:00:00", "cat_end": "2026-08-29T00:00:00", "donor_series_id": "", "donor_station": "", "donor_river": "", "match_type": "", "match_km": "", "river_agrees": "", "combined_years": 0.4, "tier": 3}}, {"type": "Feature", "geometry": {"type": "Point", "coordinates": [-65.2713888888889, -27.4325]}, "properties": {"series_id": 38495, "station_id": 6460, "station": "Gastona - Atahona RN Nº157", "river": "", "var_id": 101, "network": "sat2", "cat_start": "2026-06-05T20:00:00", "cat_end": "2026-08-30T16:00:00", "donor_series_id": "", "donor_station": "", "donor_river": "", "match_type": "", "match_km": "", "river_agrees": "", "combined_years": 0.2, "tier": 3}}, {"type": "Feature", "geometry": {"type": "Point", "coordinates": [-64.8080555555556, -23.9094444444444]}, "properties": {"series_id": 38576, "station_id": 6463, "station": "Ledesma -Fraile Pintado-RN 34 ", "river": "", "var_id": 101, "network": "sat2", "cat_start": "2024-09-16T20:00:00", "cat_end": "2026-08-30T16:00:00", "donor_series_id": "", "donor_station": "", "donor_river": "", "match_type": "", "match_km": "", "river_agrees": "", "combined_years": 2.0, "tier": 3}}, {"type": "Feature", "geometry": {"type": "Point", "coordinates": [-64.8986111111111, -24.2644444444444]}, "properties": {"series_id": 38527, "station_id": 6464, "station": "San Pedro - Ledesma - RN 34", "river": "", "var_id": 101, "network": "sat2", "cat_start": "2024-09-16T20:00:00", "cat_end": "2026-08-30T16:00:00", "donor_series_id": "", "donor_station": "", "donor_river": "", "match_type": "", "match_km": "", "river_agrees": "", "combined_years": 2.0, "tier": 3}}, {"type": "Feature", "geometry": {"type": "Point", "coordinates": [-68.6425, -31.5025]}, "properties": {"series_id": 38497, "station_id": 6465, "station": "San Juan - Dique de la Rosa", "river": "", "var_id": 101, "network": "sat2", "cat_start": "2024-09-16T20:00:00", "cat_end": "2026-08-30T16:00:00", "donor_series_id": "", "donor_station": "", "donor_river": "", "match_type": "", "match_km": "", "river_agrees": "", "combined_years": 2.0, "tier": 3}}, {"type": "Feature", "geometry": {"type": "Point", "coordinates": [-68.2411111111111, -29.3488888888889]}, "properties": {"series_id": 37998, "station_id": 6466, "station": "Vinchina - Los Palacios -RN 40", "river": "", "var_id": 39, "network": "sat2", "cat_start": "2024-09-14T00:00:00", "cat_end": "2026-08-29T00:00:00", "donor_series_id": "", "donor_station": "", "donor_river": "", "match_type": "", "match_km": "", "river_agrees": "", "combined_years": 2.0, "tier": 3}}, {"type": "Feature", "geometry": {"type": "Point", "coordinates": [-68.2411111111111, -29.3488888888889]}, "properties": {"series_id": 38598, "station_id": 6466, "station": "Vinchina - Los Palacios -RN 40", "river": "", "var_id": 101, "network": "sat2", "cat_start": "2024-09-16T20:00:00", "cat_end": "2026-08-30T16:00:00", "donor_series_id": "", "donor_station": "", "donor_river": "", "match_type": "", "match_km": "", "river_agrees": "", "combined_years": 2.0, "tier": 3}}, {"type": "Feature", "geometry": {"type": "Point", "coordinates": [-69.6825, -35.5527777777778]}, "properties": {"series_id": 43134, "station_id": 6467, "station": "Malargue - La Barda", "river": "", "var_id": 2, "network": "sat2", "cat_start": "2025-11-27T12:00:00", "cat_end": "2026-08-30T16:00:00", "donor_series_id": "", "donor_station": "", "donor_river": "", "match_type": "", "match_km": "", "river_agrees": "", "combined_years": 0.8, "tier": 3}}, {"type": "Feature", "geometry": {"type": "Point", "coordinates": [-65.3163888888889, -26.4775]}, "properties": {"series_id": 37852, "station_id": 6469, "station": "Vipos - Toma Obras Sanitarias", "river": "", "var_id": 39, "network": "sat2", "cat_start": "2024-09-14T00:00:00", "cat_end": "2026-08-29T00:00:00", "donor_series_id": "", "donor_station": "", "donor_river": "", "match_type": "", "match_km": "", "river_agrees": "", "combined_years": 2.0, "tier": 3}}, {"type": "Feature", "geometry": {"type": "Point", "coordinates": [-72.0783333333333, -51.6808333333333]}, "properties": {"series_id": 37867, "station_id": 6478, "station": "Turbio - Turbio Viejo", "river": "", "var_id": 39, "network": "sat2", "cat_start": "2024-09-18T00:00:00", "cat_end": "2026-08-29T00:00:00", "donor_series_id": "", "donor_station": "", "donor_river": "", "match_type": "", "match_km": "", "river_agrees": "", "combined_years": 1.9, "tier": 3}}, {"type": "Feature", "geometry": {"type": "Point", "coordinates": [-72.0783333333333, -51.6808333333333]}, "properties": {"series_id": 38501, "station_id": 6478, "station": "Turbio - Turbio Viejo", "river": "", "var_id": 101, "network": "sat2", "cat_start": "2024-09-18T04:00:00", "cat_end": "2026-08-30T16:00:00", "donor_series_id": "", "donor_station": "", "donor_river": "", "match_type": "", "match_km": "", "river_agrees": "", "combined_years": 1.9, "tier": 3}}, {"type": "Feature", "geometry": {"type": "Point", "coordinates": [-65.3411111111111, -26.0658333333333]}, "properties": {"series_id": 38577, "station_id": 6479, "station": "El Tala - El Brete", "river": "", "var_id": 101, "network": "sat2", "cat_start": "2024-09-16T20:00:00", "cat_end": "2026-08-30T16:00:00", "donor_series_id": "", "donor_station": "", "donor_river": "", "match_type": "", "match_km": "", "river_agrees": "", "combined_years": 2.0, "tier": 3}}, {"type": "Feature", "geometry": {"type": "Point", "coordinates": [-63.9333333333333, -27.6966666666667]}, "properties": {"series_id": 37868, "station_id": 6480, "station": "Canal - Jume Esquina", "river": "", "var_id": 39, "network": "sat2", "cat_start": "2024-09-14T00:00:00", "cat_end": "2026-08-29T00:00:00", "donor_series_id": "", "donor_station": "", "donor_river": "", "match_type": "", "match_km": "", "river_agrees": "", "combined_years": 2.0, "tier": 3}}, {"type": "Feature", "geometry": {"type": "Point", "coordinates": [-63.9333333333333, -27.6966666666667]}, "properties": {"series_id": 38502, "station_id": 6480, "station": "Canal - Jume Esquina", "river": "", "var_id": 101, "network": "sat2", "cat_start": "2024-09-16T20:00:00", "cat_end": "2026-08-30T16:00:00", "donor_series_id": "", "donor_station": "", "donor_river": "", "match_type": "", "match_km": "", "river_agrees": "", "combined_years": 2.0, "tier": 3}}, {"type": "Feature", "geometry": {"type": "Point", "coordinates": [-66.1055555555556, -32.9019444444444]}, "properties": {"series_id": 37944, "station_id": 6481, "station": "Grande - Ruta Provincia Nº 9", "river": "", "var_id": 39, "network": "sat2", "cat_start": "2024-09-14T00:00:00", "cat_end": "2026-08-29T00:00:00", "donor_series_id": "", "donor_station": "", "donor_river": "", "match_type": "", "match_km": "", "river_agrees": "", "combined_years": 2.0, "tier": 3}}, {"type": "Feature", "geometry": {"type": "Point", "coordinates": [-66.1055555555556, -32.9019444444444]}, "properties": {"series_id": 38556, "station_id": 6481, "station": "Grande - Ruta Provincia Nº 9", "river": "", "var_id": 101, "network": "sat2", "cat_start": "2024-09-16T20:00:00", "cat_end": "2026-08-30T16:00:00", "donor_series_id": "", "donor_station": "", "donor_river": "", "match_type": "", "match_km": "", "river_agrees": "", "combined_years": 2.0, "tier": 3}}, {"type": "Feature", "geometry": {"type": "Point", "coordinates": [-66.71, -34.0869444444444]}, "properties": {"series_id": 38003, "station_id": 6483, "station": "Desaguadero - Salto de la Tosc", "river": "", "var_id": 39, "network": "sat2", "cat_start": "2024-09-14T00:00:00", "cat_end": "2026-08-29T00:00:00", "donor_series_id": "", "donor_station": "", "donor_river": "", "match_type": "", "match_km": "", "river_agrees": "", "combined_years": 2.0, "tier": 3}}, {"type": "Feature", "geometry": {"type": "Point", "coordinates": [-66.71, -34.0869444444444]}, "properties": {"series_id": 38602, "station_id": 6483, "station": "Desaguadero - Salto de la Tosc", "river": "", "var_id": 101, "network": "sat2", "cat_start": "2024-09-16T20:00:00", "cat_end": "2026-08-30T16:00:00", "donor_series_id": "", "donor_station": "", "donor_river": "", "match_type": "", "match_km": "", "river_agrees": "", "combined_years": 2.0, "tier": 3}}, {"type": "Feature", "geometry": {"type": "Point", "coordinates": [-69.0672222222222, -45.5644444444444]}, "properties": {"series_id": 44940, "station_id": 6500, "station": "Senguerr -Pte. Cno. Buen Pasto", "river": "", "var_id": 2, "network": "sat2", "cat_start": "2026-07-20T02:00:00", "cat_end": "2026-08-30T21:00:00", "donor_series_id": 6439, "donor_station": "SENGUERR - PUENTE CAMINO BUEN PASTO", "donor_river": "Senguerr", "match_type": "coords", "match_km": 0.35, "river_agrees": "unknown", "combined_years": 7.1, "tier": 3}}, {"type": "Feature", "geometry": {"type": "Point", "coordinates": [-65.2663888888889, -27.5211111111111]}, "properties": {"series_id": 38091, "station_id": 6505, "station": "Chico - RN Nº157 Monteagudo", "river": "", "var_id": 39, "network": "sat2", "cat_start": "2024-09-14T00:00:00", "cat_end": "2026-08-29T00:00:00", "donor_series_id": "", "donor_station": "", "donor_river": "", "match_type": "", "match_km": "", "river_agrees": "", "combined_years": 2.0, "tier": 3}}, {"type": "Feature", "geometry": {"type": "Point", "coordinates": [-70.2291666666667, -37.4063888888889]}, "properties": {"series_id": 37941, "station_id": 6507, "station": "Neuquén - Chos Malal -RN40", "river": "", "var_id": 39, "network": "sat2", "cat_start": "2024-09-14T00:00:00", "cat_end": "2026-08-29T00:00:00", "donor_series_id": "", "donor_station": "", "donor_river": "", "match_type": "", "match_km": "", "river_agrees": "", "combined_years": 2.0, "tier": 3}}, {"type": "Feature", "geometry": {"type": "Point", "coordinates": [-55.025, -26.7916666666667]}, "properties": {"series_id": 38533, "station_id": 6508, "station": "Paraná - Puerto Rico", "river": "", "var_id": 101, "network": "sat2", "cat_start": "2024-09-16T20:00:00", "cat_end": "2026-08-30T16:00:00", "donor_series_id": 6487, "donor_station": "Paraná - Puerto Rico", "donor_river": "Paraná", "match_type": "coords", "match_km": 0.09, "river_agrees": "unknown", "combined_years": 18.3, "tier": 2}}, {"type": "Feature", "geometry": {"type": "Point", "coordinates": [-58.6427777777778, -27.1180555555556]}, "properties": {"series_id": 37942, "station_id": 6511, "station": "Paraguay - Las Palmas", "river": "", "var_id": 39, "network": "sat2", "cat_start": "2024-09-14T00:00:00", "cat_end": "2026-08-29T00:00:00", "donor_series_id": "", "donor_station": "", "donor_river": "", "match_type": "", "match_km": "", "river_agrees": "", "combined_years": 2.0, "tier": 3}}, {"type": "Feature", "geometry": {"type": "Point", "coordinates": [-58.6427777777778, -27.1180555555556]}, "properties": {"series_id": 38554, "station_id": 6511, "station": "Paraguay - Las Palmas", "river": "", "var_id": 101, "network": "sat2", "cat_start": "2024-09-16T20:00:00", "cat_end": "2026-08-30T16:00:00", "donor_series_id": "", "donor_station": "", "donor_river": "", "match_type": "", "match_km": "", "river_agrees": "", "combined_years": 2.0, "tier": 3}}, {"type": "Feature", "geometry": {"type": "Point", "coordinates": [-72.1063888888889, -50.9961111111111]}, "properties": {"series_id": 37924, "station_id": 6516, "station": "Vizcachas - Cerro Palique", "river": "", "var_id": 39, "network": "sat2", "cat_start": "2024-09-14T00:00:00", "cat_end": "2026-08-29T00:00:00", "donor_series_id": 6170, "donor_station": "Vizcachas - Cerro Palique", "donor_river": "Vizcachas", "match_type": "coords", "match_km": 0.01, "river_agrees": "unknown", "combined_years": 16.5, "tier": 2}}, {"type": "Feature", "geometry": {"type": "Point", "coordinates": [-72.1063888888889, -50.9961111111111]}, "properties": {"series_id": 38539, "station_id": 6516, "station": "Vizcachas - Cerro Palique", "river": "", "var_id": 101, "network": "sat2", "cat_start": "2024-09-16T20:00:00", "cat_end": "2026-08-30T16:00:00", "donor_series_id": 6170, "donor_station": "Vizcachas - Cerro Palique", "donor_river": "Vizcachas", "match_type": "coords", "match_km": 0.01, "river_agrees": "unknown", "combined_years": 16.5, "tier": 2}}, {"type": "Feature", "geometry": {"type": "Point", "coordinates": [-67.1866666666667, -36.2413888888889]}, "properties": {"series_id": 38111, "station_id": 6518, "station": "Atuel - La Puntilla", "river": "", "var_id": 39, "network": "sat2", "cat_start": "2024-09-14T00:00:00", "cat_end": "2026-08-29T00:00:00", "donor_series_id": "", "donor_station": "", "donor_river": "", "match_type": "", "match_km": "", "river_agrees": "", "combined_years": 2.0, "tier": 3}}, {"type": "Feature", "geometry": {"type": "Point", "coordinates": [-67.1866666666667, -36.2413888888889]}, "properties": {"series_id": 38669, "station_id": 6518, "station": "Atuel - La Puntilla", "river": "", "var_id": 101, "network": "sat2", "cat_start": "2024-09-16T20:00:00", "cat_end": "2026-08-30T12:00:00", "donor_series_id": "", "donor_station": "", "donor_river": "", "match_type": "", "match_km": "", "river_agrees": "", "combined_years": 2.0, "tier": 3}}, {"type": "Feature", "geometry": {"type": "Point", "coordinates": [-71.3347222222222, -40.1530555555556]}, "properties": {"series_id": 38659, "station_id": 6519, "station": "Aº Trabunco -S.M. de Los Andes", "river": "", "var_id": 101, "network": "sat2", "cat_start": "2024-09-16T20:00:00", "cat_end": "2026-08-30T16:00:00", "donor_series_id": "", "donor_station": "", "donor_river": "", "match_type": "", "match_km": "", "river_agrees": "", "combined_years": 2.0, "tier": 3}}, {"type": "Feature", "geometry": {"type": "Point", "coordinates": [-53.7347222222222, -26.6133333333333]}, "properties": {"series_id": 38632, "station_id": 6522, "station": "Pepirí Guazú-Pte.Int.P.Rosales", "river": "", "var_id": 101, "network": "sat2", "cat_start": "2024-09-16T20:00:00", "cat_end": "2026-08-30T00:00:00", "donor_series_id": "", "donor_station": "", "donor_river": "", "match_type": "", "match_km": "", "river_agrees": "", "combined_years": 2.0, "tier": 3}}, {"type": "Feature", "geometry": {"type": "Point", "coordinates": [-67.1, -36.6852777777778]}, "properties": {"series_id": 37885, "station_id": 6523, "station": "Laguna El Uncal - AM20", "river": "", "var_id": 39, "network": "sat2", "cat_start": "2025-04-27T00:00:00", "cat_end": "2026-08-29T00:00:00", "donor_series_id": "", "donor_station": "", "donor_river": "", "match_type": "", "match_km": "", "river_agrees": "", "combined_years": 1.3, "tier": 3}}, {"type": "Feature", "geometry": {"type": "Point", "coordinates": [-70.5616666666667, -51.865]}, "properties": {"series_id": 38002, "station_id": 6533, "station": "Gallegos Chico - Bella Vista", "river": "", "var_id": 39, "network": "sat2", "cat_start": "2024-09-18T00:00:00", "cat_end": "2026-08-29T00:00:00", "donor_series_id": "", "donor_station": "", "donor_river": "", "match_type": "", "match_km": "", "river_agrees": "", "combined_years": 1.9, "tier": 3}}, {"type": "Feature", "geometry": {"type": "Point", "coordinates": [-70.5616666666667, -51.865]}, "properties": {"series_id": 38601, "station_id": 6533, "station": "Gallegos Chico - Bella Vista", "river": "", "var_id": 101, "network": "sat2", "cat_start": "2024-09-18T16:00:00", "cat_end": "2026-08-30T00:00:00", "donor_series_id": "", "donor_station": "", "donor_river": "", "match_type": "", "match_km": "", "river_agrees": "", "combined_years": 1.9, "tier": 3}}, {"type": "Feature", "geometry": {"type": "Point", "coordinates": [-69.1775, -31.2522222222222]}, "properties": {"series_id": 38555, "station_id": 6534, "station": "San Juan - Km 101 LIM", "river": "", "var_id": 101, "network": "sat2", "cat_start": "2024-09-16T20:00:00", "cat_end": "2026-08-30T16:00:00", "donor_series_id": "", "donor_station": "", "donor_river": "", "match_type": "", "match_km": "", "river_agrees": "", "combined_years": 2.0, "tier": 3}}, {"type": "Feature", "geometry": {"type": "Point", "coordinates": [-68.6405555555556, -49.7769444444444]}, "properties": {"series_id": 38034, "station_id": 6535, "station": "Chico - Ruta Nac. Nº 3", "river": "", "var_id": 39, "network": "sat2", "cat_start": "2024-09-14T00:00:00", "cat_end": "2026-08-29T00:00:00", "donor_series_id": 6151, "donor_station": "Chico - Ruta Nacional Nº 3", "donor_river": "Chico", "match_type": "coords", "match_km": 0.25, "river_agrees": "unknown", "combined_years": 7.1, "tier": 3}}, {"type": "Feature", "geometry": {"type": "Point", "coordinates": [-68.6405555555556, -49.7769444444444]}, "properties": {"series_id": 38621, "station_id": 6535, "station": "Chico - Ruta Nac. Nº 3", "river": "", "var_id": 101, "network": "sat2", "cat_start": "2024-09-16T20:00:00", "cat_end": "2026-08-30T16:00:00", "donor_series_id": 6151, "donor_station": "Chico - Ruta Nacional Nº 3", "donor_river": "Chico", "match_type": "coords", "match_km": 0.25, "river_agrees": "unknown", "combined_years": 7.1, "tier": 3}}, {"type": "Feature", "geometry": {"type": "Point", "coordinates": [-71.8333333333333, -41.2016666666667]}, "properties": {"series_id": 37892, "station_id": 6539, "station": "Ventisquero Negro - Lago Manso", "river": "", "var_id": 39, "network": "sat2", "cat_start": "2024-09-14T00:00:00", "cat_end": "2026-08-28T00:00:00", "donor_series_id": "", "donor_station": "", "donor_river": "", "match_type": "", "match_km": "", "river_agrees": "", "combined_years": 2.0, "tier": 3}}, {"type": "Feature", "geometry": {"type": "Point", "coordinates": [-62.7786111111111, -28.6152777777778]}, "properties": {"series_id": 38518, "station_id": 6540, "station": "Salado - Icaño", "river": "", "var_id": 101, "network": "sat2", "cat_start": "2024-09-16T20:00:00", "cat_end": "2026-08-30T12:00:00", "donor_series_id": "", "donor_station": "", "donor_river": "", "match_type": "", "match_km": "", "river_agrees": "", "combined_years": 2.0, "tier": 3}}, {"type": "Feature", "geometry": {"type": "Point", "coordinates": [-59.8169444444444, -34.3519444444444]}, "properties": {"series_id": 38521, "station_id": 6544, "station": "Areco - Carmen de Areco", "river": "", "var_id": 101, "network": "sat2", "cat_start": "2024-09-16T20:00:00", "cat_end": "2026-08-30T12:00:00", "donor_series_id": 43051, "donor_station": "Carmen de Areco", "donor_river": "Areco", "match_type": "coords", "match_km": 0.03, "river_agrees": "unknown", "combined_years": 11.0, "tier": 2}}, {"type": "Feature", "geometry": {"type": "Point", "coordinates": [-64.3691666666667, -22.7263888888889]}, "properties": {"series_id": 37917, "station_id": 6548, "station": "Bermejo - Aguas Blancas LIM", "river": "", "var_id": 39, "network": "sat2", "cat_start": "2024-09-14T00:00:00", "cat_end": "2026-08-29T00:00:00", "donor_series_id": 29685, "donor_station": "Bermejo - Aguas Blancas", "donor_river": "Bermejo", "match_type": "coords", "match_km": 0.5, "river_agrees": "unknown", "combined_years": 25.3, "tier": 2}}, {"type": "Feature", "geometry": {"type": "Point", "coordinates": [-64.3902777777778, -25.2497222222222]}, "properties": {"series_id": 37928, "station_id": 6549, "station": "Juramento - El Tunal", "river": "", "var_id": 39, "network": "sat2", "cat_start": "2024-09-14T00:00:00", "cat_end": "2026-08-29T00:00:00", "donor_series_id": "", "donor_station": "", "donor_river": "", "match_type": "", "match_km": "", "river_agrees": "", "combined_years": 2.0, "tier": 3}}, {"type": "Feature", "geometry": {"type": "Point", "coordinates": [-60.3341666666667, -24.4086111111111]}, "properties": {"series_id": 38133, "station_id": 6553, "station": "Bañado La Estrella - RP Nº28", "river": "", "var_id": 39, "network": "sat2", "cat_start": "2024-09-17T00:00:00", "cat_end": "2026-08-29T00:00:00", "donor_series_id": "", "donor_station": "", "donor_river": "", "match_type": "", "match_km": "", "river_agrees": "", "combined_years": 1.9, "tier": 3}}, {"type": "Feature", "geometry": {"type": "Point", "coordinates": [-66.2175, -26.9955555555556]}, "properties": {"series_id": 38112, "station_id": 6555, "station": "Santa Maria - Pie de Medano", "river": "", "var_id": 39, "network": "sat2", "cat_start": "2024-09-14T00:00:00", "cat_end": "2026-08-29T00:00:00", "donor_series_id": "", "donor_station": "", "donor_river": "", "match_type": "", "match_km": "", "river_agrees": "", "combined_years": 2.0, "tier": 3}}, {"type": "Feature", "geometry": {"type": "Point", "coordinates": [-66.2175, -26.9955555555556]}, "properties": {"series_id": 38670, "station_id": 6555, "station": "Santa Maria - Pie de Medano", "river": "", "var_id": 101, "network": "sat2", "cat_start": "2024-09-16T20:00:00", "cat_end": "2026-08-30T16:00:00", "donor_series_id": "", "donor_station": "", "donor_river": "", "match_type": "", "match_km": "", "river_agrees": "", "combined_years": 2.0, "tier": 3}}, {"type": "Feature", "geometry": {"type": "Point", "coordinates": [-59.3283333333333, -29.165]}, "properties": {"series_id": 37893, "station_id": 6569, "station": "Paraná - Goya", "river": "", "var_id": 39, "network": "sat2", "cat_start": "2025-03-17T00:00:00", "cat_end": "2026-08-29T00:00:00", "donor_series_id": "", "donor_station": "", "donor_river": "", "match_type": "", "match_km": "", "river_agrees": "", "combined_years": 1.5, "tier": 3}}, {"type": "Feature", "geometry": {"type": "Point", "coordinates": [-65.2733333333333, -43.2761111111111]}, "properties": {"series_id": 38036, "station_id": 6570, "station": "Chubut - Trelew", "river": "", "var_id": 39, "network": "sat2", "cat_start": "2024-09-14T00:00:00", "cat_end": "2026-08-29T00:00:00", "donor_series_id": 30005, "donor_station": "CHUBUT - TRELEW", "donor_river": "Chubut", "match_type": "coords", "match_km": 0.01, "river_agrees": "unknown", "combined_years": 2.2, "tier": 3}}, {"type": "Feature", "geometry": {"type": "Point", "coordinates": [-65.5238888888889, -25.5091666666667]}, "properties": {"series_id": 38580, "station_id": 6577, "station": "Las Conchas - Coropampa", "river": "", "var_id": 101, "network": "sat2", "cat_start": "2024-09-16T20:00:00", "cat_end": "2026-08-30T16:00:00", "donor_series_id": "", "donor_station": "", "donor_river": "", "match_type": "", "match_km": "", "river_agrees": "", "combined_years": 2.0, "tier": 3}}, {"type": "Feature", "geometry": {"type": "Point", "coordinates": [-69.475, -45.9861111111111]}, "properties": {"series_id": 37956, "station_id": 6582, "station": "Senguerr - Los Molinos", "river": "", "var_id": 39, "network": "sat2", "cat_start": "2024-09-17T00:00:00", "cat_end": "2026-08-29T00:00:00", "donor_series_id": 6467, "donor_station": "Senguerr-Los Molinos", "donor_river": "Senguerr", "match_type": "coords", "match_km": 0.01, "river_agrees": "unknown", "combined_years": 7.1, "tier": 3}}, {"type": "Feature", "geometry": {"type": "Point", "coordinates": [-69.475, -45.9861111111111]}, "properties": {"series_id": 38565, "station_id": 6582, "station": "Senguerr - Los Molinos", "river": "", "var_id": 101, "network": "sat2", "cat_start": "2024-09-17T16:00:00", "cat_end": "2026-08-30T16:00:00", "donor_series_id": 6467, "donor_station": "Senguerr-Los Molinos", "donor_river": "Senguerr", "match_type": "coords", "match_km": 0.01, "river_agrees": "unknown", "combined_years": 7.1, "tier": 3}}, {"type": "Feature", "geometry": {"type": "Point", "coordinates": [-64.5922222222222, -25.3933333333333]}, "properties": {"series_id": 38589, "station_id": 6586, "station": "Metán - Desembocadura", "river": "", "var_id": 101, "network": "sat2", "cat_start": "2024-09-16T20:00:00", "cat_end": "2026-08-30T16:00:00", "donor_series_id": "", "donor_station": "", "donor_river": "", "match_type": "", "match_km": "", "river_agrees": "", "combined_years": 2.0, "tier": 3}}, {"type": "Feature", "geometry": {"type": "Point", "coordinates": [-56.0288888888889, -28.545]}, "properties": {"series_id": 37976, "station_id": 6587, "station": "Uruguay - Santo Tomé", "river": "", "var_id": 39, "network": "sat2", "cat_start": "2024-09-19T00:00:00", "cat_end": "2026-08-29T00:00:00", "donor_series_id": 6628, "donor_station": "Uruguay - Santo Tomé", "donor_river": "Uruguay", "match_type": "coords", "match_km": 0.06, "river_agrees": "unknown", "combined_years": 25.3, "tier": 2}}, {"type": "Feature", "geometry": {"type": "Point", "coordinates": [-56.0288888888889, -28.545]}, "properties": {"series_id": 38581, "station_id": 6587, "station": "Uruguay - Santo Tomé", "river": "", "var_id": 101, "network": "sat2", "cat_start": "2024-09-18T16:00:00", "cat_end": "2026-08-30T16:00:00", "donor_series_id": 6628, "donor_station": "Uruguay - Santo Tomé", "donor_river": "Uruguay", "match_type": "coords", "match_km": 0.06, "river_agrees": "unknown", "combined_years": 25.3, "tier": 2}}, {"type": "Feature", "geometry": {"type": "Point", "coordinates": [-71.4283333333333, -43.9194444444444]}, "properties": {"series_id": 37926, "station_id": 6591, "station": "Lago Vinter - Vinter", "river": "", "var_id": 39, "network": "sat2", "cat_start": "2025-01-22T00:00:00", "cat_end": "2026-08-29T00:00:00", "donor_series_id": 30012, "donor_station": "LAGO VINTER - VINTER", "donor_river": "Lago Vinter", "match_type": "coords", "match_km": 0.01, "river_agrees": "unknown", "combined_years": 18.7, "tier": 2}}, {"type": "Feature", "geometry": {"type": "Point", "coordinates": [-63.7897222222222, -40.4555555555556]}, "properties": {"series_id": 38068, "station_id": 6593, "station": "Negro - Primera Angostura", "river": "", "var_id": 39, "network": "sat2", "cat_start": "2024-09-14T00:00:00", "cat_end": "2026-08-29T00:00:00", "donor_series_id": "", "donor_station": "", "donor_river": "", "match_type": "", "match_km": "", "river_agrees": "", "combined_years": 2.0, "tier": 3}}, {"type": "Feature", "geometry": {"type": "Point", "coordinates": [-63.7897222222222, -40.4555555555556]}, "properties": {"series_id": 38645, "station_id": 6593, "station": "Negro - Primera Angostura", "river": "", "var_id": 101, "network": "sat2", "cat_start": "2024-09-17T12:00:00", "cat_end": "2026-08-30T16:00:00", "donor_series_id": "", "donor_station": "", "donor_river": "", "match_type": "", "match_km": "", "river_agrees": "", "combined_years": 1.9, "tier": 3}}, {"type": "Feature", "geometry": {"type": "Point", "coordinates": [-62.4133333333333, -34.4494444444444]}, "properties": {"series_id": 38699, "station_id": 6595, "station": "Lag. La Picasa-Inter. Can. A22", "river": "", "var_id": 101, "network": "sat2", "cat_start": "2024-09-16T20:00:00", "cat_end": "2026-08-30T16:00:00", "donor_series_id": "", "donor_station": "", "donor_river": "", "match_type": "", "match_km": "", "river_agrees": "", "combined_years": 2.0, "tier": 3}}, {"type": "Feature", "geometry": {"type": "Point", "coordinates": [-59.7027777777778, -34.2880555555556]}, "properties": {"series_id": 37927, "station_id": 6604, "station": "Areco - Puente Quemado", "river": "", "var_id": 39, "network": "sat2", "cat_start": "2024-09-14T00:00:00", "cat_end": "2026-08-29T00:00:00", "donor_series_id": "", "donor_station": "", "donor_river": "", "match_type": "", "match_km": "", "river_agrees": "", "combined_years": 2.0, "tier": 3}}, {"type": "Feature", "geometry": {"type": "Point", "coordinates": [-59.7027777777778, -34.2880555555556]}, "properties": {"series_id": 38542, "station_id": 6604, "station": "Areco - Puente Quemado", "river": "", "var_id": 101, "network": "sat2", "cat_start": "2024-09-16T20:00:00", "cat_end": "2026-08-30T16:00:00", "donor_series_id": "", "donor_station": "", "donor_river": "", "match_type": "", "match_km": "", "river_agrees": "", "combined_years": 2.0, "tier": 3}}, {"type": "Feature", "geometry": {"type": "Point", "coordinates": [-68.3983333333333, -43.8886111111111]}, "properties": {"series_id": 38566, "station_id": 6608, "station": "Chubut - Los Altares", "river": "", "var_id": 101, "network": "sat2", "cat_start": "2024-09-16T20:00:00", "cat_end": "2026-08-30T16:00:00", "donor_series_id": 6448, "donor_station": "Chubut - Los Altares", "donor_river": "Chubut", "match_type": "coords", "match_km": 0.09, "river_agrees": "unknown", "combined_years": 7.1, "tier": 3}}, {"type": "Feature", "geometry": {"type": "Point", "coordinates": [-67.0163888888889, -27.6155555555556]}, "properties": {"series_id": 37950, "station_id": 6616, "station": "Dique Belén - Aguas Abajo", "river": "", "var_id": 39, "network": "sat2", "cat_start": "2024-09-14T00:00:00", "cat_end": "2026-08-29T00:00:00", "donor_series_id": "", "donor_station": "", "donor_river": "", "match_type": "", "match_km": "", "river_agrees": "", "combined_years": 2.0, "tier": 3}}, {"type": "Feature", "geometry": {"type": "Point", "coordinates": [-55.335, -27.4011111111111]}, "properties": {"series_id": 38686, "station_id": 6618, "station": "Yabebiry - Colonia Martires", "river": "", "var_id": 101, "network": "sat2", "cat_start": "2025-01-15T16:00:00", "cat_end": "2026-08-30T12:00:00", "donor_series_id": 30051, "donor_station": "Yabebiry - Colonia Mártires", "donor_river": "Yabebiry", "match_type": "coords", "match_km": 0.01, "river_agrees": "unknown", "combined_years": 25.3, "tier": 2}}, {"type": "Feature", "geometry": {"type": "Point", "coordinates": [-57.0830555555556, -29.7219444444444]}, "properties": {"series_id": 38673, "station_id": 6621, "station": "Uruguay - Paso de los Libres", "river": "", "var_id": 101, "network": "sat2", "cat_start": "2024-11-01T20:00:00", "cat_end": "2026-08-30T08:00:00", "donor_series_id": 6574, "donor_station": "Uruguay - Paso de los Libres", "donor_river": "Uruguay", "match_type": "coords", "match_km": 0.3, "river_agrees": "unknown", "combined_years": 25.3, "tier": 2}}, {"type": "Feature", "geometry": {"type": "Point", "coordinates": [-64.3861111111111, -34.2163888888889]}, "properties": {"series_id": 38824, "station_id": 6622, "station": "Quinto - R.N. 35", "river": "", "var_id": 101, "network": "sat2", "cat_start": "2024-09-16T20:00:00", "cat_end": "2026-08-30T16:00:00", "donor_series_id": "", "donor_station": "", "donor_river": "", "match_type": "", "match_km": "", "river_agrees": "", "combined_years": 2.0, "tier": 3}}, {"type": "Feature", "geometry": {"type": "Point", "coordinates": [-63.4491666666667, -33.9330555555556]}, "properties": {"series_id": 37596, "station_id": 6623, "station": "Quinto - Canal Devoto RP 4", "river": "", "var_id": 2, "network": "sat2", "cat_start": "2024-09-23T08:00:00", "cat_end": "2026-08-30T16:00:00", "donor_series_id": "", "donor_station": "", "donor_river": "", "match_type": "", "match_km": "", "river_agrees": "", "combined_years": 1.9, "tier": 3}}, {"type": "Feature", "geometry": {"type": "Point", "coordinates": [-63.4491666666667, -33.9330555555556]}, "properties": {"series_id": 38296, "station_id": 6623, "station": "Quinto - Canal Devoto RP 4", "river": "", "var_id": 39, "network": "sat2", "cat_start": "2024-09-14T00:00:00", "cat_end": "2026-08-29T00:00:00", "donor_series_id": "", "donor_station": "", "donor_river": "", "match_type": "", "match_km": "", "river_agrees": "", "combined_years": 2.0, "tier": 3}}, {"type": "Feature", "geometry": {"type": "Point", "coordinates": [-64.3963888888889, -33.9311111111111]}, "properties": {"series_id": 38295, "station_id": 6624, "station": "Aº El Aji - RN Nº35 y RN Nº7", "river": "", "var_id": 39, "network": "sat2", "cat_start": "2024-09-14T00:00:00", "cat_end": "2026-08-29T00:00:00", "donor_series_id": "", "donor_station": "", "donor_river": "", "match_type": "", "match_km": "", "river_agrees": "", "combined_years": 2.0, "tier": 3}}, {"type": "Feature", "geometry": {"type": "Point", "coordinates": [-68.3769444444444, -53.5480555555556]}, "properties": {"series_id": 38563, "station_id": 6625, "station": "Chico - Chico 2", "river": "", "var_id": 101, "network": "sat2", "cat_start": "2024-09-16T20:00:00", "cat_end": "2026-08-30T12:00:00", "donor_series_id": "", "donor_station": "", "donor_river": "", "match_type": "", "match_km": "", "river_agrees": "", "combined_years": 2.0, "tier": 3}}, {"type": "Feature", "geometry": {"type": "Point", "coordinates": [-59.5147222222222, -30.3511111111111]}, "properties": {"series_id": 38687, "station_id": 6626, "station": "Guayquiraró - RN 12 - A°Curupí", "river": "", "var_id": 101, "network": "sat2", "cat_start": "2024-09-21T12:00:00", "cat_end": "2026-08-30T16:00:00", "donor_series_id": 120, "donor_station": "Paso Telégrafo", "donor_river": "GUAYQUIRARO", "match_type": "coords", "match_km": 0.84, "river_agrees": "unknown", "combined_years": 11.2, "tier": 2}}, {"type": "Feature", "geometry": {"type": "Point", "coordinates": [-62.1211111111111, -34.2419444444444]}, "properties": {"series_id": 38040, "station_id": 6627, "station": "Compuerta Alternativa Norte AD", "river": "", "var_id": 39, "network": "sat2", "cat_start": "2024-09-14T00:00:00", "cat_end": "2026-08-29T00:00:00", "donor_series_id": "", "donor_station": "", "donor_river": "", "match_type": "", "match_km": "", "river_agrees": "", "combined_years": 2.0, "tier": 3}}, {"type": "Feature", "geometry": {"type": "Point", "coordinates": [-62.1211111111111, -34.2419444444444]}, "properties": {"series_id": 38624, "station_id": 6627, "station": "Compuerta Alternativa Norte AD", "river": "", "var_id": 101, "network": "sat2", "cat_start": "2024-09-16T20:00:00", "cat_end": "2026-08-30T16:00:00", "donor_series_id": "", "donor_station": "", "donor_river": "", "match_type": "", "match_km": "", "river_agrees": "", "combined_years": 2.0, "tier": 3}}, {"type": "Feature", "geometry": {"type": "Point", "coordinates": [-65.2877777777778, -28.5911111111111]}, "properties": {"series_id": 38158, "station_id": 6631, "station": "Dique Sotomayor - Aguas abajo", "river": "", "var_id": 39, "network": "sat2", "cat_start": "2024-09-14T00:00:00", "cat_end": "2026-08-29T00:00:00", "donor_series_id": "", "donor_station": "", "donor_river": "", "match_type": "", "match_km": "", "river_agrees": "", "combined_years": 2.0, "tier": 3}}, {"type": "Feature", "geometry": {"type": "Point", "coordinates": [-68.2525, -29.2580555555556]}, "properties": {"series_id": 38607, "station_id": 6637, "station": "Bermejo - Azud los Colorados", "river": "", "var_id": 101, "network": "sat2", "cat_start": "2024-09-16T20:00:00", "cat_end": "2026-08-30T16:00:00", "donor_series_id": "", "donor_station": "", "donor_river": "", "match_type": "", "match_km": "", "river_agrees": "", "combined_years": 2.0, "tier": 3}}, {"type": "Feature", "geometry": {"type": "Point", "coordinates": [-68.5313888888889, -53.8416666666667]}, "properties": {"series_id": 37952, "station_id": 6639, "station": "Afluente Río Grande       ", "river": "", "var_id": 39, "network": "sat2", "cat_start": "2024-09-14T00:00:00", "cat_end": "2026-08-29T00:00:00", "donor_series_id": "", "donor_station": "", "donor_river": "", "match_type": "", "match_km": "", "river_agrees": "", "combined_years": 2.0, "tier": 3}}, {"type": "Feature", "geometry": {"type": "Point", "coordinates": [-68.5313888888889, -53.8416666666667]}, "properties": {"series_id": 38562, "station_id": 6639, "station": "Afluente Río Grande       ", "river": "", "var_id": 101, "network": "sat2", "cat_start": "2024-09-16T20:00:00", "cat_end": "2026-08-30T12:00:00", "donor_series_id": "", "donor_station": "", "donor_river": "", "match_type": "", "match_km": "", "river_agrees": "", "combined_years": 2.0, "tier": 3}}, {"type": "Feature", "geometry": {"type": "Point", "coordinates": [-70.8913888888889, -41.8419444444444]}, "properties": {"series_id": 38039, "station_id": 6640, "station": "Ñorquinco - Ñorquinco", "river": "", "var_id": 39, "network": "sat2", "cat_start": "2024-09-14T00:00:00", "cat_end": "2026-08-29T00:00:00", "donor_series_id": "", "donor_station": "", "donor_river": "", "match_type": "", "match_km": "", "river_agrees": "", "combined_years": 2.0, "tier": 3}}, {"type": "Feature", "geometry": {"type": "Point", "coordinates": [-70.8913888888889, -41.8419444444444]}, "properties": {"series_id": 38623, "station_id": 6640, "station": "Ñorquinco - Ñorquinco", "river": "", "var_id": 101, "network": "sat2", "cat_start": "2024-09-16T20:00:00", "cat_end": "2026-08-30T16:00:00", "donor_series_id": "", "donor_station": "", "donor_river": "", "match_type": "", "match_km": "", "river_agrees": "", "combined_years": 2.0, "tier": 3}}, {"type": "Feature", "geometry": {"type": "Point", "coordinates": [-65.3155555555555, -27.1333333333333]}, "properties": {"series_id": 38043, "station_id": 6650, "station": "Salí - RP Nº323", "river": "", "var_id": 39, "network": "sat2", "cat_start": "2024-09-14T00:00:00", "cat_end": "2026-08-29T00:00:00", "donor_series_id": "", "donor_station": "", "donor_river": "", "match_type": "", "match_km": "", "river_agrees": "", "combined_years": 2.0, "tier": 3}}, {"type": "Feature", "geometry": {"type": "Point", "coordinates": [-64.0980555555555, -28.0144444444444]}, "properties": {"series_id": 38139, "station_id": 6651, "station": "Dulce - Tuhama", "river": "", "var_id": 39, "network": "sat2", "cat_start": "2024-09-14T00:00:00", "cat_end": "2026-08-29T00:00:00", "donor_series_id": 6315, "donor_station": "Dulce - Tuhama", "donor_river": "Dulce", "match_type": "coords", "match_km": 0.03, "river_agrees": "unknown", "combined_years": 16.3, "tier": 2}}, {"type": "Feature", "geometry": {"type": "Point", "coordinates": [-64.0980555555555, -28.0144444444444]}, "properties": {"series_id": 38688, "station_id": 6651, "station": "Dulce - Tuhama", "river": "", "var_id": 101, "network": "sat2", "cat_start": "2024-09-16T20:00:00", "cat_end": "2026-08-30T12:00:00", "donor_series_id": 6315, "donor_station": "Dulce - Tuhama", "donor_river": "Dulce", "match_type": "coords", "match_km": 0.03, "river_agrees": "unknown", "combined_years": 16.3, "tier": 2}}, {"type": "Feature", "geometry": {"type": "Point", "coordinates": [-64.7372222222222, -22.4311111111111]}, "properties": {"series_id": 38027, "station_id": 6652, "station": "Lipeo - Puente Colgante", "river": "", "var_id": 39, "network": "sat2", "cat_start": "2024-09-14T00:00:00", "cat_end": "2026-08-29T00:00:00", "donor_series_id": "", "donor_station": "", "donor_river": "", "match_type": "", "match_km": "", "river_agrees": "", "combined_years": 2.0, "tier": 3}}, {"type": "Feature", "geometry": {"type": "Point", "coordinates": [-64.7372222222222, -22.4311111111111]}, "properties": {"series_id": 38615, "station_id": 6652, "station": "Lipeo - Puente Colgante", "river": "", "var_id": 101, "network": "sat2", "cat_start": "2024-09-16T20:00:00", "cat_end": "2026-08-30T16:00:00", "donor_series_id": "", "donor_station": "", "donor_river": "", "match_type": "", "match_km": "", "river_agrees": "", "combined_years": 2.0, "tier": 3}}, {"type": "Feature", "geometry": {"type": "Point", "coordinates": [-72.2838888888889, -48.2061111111111]}, "properties": {"series_id": 38609, "station_id": 6654, "station": "Carreras - Frontera", "river": "", "var_id": 101, "network": "sat2", "cat_start": "2024-09-16T20:00:00", "cat_end": "2026-08-30T12:00:00", "donor_series_id": 6164, "donor_station": "CARRERAS - FRONTERA", "donor_river": "Carreras", "match_type": "coords", "match_km": 0.05, "river_agrees": "unknown", "combined_years": 7.1, "tier": 3}}, {"type": "Feature", "geometry": {"type": "Point", "coordinates": [-59.8938888888889, -36.8311111111111]}, "properties": {"series_id": 38117, "station_id": 6655, "station": "Aº Azul - Seminario Diocesano", "river": "", "var_id": 39, "network": "sat2", "cat_start": "2024-09-14T00:00:00", "cat_end": "2026-08-29T00:00:00", "donor_series_id": 29898, "donor_station": "Seminario Diocesano de Azul", "donor_river": "AZUL", "match_type": "coords", "match_km": 0.0, "river_agrees": "unknown", "combined_years": 11.1, "tier": 2}}, {"type": "Feature", "geometry": {"type": "Point", "coordinates": [-59.8938888888889, -36.8311111111111]}, "properties": {"series_id": 38674, "station_id": 6655, "station": "Aº Azul - Seminario Diocesano", "river": "", "var_id": 101, "network": "sat2", "cat_start": "2024-09-16T20:00:00", "cat_end": "2026-08-30T16:00:00", "donor_series_id": 29898, "donor_station": "Seminario Diocesano de Azul", "donor_river": "AZUL", "match_type": "coords", "match_km": 0.0, "river_agrees": "unknown", "combined_years": 11.1, "tier": 2}}, {"type": "Feature", "geometry": {"type": "Point", "coordinates": [-68.2205555555556, -28.7436111111111]}, "properties": {"series_id": 38689, "station_id": 6657, "station": "Vinchina - Vinchina", "river": "", "var_id": 101, "network": "sat2", "cat_start": "2025-01-22T16:00:00", "cat_end": "2026-08-30T12:00:00", "donor_series_id": "", "donor_station": "", "donor_river": "", "match_type": "", "match_km": "", "river_agrees": "", "combined_years": 1.6, "tier": 3}}, {"type": "Feature", "geometry": {"type": "Point", "coordinates": [-57.8730555555556, -25.875]}, "properties": {"series_id": 38118, "station_id": 6658, "station": "Paraguay - Puerto Dalmacia", "river": "", "var_id": 39, "network": "sat2", "cat_start": "2024-09-20T00:00:00", "cat_end": "2026-08-29T00:00:00", "donor_series_id": "", "donor_station": "", "donor_river": "", "match_type": "", "match_km": "", "river_agrees": "", "combined_years": 1.9, "tier": 3}}, {"type": "Feature", "geometry": {"type": "Point", "coordinates": [-58.3591666666667, -26.4077777777778]}, "properties": {"series_id": 37955, "station_id": 6659, "station": "Riacho Salado - Tatané - RN 11", "river": "", "var_id": 39, "network": "sat2", "cat_start": "2024-09-14T00:00:00", "cat_end": "2026-08-29T00:00:00", "donor_series_id": "", "donor_station": "", "donor_river": "", "match_type": "", "match_km": "", "river_agrees": "", "combined_years": 2.0, "tier": 3}}, {"type": "Feature", "geometry": {"type": "Point", "coordinates": [-58.3591666666667, -26.4077777777778]}, "properties": {"series_id": 38564, "station_id": 6659, "station": "Riacho Salado - Tatané - RN 11", "river": "", "var_id": 101, "network": "sat2", "cat_start": "2024-09-16T20:00:00", "cat_end": "2026-08-30T16:00:00", "donor_series_id": "", "donor_station": "", "donor_river": "", "match_type": "", "match_km": "", "river_agrees": "", "combined_years": 2.0, "tier": 3}}, {"type": "Feature", "geometry": {"type": "Point", "coordinates": [-67.0208333333333, -28.2613888888889]}, "properties": {"series_id": 38045, "station_id": 6661, "station": "Abaucán - Limite con La Rioja", "river": "", "var_id": 39, "network": "sat2", "cat_start": "2024-09-14T00:00:00", "cat_end": "2026-08-29T00:00:00", "donor_series_id": "", "donor_station": "", "donor_river": "", "match_type": "", "match_km": "", "river_agrees": "", "combined_years": 2.0, "tier": 3}}, {"type": "Feature", "geometry": {"type": "Point", "coordinates": [-57.9827777777778, -30.6275]}, "properties": {"series_id": 38585, "station_id": 6664, "station": "Aº Mocoretá - RN Nº 14", "river": "", "var_id": 101, "network": "sat2", "cat_start": "2024-09-16T20:00:00", "cat_end": "2026-08-30T16:00:00", "donor_series_id": 6568, "donor_station": "Mocoretá - Rnnº 014", "donor_river": "Mocoretá", "match_type": "coords", "match_km": 0.06, "river_agrees": "unknown", "combined_years": 16.3, "tier": 2}}, {"type": "Feature", "geometry": {"type": "Point", "coordinates": [-72.3111111111111, -51.0297222222222]}, "properties": {"series_id": 38567, "station_id": 6667, "station": "Vizcachas - Limite con Chile", "river": "", "var_id": 101, "network": "sat2", "cat_start": "2024-09-16T20:00:00", "cat_end": "2026-08-30T16:00:00", "donor_series_id": "", "donor_station": "", "donor_river": "", "match_type": "", "match_km": "", "river_agrees": "", "combined_years": 2.0, "tier": 3}}, {"type": "Feature", "geometry": {"type": "Point", "coordinates": [-60.1530555555556, -31.1933333333333]}, "properties": {"series_id": 38047, "station_id": 6669, "station": "San Javier - Cayastá", "river": "", "var_id": 39, "network": "sat2", "cat_start": "2024-09-14T00:00:00", "cat_end": "2026-08-29T00:00:00", "donor_series_id": 6260, "donor_station": "SAN JAVIER - CAYASTÁ", "donor_river": "San Javier", "match_type": "coords", "match_km": 0.65, "river_agrees": "unknown", "combined_years": 25.3, "tier": 2}}, {"type": "Feature", "geometry": {"type": "Point", "coordinates": [-60.1530555555556, -31.1933333333333]}, "properties": {"series_id": 38631, "station_id": 6669, "station": "San Javier - Cayastá", "river": "", "var_id": 101, "network": "sat2", "cat_start": "2024-09-16T20:00:00", "cat_end": "2026-08-30T16:00:00", "donor_series_id": 6260, "donor_station": "SAN JAVIER - CAYASTÁ", "donor_river": "San Javier", "match_type": "coords", "match_km": 0.65, "river_agrees": "unknown", "combined_years": 25.3, "tier": 2}}, {"type": "Feature", "geometry": {"type": "Point", "coordinates": [-71.965, -50.87]}, "properties": {"series_id": 38701, "station_id": 6671, "station": "Vizcachas - Nacimiento", "river": "", "var_id": 101, "network": "sat2", "cat_start": "2024-09-16T20:00:00", "cat_end": "2026-08-30T16:00:00", "donor_series_id": "", "donor_station": "", "donor_river": "", "match_type": "", "match_km": "", "river_agrees": "", "combined_years": 2.0, "tier": 3}}, {"type": "Feature", "geometry": {"type": "Point", "coordinates": [-68.1177777777778, -53.9288888888889]}, "properties": {"series_id": 37959, "station_id": 6672, "station": "Ona - Ona - RP B", "river": "", "var_id": 39, "network": "sat2", "cat_start": "2025-02-13T00:00:00", "cat_end": "2026-08-29T00:00:00", "donor_series_id": "", "donor_station": "", "donor_river": "", "match_type": "", "match_km": "", "river_agrees": "", "combined_years": 1.5, "tier": 3}}, {"type": "Feature", "geometry": {"type": "Point", "coordinates": [-68.1177777777778, -53.9288888888889]}, "properties": {"series_id": 38568, "station_id": 6672, "station": "Ona - Ona - RP B", "river": "", "var_id": 101, "network": "sat2", "cat_start": "2025-02-13T20:00:00", "cat_end": "2026-08-30T16:00:00", "donor_series_id": "", "donor_station": "", "donor_river": "", "match_type": "", "match_km": "", "river_agrees": "", "combined_years": 1.5, "tier": 3}}, {"type": "Feature", "geometry": {"type": "Point", "coordinates": [-64.6527777777778, -22.1902777777778]}, "properties": {"series_id": 38611, "station_id": 6678, "station": "Bermejo - Alarache", "river": "", "var_id": 101, "network": "sat2", "cat_start": "2024-09-16T20:00:00", "cat_end": "2026-08-30T16:00:00", "donor_series_id": "", "donor_station": "", "donor_river": "", "match_type": "", "match_km": "", "river_agrees": "", "combined_years": 2.0, "tier": 3}}, {"type": "Feature", "geometry": {"type": "Point", "coordinates": [-67.1658333333333, -27.6669444444444]}, "properties": {"series_id": 38569, "station_id": 6681, "station": "Rio Hondo - HID - Sitio 2", "river": "", "var_id": 101, "network": "sat2", "cat_start": "2024-09-16T20:00:00", "cat_end": "2026-08-30T16:00:00", "donor_series_id": "", "donor_station": "", "donor_river": "", "match_type": "", "match_km": "", "river_agrees": "", "combined_years": 2.0, "tier": 3}}, {"type": "Feature", "geometry": {"type": "Point", "coordinates": [-67.1947222222222, -27.6125]}, "properties": {"series_id": 38702, "station_id": 6684, "station": "Piedra Larga - HID - Sitio 1", "river": "", "var_id": 101, "network": "sat2", "cat_start": "2024-09-16T20:00:00", "cat_end": "2026-08-30T16:00:00", "donor_series_id": "", "donor_station": "", "donor_river": "", "match_type": "", "match_km": "", "river_agrees": "", "combined_years": 2.0, "tier": 3}}, {"type": "Feature", "geometry": {"type": "Point", "coordinates": [-60.6777777777778, -31.6302777777778]}, "properties": {"series_id": 38144, "station_id": 6685, "station": "Sis. Setúbal-Sta. Fé-La Guard.", "river": "", "var_id": 39, "network": "sat2", "cat_start": "2024-09-14T00:00:00", "cat_end": "2026-08-29T00:00:00", "donor_series_id": 30115, "donor_station": "SANTA FE - LA GUARDIA", "donor_river": "SISTEMA SETÚBAL", "match_type": "coords", "match_km": 0.02, "river_agrees": "unknown", "combined_years": 25.3, "tier": 2}}, {"type": "Feature", "geometry": {"type": "Point", "coordinates": [-60.6777777777778, -31.6302777777778]}, "properties": {"series_id": 38690, "station_id": 6685, "station": "Sis. Setúbal-Sta. Fé-La Guard.", "river": "", "var_id": 101, "network": "sat2", "cat_start": "2024-09-16T20:00:00", "cat_end": "2026-08-30T16:00:00", "donor_series_id": 30115, "donor_station": "SANTA FE - LA GUARDIA", "donor_river": "SISTEMA SETÚBAL", "match_type": "coords", "match_km": 0.02, "river_agrees": "unknown", "combined_years": 25.3, "tier": 2}}, {"type": "Feature", "geometry": {"type": "Point", "coordinates": [-71.5, -41.58]}, "properties": {"series_id": 43972, "station_id": 6696, "station": "Río Villegas- Ruta Nac. 258", "river": "", "var_id": 2, "network": "sat2", "cat_start": "2026-04-20T04:00:00", "cat_end": "2026-08-30T16:00:00", "donor_series_id": 6206, "donor_station": "Villegas - Ruta Nacional Nº 258", "donor_river": "Villegas", "match_type": "coords", "match_km": 0.01, "river_agrees": "unknown", "combined_years": 7.1, "tier": 3}}, {"type": "Feature", "geometry": {"type": "Point", "coordinates": [-60.1088888888889, -35.0880555555556]}, "properties": {"series_id": 38145, "station_id": 6698, "station": "Salado RP Nº 51 - Achupallas", "river": "", "var_id": 39, "network": "sat2", "cat_start": "2024-09-14T00:00:00", "cat_end": "2026-08-29T00:00:00", "donor_series_id": "", "donor_station": "", "donor_river": "", "match_type": "", "match_km": "", "river_agrees": "", "combined_years": 2.0, "tier": 3}}, {"type": "Feature", "geometry": {"type": "Point", "coordinates": [-60.1088888888889, -35.0880555555556]}, "properties": {"series_id": 38691, "station_id": 6698, "station": "Salado RP Nº 51 - Achupallas", "river": "", "var_id": 101, "network": "sat2", "cat_start": "2024-09-16T20:00:00", "cat_end": "2026-08-30T16:00:00", "donor_series_id": "", "donor_station": "", "donor_river": "", "match_type": "", "match_km": "", "river_agrees": "", "combined_years": 2.0, "tier": 3}}, {"type": "Feature", "geometry": {"type": "Point", "coordinates": [-64.0461111111111, -25.3441666666667]}, "properties": {"series_id": 38650, "station_id": 6707, "station": "Juramento - El Quebrachal", "river": "", "var_id": 101, "network": "sat2", "cat_start": "2024-09-16T20:00:00", "cat_end": "2026-08-30T16:00:00", "donor_series_id": 6368, "donor_station": "JURAMENTO - EL QUEBRACHAL", "donor_river": "Juramento", "match_type": "coords", "match_km": 0.06, "river_agrees": "unknown", "combined_years": 24.9, "tier": 2}}, {"type": "Feature", "geometry": {"type": "Point", "coordinates": [-69.6555555555556, -51.6883333333333]}, "properties": {"series_id": 43100, "station_id": 6712, "station": "Gallego-Toma SP", "river": "", "var_id": 2, "network": "sat2", "cat_start": "2025-11-26T16:00:00", "cat_end": "2026-08-30T16:00:00", "donor_series_id": 6154, "donor_station": "Gallegos - Toma de Agua SP", "donor_river": "Gallegos", "match_type": "coords", "match_km": 0.01, "river_agrees": "unknown", "combined_years": 11.3, "tier": 2}}, {"type": "Feature", "geometry": {"type": "Point", "coordinates": [-67.2327777777778, -54.5269444444444]}, "properties": {"series_id": 37990, "station_id": 6718, "station": "Lago Fagnano – Puerto Tolhuin ", "river": "", "var_id": 39, "network": "sat2", "cat_start": "2024-09-22T00:00:00", "cat_end": "2026-08-29T00:00:00", "donor_series_id": "", "donor_station": "", "donor_river": "", "match_type": "", "match_km": "", "river_agrees": "", "combined_years": 1.9, "tier": 3}}, {"type": "Feature", "geometry": {"type": "Point", "coordinates": [-69.1138888888889, -37.2083333333333]}, "properties": {"series_id": 38123, "station_id": 6721, "station": "Colorado - Pata Mora", "river": "", "var_id": 39, "network": "sat2", "cat_start": "2024-09-14T00:00:00", "cat_end": "2026-08-29T00:00:00", "donor_series_id": "", "donor_station": "", "donor_river": "", "match_type": "", "match_km": "", "river_agrees": "", "combined_years": 2.0, "tier": 3}}, {"type": "Feature", "geometry": {"type": "Point", "coordinates": [-61.4722222222222, -33.6680555555556]}, "properties": {"series_id": 38175, "station_id": 6722, "station": "Laguna Melincué - RP Nº 90", "river": "", "var_id": 39, "network": "sat2", "cat_start": "2024-12-22T00:00:00", "cat_end": "2026-08-29T00:00:00", "donor_series_id": "", "donor_station": "", "donor_river": "", "match_type": "", "match_km": "", "river_agrees": "", "combined_years": 1.7, "tier": 3}}, {"type": "Feature", "geometry": {"type": "Point", "coordinates": [-61.4722222222222, -33.6680555555556]}, "properties": {"series_id": 38707, "station_id": 6722, "station": "Laguna Melincué - RP Nº 90", "river": "", "var_id": 101, "network": "sat2", "cat_start": "2024-12-22T12:00:00", "cat_end": "2026-08-30T16:00:00", "donor_series_id": "", "donor_station": "", "donor_river": "", "match_type": "", "match_km": "", "river_agrees": "", "combined_years": 1.7, "tier": 3}}, {"type": "Feature", "geometry": {"type": "Point", "coordinates": [-68.5947222222222, -53.9983333333333]}, "properties": {"series_id": 38693, "station_id": 6726, "station": "Bella Vista -  Radman", "river": "", "var_id": 101, "network": "sat2", "cat_start": "2025-02-13T16:00:00", "cat_end": "2026-08-30T16:00:00", "donor_series_id": "", "donor_station": "", "donor_river": "", "match_type": "", "match_km": "", "river_agrees": "", "combined_years": 1.5, "tier": 3}}, {"type": "Feature", "geometry": {"type": "Point", "coordinates": [-60.8158333333333, -32.4275]}, "properties": {"series_id": 37991, "station_id": 6730, "station": "Coronda - Puerto Gaboto", "river": "", "var_id": 39, "network": "sat2", "cat_start": "2024-09-14T00:00:00", "cat_end": "2026-08-29T00:00:00", "donor_series_id": 6276, "donor_station": "CORONDA - PUERTO GABOTO", "donor_river": "Coronda", "match_type": "coords", "match_km": 0.34, "river_agrees": "unknown", "combined_years": 25.3, "tier": 2}}, {"type": "Feature", "geometry": {"type": "Point", "coordinates": [-60.8158333333333, -32.4275]}, "properties": {"series_id": 38592, "station_id": 6730, "station": "Coronda - Puerto Gaboto", "river": "", "var_id": 101, "network": "sat2", "cat_start": "2024-09-16T20:00:00", "cat_end": "2026-08-30T16:00:00", "donor_series_id": 6276, "donor_station": "CORONDA - PUERTO GABOTO", "donor_river": "Coronda", "match_type": "coords", "match_km": 0.34, "river_agrees": "unknown", "combined_years": 25.3, "tier": 2}}, {"type": "Feature", "geometry": {"type": "Point", "coordinates": [-57.5655555555556, -29.2969444444444]}, "properties": {"series_id": 38150, "station_id": 6735, "station": "Miriñay - San Roquito", "river": "", "var_id": 39, "network": "sat2", "cat_start": "2024-09-14T00:00:00", "cat_end": "2026-08-29T00:00:00", "donor_series_id": 6633, "donor_station": "Miriñay - San Roquito", "donor_river": "Miriñay", "match_type": "coords", "match_km": 0.04, "river_agrees": "unknown", "combined_years": 25.3, "tier": 2}}, {"type": "Feature", "geometry": {"type": "Point", "coordinates": [-57.5655555555556, -29.2969444444444]}, "properties": {"series_id": 38695, "station_id": 6735, "station": "Miriñay - San Roquito", "river": "", "var_id": 101, "network": "sat2", "cat_start": "2024-09-16T20:00:00", "cat_end": "2026-08-30T16:00:00", "donor_series_id": 6633, "donor_station": "Miriñay - San Roquito", "donor_river": "Miriñay", "match_type": "coords", "match_km": 0.04, "river_agrees": "unknown", "combined_years": 25.3, "tier": 2}}, {"type": "Feature", "geometry": {"type": "Point", "coordinates": [-65.8494444444444, -22.9008333333333]}, "properties": {"series_id": 38026, "station_id": 6738, "station": "Miraflores - Sayate", "river": "", "var_id": 39, "network": "sat2", "cat_start": "2024-09-14T00:00:00", "cat_end": "2026-08-29T00:00:00", "donor_series_id": 6324, "donor_station": "Miraflores - Sayate", "donor_river": "Miraflores", "match_type": "coords", "match_km": 0.0, "river_agrees": "unknown", "combined_years": 17.1, "tier": 2}}, {"type": "Feature", "geometry": {"type": "Point", "coordinates": [-65.8494444444444, -22.9008333333333]}, "properties": {"series_id": 38614, "station_id": 6738, "station": "Miraflores - Sayate", "river": "", "var_id": 101, "network": "sat2", "cat_start": "2024-09-16T20:00:00", "cat_end": "2026-08-30T16:00:00", "donor_series_id": 6324, "donor_station": "Miraflores - Sayate", "donor_river": "Miraflores", "match_type": "coords", "match_km": 0.0, "river_agrees": "unknown", "combined_years": 17.1, "tier": 2}}, {"type": "Feature", "geometry": {"type": "Point", "coordinates": [-71.5411111111111, -42.4955555555556]}, "properties": {"series_id": 37992, "station_id": 6740, "station": "Carrileufú - Cholila", "river": "", "var_id": 39, "network": "sat2", "cat_start": "2025-08-13T00:00:00", "cat_end": "2026-08-29T00:00:00", "donor_series_id": 6398, "donor_station": "CARRILEUFÚ - CHOLILA", "donor_river": "Carrileufú", "match_type": "coords", "match_km": 0.0, "river_agrees": "unknown", "combined_years": 1.0, "tier": 3}}, {"type": "Feature", "geometry": {"type": "Point", "coordinates": [-71.5411111111111, -42.4955555555556]}, "properties": {"series_id": 38593, "station_id": 6740, "station": "Carrileufú - Cholila", "river": "", "var_id": 101, "network": "sat2", "cat_start": "2025-08-13T20:00:00", "cat_end": "2026-08-30T16:00:00", "donor_series_id": 6398, "donor_station": "CARRILEUFÚ - CHOLILA", "donor_river": "Carrileufú", "match_type": "coords", "match_km": 0.0, "river_agrees": "unknown", "combined_years": 1.0, "tier": 3}}, {"type": "Feature", "geometry": {"type": "Point", "coordinates": [-65.9977777777778, -27.4333333333333]}, "properties": {"series_id": 38667, "station_id": 6744, "station": "Del Campo - Cabo San Miguel", "river": "", "var_id": 101, "network": "sat2", "cat_start": "2025-05-23T16:00:00", "cat_end": "2026-08-30T00:00:00", "donor_series_id": "", "donor_station": "", "donor_river": "", "match_type": "", "match_km": "", "river_agrees": "", "combined_years": 1.3, "tier": 3}}, {"type": "Feature", "geometry": {"type": "Point", "coordinates": [-64.0911111111111, -30.9702777777778]}, "properties": {"series_id": 38105, "station_id": 6745, "station": "Guanasacate - Jesús Maria", "river": "", "var_id": 39, "network": "sat2", "cat_start": "2024-09-14T00:00:00", "cat_end": "2026-08-29T00:00:00", "donor_series_id": "", "donor_station": "", "donor_river": "", "match_type": "", "match_km": "", "river_agrees": "", "combined_years": 2.0, "tier": 3}}, {"type": "Feature", "geometry": {"type": "Point", "coordinates": [-62.1688888888889, -31.9905555555556]}, "properties": {"series_id": 38164, "station_id": 6746, "station": "Canal San Antonio- RP Nº66", "river": "", "var_id": 39, "network": "sat2", "cat_start": "2024-09-14T00:00:00", "cat_end": "2026-08-29T00:00:00", "donor_series_id": "", "donor_station": "", "donor_river": "", "match_type": "", "match_km": "", "river_agrees": "", "combined_years": 2.0, "tier": 3}}, {"type": "Feature", "geometry": {"type": "Point", "coordinates": [-62.1688888888889, -31.9905555555556]}, "properties": {"series_id": 38703, "station_id": 6746, "station": "Canal San Antonio- RP Nº66", "river": "", "var_id": 101, "network": "sat2", "cat_start": "2024-09-16T20:00:00", "cat_end": "2026-08-30T16:00:00", "donor_series_id": "", "donor_station": "", "donor_river": "", "match_type": "", "match_km": "", "river_agrees": "", "combined_years": 2.0, "tier": 3}}, {"type": "Feature", "geometry": {"type": "Point", "coordinates": [-59.4994444444444, -34.2405555555556]}, "properties": {"series_id": 38177, "station_id": 6747, "station": "Areco - San Antonio de Areco", "river": "", "var_id": 39, "network": "sat2", "cat_start": "2024-09-14T00:00:00", "cat_end": "2026-08-29T00:00:00", "donor_series_id": "", "donor_station": "", "donor_river": "", "match_type": "", "match_km": "", "river_agrees": "", "combined_years": 2.0, "tier": 3}}, {"type": "Feature", "geometry": {"type": "Point", "coordinates": [-62.3247222222222, -34.3372222222222]}, "properties": {"series_id": 38180, "station_id": 6748, "station": "Lag. La Picasa - Escollera FFC", "river": "", "var_id": 39, "network": "sat2", "cat_start": "2024-09-14T00:00:00", "cat_end": "2026-08-29T00:00:00", "donor_series_id": "", "donor_station": "", "donor_river": "", "match_type": "", "match_km": "", "river_agrees": "", "combined_years": 2.0, "tier": 3}}, {"type": "Feature", "geometry": {"type": "Point", "coordinates": [-62.3247222222222, -34.3372222222222]}, "properties": {"series_id": 38709, "station_id": 6748, "station": "Lag. La Picasa - Escollera FFC", "river": "", "var_id": 101, "network": "sat2", "cat_start": "2024-09-16T20:00:00", "cat_end": "2026-08-30T16:00:00", "donor_series_id": "", "donor_station": "", "donor_river": "", "match_type": "", "match_km": "", "river_agrees": "", "combined_years": 2.0, "tier": 3}}, {"type": "Feature", "geometry": {"type": "Point", "coordinates": [-65.7980555555555, -28.1202777777778]}, "properties": {"series_id": 38086, "station_id": 6763, "station": "Del Valle - Huaycama", "river": "", "var_id": 39, "network": "sat2", "cat_start": "2024-09-14T00:00:00", "cat_end": "2026-08-29T00:00:00", "donor_series_id": "", "donor_station": "", "donor_river": "", "match_type": "", "match_km": "", "river_agrees": "", "combined_years": 2.0, "tier": 3}}, {"type": "Feature", "geometry": {"type": "Point", "coordinates": [-65.7980555555555, -28.1202777777778]}, "properties": {"series_id": 38654, "station_id": 6763, "station": "Del Valle - Huaycama", "river": "", "var_id": 101, "network": "sat2", "cat_start": "2024-09-16T20:00:00", "cat_end": "2026-08-30T12:00:00", "donor_series_id": "", "donor_station": "", "donor_river": "", "match_type": "", "match_km": "", "river_agrees": "", "combined_years": 2.0, "tier": 3}}, {"type": "Feature", "geometry": {"type": "Point", "coordinates": [-54.4536111111111, -26.5119444444444]}, "properties": {"series_id": 38724, "station_id": 7161, "station": "Piray Guazú - Pinar Ciba", "river": "", "var_id": 101, "network": "sat2", "cat_start": "2024-09-16T20:00:00", "cat_end": "2026-08-30T16:00:00", "donor_series_id": 6484, "donor_station": "Piray Guazú - Pinar Ciba", "donor_river": "Piray Guazú", "match_type": "coords", "match_km": 0.02, "river_agrees": "unknown", "combined_years": 25.3, "tier": 2}}, {"type": "Feature", "geometry": {"type": "Point", "coordinates": [-59.6547222222222, -29.1333333333333]}, "properties": {"series_id": 38198, "station_id": 7162, "station": "Aº El Rey - RN Nº11", "river": "", "var_id": 39, "network": "sat2", "cat_start": "2024-09-14T00:00:00", "cat_end": "2026-08-29T00:00:00", "donor_series_id": 6252, "donor_station": "El Rey - Ruta Nacional Nº 011", "donor_river": "El Rey", "match_type": "coords", "match_km": 0.0, "river_agrees": "unknown", "combined_years": 25.3, "tier": 2}}, {"type": "Feature", "geometry": {"type": "Point", "coordinates": [-58.9208333333333, -27.4788888888889]}, "properties": {"series_id": 36690, "station_id": 7163, "station": "Laguna Maria Cristina", "river": "", "var_id": 2, "network": "sat2", "cat_start": "2024-09-18T13:00:00", "cat_end": "2026-08-30T21:00:00", "donor_series_id": "", "donor_station": "", "donor_river": "", "match_type": "", "match_km": "", "river_agrees": "", "combined_years": 1.9, "tier": 3}}, {"type": "Feature", "geometry": {"type": "Point", "coordinates": [-58.9208333333333, -27.4788888888889]}, "properties": {"series_id": 38199, "station_id": 7163, "station": "Laguna Maria Cristina", "river": "", "var_id": 39, "network": "sat2", "cat_start": "2024-09-19T00:00:00", "cat_end": "2026-08-29T00:00:00", "donor_series_id": "", "donor_station": "", "donor_river": "", "match_type": "", "match_km": "", "river_agrees": "", "combined_years": 1.9, "tier": 3}}, {"type": "Feature", "geometry": {"type": "Point", "coordinates": [-58.9208333333333, -27.4788888888889]}, "properties": {"series_id": 38726, "station_id": 7163, "station": "Laguna Maria Cristina", "river": "", "var_id": 101, "network": "sat2", "cat_start": "2024-09-18T16:00:00", "cat_end": "2026-08-30T16:00:00", "donor_series_id": "", "donor_station": "", "donor_river": "", "match_type": "", "match_km": "", "river_agrees": "", "combined_years": 1.9, "tier": 3}}, {"type": "Feature", "geometry": {"type": "Point", "coordinates": [-58.9427777777778, -27.5272222222222]}, "properties": {"series_id": 38200, "station_id": 7164, "station": "Canal Soberanía - Obra Control", "river": "", "var_id": 39, "network": "sat2", "cat_start": "2024-09-14T00:00:00", "cat_end": "2026-08-29T00:00:00", "donor_series_id": "", "donor_station": "", "donor_river": "", "match_type": "", "match_km": "", "river_agrees": "", "combined_years": 2.0, "tier": 3}}, {"type": "Feature", "geometry": {"type": "Point", "coordinates": [-58.9427777777778, -27.5272222222222]}, "properties": {"series_id": 38727, "station_id": 7164, "station": "Canal Soberanía - Obra Control", "river": "", "var_id": 101, "network": "sat2", "cat_start": "2024-09-16T20:00:00", "cat_end": "2026-08-30T16:00:00", "donor_series_id": "", "donor_station": "", "donor_river": "", "match_type": "", "match_km": "", "river_agrees": "", "combined_years": 2.0, "tier": 3}}, {"type": "Feature", "geometry": {"type": "Point", "coordinates": [-58.6747222222222, -28.8994444444444]}, "properties": {"series_id": 36692, "station_id": 7165, "station": "Batel -RN Nº123", "river": "", "var_id": 2, "network": "sat2", "cat_start": "2024-09-18T16:00:00", "cat_end": "2026-08-30T20:00:00", "donor_series_id": 6608, "donor_station": "Batel - Rnnº 123", "donor_river": "Batel", "match_type": "coords", "match_km": 0.04, "river_agrees": "unknown", "combined_years": 16.4, "tier": 2}}, {"type": "Feature", "geometry": {"type": "Point", "coordinates": [-58.6747222222222, -28.8994444444444]}, "properties": {"series_id": 38728, "station_id": 7165, "station": "Batel -RN Nº123", "river": "", "var_id": 101, "network": "sat2", "cat_start": "2024-09-18T16:00:00", "cat_end": "2026-08-30T16:00:00", "donor_series_id": 6608, "donor_station": "Batel - Rnnº 123", "donor_river": "Batel", "match_type": "coords", "match_km": 0.04, "river_agrees": "unknown", "combined_years": 16.4, "tier": 2}}, {"type": "Feature", "geometry": {"type": "Point", "coordinates": [-59.6588888888889, -27.5672222222222]}, "properties": {"series_id": 38205, "station_id": 7184, "station": "CIRHBAS - LIM  Aº TAPENAGA - ESTANCIA TAPENAGA", "river": "", "var_id": 39, "network": "sat2", "cat_start": "2024-09-14T00:00:00", "cat_end": "2026-08-29T00:00:00", "donor_series_id": "", "donor_station": "", "donor_river": "", "match_type": "", "match_km": "", "river_agrees": "", "combined_years": 2.0, "tier": 3}}, {"type": "Feature", "geometry": {"type": "Point", "coordinates": [-60.5469444444444, -29.3880555555556]}, "properties": {"series_id": 38733, "station_id": 7185, "station": "CIRHBAS - LIM  LAGUNA EL BONETE", "river": "", "var_id": 101, "network": "sat2", "cat_start": "2024-09-17T04:00:00", "cat_end": "2026-08-30T12:00:00", "donor_series_id": "", "donor_station": "", "donor_river": "", "match_type": "", "match_km": "", "river_agrees": "", "combined_years": 1.9, "tier": 3}}, {"type": "Feature", "geometry": {"type": "Point", "coordinates": [-60.6288888888889, -30.3375]}, "properties": {"series_id": 38208, "station_id": 7187, "station": "CIRHBAS - LIM Aº RETOBADO - CRESPO", "river": "", "var_id": 39, "network": "sat2", "cat_start": "2024-09-14T00:00:00", "cat_end": "2026-08-29T00:00:00", "donor_series_id": "", "donor_station": "", "donor_river": "", "match_type": "", "match_km": "", "river_agrees": "", "combined_years": 2.0, "tier": 3}}, {"type": "Feature", "geometry": {"type": "Point", "coordinates": [-60.6288888888889, -30.3375]}, "properties": {"series_id": 38735, "station_id": 7187, "station": "CIRHBAS - LIM Aº RETOBADO - CRESPO", "river": "", "var_id": 101, "network": "sat2", "cat_start": "2024-09-17T04:00:00", "cat_end": "2026-08-30T16:00:00", "donor_series_id": "", "donor_station": "", "donor_river": "", "match_type": "", "match_km": "", "river_agrees": "", "combined_years": 1.9, "tier": 3}}, {"type": "Feature", "geometry": {"type": "Point", "coordinates": [-60.5691666666667, -28.9947222222222]}, "properties": {"series_id": 38737, "station_id": 7189, "station": "CIRHBAS - LIM CANAL INTERLAGOS-CANAL INTERLAGOS", "river": "", "var_id": 101, "network": "sat2", "cat_start": "2024-09-17T04:00:00", "cat_end": "2026-08-30T16:00:00", "donor_series_id": "", "donor_station": "", "donor_river": "", "match_type": "", "match_km": "", "river_agrees": "", "combined_years": 1.9, "tier": 3}}, {"type": "Feature", "geometry": {"type": "Point", "coordinates": [-60.7155555555556, -27.9977777777778]}, "properties": {"series_id": 38738, "station_id": 7190, "station": "CIRHBAS - LIM CANAL LINEA PARANA TRAMO IV", "river": "", "var_id": 101, "network": "sat2", "cat_start": "2024-09-17T04:00:00", "cat_end": "2026-08-30T16:00:00", "donor_series_id": "", "donor_station": "", "donor_river": "", "match_type": "", "match_km": "", "river_agrees": "", "combined_years": 1.9, "tier": 3}}, {"type": "Feature", "geometry": {"type": "Point", "coordinates": [-59.9755555555556, -28.1102777777778]}, "properties": {"series_id": 38741, "station_id": 7193, "station": "CIRHBAS - LIM LOS AMORES - CAN", "river": "", "var_id": 101, "network": "sat2", "cat_start": "2024-09-16T20:00:00", "cat_end": "2026-08-30T16:00:00", "donor_series_id": 6285, "donor_station": "Canal Línea Paraná - Rp Nº 3", "donor_river": "Canal lí­nea Paraná", "match_type": "coords", "match_km": 0.03, "river_agrees": "unknown", "combined_years": 16.4, "tier": 2}}, {"type": "Feature", "geometry": {"type": "Point", "coordinates": [-61.9016666666667, -29.1316666666667]}, "properties": {"series_id": 38742, "station_id": 7194, "station": "CIRHBAS - LIM MOJON DE FIERRO-CANAL INTERPROVINCIA", "river": "", "var_id": 101, "network": "sat2", "cat_start": "2024-09-17T04:00:00", "cat_end": "2026-08-30T16:00:00", "donor_series_id": "", "donor_station": "", "donor_river": "", "match_type": "", "match_km": "", "river_agrees": "", "combined_years": 1.9, "tier": 3}}, {"type": "Feature", "geometry": {"type": "Point", "coordinates": [-59.4216666666667, -28.2744444444444]}, "properties": {"series_id": 38744, "station_id": 7196, "station": "CIRHBAS - LIM VILLA GUILLERMINA-ARROYO LOS AMORES", "river": "", "var_id": 101, "network": "sat2", "cat_start": "2024-09-17T04:00:00", "cat_end": "2026-08-30T16:00:00", "donor_series_id": "", "donor_station": "", "donor_river": "", "match_type": "", "match_km": "", "river_agrees": "", "combined_years": 1.9, "tier": 3}}, {"type": "Feature", "geometry": {"type": "Point", "coordinates": [-60.0758333333333, -27.0722222222222]}, "properties": {"series_id": 38218, "station_id": 7204, "station": "CIRHBAS - PF EL AGUARA", "river": "", "var_id": 39, "network": "sat2", "cat_start": "2024-09-14T00:00:00", "cat_end": "2026-08-29T00:00:00", "donor_series_id": "", "donor_station": "", "donor_river": "", "match_type": "", "match_km": "", "river_agrees": "", "combined_years": 2.0, "tier": 3}}, {"type": "Feature", "geometry": {"type": "Point", "coordinates": [-60.0758333333333, -27.0722222222222]}, "properties": {"series_id": 38745, "station_id": 7204, "station": "CIRHBAS - PF EL AGUARA", "river": "", "var_id": 101, "network": "sat2", "cat_start": "2024-09-17T08:00:00", "cat_end": "2026-08-30T16:00:00", "donor_series_id": "", "donor_station": "", "donor_river": "", "match_type": "", "match_km": "", "river_agrees": "", "combined_years": 1.9, "tier": 3}}, {"type": "Feature", "geometry": {"type": "Point", "coordinates": [-56.2583333333333, -27.8244444444444]}, "properties": {"series_id": 38746, "station_id": 7230, "station": "Aguapey - Caá Caraí", "river": "", "var_id": 101, "network": "sat2", "cat_start": "2024-09-16T20:00:00", "cat_end": "2026-08-30T16:00:00", "donor_series_id": 30097, "donor_station": "Aguapey - Caa Caraí", "donor_river": "Aguapey", "match_type": "coords", "match_km": 0.01, "river_agrees": "unknown", "combined_years": 2.2, "tier": 3}}, {"type": "Feature", "geometry": {"type": "Point", "coordinates": [-64.5375, -31.6908333333333]}, "properties": {"series_id": 38220, "station_id": 7231, "station": "Anizacate - Santa Ana", "river": "", "var_id": 39, "network": "sat2", "cat_start": "2024-09-14T00:00:00", "cat_end": "2026-08-29T00:00:00", "donor_series_id": "", "donor_station": "", "donor_river": "", "match_type": "", "match_km": "", "river_agrees": "", "combined_years": 2.0, "tier": 3}}, {"type": "Feature", "geometry": {"type": "Point", "coordinates": [-71.3844444444445, -42.9583333333333]}, "properties": {"series_id": 38749, "station_id": 7233, "station": "Aº Esquel - Ea El Principio", "river": "", "var_id": 101, "network": "sat2", "cat_start": "2024-09-16T20:00:00", "cat_end": "2026-08-30T16:00:00", "donor_series_id": 30036, "donor_station": "ESQUEL - ESTANCIA EL PRINCIPIO", "donor_river": "Esquel", "match_type": "coords", "match_km": 0.01, "river_agrees": "unknown", "combined_years": 2.2, "tier": 3}}, {"type": "Feature", "geometry": {"type": "Point", "coordinates": [-58.7075, -30.3930555555556]}, "properties": {"series_id": 38223, "station_id": 7234, "station": "Aº Feliciano - Paso Correa RP2", "river": "", "var_id": 39, "network": "sat2", "cat_start": "2024-09-14T00:00:00", "cat_end": "2026-08-29T00:00:00", "donor_series_id": 6542, "donor_station": "Arroyo Feliciano - Rp Nº 2-Paso Correa", "donor_river": "Arroyo Feliciano", "match_type": "coords", "match_km": 0.01, "river_agrees": "unknown", "combined_years": 11.3, "tier": 2}}, {"type": "Feature", "geometry": {"type": "Point", "coordinates": [-58.7075, -30.3930555555556]}, "properties": {"series_id": 38750, "station_id": 7234, "station": "Aº Feliciano - Paso Correa RP2", "river": "", "var_id": 101, "network": "sat2", "cat_start": "2024-09-16T20:00:00", "cat_end": "2026-08-30T16:00:00", "donor_series_id": 6542, "donor_station": "Arroyo Feliciano - Rp Nº 2-Paso Correa", "donor_river": "Arroyo Feliciano", "match_type": "coords", "match_km": 0.01, "river_agrees": "unknown", "combined_years": 11.3, "tier": 2}}, {"type": "Feature", "geometry": {"type": "Point", "coordinates": [-60.4969444444444, -29.0655555555556]}, "properties": {"series_id": 38751, "station_id": 7235, "station": "Aº Golondrina - Fortín Olmos", "river": "", "var_id": 101, "network": "sat2", "cat_start": "2024-12-17T20:00:00", "cat_end": "2026-08-30T16:00:00", "donor_series_id": 128, "donor_station": "Fortín Olmos", "donor_river": "GOLONDRINA", "match_type": "coords", "match_km": 0.02, "river_agrees": "unknown", "combined_years": 25.3, "tier": 2}}, {"type": "Feature", "geometry": {"type": "Point", "coordinates": [-58.5077777777778, -34.5611111111111]}, "properties": {"series_id": 38226, "station_id": 7237, "station": "Aº Medrano Reser. - Tecnópolis", "river": "", "var_id": 39, "network": "sat2", "cat_start": "2024-09-14T00:00:00", "cat_end": "2026-08-29T00:00:00", "donor_series_id": "", "donor_station": "", "donor_river": "", "match_type": "", "match_km": "", "river_agrees": "", "combined_years": 2.0, "tier": 3}}, {"type": "Feature", "geometry": {"type": "Point", "coordinates": [-60.5766666666667, -33.36]}, "properties": {"series_id": 38227, "station_id": 7238, "station": "Aº Pavón - Cnel. Bogado", "river": "", "var_id": 39, "network": "sat2", "cat_start": "2024-09-14T00:00:00", "cat_end": "2026-08-29T00:00:00", "donor_series_id": 140, "donor_station": "Cnel. Bogado", "donor_river": "PAVON", "match_type": "coords", "match_km": 0.01, "river_agrees": "unknown", "combined_years": 25.3, "tier": 2}}, {"type": "Feature", "geometry": {"type": "Point", "coordinates": [-60.4127777777778, -30.8402777777778]}, "properties": {"series_id": 38229, "station_id": 7240, "station": "Aº Saladillo Amargo - RP Nº 81", "river": "", "var_id": 39, "network": "sat2", "cat_start": "2024-09-14T00:00:00", "cat_end": "2026-08-25T00:00:00", "donor_series_id": 6235, "donor_station": "Saladillo Amargo - Vera Mujica (RP 281)", "donor_river": "Saladillo Amargo", "match_type": "coords", "match_km": 0.21, "river_agrees": "unknown", "combined_years": 25.3, "tier": 2}}, {"type": "Feature", "geometry": {"type": "Point", "coordinates": [-60.4127777777778, -30.8402777777778]}, "properties": {"series_id": 38756, "station_id": 7240, "station": "Aº Saladillo Amargo - RP Nº 81", "river": "", "var_id": 101, "network": "sat2", "cat_start": "2024-09-16T20:00:00", "cat_end": "2026-08-25T04:00:00", "donor_series_id": 6235, "donor_station": "Saladillo Amargo - Vera Mujica (RP 281)", "donor_river": "Saladillo Amargo", "match_type": "coords", "match_km": 0.21, "river_agrees": "unknown", "combined_years": 25.3, "tier": 2}}, {"type": "Feature", "geometry": {"type": "Point", "coordinates": [-60.2822222222222, -30.8547222222222]}, "properties": {"series_id": 38230, "station_id": 7241, "station": "Aº Saladillo Dulce - RP Nº 81", "river": "", "var_id": 39, "network": "sat2", "cat_start": "2024-09-14T00:00:00", "cat_end": "2026-08-29T00:00:00", "donor_series_id": 29967, "donor_station": "Saladillo Dulce - La Noria (RP 281)", "donor_river": "Saladillo Dulce", "match_type": "coords", "match_km": 0.01, "river_agrees": "unknown", "combined_years": 25.3, "tier": 2}}, {"type": "Feature", "geometry": {"type": "Point", "coordinates": [-60.3108333333333, -36.8791666666667]}, "properties": {"series_id": 38231, "station_id": 7242, "station": "Aº Tapalqué - Av de los Trabaj", "river": "", "var_id": 39, "network": "sat2", "cat_start": "2024-09-14T00:00:00", "cat_end": "2026-08-29T00:00:00", "donor_series_id": "", "donor_station": "", "donor_river": "", "match_type": "", "match_km": "", "river_agrees": "", "combined_years": 2.0, "tier": 3}}, {"type": "Feature", "geometry": {"type": "Point", "coordinates": [-60.9555555555556, -36.3711111111111]}, "properties": {"series_id": 38759, "station_id": 7243, "station": "Aº Vallimanca - RN 226", "river": "", "var_id": 101, "network": "sat2", "cat_start": "2024-09-16T20:00:00", "cat_end": "2026-08-30T16:00:00", "donor_series_id": "", "donor_station": "", "donor_river": "", "match_type": "", "match_km": "", "river_agrees": "", "combined_years": 2.0, "tier": 3}}, {"type": "Feature", "geometry": {"type": "Point", "coordinates": [-71.5661111111111, -41.9588888888889]}, "properties": {"series_id": 38233, "station_id": 7245, "station": "Azul - Puesto 1", "river": "", "var_id": 39, "network": "sat2", "cat_start": "2024-09-14T00:00:00", "cat_end": "2026-08-29T00:00:00", "donor_series_id": 6209, "donor_station": "AZUL - PUESTO 1", "donor_river": "Azul", "match_type": "coords", "match_km": 0.01, "river_agrees": "unknown", "combined_years": 7.1, "tier": 3}}, {"type": "Feature", "geometry": {"type": "Point", "coordinates": [-71.5661111111111, -41.9588888888889]}, "properties": {"series_id": 38760, "station_id": 7245, "station": "Azul - Puesto 1", "river": "", "var_id": 101, "network": "sat2", "cat_start": "2024-09-16T20:00:00", "cat_end": "2026-08-30T16:00:00", "donor_series_id": 6209, "donor_station": "AZUL - PUESTO 1", "donor_river": "Azul", "match_type": "coords", "match_km": 0.01, "river_agrees": "unknown", "combined_years": 7.1, "tier": 3}}, {"type": "Feature", "geometry": {"type": "Point", "coordinates": [-64.4636111111111, -22.4925]}, "properties": {"series_id": 38235, "station_id": 7247, "station": "Bermejo - Balapuca MET", "river": "", "var_id": 39, "network": "sat2", "cat_start": "2024-09-24T00:00:00", "cat_end": "2026-08-28T00:00:00", "donor_series_id": 6343, "donor_station": "Bermejo - Balapuca", "donor_river": "Bermejo", "match_type": "coords", "match_km": 0.01, "river_agrees": "unknown", "combined_years": 25.3, "tier": 2}}, {"type": "Feature", "geometry": {"type": "Point", "coordinates": [-64.4636111111111, -22.4925]}, "properties": {"series_id": 38762, "station_id": 7247, "station": "Bermejo - Balapuca MET", "river": "", "var_id": 101, "network": "sat2", "cat_start": "2024-09-24T16:00:00", "cat_end": "2026-08-28T16:00:00", "donor_series_id": 6343, "donor_station": "Bermejo - Balapuca", "donor_river": "Bermejo", "match_type": "coords", "match_km": 0.01, "river_agrees": "unknown", "combined_years": 25.3, "tier": 2}}, {"type": "Feature", "geometry": {"type": "Point", "coordinates": [-64.1947222222222, -23.1438888888889]}, "properties": {"series_id": 38236, "station_id": 7248, "station": "Bermejo - P. Sarmiento", "river": "", "var_id": 39, "network": "sat2", "cat_start": "2024-09-14T00:00:00", "cat_end": "2026-08-29T00:00:00", "donor_series_id": "", "donor_station": "", "donor_river": "", "match_type": "", "match_km": "", "river_agrees": "", "combined_years": 2.0, "tier": 3}}, {"type": "Feature", "geometry": {"type": "Point", "coordinates": [-64.9613888888889, -22.2486111111111]}, "properties": {"series_id": 38764, "station_id": 7249, "station": "Bermejo - Santa Victoria Oeste", "river": "", "var_id": 101, "network": "sat2", "cat_start": "2024-09-16T20:00:00", "cat_end": "2026-08-30T12:00:00", "donor_series_id": "", "donor_station": "", "donor_river": "", "match_type": "", "match_km": "", "river_agrees": "", "combined_years": 2.0, "tier": 3}}, {"type": "Feature", "geometry": {"type": "Point", "coordinates": [-69.17, -30.0505555555556]}, "properties": {"series_id": 38765, "station_id": 7250, "station": "Blanco - Angualasto", "river": "", "var_id": 101, "network": "sat2", "cat_start": "2024-09-16T20:00:00", "cat_end": "2026-08-30T16:00:00", "donor_series_id": "", "donor_station": "", "donor_river": "", "match_type": "", "match_km": "", "river_agrees": "", "combined_years": 2.0, "tier": 3}}, {"type": "Feature", "geometry": {"type": "Point", "coordinates": [-57.7038888888889, -36.2811111111111]}, "properties": {"series_id": 38240, "station_id": 7252, "station": "Canal 9 - Autovia 2", "river": "", "var_id": 39, "network": "sat2", "cat_start": "2024-09-14T00:00:00", "cat_end": "2026-08-29T00:00:00", "donor_series_id": 29908, "donor_station": "RN2", "donor_river": "Canal 9", "match_type": "coords", "match_km": 0.4, "river_agrees": "unknown", "combined_years": 11.4, "tier": 2}}, {"type": "Feature", "geometry": {"type": "Point", "coordinates": [-57.7038888888889, -36.2811111111111]}, "properties": {"series_id": 38767, "station_id": 7252, "station": "Canal 9 - Autovia 2", "river": "", "var_id": 101, "network": "sat2", "cat_start": "2024-09-16T20:00:00", "cat_end": "2026-08-30T16:00:00", "donor_series_id": 29908, "donor_station": "RN2", "donor_river": "Canal 9", "match_type": "coords", "match_km": 0.4, "river_agrees": "unknown", "combined_years": 11.4, "tier": 2}}, {"type": "Feature", "geometry": {"type": "Point", "coordinates": [-67.2866666666667, -43.7233333333333]}, "properties": {"series_id": 38245, "station_id": 7258, "station": "Chubut - Las Plumas", "river": "", "var_id": 39, "network": "sat2", "cat_start": "2024-09-14T00:00:00", "cat_end": "2026-08-29T00:00:00", "donor_series_id": "", "donor_station": "", "donor_river": "", "match_type": "", "match_km": "", "river_agrees": "", "combined_years": 2.0, "tier": 3}}, {"type": "Feature", "geometry": {"type": "Point", "coordinates": [-67.2866666666667, -43.7233333333333]}, "properties": {"series_id": 38772, "station_id": 7258, "station": "Chubut - Las Plumas", "river": "", "var_id": 101, "network": "sat2", "cat_start": "2024-09-16T20:00:00", "cat_end": "2026-08-30T16:00:00", "donor_series_id": "", "donor_station": "", "donor_river": "", "match_type": "", "match_km": "", "river_agrees": "", "combined_years": 2.0, "tier": 3}}, {"type": "Feature", "geometry": {"type": "Point", "coordinates": [-67.865, -34.5705555555556]}, "properties": {"series_id": 38774, "station_id": 7260, "station": "Diamante - Monte Comán", "river": "", "var_id": 101, "network": "sat2", "cat_start": "2024-09-16T20:00:00", "cat_end": "2026-08-30T16:00:00", "donor_series_id": "", "donor_station": "", "donor_river": "", "match_type": "", "match_km": "", "river_agrees": "", "combined_years": 2.0, "tier": 3}}, {"type": "Feature", "geometry": {"type": "Point", "coordinates": [-65.8669444444444, -33.3336111111111]}, "properties": {"series_id": 38248, "station_id": 7261, "station": "Dique Paso de Las Carretas", "river": "", "var_id": 39, "network": "sat2", "cat_start": "2024-09-14T00:00:00", "cat_end": "2026-08-29T00:00:00", "donor_series_id": "", "donor_station": "", "donor_river": "", "match_type": "", "match_km": "", "river_agrees": "", "combined_years": 2.0, "tier": 3}}, {"type": "Feature", "geometry": {"type": "Point", "coordinates": [-65.8669444444444, -33.3336111111111]}, "properties": {"series_id": 38775, "station_id": 7261, "station": "Dique Paso de Las Carretas", "river": "", "var_id": 101, "network": "sat2", "cat_start": "2024-09-20T20:00:00", "cat_end": "2026-08-30T16:00:00", "donor_series_id": "", "donor_station": "", "donor_river": "", "match_type": "", "match_km": "", "river_agrees": "", "combined_years": 1.9, "tier": 3}}, {"type": "Feature", "geometry": {"type": "Point", "coordinates": [-63.2069444444444, -29.2533333333333]}, "properties": {"series_id": 38250, "station_id": 7263, "station": "Dulce - Paso de Oscares", "river": "", "var_id": 39, "network": "sat2", "cat_start": "2024-09-14T00:00:00", "cat_end": "2026-08-29T00:00:00", "donor_series_id": "", "donor_station": "", "donor_river": "", "match_type": "", "match_km": "", "river_agrees": "", "combined_years": 2.0, "tier": 3}}, {"type": "Feature", "geometry": {"type": "Point", "coordinates": [-63.2069444444444, -29.2533333333333]}, "properties": {"series_id": 38777, "station_id": 7263, "station": "Dulce - Paso de Oscares", "river": "", "var_id": 101, "network": "sat2", "cat_start": "2024-09-16T20:00:00", "cat_end": "2026-08-30T16:00:00", "donor_series_id": "", "donor_station": "", "donor_river": "", "match_type": "", "match_km": "", "river_agrees": "", "combined_years": 2.0, "tier": 3}}, {"type": "Feature", "geometry": {"type": "Point", "coordinates": [-64.4075, -27.6058333333333]}, "properties": {"series_id": 38251, "station_id": 7264, "station": "Dulce III – Los Quiroga", "river": "", "var_id": 39, "network": "sat2", "cat_start": "2024-09-14T00:00:00", "cat_end": "2026-08-29T00:00:00", "donor_series_id": "", "donor_station": "", "donor_river": "", "match_type": "", "match_km": "", "river_agrees": "", "combined_years": 2.0, "tier": 3}}, {"type": "Feature", "geometry": {"type": "Point", "coordinates": [-64.7658333333333, -32.2158333333333]}, "properties": {"series_id": 38779, "station_id": 7265, "station": "Durazno - La Florida", "river": "", "var_id": 101, "network": "sat2", "cat_start": "2024-12-20T12:00:00", "cat_end": "2026-08-30T16:00:00", "donor_series_id": "", "donor_station": "", "donor_river": "", "match_type": "", "match_km": "", "river_agrees": "", "combined_years": 1.7, "tier": 3}}, {"type": "Feature", "geometry": {"type": "Point", "coordinates": [-58.5052777777778, -27.8013888888889]}, "properties": {"series_id": 38253, "station_id": 7266, "station": "Empedrado-Ruta Provincial Nº6", "river": "", "var_id": 39, "network": "sat2", "cat_start": "2024-10-07T00:00:00", "cat_end": "2026-08-29T00:00:00", "donor_series_id": 42630, "donor_station": "Empedrado - Rp Nº 6", "donor_river": "Empedrado", "match_type": "coords", "match_km": 0.04, "river_agrees": "unknown", "combined_years": 10.7, "tier": 2}}, {"type": "Feature", "geometry": {"type": "Point", "coordinates": [-58.5052777777778, -27.8013888888889]}, "properties": {"series_id": 38780, "station_id": 7266, "station": "Empedrado-Ruta Provincial Nº6", "river": "", "var_id": 101, "network": "sat2", "cat_start": "2024-10-07T12:00:00", "cat_end": "2026-08-30T16:00:00", "donor_series_id": 42630, "donor_station": "Empedrado - Rp Nº 6", "donor_river": "Empedrado", "match_type": "coords", "match_km": 0.04, "river_agrees": "unknown", "combined_years": 10.7, "tier": 2}}, {"type": "Feature", "geometry": {"type": "Point", "coordinates": [-64.7513888888889, -32.2183333333333]}, "properties": {"series_id": 38256, "station_id": 7270, "station": "Grande - Ume Pay", "river": "", "var_id": 39, "network": "sat2", "cat_start": "2024-09-14T00:00:00", "cat_end": "2026-08-29T00:00:00", "donor_series_id": "", "donor_station": "", "donor_river": "", "match_type": "", "match_km": "", "river_agrees": "", "combined_years": 2.0, "tier": 3}}, {"type": "Feature", "geometry": {"type": "Point", "coordinates": [-64.7513888888889, -32.2183333333333]}, "properties": {"series_id": 38783, "station_id": 7270, "station": "Grande - Ume Pay", "river": "", "var_id": 101, "network": "sat2", "cat_start": "2024-09-16T20:00:00", "cat_end": "2026-08-30T16:00:00", "donor_series_id": "", "donor_station": "", "donor_river": "", "match_type": "", "match_km": "", "river_agrees": "", "combined_years": 2.0, "tier": 3}}, {"type": "Feature", "geometry": {"type": "Point", "coordinates": [-58.4905555555556, -32.1047222222222]}, "properties": {"series_id": 38785, "station_id": 7273, "station": "Gualeguaychú - RN Nº 130", "river": "", "var_id": 101, "network": "sat2", "cat_start": "2025-03-13T20:00:00", "cat_end": "2026-08-30T12:00:00", "donor_series_id": 102, "donor_station": "Ruta Nacional nº 130", "donor_river": "GUALEGUAYCHU", "match_type": "coords", "match_km": 0.01, "river_agrees": "unknown", "combined_years": 25.3, "tier": 2}}, {"type": "Feature", "geometry": {"type": "Point", "coordinates": [-58.5547222222222, -32.445]}, "properties": {"series_id": 38786, "station_id": 7274, "station": "Gualeguaychú - RN Nº 39", "river": "", "var_id": 101, "network": "sat2", "cat_start": "2024-10-09T12:00:00", "cat_end": "2026-08-30T16:00:00", "donor_series_id": 1, "donor_station": "Ruta Provincial nº 39", "donor_river": "GUALEGUAYCHU", "match_type": "coords", "match_km": 0.02, "river_agrees": "unknown", "combined_years": 25.3, "tier": 2}}, {"type": "Feature", "geometry": {"type": "Point", "coordinates": [-59.3005555555556, -30.3463888888889]}, "properties": {"series_id": 38787, "station_id": 7275, "station": "Guayquiraró - La Grela", "river": "", "var_id": 101, "network": "sat2", "cat_start": "2024-09-16T20:00:00", "cat_end": "2026-08-30T16:00:00", "donor_series_id": 30091, "donor_station": "Guayquiraró- La Grela", "donor_river": "Guayquiraró", "match_type": "coords", "match_km": 0.02, "river_agrees": "unknown", "combined_years": 2.2, "tier": 3}}, {"type": "Feature", "geometry": {"type": "Point", "coordinates": [-71.6091666666667, -43.5166666666667]}, "properties": {"series_id": 38261, "station_id": 7276, "station": "Hielo - Confluencia", "river": "", "var_id": 39, "network": "sat2", "cat_start": "2025-08-20T00:00:00", "cat_end": "2026-08-29T00:00:00", "donor_series_id": "", "donor_station": "", "donor_river": "", "match_type": "", "match_km": "", "river_agrees": "", "combined_years": 1.0, "tier": 3}}, {"type": "Feature", "geometry": {"type": "Point", "coordinates": [-71.6091666666667, -43.5166666666667]}, "properties": {"series_id": 38788, "station_id": 7276, "station": "Hielo - Confluencia", "river": "", "var_id": 101, "network": "sat2", "cat_start": "2025-08-20T16:00:00", "cat_end": "2026-08-30T12:00:00", "donor_series_id": "", "donor_station": "", "donor_river": "", "match_type": "", "match_km": "", "river_agrees": "", "combined_years": 1.0, "tier": 3}}, {"type": "Feature", "geometry": {"type": "Point", "coordinates": [-62.7386111111111, -34.3619444444444]}, "properties": {"series_id": 38791, "station_id": 7281, "station": "Lag. La Picasa-Aguas AbajoRN33", "river": "", "var_id": 101, "network": "sat2", "cat_start": "2024-09-16T20:00:00", "cat_end": "2026-08-30T16:00:00", "donor_series_id": "", "donor_station": "", "donor_river": "", "match_type": "", "match_km": "", "river_agrees": "", "combined_years": 2.0, "tier": 3}}, {"type": "Feature", "geometry": {"type": "Point", "coordinates": [-65.8230555555556, -26.0119444444444]}, "properties": {"series_id": 38795, "station_id": 7286, "station": "Las Conchas - La Punilla RP44", "river": "", "var_id": 101, "network": "sat2", "cat_start": "2024-09-16T20:00:00", "cat_end": "2026-08-30T16:00:00", "donor_series_id": 6365, "donor_station": "De las Conchas - La Punilla", "donor_river": "De las Conchas", "match_type": "coords", "match_km": 0.01, "river_agrees": "unknown", "combined_years": 17.6, "tier": 2}}, {"type": "Feature", "geometry": {"type": "Point", "coordinates": [-71.5361111111111, -41.5158333333333]}, "properties": {"series_id": 38271, "station_id": 7289, "station": "Manso - Steffen", "river": "", "var_id": 39, "network": "sat2", "cat_start": "2024-09-14T00:00:00", "cat_end": "2026-08-29T00:00:00", "donor_series_id": 6203, "donor_station": "Manso - Lago Steffen", "donor_river": "Manso", "match_type": "coords", "match_km": 0.03, "river_agrees": "unknown", "combined_years": 7.1, "tier": 3}}, {"type": "Feature", "geometry": {"type": "Point", "coordinates": [-67.9733333333333, -38.9961111111111]}, "properties": {"series_id": 38274, "station_id": 7293, "station": "Negro - Isla Jordán", "river": "", "var_id": 39, "network": "sat2", "cat_start": "2024-09-14T00:00:00", "cat_end": "2026-08-29T00:00:00", "donor_series_id": "", "donor_station": "", "donor_river": "", "match_type": "", "match_km": "", "river_agrees": "", "combined_years": 2.0, "tier": 3}}, {"type": "Feature", "geometry": {"type": "Point", "coordinates": [-58.9822222222222, -27.4355555555556]}, "properties": {"series_id": 38277, "station_id": 7296, "station": "Negro - San Fernando", "river": "", "var_id": 39, "network": "sat2", "cat_start": "2024-09-19T00:00:00", "cat_end": "2026-08-29T00:00:00", "donor_series_id": "", "donor_station": "", "donor_river": "", "match_type": "", "match_km": "", "river_agrees": "", "combined_years": 1.9, "tier": 3}}, {"type": "Feature", "geometry": {"type": "Point", "coordinates": [-58.9822222222222, -27.4355555555556]}, "properties": {"series_id": 38804, "station_id": 7296, "station": "Negro - San Fernando", "river": "", "var_id": 101, "network": "sat2", "cat_start": "2024-09-19T04:00:00", "cat_end": "2026-08-30T16:00:00", "donor_series_id": "", "donor_station": "", "donor_river": "", "match_type": "", "match_km": "", "river_agrees": "", "combined_years": 1.9, "tier": 3}}, {"type": "Feature", "geometry": {"type": "Point", "coordinates": [-68.1705555555556, -38.7247222222222]}, "properties": {"series_id": 38805, "station_id": 7297, "station": "Neuquén - Dique Ballester", "river": "", "var_id": 101, "network": "sat2", "cat_start": "2024-09-16T20:00:00", "cat_end": "2026-08-30T16:00:00", "donor_series_id": "", "donor_station": "", "donor_river": "", "match_type": "", "match_km": "", "river_agrees": "", "combined_years": 2.0, "tier": 3}}, {"type": "Feature", "geometry": {"type": "Point", "coordinates": [-59.8647222222222, -32.8419444444444]}, "properties": {"series_id": 38806, "station_id": 7301, "station": "Nogoya - RP Nº 11", "river": "", "var_id": 101, "network": "sat2", "cat_start": "2024-10-08T16:00:00", "cat_end": "2026-08-30T16:00:00", "donor_series_id": 29873, "donor_station": "Nogoyá Ruta Provincial nº 11", "donor_river": "NOGOYA", "match_type": "coords", "match_km": 0.01, "river_agrees": "unknown", "combined_years": 25.3, "tier": 2}}, {"type": "Feature", "geometry": {"type": "Point", "coordinates": [-60.2833333333333, -31.5741666666667]}, "properties": {"series_id": 38807, "station_id": 7302, "station": "Paraná - HID Chapetón", "river": "", "var_id": 101, "network": "sat2", "cat_start": "2024-09-16T20:00:00", "cat_end": "2026-08-30T16:00:00", "donor_series_id": 30073, "donor_station": "PARANA - CHAPETON", "donor_river": "Paraná", "match_type": "coords", "match_km": 0.01, "river_agrees": "unknown", "combined_years": 2.2, "tier": 3}}, {"type": "Feature", "geometry": {"type": "Point", "coordinates": [-54.5941666666667, -25.6047222222222]}, "properties": {"series_id": 38808, "station_id": 7303, "station": "Paraná - Ita Cajón", "river": "", "var_id": 101, "network": "sat2", "cat_start": "2024-09-16T20:00:00", "cat_end": "2026-08-30T16:00:00", "donor_series_id": 6499, "donor_station": "Paraná - Itá Cajón", "donor_river": "Paraná", "match_type": "coords", "match_km": 0.15, "river_agrees": "unknown", "combined_years": 25.3, "tier": 2}}, {"type": "Feature", "geometry": {"type": "Point", "coordinates": [-71.66, -44.2402777777778]}, "properties": {"series_id": 38810, "station_id": 7306, "station": "Pico - Frontera", "river": "", "var_id": 101, "network": "sat2", "cat_start": "2024-09-17T00:00:00", "cat_end": "2026-08-30T16:00:00", "donor_series_id": 30035, "donor_station": "Pico - Frontera", "donor_river": "Río Pico", "match_type": "coords", "match_km": 0.01, "river_agrees": "unknown", "combined_years": 2.2, "tier": 3}}, {"type": "Feature", "geometry": {"type": "Point", "coordinates": [-65.2277777777778, -27.3186111111111]}, "properties": {"series_id": 37530, "station_id": 7378, "station": "Salí - Simoca", "river": "", "var_id": 2, "network": "sat2", "cat_start": "2024-09-13T16:00:00", "cat_end": "2026-08-30T20:00:00", "donor_series_id": "", "donor_station": "", "donor_river": "", "match_type": "", "match_km": "", "river_agrees": "", "combined_years": 2.0, "tier": 3}}, {"type": "Feature", "geometry": {"type": "Point", "coordinates": [-64.3536111111111, -33.2844444444444]}, "properties": {"series_id": 38286, "station_id": 7381, "station": "Santa Catalina - Catalina 630", "river": "", "var_id": 39, "network": "sat2", "cat_start": "2024-09-14T00:00:00", "cat_end": "2026-08-29T00:00:00", "donor_series_id": "", "donor_station": "", "donor_river": "", "match_type": "", "match_km": "", "river_agrees": "", "combined_years": 2.0, "tier": 3}}, {"type": "Feature", "geometry": {"type": "Point", "coordinates": [-64.2738888888889, -30.8491666666667]}, "properties": {"series_id": 38814, "station_id": 7382, "station": "Santa Catalina - Colonia Hogar", "river": "", "var_id": 101, "network": "sat2", "cat_start": "2024-09-26T04:00:00", "cat_end": "2026-08-30T16:00:00", "donor_series_id": "", "donor_station": "", "donor_river": "", "match_type": "", "match_km": "", "river_agrees": "", "combined_years": 1.9, "tier": 3}}, {"type": "Feature", "geometry": {"type": "Point", "coordinates": [-70.8797222222222, -43.3497222222222]}, "properties": {"series_id": 37577, "station_id": 7385, "station": "Tecka - Estancia Niedo", "river": "", "var_id": 2, "network": "sat2", "cat_start": "2024-09-13T16:00:00", "cat_end": "2026-08-30T16:00:00", "donor_series_id": "", "donor_station": "", "donor_river": "", "match_type": "", "match_km": "", "river_agrees": "", "combined_years": 2.0, "tier": 3}}, {"type": "Feature", "geometry": {"type": "Point", "coordinates": [-63.2447222222222, -32.4219444444444]}, "properties": {"series_id": 38290, "station_id": 7386, "station": "Tercero - Villa María", "river": "", "var_id": 39, "network": "sat2", "cat_start": "2024-09-14T00:00:00", "cat_end": "2026-08-29T00:00:00", "donor_series_id": "", "donor_station": "", "donor_river": "", "match_type": "", "match_km": "", "river_agrees": "", "combined_years": 2.0, "tier": 3}}, {"type": "Feature", "geometry": {"type": "Point", "coordinates": [-63.2447222222222, -32.4219444444444]}, "properties": {"series_id": 38817, "station_id": 7386, "station": "Tercero - Villa María", "river": "", "var_id": 101, "network": "sat2", "cat_start": "2024-09-16T20:00:00", "cat_end": "2026-08-30T16:00:00", "donor_series_id": "", "donor_station": "", "donor_river": "", "match_type": "", "match_km": "", "river_agrees": "", "combined_years": 2.0, "tier": 3}}, {"type": "Feature", "geometry": {"type": "Point", "coordinates": [-71.3752777777778, -41.9505555555556]}, "properties": {"series_id": 37580, "station_id": 7387, "station": "Ternero - Cuesta del Ternero", "river": "", "var_id": 2, "network": "sat2", "cat_start": "2025-06-12T16:00:00", "cat_end": "2026-08-30T20:00:00", "donor_series_id": 29950, "donor_station": "EL TERNERO - CUESTA DEL TERNERO", "donor_river": "El Ternero", "match_type": "coords", "match_km": 0.62, "river_agrees": "unknown", "combined_years": 2.2, "tier": 3}}, {"type": "Feature", "geometry": {"type": "Point", "coordinates": [-68.0613888888889, -33.3072222222222]}, "properties": {"series_id": 37581, "station_id": 7388, "station": "Tunuyán - Las Catitas", "river": "", "var_id": 2, "network": "sat2", "cat_start": "2024-09-13T16:00:00", "cat_end": "2026-08-30T20:00:00", "donor_series_id": "", "donor_station": "", "donor_river": "", "match_type": "", "match_km": "", "river_agrees": "", "combined_years": 2.0, "tier": 3}}, {"type": "Feature", "geometry": {"type": "Point", "coordinates": [-68.0613888888889, -33.3072222222222]}, "properties": {"series_id": 38819, "station_id": 7388, "station": "Tunuyán - Las Catitas", "river": "", "var_id": 101, "network": "sat2", "cat_start": "2024-09-16T20:00:00", "cat_end": "2026-08-30T16:00:00", "donor_series_id": "", "donor_station": "", "donor_river": "", "match_type": "", "match_km": "", "river_agrees": "", "combined_years": 2.0, "tier": 3}}, {"type": "Feature", "geometry": {"type": "Point", "coordinates": [-71.6094444444444, -46.5391666666667]}, "properties": {"series_id": 43123, "station_id": 8223, "station": "Lago Buenos Aires - Los Antigu", "river": "", "var_id": 2, "network": "sat2", "cat_start": "2025-11-26T15:00:00", "cat_end": "2026-08-30T21:00:00", "donor_series_id": 6179, "donor_station": "LAGO BUENOS AIRES - LOS ANTIGUOS", "donor_river": "Lago Buenos Aires", "match_type": "coords", "match_km": 0.05, "river_agrees": "unknown", "combined_years": 7.1, "tier": 3}}, {"type": "Feature", "geometry": {"type": "Point", "coordinates": [-62.5763888888889, -35.9283333333333]}, "properties": {"series_id": 44130, "station_id": 8407, "station": "Can. Cuero de Zorro-Hinojo-RN5", "river": "", "var_id": 2, "network": "sat2", "cat_start": "2026-06-01T02:00:00", "cat_end": "2026-08-30T21:00:00", "donor_series_id": "", "donor_station": "", "donor_river": "", "match_type": "", "match_km": "", "river_agrees": "", "combined_years": 0.2, "tier": 3}}, {"type": "Feature", "geometry": {"type": "Point", "coordinates": [-60.9427777777778, -35.4327777777778]}, "properties": {"series_id": 44132, "station_id": 8409, "station": "Canal Mercante - RP N°65", "river": "", "var_id": 2, "network": "sat2", "cat_start": "2026-06-01T02:00:00", "cat_end": "2026-08-30T21:00:00", "donor_series_id": "", "donor_station": "", "donor_river": "", "match_type": "", "match_km": "", "river_agrees": "", "combined_years": 0.2, "tier": 3}}, {"type": "Feature", "geometry": {"type": "Point", "coordinates": [-71.1141666666667, -41.6730555555555]}, "properties": {"series_id": 44133, "station_id": 8410, "station": "NIV - Alto Chubut", "river": "", "var_id": 2, "network": "sat2", "cat_start": "2026-06-01T04:00:00", "cat_end": "2026-08-30T20:00:00", "donor_series_id": "", "donor_station": "", "donor_river": "", "match_type": "", "match_km": "", "river_agrees": "", "combined_years": 0.2, "tier": 3}}, {"type": "Feature", "geometry": {"type": "Point", "coordinates": [-61.3513888888889, -34.3225]}, "properties": {"series_id": 44138, "station_id": 8412, "station": "Salado - RP Nº50", "river": "", "var_id": 2, "network": "sat2", "cat_start": "2026-06-01T02:00:00", "cat_end": "2026-08-30T21:00:00", "donor_series_id": "", "donor_station": "", "donor_river": "", "match_type": "", "match_km": "", "river_agrees": "", "combined_years": 0.2, "tier": 3}}, {"type": "Feature", "geometry": {"type": "Point", "coordinates": [-58.2213125, -34.7086875]}, "properties": {"series_id": 44198, "station_id": 8413, "station": "QUIL-RDLP", "river": "Río de la Plata", "var_id": 2, "network": "quilmes", "cat_start": "2026-06-28T10:45:10", "cat_end": "2026-08-30T20:45:10", "donor_series_id": "", "donor_station": "", "donor_river": "", "match_type": "", "match_km": "", "river_agrees": "", "combined_years": 0.2, "tier": 3}}, {"type": "Feature", "geometry": {"type": "Point", "coordinates": [-58.323057477, -34.765609361]}, "properties": {"series_id": 44200, "station_id": 8415, "station": "SFranTOR", "river": "San Francisco", "var_id": 2, "network": "quilmes", "cat_start": "2026-06-28T10:45:11", "cat_end": "2026-08-30T20:45:10", "donor_series_id": "", "donor_station": "", "donor_river": "", "match_type": "", "match_km": "", "river_agrees": "", "combined_years": 0.2, "tier": 3}}, {"type": "Feature", "geometry": {"type": "Point", "coordinates": [-70.0325, -38.3658333333333]}, "properties": {"series_id": 44207, "station_id": 8418, "station": "Agrio - Bajada del Agrio", "river": "", "var_id": 2, "network": "sat2", "cat_start": "2026-07-31T16:00:00", "cat_end": "2026-08-30T20:00:00", "donor_series_id": "", "donor_station": "", "donor_river": "", "match_type": "", "match_km": "", "river_agrees": "", "combined_years": 0.1, "tier": 3}}, {"type": "Feature", "geometry": {"type": "Point", "coordinates": [-53.9833333333333, -25.5833333333333]}, "properties": {"series_id": 857, "station_id": 8, "station": "Andresito", "river": "IGUAZU", "var_id": 4, "network": "alturas_prefe", "cat_start": "2006-01-01T12:00:00", "cat_end": "2026-08-30T00:00:00", "donor_series_id": "", "donor_station": "", "donor_river": "", "match_type": "", "match_km": "", "river_agrees": "", "combined_years": 20.7, "tier": 1}}, {"type": "Feature", "geometry": {"type": "Point", "coordinates": [-54.5666666666667, -25.5833333333333]}, "properties": {"series_id": 9, "station_id": 9, "station": "Puerto Iguazú", "river": "PARANAMED", "var_id": 2, "network": "alturas_prefe", "cat_start": "1966-01-01T07:00:00", "cat_end": "2026-08-30T00:00:00", "donor_series_id": "", "donor_station": "", "donor_river": "", "match_type": "", "match_km": "", "river_agrees": "", "combined_years": 60.7, "tier": 1}}, {"type": "Feature", "geometry": {"type": "Point", "coordinates": [-55.588412, -27.33509]}, "properties": {"series_id": 13, "station_id": 13, "station": "Santa Ana", "river": "PARANAMED", "var_id": 2, "network": "alturas_prefe", "cat_start": "2006-01-01T04:00:00", "cat_end": "2026-08-30T00:00:00", "donor_series_id": "", "donor_station": "", "donor_river": "", "match_type": "", "match_km": "", "river_agrees": "", "combined_years": 20.7, "tier": 1}}, {"type": "Feature", "geometry": {"type": "Point", "coordinates": [-57.33326783, -27.42336098]}, "properties": {"series_id": 16, "station_id": 16, "station": "Itá Ibaté", "river": "PARANAMED", "var_id": 2, "network": "alturas_prefe", "cat_start": "1912-01-02T07:00:00", "cat_end": "2026-08-30T00:00:00", "donor_series_id": "", "donor_station": "", "donor_river": "", "match_type": "", "match_km": "", "river_agrees": "", "combined_years": 114.7, "tier": 1}}, {"type": "Feature", "geometry": {"type": "Point", "coordinates": [-58.24407387, -27.26677773]}, "properties": {"series_id": 17, "station_id": 17, "station": "Itatí", "river": "PARANAMED", "var_id": 2, "network": "alturas_prefe", "cat_start": "1912-01-02T07:00:00", "cat_end": "2026-08-30T00:00:00", "donor_series_id": 29588, "donor_station": "Paraná - Itatí", "donor_river": "Paraná", "match_type": "coords", "match_km": 0.06, "river_agrees": "yes", "combined_years": 116.2, "tier": 1}}, {"type": "Feature", "geometry": {"type": "Point", "coordinates": [-58.5833333333333, -27.3333333333333]}, "properties": {"series_id": 18, "station_id": 18, "station": "Paso de la Patria", "river": "PARANAMED", "var_id": 2, "network": "alturas_prefe", "cat_start": "1956-01-01T07:00:00", "cat_end": "2026-08-30T00:00:00", "donor_series_id": "", "donor_station": "", "donor_river": "", "match_type": "", "match_km": "", "river_agrees": "", "combined_years": 70.7, "tier": 1}}, {"type": "Feature", "geometry": {"type": "Point", "coordinates": [-58.8388696, -27.46364349]}, "properties": {"series_id": 868, "station_id": 19, "station": "Corrientes", "river": "PARANAMED", "var_id": 4, "network": "alturas_prefe", "cat_start": "1910-01-02T07:00:00", "cat_end": "2026-08-30T00:00:00", "donor_series_id": 6611, "donor_station": "Paraná - Corrientes", "donor_river": "Paraná", "match_type": "coords", "match_km": 0.7, "river_agrees": "yes", "combined_years": 116.7, "tier": 1}}, {"type": "Feature", "geometry": {"type": "Point", "coordinates": [-59.05931723, -28.51840072]}, "properties": {"series_id": 22, "station_id": 22, "station": "Bella Vista", "river": "PARANAINF", "var_id": 2, "network": "alturas_prefe", "cat_start": "1906-01-02T07:00:00", "cat_end": "2026-08-30T00:00:00", "donor_series_id": "", "donor_station": "", "donor_river": "", "match_type": "", "match_km": "", "river_agrees": "", "combined_years": 120.7, "tier": 1}}, {"type": "Feature", "geometry": {"type": "Point", "coordinates": [-59.27303952, -29.14376844]}, "properties": {"series_id": 23, "station_id": 23, "station": "Goya", "river": "PARANAINF", "var_id": 2, "network": "alturas_prefe", "cat_start": "1903-06-17T07:00:00", "cat_end": "2026-08-30T00:00:00", "donor_series_id": "", "donor_station": "", "donor_river": "", "match_type": "", "match_km": "", "river_agrees": "", "combined_years": 123.2, "tier": 1}}, {"type": "Feature", "geometry": {"type": "Point", "coordinates": [-59.58115833, -29.23756092]}, "properties": {"series_id": 24, "station_id": 24, "station": "Reconquista", "river": "SANJAVIER", "var_id": 2, "network": "alturas_prefe", "cat_start": "1908-04-26T07:00:00", "cat_end": "2026-08-30T00:00:00", "donor_series_id": "", "donor_station": "", "donor_river": "", "match_type": "", "match_km": "", "river_agrees": "", "combined_years": 118.3, "tier": 1}}, {"type": "Feature", "geometry": {"type": "Point", "coordinates": [-59.6381167, -30.73419972]}, "properties": {"series_id": 26, "station_id": 26, "station": "La Paz", "river": "PARANAINF", "var_id": 2, "network": "alturas_prefe", "cat_start": "1903-05-16T07:00:00", "cat_end": "2026-08-30T00:00:00", "donor_series_id": "", "donor_station": "", "donor_river": "", "match_type": "", "match_km": "", "river_agrees": "", "combined_years": 123.3, "tier": 1}}, {"type": "Feature", "geometry": {"type": "Point", "coordinates": [-59.7833333333333, -30.95]}, "properties": {"series_id": 27, "station_id": 27, "station": "Santa Elena", "river": "PARANAINF", "var_id": 2, "network": "alturas_prefe", "cat_start": "1912-01-02T07:00:00", "cat_end": "2026-08-30T00:00:00", "donor_series_id": "", "donor_station": "", "donor_river": "", "match_type": "", "match_km": "", "river_agrees": "", "combined_years": 114.7, "tier": 1}}, {"type": "Feature", "geometry": {"type": "Point", "coordinates": [-60.5225697750899, -31.7182378629681]}, "properties": {"series_id": 29, "station_id": 29, "station": "Paraná", "river": "PARANAINF", "var_id": 2, "network": "alturas_prefe", "cat_start": "1902-02-22T07:00:00", "cat_end": "2026-08-30T00:00:00", "donor_series_id": 6529, "donor_station": "Paraná - Tunel Subfluvial", "donor_river": "Paraná", "match_type": "coords", "match_km": 0.51, "river_agrees": "yes", "combined_years": 124.5, "tier": 1}}, {"type": "Feature", "geometry": {"type": "Point", "coordinates": [-60.7002319185745, -31.6514772196376]}, "properties": {"series_id": 30, "station_id": 30, "station": "Santa Fe", "river": "PARANAINF", "var_id": 2, "network": "alturas_prefe", "cat_start": "1925-01-02T07:00:00", "cat_end": "2026-08-30T00:00:00", "donor_series_id": "", "donor_station": "", "donor_river": "", "match_type": "", "match_km": "", "river_agrees": "", "combined_years": 101.7, "tier": 1}}, {"type": "Feature", "geometry": {"type": "Point", "coordinates": [-60.7002319185745, -31.6514772196376]}, "properties": {"series_id": 879, "station_id": 30, "station": "Santa Fe", "river": "PARANAINF", "var_id": 4, "network": "alturas_prefe", "cat_start": "1985-01-01T06:00:00", "cat_end": "2026-08-30T00:00:00", "donor_series_id": "", "donor_station": "", "donor_river": "", "match_type": "", "match_km": "", "river_agrees": "", "combined_years": 41.7, "tier": 1}}, {"type": "Feature", "geometry": {"type": "Point", "coordinates": [-60.6308206029857, -32.9432699442268]}, "properties": {"series_id": 34, "station_id": 34, "station": "Rosario", "river": "PARANAINF", "var_id": 2, "network": "alturas_prefe", "cat_start": "1884-01-02T07:00:00", "cat_end": "2026-08-30T00:00:00", "donor_series_id": "", "donor_station": "", "donor_river": "", "match_type": "", "match_km": "", "river_agrees": "", "combined_years": 142.7, "tier": 1}}, {"type": "Feature", "geometry": {"type": "Point", "coordinates": [-60.1895279977149, -33.3420008188866]}, "properties": {"series_id": 36, "station_id": 36, "station": "San Nicolás", "river": "PARANAINF", "var_id": 2, "network": "alturas_prefe", "cat_start": "1904-01-02T07:00:00", "cat_end": "2026-08-30T00:00:00", "donor_series_id": "", "donor_station": "", "donor_river": "", "match_type": "", "match_km": "", "river_agrees": "", "combined_years": 122.7, "tier": 1}}, {"type": "Feature", "geometry": {"type": "Point", "coordinates": [-59.9957013181522, -33.4780656197056]}, "properties": {"series_id": 37, "station_id": 37, "station": "Ramallo", "river": "PARANAINF", "var_id": 2, "network": "alturas_prefe", "cat_start": "1904-01-02T07:00:00", "cat_end": "2026-08-30T00:00:00", "donor_series_id": "", "donor_station": "", "donor_river": "", "match_type": "", "match_km": "", "river_agrees": "", "combined_years": 122.7, "tier": 1}}, {"type": "Feature", "geometry": {"type": "Point", "coordinates": [-59.4955962110789, -33.8006916108445]}, "properties": {"series_id": 39, "station_id": 39, "station": "Baradero", "river": "BARADERO", "var_id": 2, "network": "alturas_prefe", "cat_start": "1976-01-01T07:00:00", "cat_end": "2026-08-30T00:00:00", "donor_series_id": "", "donor_station": "", "donor_river": "", "match_type": "", "match_km": "", "river_agrees": "", "combined_years": 50.7, "tier": 1}}, {"type": "Feature", "geometry": {"type": "Point", "coordinates": [-59.0108657589595, -34.0987818311696]}, "properties": {"series_id": 40, "station_id": 40, "station": "Zárate", "river": "PARANADELASPALMAS", "var_id": 2, "network": "alturas_prefe", "cat_start": "1978-01-01T07:00:00", "cat_end": "2026-08-30T00:00:00", "donor_series_id": "", "donor_station": "", "donor_river": "", "match_type": "", "match_km": "", "river_agrees": "", "combined_years": 48.7, "tier": 1}}, {"type": "Feature", "geometry": {"type": "Point", "coordinates": [-58.7333333333, -34.3]}, "properties": {"series_id": 42, "station_id": 42, "station": "Escobar", "river": "PARANADELASPALMAS", "var_id": 2, "network": "alturas_prefe", "cat_start": "2006-01-01T04:00:00", "cat_end": "2026-08-30T00:00:00", "donor_series_id": "", "donor_station": "", "donor_river": "", "match_type": "", "match_km": "", "river_agrees": "", "combined_years": 20.7, "tier": 1}}, {"type": "Feature", "geometry": {"type": "Point", "coordinates": [-58.65, -33.7]}, "properties": {"series_id": 43, "station_id": 43, "station": "Villa Paranacito", "river": "LATINTA", "var_id": 2, "network": "alturas_prefe", "cat_start": "1983-01-01T06:00:00", "cat_end": "2026-08-30T00:00:00", "donor_series_id": "", "donor_station": "", "donor_river": "", "match_type": "", "match_km": "", "river_agrees": "", "combined_years": 43.7, "tier": 1}}, {"type": "Feature", "geometry": {"type": "Point", "coordinates": [-58.6604197120006, -33.8627031166646]}, "properties": {"series_id": 44, "station_id": 44, "station": "Canal Nuevo", "river": "CANALGAFOTRE", "var_id": 2, "network": "alturas_prefe", "cat_start": "2006-01-01T04:00:00", "cat_end": "2026-08-30T00:00:00", "donor_series_id": "", "donor_station": "", "donor_river": "", "match_type": "", "match_km": "", "river_agrees": "", "combined_years": 20.7, "tier": 1}}, {"type": "Feature", "geometry": {"type": "Point", "coordinates": [-59.1800594404244, -33.7619777376355]}, "properties": {"series_id": 45, "station_id": 45, "station": "Ibicuy", "river": "PARANAIBICUY", "var_id": 2, "network": "alturas_prefe", "cat_start": "1983-01-01T06:00:00", "cat_end": "2026-08-30T00:00:00", "donor_series_id": "", "donor_station": "", "donor_river": "", "match_type": "", "match_km": "", "river_agrees": "", "combined_years": 43.7, "tier": 1}}, {"type": "Feature", "geometry": {"type": "Point", "coordinates": [-59.3666666667, -33.2166666667]}, "properties": {"series_id": 46, "station_id": 46, "station": "Puerto Ruiz", "river": "GUALEGUAY", "var_id": 2, "network": "alturas_prefe", "cat_start": "2003-01-01T08:00:00", "cat_end": "2026-08-30T00:00:00", "donor_series_id": 855, "donor_station": "Puerto Ruiz", "donor_river": "GUALEGUAY", "match_type": "coords", "match_km": 0.65, "river_agrees": "yes", "combined_years": 23.7, "tier": 1}}, {"type": "Feature", "geometry": {"type": "Point", "coordinates": [-58.686115, -34.351576]}, "properties": {"series_id": 50, "station_id": 50, "station": "Dique Luján", "river": "LUJAN", "var_id": 2, "network": "alturas_prefe", "cat_start": "2006-01-01T04:00:00", "cat_end": "2026-08-30T00:00:00", "donor_series_id": "", "donor_station": "", "donor_river": "", "match_type": "", "match_km": "", "river_agrees": "", "combined_years": 20.7, "tier": 1}}, {"type": "Feature", "geometry": {"type": "Point", "coordinates": [-58.507163, -34.457166]}, "properties": {"series_id": 53, "station_id": 53, "station": "San Isidro", "river": "RIODELAPLATA", "var_id": 2, "network": "alturas_prefe", "cat_start": "2006-01-01T04:00:00", "cat_end": "2026-08-30T00:00:00", "donor_series_id": "", "donor_station": "", "donor_river": "", "match_type": "", "match_km": "", "river_agrees": "", "combined_years": 20.7, "tier": 1}}, {"type": "Feature", "geometry": {"type": "Point", "coordinates": [-57.65, -25.3666666666667]}, "properties": {"series_id": 55, "station_id": 55, "station": "Puerto Pilcomayo", "river": "PARAGUAY", "var_id": 2, "network": "alturas_prefe", "cat_start": "1910-01-02T12:00:00", "cat_end": "2026-08-30T00:00:00", "donor_series_id": 30067, "donor_station": "Pilcomayo - Puerto Pilcomayo", "donor_river": "Pilcomayo", "match_type": "coords", "match_km": 0.59, "river_agrees": "NO", "combined_years": 116.7, "tier": 1}}, {"type": "Feature", "geometry": {"type": "Point", "coordinates": [-57.65, -25.3666666666667]}, "properties": {"series_id": 904, "station_id": 55, "station": "Puerto Pilcomayo", "river": "PARAGUAY", "var_id": 4, "network": "alturas_prefe", "cat_start": "1910-01-02T12:00:00", "cat_end": "2026-08-30T00:00:00", "donor_series_id": 30067, "donor_station": "Pilcomayo - Puerto Pilcomayo", "donor_river": "Pilcomayo", "match_type": "coords", "match_km": 0.59, "river_agrees": "NO", "combined_years": 116.7, "tier": 1}}, {"type": "Feature", "geometry": {"type": "Point", "coordinates": [-58.1833333333333, -26.1833333333333]}, "properties": {"series_id": 57, "station_id": 57, "station": "Puerto Formosa", "river": "PARAGUAY", "var_id": 2, "network": "alturas_prefe", "cat_start": "2006-01-01T04:00:00", "cat_end": "2026-08-30T00:00:00", "donor_series_id": "", "donor_station": "", "donor_river": "", "match_type": "", "match_km": "", "river_agrees": "", "combined_years": 20.7, "tier": 1}}, {"type": "Feature", "geometry": {"type": "Point", "coordinates": [-58.1833333333333, -26.1833333333333]}, "properties": {"series_id": 906, "station_id": 57, "station": "Puerto Formosa", "river": "PARAGUAY", "var_id": 4, "network": "alturas_prefe", "cat_start": "2006-01-01T04:00:00", "cat_end": "2026-08-30T00:00:00", "donor_series_id": "", "donor_station": "", "donor_river": "", "match_type": "", "match_km": "", "river_agrees": "", "combined_years": 20.7, "tier": 1}}, {"type": "Feature", "geometry": {"type": "Point", "coordinates": [-58.6166666666667, -27.3166666666667]}, "properties": {"series_id": 59, "station_id": 59, "station": "Isla del Cerrito", "river": "PARAGUAY", "var_id": 2, "network": "alturas_prefe", "cat_start": "2006-06-11T04:00:00", "cat_end": "2026-08-30T00:00:00", "donor_series_id": "", "donor_station": "", "donor_river": "", "match_type": "", "match_km": "", "river_agrees": "", "combined_years": 20.2, "tier": 1}}, {"type": "Feature", "geometry": {"type": "Point", "coordinates": [-54.2, -27.3]}, "properties": {"series_id": 61, "station_id": 61, "station": "El Soberbio", "river": "URUGUAY", "var_id": 2, "network": "alturas_prefe", "cat_start": "1980-04-25T07:00:00", "cat_end": "2026-08-30T00:00:00", "donor_series_id": 30049, "donor_station": "Uruguay - El Soberbio", "donor_river": "Uruguay", "match_type": "coords", "match_km": 0.65, "river_agrees": "yes", "combined_years": 46.3, "tier": 1}}, {"type": "Feature", "geometry": {"type": "Point", "coordinates": [-54.2, -27.3]}, "properties": {"series_id": 910, "station_id": 61, "station": "El Soberbio", "river": "URUGUAY", "var_id": 4, "network": "alturas_prefe", "cat_start": "1980-04-25T07:00:00", "cat_end": "2026-08-30T00:00:00", "donor_series_id": 30049, "donor_station": "Uruguay - El Soberbio", "donor_river": "Uruguay", "match_type": "coords", "match_km": 0.65, "river_agrees": "yes", "combined_years": 46.3, "tier": 1}}, {"type": "Feature", "geometry": {"type": "Point", "coordinates": [-54.678494, -27.572]}, "properties": {"series_id": 63, "station_id": 63, "station": "Alba Posse", "river": "URUGUAY", "var_id": 2, "network": "alturas_prefe", "cat_start": "1971-01-01T07:00:00", "cat_end": "2026-08-30T00:00:00", "donor_series_id": "", "donor_station": "", "donor_river": "", "match_type": "", "match_km": "", "river_agrees": "", "combined_years": 55.7, "tier": 1}}, {"type": "Feature", "geometry": {"type": "Point", "coordinates": [-55.1333333333333, -27.8833333333333]}, "properties": {"series_id": 65, "station_id": 65, "station": "San Javier", "river": "URUGUAY", "var_id": 2, "network": "alturas_prefe", "cat_start": "1923-10-02T07:00:00", "cat_end": "2026-08-30T00:00:00", "donor_series_id": "", "donor_station": "", "donor_river": "", "match_type": "", "match_km": "", "river_agrees": "", "combined_years": 102.9, "tier": 1}}, {"type": "Feature", "geometry": {"type": "Point", "coordinates": [-56.0333333333333, -28.55]}, "properties": {"series_id": 917, "station_id": 68, "station": "Santo Tomé", "river": "URUGUAY", "var_id": 4, "network": "alturas_prefe", "cat_start": "1907-12-02T07:00:00", "cat_end": "2026-08-30T00:00:00", "donor_series_id": 6628, "donor_station": "Uruguay - Santo Tomé", "donor_river": "Uruguay", "match_type": "coords", "match_km": 0.65, "river_agrees": "yes", "combined_years": 118.7, "tier": 1}}, {"type": "Feature", "geometry": {"type": "Point", "coordinates": [-56.55, -29.1]}, "properties": {"series_id": 69, "station_id": 69, "station": "Alvear", "river": "URUGUAY", "var_id": 2, "network": "alturas_prefe", "cat_start": "2006-01-01T04:00:00", "cat_end": "2026-08-30T00:00:00", "donor_series_id": "", "donor_station": "", "donor_river": "", "match_type": "", "match_km": "", "river_agrees": "", "combined_years": 20.7, "tier": 1}}, {"type": "Feature", "geometry": {"type": "Point", "coordinates": [-57.0833333333333, -29.7166666666667]}, "properties": {"series_id": 72, "station_id": 72, "station": "Paso de los Libres", "river": "URUGUAY", "var_id": 2, "network": "alturas_prefe", "cat_start": "1908-03-08T07:00:00", "cat_end": "2026-08-30T00:00:00", "donor_series_id": 6574, "donor_station": "Uruguay - Paso de los Libres", "donor_river": "Uruguay", "match_type": "coords", "match_km": 0.31, "river_agrees": "yes", "combined_years": 118.5, "tier": 1}}, {"type": "Feature", "geometry": {"type": "Point", "coordinates": [-57.936945, -31.27547]}, "properties": {"series_id": 927, "station_id": 78, "station": "Salto Grande Abajo", "river": "URUGUAY", "var_id": 4, "network": "alturas_prefe", "cat_start": "2006-01-01T04:00:00", "cat_end": "2026-08-30T00:00:00", "donor_series_id": "", "donor_station": "", "donor_river": "", "match_type": "", "match_km": "", "river_agrees": "", "combined_years": 20.7, "tier": 1}}, {"type": "Feature", "geometry": {"type": "Point", "coordinates": [-58.0166666666667, -31.4]}, "properties": {"series_id": 79, "station_id": 79, "station": "Concordia", "river": "URUGUAY", "var_id": 2, "network": "alturas_prefe", "cat_start": "1931-01-01T07:00:00", "cat_end": "2026-08-30T00:00:00", "donor_series_id": "", "donor_station": "", "donor_river": "", "match_type": "", "match_km": "", "river_agrees": "", "combined_years": 95.7, "tier": 1}}, {"type": "Feature", "geometry": {"type": "Point", "coordinates": [-58.1166666666667, -32.2333333333333]}, "properties": {"series_id": 80, "station_id": 80, "station": "Colón", "river": "URUGUAY", "var_id": 2, "network": "alturas_prefe", "cat_start": "1931-01-01T07:00:00", "cat_end": "2026-08-30T00:00:00", "donor_series_id": "", "donor_station": "", "donor_river": "", "match_type": "", "match_km": "", "river_agrees": "", "combined_years": 95.7, "tier": 1}}, {"type": "Feature", "geometry": {"type": "Point", "coordinates": [-58.2333333333333, -32.4833333333333]}, "properties": {"series_id": 81, "station_id": 81, "station": "Concepción del Uruguay", "river": "URUGUAY", "var_id": 2, "network": "alturas_prefe", "cat_start": "1941-01-01T07:00:00", "cat_end": "2026-08-30T00:00:00", "donor_series_id": "", "donor_station": "", "donor_river": "", "match_type": "", "match_km": "", "river_agrees": "", "combined_years": 85.7, "tier": 1}}, {"type": "Feature", "geometry": {"type": "Point", "coordinates": [-58.399288, -34.56108]}, "properties": {"series_id": 85, "station_id": 85, "station": "Buenos Aires", "river": "RIODELAPLATA", "var_id": 2, "network": "alturas_prefe", "cat_start": "2006-01-01T04:00:00", "cat_end": "2026-08-30T20:45:00", "donor_series_id": "", "donor_station": "", "donor_river": "", "match_type": "", "match_km": "", "river_agrees": "", "combined_years": 20.7, "tier": 1}}, {"type": "Feature", "geometry": {"type": "Point", "coordinates": [-56.727244, -27.482557]}, "properties": {"series_id": 936, "station_id": 87, "station": "Yacyretá afluente", "river": "PARANAMED", "var_id": 4, "network": "alturas_prefe", "cat_start": "2006-01-01T04:00:00", "cat_end": "2026-08-30T00:00:00", "donor_series_id": "", "donor_station": "", "donor_river": "", "match_type": "", "match_km": "", "river_agrees": "", "combined_years": 20.7, "tier": 1}}, {"type": "Feature", "geometry": {"type": "Point", "coordinates": [-58.638166667, -34.166861111]}, "properties": {"series_id": 149, "station_id": 149, "station": "Canal Seoane", "river": "Canal Seoane", "var_id": 2, "network": "ina_delta", "cat_start": "2016-12-27T17:00:00", "cat_end": "2026-08-30T20:45:10", "donor_series_id": "", "donor_station": "", "donor_river": "", "match_type": "", "match_km": "", "river_agrees": "", "combined_years": 9.7, "tier": 3}}, {"type": "Feature", "geometry": {"type": "Point", "coordinates": [-58.633833, -34.356202]}, "properties": {"series_id": 3279, "station_id": 1698, "station": "Arroyo Carapachay", "river": "Arroyo Carapachay", "var_id": 2, "network": "ina_delta", "cat_start": "2018-07-11T13:05:44", "cat_end": "2026-08-30T20:45:11", "donor_series_id": "", "donor_station": "", "donor_river": "", "match_type": "", "match_km": "", "river_agrees": "", "combined_years": 8.1, "tier": 3}}, {"type": "Feature", "geometry": {"type": "Point", "coordinates": [-56.7153015136719, -36.3544006347656]}, "properties": {"series_id": 3309, "station_id": 1703, "station": "San Clemente", "river": "", "var_id": 2, "network": "estaciones_pvnymm", "cat_start": "2012-02-12T18:45:00", "cat_end": "2026-08-30T20:45:00", "donor_series_id": "", "donor_station": "", "donor_river": "", "match_type": "", "match_km": "", "river_agrees": "", "combined_years": 14.5, "tier": 1}}, {"type": "Feature", "geometry": {"type": "Point", "coordinates": [-57.8800010681152, -34.8339004516602]}, "properties": {"series_id": 3314, "station_id": 1708, "station": "La Plata", "river": "", "var_id": 2, "network": "estaciones_pvnymm", "cat_start": "2012-02-12T18:45:00", "cat_end": "2026-08-30T20:45:00", "donor_series_id": "", "donor_station": "", "donor_river": "", "match_type": "", "match_km": "", "river_agrees": "", "combined_years": 14.5, "tier": 1}}, {"type": "Feature", "geometry": {"type": "Point", "coordinates": [-57.927417, -34.62625]}, "properties": {"series_id": 3345, "station_id": 1740, "station": "Pilote Norden", "river": "Río de la Plata", "var_id": 2, "network": "estaciones_shn", "cat_start": "2012-02-12T18:45:00", "cat_end": "2026-08-30T20:45:00", "donor_series_id": "", "donor_station": "", "donor_river": "", "match_type": "", "match_km": "", "river_agrees": "", "combined_years": 14.5, "tier": 1}}, {"type": "Feature", "geometry": {"type": "Point", "coordinates": [-57.531111, -38.035556]}, "properties": {"series_id": 3347, "station_id": 1742, "station": "Mar del Plata", "river": "Mar Argentino", "var_id": 2, "network": "estaciones_shn", "cat_start": "2012-02-12T18:45:00", "cat_end": "2026-08-30T20:45:00", "donor_series_id": "", "donor_station": "", "donor_river": "", "match_type": "", "match_km": "", "river_agrees": "", "combined_years": 14.5, "tier": 1}}, {"type": "Feature", "geometry": {"type": "Point", "coordinates": [-58.4588, -33.8976]}, "properties": {"series_id": 6061, "station_id": 1832, "station": "Bravo", "river": "Río de la Plata", "var_id": 2, "network": "puntos_FDelta", "cat_start": "2025-08-23T01:00:00", "cat_end": "2026-09-03T03:00:00", "donor_series_id": "", "donor_station": "", "donor_river": "", "match_type": "", "match_km": "", "river_agrees": "", "combined_years": 1.0, "tier": 3}}, {"type": "Feature", "geometry": {"type": "Point", "coordinates": [-58.4975, -34.3764]}, "properties": {"series_id": 6062, "station_id": 1833, "station": "CanaldelEste", "river": "Río de la Plata", "var_id": 2, "network": "puntos_FDelta", "cat_start": "2025-08-23T01:00:00", "cat_end": "2026-09-03T03:00:00", "donor_series_id": "", "donor_station": "", "donor_river": "", "match_type": "", "match_km": "", "river_agrees": "", "combined_years": 1.0, "tier": 3}}, {"type": "Feature", "geometry": {"type": "Point", "coordinates": [-58.421, -34.0047]}, "properties": {"series_id": 6064, "station_id": 1835, "station": "Guazu", "river": "Río de la Plata", "var_id": 2, "network": "puntos_FDelta", "cat_start": "2025-08-23T01:00:00", "cat_end": "2026-09-03T03:00:00", "donor_series_id": "", "donor_station": "", "donor_river": "", "match_type": "", "match_km": "", "river_agrees": "", "combined_years": 1.0, "tier": 3}}, {"type": "Feature", "geometry": {"type": "Point", "coordinates": [-58.4556, -34.3814]}, "properties": {"series_id": 6068, "station_id": 1840, "station": "Palmas", "river": "Río de la Plata", "var_id": 2, "network": "puntos_FDelta", "cat_start": "2025-08-23T01:00:00", "cat_end": "2026-09-03T03:00:00", "donor_series_id": "", "donor_station": "", "donor_river": "", "match_type": "", "match_km": "", "river_agrees": "", "combined_years": 1.0, "tier": 3}}, {"type": "Feature", "geometry": {"type": "Point", "coordinates": [-53.9833333333333, -25.5833333333333]}, "properties": {"series_id": 26250, "station_id": 8, "station": "Andresito", "river": "IGUAZU", "var_id": 39, "network": "alturas_prefe", "cat_start": "1984-01-01T00:00:00", "cat_end": "2026-08-29T00:00:00", "donor_series_id": "", "donor_station": "", "donor_river": "", "match_type": "", "match_km": "", "river_agrees": "", "combined_years": 42.7, "tier": 1}}, {"type": "Feature", "geometry": {"type": "Point", "coordinates": [-54.621134, -25.916679]}, "properties": {"series_id": 26252, "station_id": 10, "station": "Libertad", "river": "PARANAMED", "var_id": 39, "network": "alturas_prefe", "cat_start": "1970-01-01T00:00:00", "cat_end": "2026-08-29T00:00:00", "donor_series_id": 6503, "donor_station": "Paraná - Puerto Libertad", "donor_river": "Paraná", "match_type": "coords", "match_km": 0.04, "river_agrees": "yes", "combined_years": 56.7, "tier": 1}}, {"type": "Feature", "geometry": {"type": "Point", "coordinates": [-54.7, -26.3833333333333]}, "properties": {"series_id": 26253, "station_id": 11, "station": "El Dorado", "river": "PARANAMED", "var_id": 39, "network": "alturas_prefe", "cat_start": "1970-01-01T00:00:00", "cat_end": "2026-08-29T00:00:00", "donor_series_id": "", "donor_station": "", "donor_river": "", "match_type": "", "match_km": "", "river_agrees": "", "combined_years": 56.7, "tier": 1}}, {"type": "Feature", "geometry": {"type": "Point", "coordinates": [-55.0333333333333, -26.8]}, "properties": {"series_id": 26254, "station_id": 12, "station": "Libertador", "river": "PARANAMED", "var_id": 39, "network": "alturas_prefe", "cat_start": "1970-01-01T00:00:00", "cat_end": "2026-08-29T00:00:00", "donor_series_id": "", "donor_station": "", "donor_river": "", "match_type": "", "match_km": "", "river_agrees": "", "combined_years": 56.7, "tier": 1}}, {"type": "Feature", "geometry": {"type": "Point", "coordinates": [-55.588412, -27.33509]}, "properties": {"series_id": 26255, "station_id": 13, "station": "Santa Ana", "river": "PARANAMED", "var_id": 39, "network": "alturas_prefe", "cat_start": "2006-01-01T00:00:00", "cat_end": "2026-08-29T00:00:00", "donor_series_id": "", "donor_station": "", "donor_river": "", "match_type": "", "match_km": "", "river_agrees": "", "combined_years": 20.7, "tier": 1}}, {"type": "Feature", "geometry": {"type": "Point", "coordinates": [-55.8833333333333, -27.3666666666667]}, "properties": {"series_id": 26256, "station_id": 14, "station": "Posadas", "river": "PARANAMED", "var_id": 39, "network": "alturas_prefe", "cat_start": "1970-01-01T00:00:00", "cat_end": "2026-08-29T00:00:00", "donor_series_id": "", "donor_station": "", "donor_river": "", "match_type": "", "match_km": "", "river_agrees": "", "combined_years": 56.7, "tier": 1}}, {"type": "Feature", "geometry": {"type": "Point", "coordinates": [-56.7, -27.5833333333333]}, "properties": {"series_id": 26257, "station_id": 15, "station": "Ituzaingó", "river": "PARANAMED", "var_id": 39, "network": "alturas_prefe", "cat_start": "1970-01-01T00:00:00", "cat_end": "2026-08-29T00:00:00", "donor_series_id": "", "donor_station": "", "donor_river": "", "match_type": "", "match_km": "", "river_agrees": "", "combined_years": 56.7, "tier": 1}}, {"type": "Feature", "geometry": {"type": "Point", "coordinates": [-58.8388696, -27.46364349]}, "properties": {"series_id": 26616, "station_id": 19, "station": "Corrientes", "river": "PARANAMED", "var_id": 40, "network": "alturas_prefe", "cat_start": "1904-01-01T00:00:00", "cat_end": "2026-08-29T00:00:00", "donor_series_id": 6611, "donor_station": "Paraná - Corrientes", "donor_river": "Paraná", "match_type": "coords", "match_km": 0.7, "river_agrees": "yes", "combined_years": 122.7, "tier": 1}}, {"type": "Feature", "geometry": {"type": "Point", "coordinates": [-59.27303952, -29.14376844]}, "properties": {"series_id": 26265, "station_id": 23, "station": "Goya", "river": "PARANAINF", "var_id": 39, "network": "alturas_prefe", "cat_start": "1903-06-16T00:00:00", "cat_end": "2026-08-29T00:00:00", "donor_series_id": "", "donor_station": "", "donor_river": "", "match_type": "", "match_km": "", "river_agrees": "", "combined_years": 123.2, "tier": 1}}, {"type": "Feature", "geometry": {"type": "Point", "coordinates": [-59.7833333333333, -30.95]}, "properties": {"series_id": 26269, "station_id": 27, "station": "Santa Elena", "river": "PARANAINF", "var_id": 39, "network": "alturas_prefe", "cat_start": "1970-01-01T00:00:00", "cat_end": "2026-08-29T00:00:00", "donor_series_id": "", "donor_station": "", "donor_river": "", "match_type": "", "match_km": "", "river_agrees": "", "combined_years": 56.7, "tier": 1}}, {"type": "Feature", "geometry": {"type": "Point", "coordinates": [-60.5225697750899, -31.7182378629681]}, "properties": {"series_id": 26271, "station_id": 29, "station": "Paraná", "river": "PARANAINF", "var_id": 39, "network": "alturas_prefe", "cat_start": "1902-12-31T00:00:00", "cat_end": "2026-08-29T00:00:00", "donor_series_id": 6529, "donor_station": "Paraná - Tunel Subfluvial", "donor_river": "Paraná", "match_type": "coords", "match_km": 0.51, "river_agrees": "yes", "combined_years": 123.7, "tier": 1}}, {"type": "Feature", "geometry": {"type": "Point", "coordinates": [-60.5225697750899, -31.7182378629681]}, "properties": {"series_id": 26626, "station_id": 29, "station": "Paraná", "river": "PARANAINF", "var_id": 40, "network": "alturas_prefe", "cat_start": "2015-07-21T00:00:00", "cat_end": "2026-08-29T00:00:00", "donor_series_id": 6529, "donor_station": "Paraná - Tunel Subfluvial", "donor_river": "Paraná", "match_type": "coords", "match_km": 0.51, "river_agrees": "yes", "combined_years": 25.3, "tier": 1}}, {"type": "Feature", "geometry": {"type": "Point", "coordinates": [-60.7002319185745, -31.6514772196376]}, "properties": {"series_id": 26272, "station_id": 30, "station": "Santa Fe", "river": "PARANAINF", "var_id": 39, "network": "alturas_prefe", "cat_start": "1970-01-01T00:00:00", "cat_end": "2026-08-29T00:00:00", "donor_series_id": "", "donor_station": "", "donor_river": "", "match_type": "", "match_km": "", "river_agrees": "", "combined_years": 56.7, "tier": 1}}, {"type": "Feature", "geometry": {"type": "Point", "coordinates": [-60.7002319185745, -31.6514772196376]}, "properties": {"series_id": 26627, "station_id": 30, "station": "Santa Fe", "river": "PARANAINF", "var_id": 40, "network": "alturas_prefe", "cat_start": "1985-01-01T00:00:00", "cat_end": "2026-08-29T00:00:00", "donor_series_id": "", "donor_station": "", "donor_river": "", "match_type": "", "match_km": "", "river_agrees": "", "combined_years": 41.7, "tier": 1}}, {"type": "Feature", "geometry": {"type": "Point", "coordinates": [-60.2195849446607, -32.6558456373673]}, "properties": {"series_id": 26274, "station_id": 32, "station": "Victoria", "river": "VICTORIA", "var_id": 39, "network": "alturas_prefe", "cat_start": "1970-01-01T00:00:00", "cat_end": "2026-08-29T00:00:00", "donor_series_id": "", "donor_station": "", "donor_river": "", "match_type": "", "match_km": "", "river_agrees": "", "combined_years": 56.7, "tier": 1}}, {"type": "Feature", "geometry": {"type": "Point", "coordinates": [-60.6308206029857, -32.9432699442268]}, "properties": {"series_id": 26276, "station_id": 34, "station": "Rosario", "river": "PARANAINF", "var_id": 39, "network": "alturas_prefe", "cat_start": "1884-01-01T00:00:00", "cat_end": "2026-08-29T00:00:00", "donor_series_id": "", "donor_station": "", "donor_river": "", "match_type": "", "match_km": "", "river_agrees": "", "combined_years": 142.7, "tier": 1}}, {"type": "Feature", "geometry": {"type": "Point", "coordinates": [-60.3091044341421, -33.2354221667103]}, "properties": {"series_id": 26277, "station_id": 35, "station": "Villa Constitución", "river": "PARANAINF", "var_id": 39, "network": "alturas_prefe", "cat_start": "1974-01-01T00:00:00", "cat_end": "2026-08-29T00:00:00", "donor_series_id": "", "donor_station": "", "donor_river": "", "match_type": "", "match_km": "", "river_agrees": "", "combined_years": 52.7, "tier": 1}}, {"type": "Feature", "geometry": {"type": "Point", "coordinates": [-60.1895279977149, -33.3420008188866]}, "properties": {"series_id": 26278, "station_id": 36, "station": "San Nicolás", "river": "PARANAINF", "var_id": 39, "network": "alturas_prefe", "cat_start": "1970-01-01T00:00:00", "cat_end": "2026-08-29T00:00:00", "donor_series_id": "", "donor_station": "", "donor_river": "", "match_type": "", "match_km": "", "river_agrees": "", "combined_years": 56.7, "tier": 1}}, {"type": "Feature", "geometry": {"type": "Point", "coordinates": [-59.9957013181522, -33.4780656197056]}, "properties": {"series_id": 26279, "station_id": 37, "station": "Ramallo", "river": "PARANAINF", "var_id": 39, "network": "alturas_prefe", "cat_start": "1970-01-01T00:00:00", "cat_end": "2026-08-29T00:00:00", "donor_series_id": "", "donor_station": "", "donor_river": "", "match_type": "", "match_km": "", "river_agrees": "", "combined_years": 56.7, "tier": 1}}, {"type": "Feature", "geometry": {"type": "Point", "coordinates": [-59.6497183332918, -33.6745267329027]}, "properties": {"series_id": 26280, "station_id": 38, "station": "San Pedro", "river": "PARANAINF", "var_id": 39, "network": "alturas_prefe", "cat_start": "1970-01-01T00:00:00", "cat_end": "2026-08-29T00:00:00", "donor_series_id": "", "donor_station": "", "donor_river": "", "match_type": "", "match_km": "", "river_agrees": "", "combined_years": 56.7, "tier": 1}}, {"type": "Feature", "geometry": {"type": "Point", "coordinates": [-58.9581750062675, -34.1555854281116]}, "properties": {"series_id": 26283, "station_id": 41, "station": "Campana", "river": "PARANADELASPALMAS", "var_id": 39, "network": "alturas_prefe", "cat_start": "1977-10-24T00:00:00", "cat_end": "2026-08-29T00:00:00", "donor_series_id": "", "donor_station": "", "donor_river": "", "match_type": "", "match_km": "", "river_agrees": "", "combined_years": 48.8, "tier": 1}}, {"type": "Feature", "geometry": {"type": "Point", "coordinates": [-58.7333333333, -34.3]}, "properties": {"series_id": 26284, "station_id": 42, "station": "Escobar", "river": "PARANADELASPALMAS", "var_id": 39, "network": "alturas_prefe", "cat_start": "2006-01-01T00:00:00", "cat_end": "2026-08-29T00:00:00", "donor_series_id": "", "donor_station": "", "donor_river": "", "match_type": "", "match_km": "", "river_agrees": "", "combined_years": 20.7, "tier": 1}}, {"type": "Feature", "geometry": {"type": "Point", "coordinates": [-58.65, -33.7]}, "properties": {"series_id": 26285, "station_id": 43, "station": "Villa Paranacito", "river": "LATINTA", "var_id": 39, "network": "alturas_prefe", "cat_start": "1983-01-01T00:00:00", "cat_end": "2026-08-29T00:00:00", "donor_series_id": "", "donor_station": "", "donor_river": "", "match_type": "", "match_km": "", "river_agrees": "", "combined_years": 43.7, "tier": 1}}, {"type": "Feature", "geometry": {"type": "Point", "coordinates": [-58.6604197120006, -33.8627031166646]}, "properties": {"series_id": 26286, "station_id": 44, "station": "Canal Nuevo", "river": "CANALGAFOTRE", "var_id": 39, "network": "alturas_prefe", "cat_start": "2006-01-01T00:00:00", "cat_end": "2026-08-29T00:00:00", "donor_series_id": "", "donor_station": "", "donor_river": "", "match_type": "", "match_km": "", "river_agrees": "", "combined_years": 20.7, "tier": 1}}, {"type": "Feature", "geometry": {"type": "Point", "coordinates": [-59.3666666667, -33.2166666667]}, "properties": {"series_id": 26288, "station_id": 46, "station": "Puerto Ruiz", "river": "GUALEGUAY", "var_id": 39, "network": "alturas_prefe", "cat_start": "2003-01-01T00:00:00", "cat_end": "2026-08-29T00:00:00", "donor_series_id": 855, "donor_station": "Puerto Ruiz", "donor_river": "GUALEGUAY", "match_type": "coords", "match_km": 0.65, "river_agrees": "yes", "combined_years": 23.7, "tier": 1}}, {"type": "Feature", "geometry": {"type": "Point", "coordinates": [-58.2530455191105, -34.1902896924007]}, "properties": {"series_id": 26289, "station_id": 47, "station": "Martín García", "river": "RIODELAPLATA", "var_id": 39, "network": "alturas_prefe", "cat_start": "2006-01-01T00:00:00", "cat_end": "2026-08-29T00:00:00", "donor_series_id": "", "donor_station": "", "donor_river": "", "match_type": "", "match_km": "", "river_agrees": "", "combined_years": 20.7, "tier": 1}}, {"type": "Feature", "geometry": {"type": "Point", "coordinates": [-58.4, -34.0166666667]}, "properties": {"series_id": 26290, "station_id": 48, "station": "Guazucito", "river": "PARANAGUAZU", "var_id": 39, "network": "alturas_prefe", "cat_start": "2006-01-01T00:00:00", "cat_end": "2026-08-29T00:00:00", "donor_series_id": "", "donor_station": "", "donor_river": "", "match_type": "", "match_km": "", "river_agrees": "", "combined_years": 20.7, "tier": 1}}, {"type": "Feature", "geometry": {"type": "Point", "coordinates": [-58.686115, -34.351576]}, "properties": {"series_id": 26292, "station_id": 50, "station": "Dique Luján", "river": "LUJAN", "var_id": 39, "network": "alturas_prefe", "cat_start": "2006-01-01T00:00:00", "cat_end": "2026-08-29T00:00:00", "donor_series_id": "", "donor_station": "", "donor_river": "", "match_type": "", "match_km": "", "river_agrees": "", "combined_years": 20.7, "tier": 1}}, {"type": "Feature", "geometry": {"type": "Point", "coordinates": [-58.4833333333, -34.2]}, "properties": {"series_id": 26293, "station_id": 51, "station": "Chaná Miní", "river": "CHANA", "var_id": 39, "network": "alturas_prefe", "cat_start": "2006-01-01T00:00:00", "cat_end": "2026-08-29T00:00:00", "donor_series_id": "", "donor_station": "", "donor_river": "", "match_type": "", "match_km": "", "river_agrees": "", "combined_years": 20.7, "tier": 1}}, {"type": "Feature", "geometry": {"type": "Point", "coordinates": [-58.55, -34.4333333333]}, "properties": {"series_id": 26294, "station_id": 52, "station": "San Fernando", "river": "LUJAN", "var_id": 39, "network": "alturas_prefe", "cat_start": "2006-01-01T00:00:00", "cat_end": "2026-08-29T00:00:00", "donor_series_id": "", "donor_station": "", "donor_river": "", "match_type": "", "match_km": "", "river_agrees": "", "combined_years": 20.7, "tier": 1}}, {"type": "Feature", "geometry": {"type": "Point", "coordinates": [-58.507163, -34.457166]}, "properties": {"series_id": 26295, "station_id": 53, "station": "San Isidro", "river": "RIODELAPLATA", "var_id": 39, "network": "alturas_prefe", "cat_start": "2006-01-01T00:00:00", "cat_end": "2026-08-29T00:00:00", "donor_series_id": "", "donor_station": "", "donor_river": "", "match_type": "", "match_km": "", "river_agrees": "", "combined_years": 20.7, "tier": 1}}, {"type": "Feature", "geometry": {"type": "Point", "coordinates": [-57.65, -25.3666666666667]}, "properties": {"series_id": 26297, "station_id": 55, "station": "Puerto Pilcomayo", "river": "PARAGUAY", "var_id": 39, "network": "alturas_prefe", "cat_start": "1970-01-01T00:00:00", "cat_end": "2026-08-29T00:00:00", "donor_series_id": 30067, "donor_station": "Pilcomayo - Puerto Pilcomayo", "donor_river": "Pilcomayo", "match_type": "coords", "match_km": 0.59, "river_agrees": "NO", "combined_years": 56.7, "tier": 1}}, {"type": "Feature", "geometry": {"type": "Point", "coordinates": [-58.1833333333333, -26.1833333333333]}, "properties": {"series_id": 26299, "station_id": 57, "station": "Puerto Formosa", "river": "PARAGUAY", "var_id": 39, "network": "alturas_prefe", "cat_start": "2006-01-01T00:00:00", "cat_end": "2026-08-29T00:00:00", "donor_series_id": "", "donor_station": "", "donor_river": "", "match_type": "", "match_km": "", "river_agrees": "", "combined_years": 20.7, "tier": 1}}, {"type": "Feature", "geometry": {"type": "Point", "coordinates": [-58.1833333333333, -26.1833333333333]}, "properties": {"series_id": 26654, "station_id": 57, "station": "Puerto Formosa", "river": "PARAGUAY", "var_id": 40, "network": "alturas_prefe", "cat_start": "2006-01-01T00:00:00", "cat_end": "2026-08-29T00:00:00", "donor_series_id": "", "donor_station": "", "donor_river": "", "match_type": "", "match_km": "", "river_agrees": "", "combined_years": 20.7, "tier": 1}}, {"type": "Feature", "geometry": {"type": "Point", "coordinates": [-58.6166666666667, -27.3166666666667]}, "properties": {"series_id": 26301, "station_id": 59, "station": "Isla del Cerrito", "river": "PARAGUAY", "var_id": 39, "network": "alturas_prefe", "cat_start": "2006-06-11T00:00:00", "cat_end": "2026-08-29T00:00:00", "donor_series_id": "", "donor_station": "", "donor_river": "", "match_type": "", "match_km": "", "river_agrees": "", "combined_years": 20.2, "tier": 1}}, {"type": "Feature", "geometry": {"type": "Point", "coordinates": [-53.933149, -27.153744]}, "properties": {"series_id": 26302, "station_id": 60, "station": "Pepirí Miní", "river": "URUGUAY", "var_id": 39, "network": "alturas_prefe", "cat_start": "1984-01-03T00:00:00", "cat_end": "2026-08-29T00:00:00", "donor_series_id": 6510, "donor_station": "Uruguay - Pepirí Miní­", "donor_river": "Uruguay", "match_type": "coords", "match_km": 0.03, "river_agrees": "yes", "combined_years": 42.7, "tier": 1}}, {"type": "Feature", "geometry": {"type": "Point", "coordinates": [-54.2, -27.3]}, "properties": {"series_id": 26303, "station_id": 61, "station": "El Soberbio", "river": "URUGUAY", "var_id": 39, "network": "alturas_prefe", "cat_start": "1980-04-25T00:00:00", "cat_end": "2026-08-29T00:00:00", "donor_series_id": 30049, "donor_station": "Uruguay - El Soberbio", "donor_river": "Uruguay", "match_type": "coords", "match_km": 0.65, "river_agrees": "yes", "combined_years": 46.3, "tier": 1}}, {"type": "Feature", "geometry": {"type": "Point", "coordinates": [-54.678494, -27.572]}, "properties": {"series_id": 26305, "station_id": 63, "station": "Alba Posse", "river": "URUGUAY", "var_id": 39, "network": "alturas_prefe", "cat_start": "1971-01-01T00:00:00", "cat_end": "2026-08-29T00:00:00", "donor_series_id": "", "donor_station": "", "donor_river": "", "match_type": "", "match_km": "", "river_agrees": "", "combined_years": 55.7, "tier": 1}}, {"type": "Feature", "geometry": {"type": "Point", "coordinates": [-56.0333333333333, -28.55]}, "properties": {"series_id": 26310, "station_id": 68, "station": "Santo Tomé", "river": "URUGUAY", "var_id": 39, "network": "alturas_prefe", "cat_start": "1970-01-01T00:00:00", "cat_end": "2026-08-29T00:00:00", "donor_series_id": 6628, "donor_station": "Uruguay - Santo Tomé", "donor_river": "Uruguay", "match_type": "coords", "match_km": 0.65, "river_agrees": "yes", "combined_years": 56.7, "tier": 1}}, {"type": "Feature", "geometry": {"type": "Point", "coordinates": [-56.0333333333333, -28.55]}, "properties": {"series_id": 26665, "station_id": 68, "station": "Santo Tomé", "river": "URUGUAY", "var_id": 40, "network": "alturas_prefe", "cat_start": "1970-01-01T00:00:00", "cat_end": "2026-08-29T00:00:00", "donor_series_id": 6628, "donor_station": "Uruguay - Santo Tomé", "donor_river": "Uruguay", "match_type": "coords", "match_km": 0.65, "river_agrees": "yes", "combined_years": 56.7, "tier": 1}}, {"type": "Feature", "geometry": {"type": "Point", "coordinates": [-56.55, -29.1]}, "properties": {"series_id": 26311, "station_id": 69, "station": "Alvear", "river": "URUGUAY", "var_id": 39, "network": "alturas_prefe", "cat_start": "2006-01-01T00:00:00", "cat_end": "2026-08-29T00:00:00", "donor_series_id": "", "donor_station": "", "donor_river": "", "match_type": "", "match_km": "", "river_agrees": "", "combined_years": 20.7, "tier": 1}}, {"type": "Feature", "geometry": {"type": "Point", "coordinates": [-56.633977, -29.18062]}, "properties": {"series_id": 26312, "station_id": 70, "station": "La Cruz", "river": "URUGUAY", "var_id": 39, "network": "alturas_prefe", "cat_start": "2006-01-01T00:00:00", "cat_end": "2026-08-29T00:00:00", "donor_series_id": "", "donor_station": "", "donor_river": "", "match_type": "", "match_km": "", "river_agrees": "", "combined_years": 20.7, "tier": 1}}, {"type": "Feature", "geometry": {"type": "Point", "coordinates": [-56.810674, -29.470031]}, "properties": {"series_id": 26313, "station_id": 71, "station": "Yapeyú", "river": "URUGUAY", "var_id": 39, "network": "alturas_prefe", "cat_start": "2006-01-01T00:00:00", "cat_end": "2026-08-29T00:00:00", "donor_series_id": "", "donor_station": "", "donor_river": "", "match_type": "", "match_km": "", "river_agrees": "", "combined_years": 20.7, "tier": 1}}, {"type": "Feature", "geometry": {"type": "Point", "coordinates": [-57.0833333333333, -29.7166666666667]}, "properties": {"series_id": 26314, "station_id": 72, "station": "Paso de los Libres", "river": "URUGUAY", "var_id": 39, "network": "alturas_prefe", "cat_start": "1970-01-01T00:00:00", "cat_end": "2026-08-29T00:00:00", "donor_series_id": 6574, "donor_station": "Uruguay - Paso de los Libres", "donor_river": "Uruguay", "match_type": "coords", "match_km": 0.31, "river_agrees": "yes", "combined_years": 56.7, "tier": 1}}, {"type": "Feature", "geometry": {"type": "Point", "coordinates": [-57.0833333333333, -29.7166666666667]}, "properties": {"series_id": 26669, "station_id": 72, "station": "Paso de los Libres", "river": "URUGUAY", "var_id": 40, "network": "alturas_prefe", "cat_start": "1970-01-01T00:00:00", "cat_end": "2026-08-29T00:00:00", "donor_series_id": 6574, "donor_station": "Uruguay - Paso de los Libres", "donor_river": "Uruguay", "match_type": "coords", "match_km": 0.31, "river_agrees": "yes", "combined_years": 56.7, "tier": 1}}, {"type": "Feature", "geometry": {"type": "Point", "coordinates": [-57.332887, -29.872652]}, "properties": {"series_id": 26315, "station_id": 73, "station": "Bompland", "river": "URUGUAY", "var_id": 39, "network": "alturas_prefe", "cat_start": "2006-01-01T00:00:00", "cat_end": "2026-08-29T00:00:00", "donor_series_id": "", "donor_station": "", "donor_river": "", "match_type": "", "match_km": "", "river_agrees": "", "combined_years": 20.7, "tier": 1}}, {"type": "Feature", "geometry": {"type": "Point", "coordinates": [-57.6333333333333, -30.25]}, "properties": {"series_id": 26316, "station_id": 74, "station": "Monte Caseros", "river": "URUGUAY", "var_id": 39, "network": "alturas_prefe", "cat_start": "1970-01-01T00:00:00", "cat_end": "2026-08-29T00:00:00", "donor_series_id": "", "donor_station": "", "donor_river": "", "match_type": "", "match_km": "", "river_agrees": "", "combined_years": 56.7, "tier": 1}}, {"type": "Feature", "geometry": {"type": "Point", "coordinates": [-57.81776, -30.715682]}, "properties": {"series_id": 26317, "station_id": 75, "station": "Mocoretá", "river": "URUGUAY", "var_id": 39, "network": "alturas_prefe", "cat_start": "2006-01-01T00:00:00", "cat_end": "2026-08-29T00:00:00", "donor_series_id": "", "donor_station": "", "donor_river": "", "match_type": "", "match_km": "", "river_agrees": "", "combined_years": 20.7, "tier": 1}}, {"type": "Feature", "geometry": {"type": "Point", "coordinates": [-57.936945, -31.27547]}, "properties": {"series_id": 26319, "station_id": 77, "station": "Salto Grande Arriba", "river": "URUGUAY", "var_id": 39, "network": "alturas_prefe", "cat_start": "1995-05-01T00:00:00", "cat_end": "2026-08-29T00:00:00", "donor_series_id": "", "donor_station": "", "donor_river": "", "match_type": "", "match_km": "", "river_agrees": "", "combined_years": 31.3, "tier": 1}}, {"type": "Feature", "geometry": {"type": "Point", "coordinates": [-57.936945, -31.27547]}, "properties": {"series_id": 26320, "station_id": 78, "station": "Salto Grande Abajo", "river": "URUGUAY", "var_id": 39, "network": "alturas_prefe", "cat_start": "2006-01-01T00:00:00", "cat_end": "2026-08-29T00:00:00", "donor_series_id": "", "donor_station": "", "donor_river": "", "match_type": "", "match_km": "", "river_agrees": "", "combined_years": 20.7, "tier": 1}}, {"type": "Feature", "geometry": {"type": "Point", "coordinates": [-58.1834, -32.70101]}, "properties": {"series_id": 26324, "station_id": 82, "station": "Campichuelo", "river": "URUGUAY", "var_id": 39, "network": "alturas_prefe", "cat_start": "1996-03-06T00:00:00", "cat_end": "2026-08-29T00:00:00", "donor_series_id": "", "donor_station": "", "donor_river": "", "match_type": "", "match_km": "", "river_agrees": "", "combined_years": 30.5, "tier": 1}}, {"type": "Feature", "geometry": {"type": "Point", "coordinates": [-58.4166666666667, -33.0666666666667]}, "properties": {"series_id": 26326, "station_id": 84, "station": "Boca Gualeguaychú", "river": "URUGUAY", "var_id": 39, "network": "alturas_prefe", "cat_start": "1976-01-01T00:00:00", "cat_end": "2026-08-29T00:00:00", "donor_series_id": "", "donor_station": "", "donor_river": "", "match_type": "", "match_km": "", "river_agrees": "", "combined_years": 50.7, "tier": 1}}, {"type": "Feature", "geometry": {"type": "Point", "coordinates": [-54.593363, -25.592701]}, "properties": {"series_id": 26690, "station_id": 93, "station": "Confluencia", "river": "PARANAMED", "var_id": 40, "network": "alturas_prefe", "cat_start": "2006-01-01T00:00:00", "cat_end": "2026-08-29T00:00:00", "donor_series_id": "", "donor_station": "", "donor_river": "", "match_type": "", "match_km": "", "river_agrees": "", "combined_years": 20.7, "tier": 1}}, {"type": "Feature", "geometry": {"type": "Point", "coordinates": [-58.5041666666667, -33.0144444444444]}, "properties": {"series_id": 26341, "station_id": 99, "station": "Gualeguaychú", "river": "URUGUAY", "var_id": 39, "network": "alturas_prefe", "cat_start": "2006-01-01T00:00:00", "cat_end": "2026-08-29T00:00:00", "donor_series_id": "", "donor_station": "", "donor_river": "", "match_type": "", "match_km": "", "river_agrees": "", "combined_years": 20.7, "tier": 1}}, {"type": "Feature", "geometry": {"type": "Point", "coordinates": [-58.633833, -34.356202]}, "properties": {"series_id": 26388, "station_id": 1698, "station": "Arroyo Carapachay", "river": "Arroyo Carapachay", "var_id": 39, "network": "ina_delta", "cat_start": "2018-07-11T00:00:00", "cat_end": "2026-08-29T00:00:00", "donor_series_id": "", "donor_station": "", "donor_river": "", "match_type": "", "match_km": "", "river_agrees": "", "combined_years": 8.1, "tier": 3}}, {"type": "Feature", "geometry": {"type": "Point", "coordinates": [-56.7153015136719, -36.3544006347656]}, "properties": {"series_id": 26391, "station_id": 1703, "station": "San Clemente", "river": "", "var_id": 39, "network": "estaciones_pvnymm", "cat_start": "2012-02-12T00:00:00", "cat_end": "2026-08-29T00:00:00", "donor_series_id": "", "donor_station": "", "donor_river": "", "match_type": "", "match_km": "", "river_agrees": "", "combined_years": 14.5, "tier": 1}}, {"type": "Feature", "geometry": {"type": "Point", "coordinates": [-57.536111, -35.015278]}, "properties": {"series_id": 26426, "station_id": 1739, "station": "Atalaya", "river": "Río de la Plata", "var_id": 39, "network": "estaciones_shn", "cat_start": "2018-05-02T00:00:00", "cat_end": "2026-08-29T00:00:00", "donor_series_id": "", "donor_station": "", "donor_river": "", "match_type": "", "match_km": "", "river_agrees": "", "combined_years": 8.3, "tier": 3}}, {"type": "Feature", "geometry": {"type": "Point", "coordinates": [-58.1619444444444, -26.1830555555556]}, "properties": {"series_id": 6951, "station_id": 2116, "station": "Paraguay - Pto. Formosa", "river": "", "var_id": 2, "network": "sat2", "cat_start": "2019-01-25T17:00:00", "cat_end": "2026-08-30T20:00:00", "donor_series_id": 6512, "donor_station": "Paraguay - Puerto Formosa", "donor_river": "Paraguay", "match_type": "coords", "match_km": 0.02, "river_agrees": "unknown", "combined_years": 17.2, "tier": 2}}, {"type": "Feature", "geometry": {"type": "Point", "coordinates": [-60.9408333333333, -32.3922222222222]}, "properties": {"series_id": 26447, "station_id": 2121, "station": "Aº El Monje - Autopista A01", "river": "", "var_id": 39, "network": "sat2", "cat_start": "2019-05-07T00:00:00", "cat_end": "2026-08-29T00:00:00", "donor_series_id": 29395, "donor_station": "Autopista", "donor_river": "ELMONJE", "match_type": "coords", "match_km": 0.09, "river_agrees": "unknown", "combined_years": 7.3, "tier": 3}}, {"type": "Feature", "geometry": {"type": "Point", "coordinates": [-66.9952777777778, -36.8425]}, "properties": {"series_id": 6785, "station_id": 2122, "station": "Atuel - Paso Maroma", "river": "", "var_id": 2, "network": "sat2", "cat_start": "2021-09-01T00:00:00", "cat_end": "2026-08-30T20:00:00", "donor_series_id": "", "donor_station": "", "donor_river": "", "match_type": "", "match_km": "", "river_agrees": "", "combined_years": 5.0, "tier": 3}}, {"type": "Feature", "geometry": {"type": "Point", "coordinates": [-67.1402777777778, -36.3977777777778]}, "properties": {"series_id": 26449, "station_id": 2123, "station": "Atuel - Algarrobo del Águila", "river": "", "var_id": 39, "network": "sat2", "cat_start": "2019-07-24T00:00:00", "cat_end": "2026-08-29T00:00:00", "donor_series_id": "", "donor_station": "", "donor_river": "", "match_type": "", "match_km": "", "river_agrees": "", "combined_years": 7.1, "tier": 3}}, {"type": "Feature", "geometry": {"type": "Point", "coordinates": [-60.0072222222222, -34.0866666666667]}, "properties": {"series_id": 26455, "station_id": 2129, "station": "Arrecifes - Arrecifes", "river": "", "var_id": 39, "network": "sat2", "cat_start": "2019-03-20T00:00:00", "cat_end": "2026-08-29T00:00:00", "donor_series_id": "", "donor_station": "", "donor_river": "", "match_type": "", "match_km": "", "river_agrees": "", "combined_years": 7.4, "tier": 3}}, {"type": "Feature", "geometry": {"type": "Point", "coordinates": [-69.6041666666667, -35.0833333333333]}, "properties": {"series_id": 6908, "station_id": 2130, "station": "Atuel - El Sosneado", "river": "", "var_id": 2, "network": "sat2", "cat_start": "2021-09-08T18:00:00", "cat_end": "2026-08-30T21:00:00", "donor_series_id": "", "donor_station": "", "donor_river": "", "match_type": "", "match_km": "", "river_agrees": "", "combined_years": 5.0, "tier": 3}}, {"type": "Feature", "geometry": {"type": "Point", "coordinates": [-69.6041666666667, -35.0833333333333]}, "properties": {"series_id": 26456, "station_id": 2130, "station": "Atuel - El Sosneado", "river": "", "var_id": 39, "network": "sat2", "cat_start": "2019-11-27T00:00:00", "cat_end": "2026-08-29T00:00:00", "donor_series_id": "", "donor_station": "", "donor_river": "", "match_type": "", "match_km": "", "river_agrees": "", "combined_years": 6.8, "tier": 3}}, {"type": "Feature", "geometry": {"type": "Point", "coordinates": [-58.2444444444444, -27.2663888888889]}, "properties": {"series_id": 26457, "station_id": 2131, "station": "Paraná - Itatí", "river": "", "var_id": 39, "network": "sat2", "cat_start": "2019-03-19T00:00:00", "cat_end": "2026-08-28T00:00:00", "donor_series_id": 29588, "donor_station": "Paraná - Itatí", "donor_river": "Paraná", "match_type": "coords", "match_km": 0.02, "river_agrees": "unknown", "combined_years": 116.2, "tier": 2}}, {"type": "Feature", "geometry": {"type": "Point", "coordinates": [-57.6502777777778, -25.3719444444444]}, "properties": {"series_id": 6950, "station_id": 2133, "station": "Paraguay - Pto. Pilcomayo", "river": "", "var_id": 2, "network": "sat2", "cat_start": "2019-05-26T20:00:00", "cat_end": "2026-08-30T16:00:00", "donor_series_id": 30067, "donor_station": "Pilcomayo - Puerto Pilcomayo", "donor_river": "Pilcomayo", "match_type": "coords", "match_km": 0.01, "river_agrees": "unknown", "combined_years": 7.3, "tier": 3}}, {"type": "Feature", "geometry": {"type": "Point", "coordinates": [-60.9138888888889, -31.9741666666667]}, "properties": {"series_id": 6755, "station_id": 2139, "station": "Coronda - Coronda", "river": "", "var_id": 2, "network": "sat2", "cat_start": "2019-04-10T20:00:00", "cat_end": "2026-08-30T21:00:00", "donor_series_id": "", "donor_station": "", "donor_river": "", "match_type": "", "match_km": "", "river_agrees": "", "combined_years": 7.4, "tier": 3}}, {"type": "Feature", "geometry": {"type": "Point", "coordinates": [-60.9138888888889, -31.9741666666667]}, "properties": {"series_id": 26465, "station_id": 2139, "station": "Coronda - Coronda", "river": "", "var_id": 39, "network": "sat2", "cat_start": "2019-04-10T00:00:00", "cat_end": "2026-08-29T00:00:00", "donor_series_id": "", "donor_station": "", "donor_river": "", "match_type": "", "match_km": "", "river_agrees": "", "combined_years": 7.4, "tier": 3}}, {"type": "Feature", "geometry": {"type": "Point", "coordinates": [-71.5025, -41.8986111111111]}, "properties": {"series_id": 26470, "station_id": 2144, "station": "Quemquemtreu - Escuela", "river": "", "var_id": 39, "network": "sat2", "cat_start": "2019-04-18T00:00:00", "cat_end": "2026-08-29T00:00:00", "donor_series_id": 6197, "donor_station": "QUEMQUEMTREU - ESCUELA Nº 139", "donor_river": "Quemquentreu ", "match_type": "coords", "match_km": 0.05, "river_agrees": "unknown", "combined_years": 25.3, "tier": 2}}, {"type": "Feature", "geometry": {"type": "Point", "coordinates": [-71.5975, -51.8947222222222]}, "properties": {"series_id": 6731, "station_id": 2146, "station": "Gallegos - Pte. Blanco", "river": "", "var_id": 2, "network": "sat2", "cat_start": "2021-09-01T00:00:00", "cat_end": "2026-08-30T16:00:00", "donor_series_id": 6147, "donor_station": "Gallegos - Puente Blanco", "donor_river": "Gallegos", "match_type": "coords", "match_km": 0.01, "river_agrees": "unknown", "combined_years": 7.1, "tier": 3}}, {"type": "Feature", "geometry": {"type": "Point", "coordinates": [-71.5975, -51.8947222222222]}, "properties": {"series_id": 26472, "station_id": 2146, "station": "Gallegos - Pte. Blanco", "river": "", "var_id": 39, "network": "sat2", "cat_start": "2019-04-05T00:00:00", "cat_end": "2026-08-29T00:00:00", "donor_series_id": 6147, "donor_station": "Gallegos - Puente Blanco", "donor_river": "Gallegos", "match_type": "coords", "match_km": 0.01, "river_agrees": "unknown", "combined_years": 7.4, "tier": 3}}, {"type": "Feature", "geometry": {"type": "Point", "coordinates": [-71.4947222222222, -51.9216666666667]}, "properties": {"series_id": 26473, "station_id": 2147, "station": "Penitente - Rincón de los Morr", "river": "", "var_id": 39, "network": "sat2", "cat_start": "2019-05-22T00:00:00", "cat_end": "2026-08-29T00:00:00", "donor_series_id": 6183, "donor_station": "Penitentes - Rincón de los Morros", "donor_river": "Penitentes", "match_type": "coords", "match_km": 0.01, "river_agrees": "unknown", "combined_years": 7.3, "tier": 3}}, {"type": "Feature", "geometry": {"type": "Point", "coordinates": [-54.4213888888889, -25.6766666666667]}, "properties": {"series_id": 6732, "station_id": 2149, "station": "Iguazú - Perfil Tipo", "river": "", "var_id": 2, "network": "sat2", "cat_start": "2019-04-18T20:00:00", "cat_end": "2026-08-30T16:00:00", "donor_series_id": 30060, "donor_station": "Iguazú - Perfil Tipo", "donor_river": "Iguazú", "match_type": "coords", "match_km": 0.01, "river_agrees": "unknown", "combined_years": 7.4, "tier": 3}}, {"type": "Feature", "geometry": {"type": "Point", "coordinates": [-57.675, -29.8458333333333]}, "properties": {"series_id": 6897, "station_id": 2150, "station": "Miriñay - Paso Ledesma", "river": "", "var_id": 2, "network": "sat2", "cat_start": "2019-06-01T00:00:00", "cat_end": "2026-08-30T16:00:00", "donor_series_id": 130, "donor_station": "Paso Ledesma", "donor_river": "MIRIÑAY", "match_type": "coords", "match_km": 0.05, "river_agrees": "unknown", "combined_years": 25.3, "tier": 2}}, {"type": "Feature", "geometry": {"type": "Point", "coordinates": [-58.7588888888889, -38.4625]}, "properties": {"series_id": 26477, "station_id": 2151, "station": "Quequen Grande - Necochea", "river": "", "var_id": 39, "network": "sat2", "cat_start": "2019-04-18T00:00:00", "cat_end": "2026-08-29T00:00:00", "donor_series_id": "", "donor_station": "", "donor_river": "", "match_type": "", "match_km": "", "river_agrees": "", "combined_years": 7.4, "tier": 3}}, {"type": "Feature", "geometry": {"type": "Point", "coordinates": [-57.1869444444444, -28.5380555555556]}, "properties": {"series_id": 6893, "station_id": 2156, "station": "Laguna Iberá - Carlos Pellegri", "river": "", "var_id": 2, "network": "sat2", "cat_start": "2019-06-19T01:00:00", "cat_end": "2026-08-30T16:00:00", "donor_series_id": "", "donor_station": "", "donor_river": "", "match_type": "", "match_km": "", "river_agrees": "", "combined_years": 7.2, "tier": 3}}, {"type": "Feature", "geometry": {"type": "Point", "coordinates": [-57.1869444444444, -28.5380555555556]}, "properties": {"series_id": 26482, "station_id": 2156, "station": "Laguna Iberá - Carlos Pellegri", "river": "", "var_id": 39, "network": "sat2", "cat_start": "2019-06-19T00:00:00", "cat_end": "2026-08-29T00:00:00", "donor_series_id": "", "donor_station": "", "donor_river": "", "match_type": "", "match_km": "", "river_agrees": "", "combined_years": 7.2, "tier": 3}}, {"type": "Feature", "geometry": {"type": "Point", "coordinates": [-59.5511111111111, -30.9236111111111]}, "properties": {"series_id": 6807, "station_id": 2158, "station": "Aº Feliciano - Paso Medina", "river": "", "var_id": 2, "network": "sat2", "cat_start": "2019-05-27T12:00:00", "cat_end": "2026-08-30T16:00:00", "donor_series_id": 29862, "donor_station": "Paso Medina", "donor_river": "FELICIANO", "match_type": "coords", "match_km": 0.01, "river_agrees": "unknown", "combined_years": 25.3, "tier": 2}}, {"type": "Feature", "geometry": {"type": "Point", "coordinates": [-59.5511111111111, -30.9236111111111]}, "properties": {"series_id": 26484, "station_id": 2158, "station": "Aº Feliciano - Paso Medina", "river": "", "var_id": 39, "network": "sat2", "cat_start": "2019-05-27T00:00:00", "cat_end": "2026-08-29T00:00:00", "donor_series_id": 29862, "donor_station": "Paso Medina", "donor_river": "FELICIANO", "match_type": "coords", "match_km": 0.01, "river_agrees": "unknown", "combined_years": 25.3, "tier": 2}}, {"type": "Feature", "geometry": {"type": "Point", "coordinates": [-64.9813888888889, -38.8216666666667]}, "properties": {"series_id": 6874, "station_id": 2160, "station": "Colorado - Pichi Mahuida", "river": "", "var_id": 2, "network": "sat2", "cat_start": "2021-09-01T00:00:00", "cat_end": "2026-08-30T16:00:00", "donor_series_id": "", "donor_station": "", "donor_river": "", "match_type": "", "match_km": "", "river_agrees": "", "combined_years": 5.0, "tier": 3}}, {"type": "Feature", "geometry": {"type": "Point", "coordinates": [-70.2522222222222, -45.6836111111111]}, "properties": {"series_id": 26487, "station_id": 2161, "station": "Mayo - Paso Mayo", "river": "", "var_id": 39, "network": "sat2", "cat_start": "2019-05-16T00:00:00", "cat_end": "2026-08-28T00:00:00", "donor_series_id": 30030, "donor_station": "MAYO - PASO RIO MAYO", "donor_river": "RÃ­o Mayo", "match_type": "coords", "match_km": 0.25, "river_agrees": "unknown", "combined_years": 18.7, "tier": 2}}, {"type": "Feature", "geometry": {"type": "Point", "coordinates": [-72.0641666666667, -49.7972222222222]}, "properties": {"series_id": 26490, "station_id": 2164, "station": "La Leona", "river": "", "var_id": 39, "network": "sat2", "cat_start": "2019-06-10T00:00:00", "cat_end": "2026-08-29T00:00:00", "donor_series_id": 6167, "donor_station": "LA LEONA - LA LEONA", "donor_river": "La Leona", "match_type": "coords", "match_km": 0.01, "river_agrees": "unknown", "combined_years": 25.3, "tier": 2}}, {"type": "Feature", "geometry": {"type": "Point", "coordinates": [-71.9077777777778, -50.2522222222222]}, "properties": {"series_id": 6778, "station_id": 2165, "station": "Charles Fhur", "river": "", "var_id": 2, "network": "sat2", "cat_start": "2021-09-01T00:00:00", "cat_end": "2026-08-30T20:00:00", "donor_series_id": 6131, "donor_station": "Santa Cruz - Charles Fuhr", "donor_river": "Santa Cruz", "match_type": "coords", "match_km": 0.01, "river_agrees": "unknown", "combined_years": 7.1, "tier": 3}}, {"type": "Feature", "geometry": {"type": "Point", "coordinates": [-63.9761111111111, -25.4136111111111]}, "properties": {"series_id": 6865, "station_id": 2175, "station": "Canal Macapillo", "river": "", "var_id": 2, "network": "sat2", "cat_start": "2019-05-31T20:00:00", "cat_end": "2026-08-30T20:00:00", "donor_series_id": 6337, "donor_station": "Canal Macapillo - Macapillo", "donor_river": "Canal Macapillo", "match_type": "coords", "match_km": 0.02, "river_agrees": "unknown", "combined_years": 17.2, "tier": 2}}, {"type": "Feature", "geometry": {"type": "Point", "coordinates": [-53.995, -25.5905555555556]}, "properties": {"series_id": 6794, "station_id": 2178, "station": "Iguazú - Puerto Andresito", "river": "", "var_id": 2, "network": "sat2", "cat_start": "2019-05-24T20:00:00", "cat_end": "2026-08-30T16:00:00", "donor_series_id": 6500, "donor_station": "Iguazú - Puerto Andresito", "donor_river": "Iguazú", "match_type": "coords", "match_km": 0.0, "river_agrees": "unknown", "combined_years": 25.3, "tier": 2}}, {"type": "Feature", "geometry": {"type": "Point", "coordinates": [-71.4016666666667, -43.6716666666667]}, "properties": {"series_id": 26498, "station_id": 2179, "station": "Carrenleufú - Poncho Moro", "river": "", "var_id": 39, "network": "sat2", "cat_start": "2019-05-26T00:00:00", "cat_end": "2026-08-29T00:00:00", "donor_series_id": 170, "donor_station": "Ruta Provincial Nº 044", "donor_river": "Poncho Moro", "match_type": "coords", "match_km": 0.52, "river_agrees": "unknown", "combined_years": 25.3, "tier": 2}}, {"type": "Feature", "geometry": {"type": "Point", "coordinates": [-71.5605555555556, -41.9425]}, "properties": {"series_id": 26502, "station_id": 2184, "station": "Azul - El Azul", "river": "", "var_id": 39, "network": "sat2", "cat_start": "2019-06-11T00:00:00", "cat_end": "2026-08-29T00:00:00", "donor_series_id": "", "donor_station": "", "donor_river": "", "match_type": "", "match_km": "", "river_agrees": "", "combined_years": 7.2, "tier": 3}}, {"type": "Feature", "geometry": {"type": "Point", "coordinates": [-60.1280555555556, -25.6511111111111]}, "properties": {"series_id": 6917, "station_id": 2193, "station": "Bermejo - Puerto Lavalle", "river": "", "var_id": 2, "network": "sat2", "cat_start": "2019-07-15T01:00:00", "cat_end": "2026-08-30T20:00:00", "donor_series_id": "", "donor_station": "", "donor_river": "", "match_type": "", "match_km": "", "river_agrees": "", "combined_years": 7.1, "tier": 3}}, {"type": "Feature", "geometry": {"type": "Point", "coordinates": [-60.1280555555556, -25.6511111111111]}, "properties": {"series_id": 26511, "station_id": 2193, "station": "Bermejo - Puerto Lavalle", "river": "", "var_id": 39, "network": "sat2", "cat_start": "2019-07-15T00:00:00", "cat_end": "2026-08-29T00:00:00", "donor_series_id": "", "donor_station": "", "donor_river": "", "match_type": "", "match_km": "", "river_agrees": "", "combined_years": 7.1, "tier": 3}}, {"type": "Feature", "geometry": {"type": "Point", "coordinates": [-58.6338888888889, -26.6605555555556]}, "properties": {"series_id": 26512, "station_id": 2194, "station": "Bermejo - Puerto Velaz", "river": "", "var_id": 39, "network": "sat2", "cat_start": "2019-07-15T00:00:00", "cat_end": "2026-08-29T00:00:00", "donor_series_id": 30064, "donor_station": "Bermejo - Puerto Velaz", "donor_river": "Bermejo", "match_type": "coords", "match_km": 0.01, "river_agrees": "unknown", "combined_years": 7.1, "tier": 3}}, {"type": "Feature", "geometry": {"type": "Point", "coordinates": [-67.6269444444444, -27.9930555555556]}, "properties": {"series_id": 6718, "station_id": 2196, "station": "Abaucán - Tinogasta", "river": "", "var_id": 2, "network": "sat2", "cat_start": "2019-07-02T14:00:00", "cat_end": "2026-08-30T21:00:00", "donor_series_id": "", "donor_station": "", "donor_river": "", "match_type": "", "match_km": "", "river_agrees": "", "combined_years": 7.2, "tier": 3}}, {"type": "Feature", "geometry": {"type": "Point", "coordinates": [-67.6269444444444, -27.9930555555556]}, "properties": {"series_id": 26514, "station_id": 2196, "station": "Abaucán - Tinogasta", "river": "", "var_id": 39, "network": "sat2", "cat_start": "2019-07-02T00:00:00", "cat_end": "2026-08-29T00:00:00", "donor_series_id": "", "donor_station": "", "donor_river": "", "match_type": "", "match_km": "", "river_agrees": "", "combined_years": 7.2, "tier": 3}}, {"type": "Feature", "geometry": {"type": "Point", "coordinates": [-62.5761111111111, -29.1058333333333]}, "properties": {"series_id": 6800, "station_id": 2197, "station": "Salado - Pinto", "river": "", "var_id": 2, "network": "sat2", "cat_start": "2019-07-03T11:00:00", "cat_end": "2026-08-30T20:00:00", "donor_series_id": "", "donor_station": "", "donor_river": "", "match_type": "", "match_km": "", "river_agrees": "", "combined_years": 7.2, "tier": 3}}, {"type": "Feature", "geometry": {"type": "Point", "coordinates": [-59.2172222222222, -29.7572222222222]}, "properties": {"series_id": 6756, "station_id": 2199, "station": "Corrientes - Los Laureles", "river": "", "var_id": 2, "network": "sat2", "cat_start": "2019-07-02T11:00:00", "cat_end": "2026-08-30T08:00:00", "donor_series_id": 121, "donor_station": "Los Laureles", "donor_river": "CORRIENTE", "match_type": "coords", "match_km": 0.01, "river_agrees": "unknown", "combined_years": 25.3, "tier": 2}}, {"type": "Feature", "geometry": {"type": "Point", "coordinates": [-54.2355555555556, -27.2572222222222]}, "properties": {"series_id": 26519, "station_id": 2201, "station": "A° El Soberbio - Pje La Lechuz", "river": "", "var_id": 39, "network": "sat2", "cat_start": "2019-08-23T00:00:00", "cat_end": "2026-08-29T00:00:00", "donor_series_id": "", "donor_station": "", "donor_river": "", "match_type": "", "match_km": "", "river_agrees": "", "combined_years": 7.0, "tier": 3}}, {"type": "Feature", "geometry": {"type": "Point", "coordinates": [-64.26, -33.1605555555556]}, "properties": {"series_id": 26520, "station_id": 2202, "station": "Cuarto - RN Nº 8", "river": "", "var_id": 39, "network": "sat2", "cat_start": "2019-07-04T00:00:00", "cat_end": "2026-08-29T00:00:00", "donor_series_id": "", "donor_station": "", "donor_river": "", "match_type": "", "match_km": "", "river_agrees": "", "combined_years": 7.2, "tier": 3}}, {"type": "Feature", "geometry": {"type": "Point", "coordinates": [-59.0769444444445, -32.3086111111111]}, "properties": {"series_id": 26521, "station_id": 2203, "station": "Gualeguay - Rosario del Tala", "river": "", "var_id": 39, "network": "sat2", "cat_start": "2019-07-06T00:00:00", "cat_end": "2026-08-29T00:00:00", "donor_series_id": 851, "donor_station": "Rosario del Tala", "donor_river": "GUALEGUAY", "match_type": "coords", "match_km": 0.02, "river_agrees": "unknown", "combined_years": 7.1, "tier": 3}}, {"type": "Feature", "geometry": {"type": "Point", "coordinates": [-59.0769444444445, -32.3086111111111]}, "properties": {"series_id": 18611, "station_id": 2203, "station": "Gualeguay - Rosario del Tala", "river": "", "var_id": 40, "network": "sat2", "cat_start": "2021-11-01T00:00:00", "cat_end": "2026-08-29T00:00:00", "donor_series_id": 851, "donor_station": "Rosario del Tala", "donor_river": "GUALEGUAY", "match_type": "coords", "match_km": 0.02, "river_agrees": "unknown", "combined_years": 4.8, "tier": 3}}, {"type": "Feature", "geometry": {"type": "Point", "coordinates": [-60.8658333333333, -32.6733333333333]}, "properties": {"series_id": 26522, "station_id": 2204, "station": "Carcarañá - Pueblo Andino", "river": "", "var_id": 39, "network": "sat2", "cat_start": "2019-07-05T00:00:00", "cat_end": "2026-08-29T00:00:00", "donor_series_id": 118, "donor_station": "Pueblo Andino", "donor_river": "CARCARAÑA", "match_type": "coords", "match_km": 0.01, "river_agrees": "unknown", "combined_years": 25.3, "tier": 2}}, {"type": "Feature", "geometry": {"type": "Point", "coordinates": [-59.1261111111111, -31.8016666666667]}, "properties": {"series_id": 6833, "station_id": 2205, "station": "Gualeguay - Villaguay", "river": "", "var_id": 2, "network": "sat2", "cat_start": "2019-07-05T12:00:00", "cat_end": "2026-08-30T20:00:00", "donor_series_id": 853, "donor_station": "Villaguay", "donor_river": "GUALEGUAY", "match_type": "coords", "match_km": 0.01, "river_agrees": "unknown", "combined_years": 7.2, "tier": 3}}, {"type": "Feature", "geometry": {"type": "Point", "coordinates": [-72.7477777777778, -50.4261111111111]}, "properties": {"series_id": 6741, "station_id": 2208, "station": "PN - Los Glaciares", "river": "", "var_id": 2, "network": "sat2", "cat_start": "2021-08-31T22:00:00", "cat_end": "2026-08-30T19:00:00", "donor_series_id": 6135, "donor_station": "Lago Rico - Parque Nac. Los Glaciares", "donor_river": "Lago Rico", "match_type": "coords", "match_km": 0.0, "river_agrees": "unknown", "combined_years": 7.1, "tier": 3}}, {"type": "Feature", "geometry": {"type": "Point", "coordinates": [-72.7477777777778, -50.4261111111111]}, "properties": {"series_id": 26526, "station_id": 2208, "station": "PN - Los Glaciares", "river": "", "var_id": 39, "network": "sat2", "cat_start": "2019-07-26T00:00:00", "cat_end": "2026-08-29T00:00:00", "donor_series_id": 6135, "donor_station": "Lago Rico - Parque Nac. Los Glaciares", "donor_river": "Lago Rico", "match_type": "coords", "match_km": 0.0, "river_agrees": "unknown", "combined_years": 7.1, "tier": 3}}, {"type": "Feature", "geometry": {"type": "Point", "coordinates": [-69.4022222222222, -38.5302777777778]}, "properties": {"series_id": 6898, "station_id": 2210, "station": "Neuquen - Paso de Indios", "river": "", "var_id": 2, "network": "sat2", "cat_start": "2021-08-31T22:00:00", "cat_end": "2026-08-30T20:00:00", "donor_series_id": "", "donor_station": "", "donor_river": "", "match_type": "", "match_km": "", "river_agrees": "", "combined_years": 5.0, "tier": 3}}, {"type": "Feature", "geometry": {"type": "Point", "coordinates": [-69.4022222222222, -38.5302777777778]}, "properties": {"series_id": 26527, "station_id": 2210, "station": "Neuquen - Paso de Indios", "river": "", "var_id": 39, "network": "sat2", "cat_start": "2019-07-26T00:00:00", "cat_end": "2026-08-29T00:00:00", "donor_series_id": "", "donor_station": "", "donor_river": "", "match_type": "", "match_km": "", "river_agrees": "", "combined_years": 7.1, "tier": 3}}, {"type": "Feature", "geometry": {"type": "Point", "coordinates": [-61.3513888888889, -34.3225]}, "properties": {"series_id": 6852, "station_id": 2211, "station": "Salado - RP Nº50", "river": "", "var_id": 2, "network": "sat2", "cat_start": "2019-07-29T23:00:00", "cat_end": "2026-08-30T21:00:00", "donor_series_id": "", "donor_station": "", "donor_river": "", "match_type": "", "match_km": "", "river_agrees": "", "combined_years": 7.1, "tier": 3}}, {"type": "Feature", "geometry": {"type": "Point", "coordinates": [-61.3513888888889, -34.3225]}, "properties": {"series_id": 26528, "station_id": 2211, "station": "Salado - RP Nº50", "river": "", "var_id": 39, "network": "sat2", "cat_start": "2019-07-29T00:00:00", "cat_end": "2026-08-29T00:00:00", "donor_series_id": "", "donor_station": "", "donor_river": "", "match_type": "", "match_km": "", "river_agrees": "", "combined_years": 7.1, "tier": 3}}, {"type": "Feature", "geometry": {"type": "Point", "coordinates": [-61.6386111111111, -34.2580555555556]}, "properties": {"series_id": 6811, "station_id": 2213, "station": "Canal Regulador N°4 - La Pantanosa", "river": "", "var_id": 2, "network": "sat2", "cat_start": "2019-07-24T09:00:00", "cat_end": "2026-08-30T15:00:00", "donor_series_id": "", "donor_station": "", "donor_river": "", "match_type": "", "match_km": "", "river_agrees": "", "combined_years": 7.1, "tier": 3}}, {"type": "Feature", "geometry": {"type": "Point", "coordinates": [-61.7875, -33.0063888888889]}, "properties": {"series_id": 26535, "station_id": 2218, "station": "Cruz Alta", "river": "", "var_id": 39, "network": "sat2", "cat_start": "2019-07-10T00:00:00", "cat_end": "2026-08-29T00:00:00", "donor_series_id": 6318, "donor_station": "Carcaraña - Cruz Alta", "donor_river": "Carcaraña", "match_type": "coords", "match_km": 0.09, "river_agrees": "unknown", "combined_years": 7.1, "tier": 3}}, {"type": "Feature", "geometry": {"type": "Point", "coordinates": [-67.7269444444444, -35.1844444444444]}, "properties": {"series_id": 6866, "station_id": 2220, "station": "Atuel - Carmensa", "river": "", "var_id": 2, "network": "sat2", "cat_start": "2021-09-01T00:00:00", "cat_end": "2026-08-30T20:00:00", "donor_series_id": "", "donor_station": "", "donor_river": "", "match_type": "", "match_km": "", "river_agrees": "", "combined_years": 5.0, "tier": 3}}, {"type": "Feature", "geometry": {"type": "Point", "coordinates": [-67.7269444444444, -35.1844444444444]}, "properties": {"series_id": 26537, "station_id": 2220, "station": "Atuel - Carmensa", "river": "", "var_id": 39, "network": "sat2", "cat_start": "2019-07-24T00:00:00", "cat_end": "2026-08-29T00:00:00", "donor_series_id": "", "donor_station": "", "donor_river": "", "match_type": "", "match_km": "", "river_agrees": "", "combined_years": 7.1, "tier": 3}}, {"type": "Feature", "geometry": {"type": "Point", "coordinates": [-67.1852777777778, -35.9994444444444]}, "properties": {"series_id": 6744, "station_id": 2221, "station": "Atuel - Puesto Ugalde", "river": "", "var_id": 2, "network": "sat2", "cat_start": "2021-09-01T00:00:00", "cat_end": "2026-08-30T20:00:00", "donor_series_id": "", "donor_station": "", "donor_river": "", "match_type": "", "match_km": "", "river_agrees": "", "combined_years": 5.0, "tier": 3}}, {"type": "Feature", "geometry": {"type": "Point", "coordinates": [-57.8519444444444, -35.9622222222222]}, "properties": {"series_id": 6766, "station_id": 2227, "station": "Salado - RN Nº02", "river": "", "var_id": 2, "network": "sat2", "cat_start": "2019-07-24T04:00:00", "cat_end": "2026-08-30T21:00:00", "donor_series_id": "", "donor_station": "", "donor_river": "", "match_type": "", "match_km": "", "river_agrees": "", "combined_years": 7.1, "tier": 3}}, {"type": "Feature", "geometry": {"type": "Point", "coordinates": [-72.8608333333333, -49.3433333333333]}, "properties": {"series_id": 26544, "station_id": 2228, "station": "De las Vueltas", "river": "", "var_id": 39, "network": "sat2", "cat_start": "2019-08-27T00:00:00", "cat_end": "2026-08-29T00:00:00", "donor_series_id": 29934, "donor_station": "De las Vueltas - Parque Nac. los Glaciares", "donor_river": "De las Vueltas", "match_type": "coords", "match_km": 0.01, "river_agrees": "unknown", "combined_years": 18.7, "tier": 2}}, {"type": "Feature", "geometry": {"type": "Point", "coordinates": [-71.17, -42.0997222222222]}, "properties": {"series_id": 6752, "station_id": 2229, "station": "Chubut - El Maitén", "river": "", "var_id": 2, "network": "sat2", "cat_start": "2021-08-31T22:00:00", "cat_end": "2026-08-30T20:00:00", "donor_series_id": 30003, "donor_station": "CHUBUT - EL MAITÉN", "donor_river": "Chubut", "match_type": "coords", "match_km": 0.0, "river_agrees": "unknown", "combined_years": 18.7, "tier": 2}}, {"type": "Feature", "geometry": {"type": "Point", "coordinates": [-71.17, -42.0997222222222]}, "properties": {"series_id": 26545, "station_id": 2229, "station": "Chubut - El Maitén", "river": "", "var_id": 39, "network": "sat2", "cat_start": "2019-09-01T00:00:00", "cat_end": "2026-08-29T00:00:00", "donor_series_id": 30003, "donor_station": "CHUBUT - EL MAITÉN", "donor_river": "Chubut", "match_type": "coords", "match_km": 0.0, "river_agrees": "unknown", "combined_years": 18.7, "tier": 2}}, {"type": "Feature", "geometry": {"type": "Point", "coordinates": [-71.3419444444444, -44.9583333333333]}, "properties": {"series_id": 7355, "station_id": 2355, "station": "Senguerr - Nacimiento", "river": "", "var_id": 2, "network": "sat2", "cat_start": "2021-08-31T23:00:00", "cat_end": "2026-08-30T16:00:00", "donor_series_id": "", "donor_station": "", "donor_river": "", "match_type": "", "match_km": "", "river_agrees": "", "combined_years": 5.0, "tier": 3}}, {"type": "Feature", "geometry": {"type": "Point", "coordinates": [-65.42, -25.1538888888889]}, "properties": {"series_id": 8141, "station_id": 2593, "station": "Arenales - La Maroma", "river": "", "var_id": 2, "network": "sat2", "cat_start": "2019-10-15T18:00:00", "cat_end": "2026-08-30T20:00:00", "donor_series_id": "", "donor_station": "", "donor_river": "", "match_type": "", "match_km": "", "river_agrees": "", "combined_years": 6.9, "tier": 3}}, {"type": "Feature", "geometry": {"type": "Point", "coordinates": [-70.4355555555556, -42.6513888888889]}, "properties": {"series_id": 26552, "station_id": 2606, "station": "Gualjaina - Gualjaina", "river": "", "var_id": 39, "network": "sat2", "cat_start": "2019-11-04T00:00:00", "cat_end": "2026-08-29T00:00:00", "donor_series_id": 6385, "donor_station": "GUALJAINA - GUALJAINA", "donor_river": "Gualjaina", "match_type": "coords", "match_km": 0.35, "river_agrees": "unknown", "combined_years": 7.1, "tier": 3}}, {"type": "Feature", "geometry": {"type": "Point", "coordinates": [-69.2497222222222, -35.2641666666667]}, "properties": {"series_id": 8230, "station_id": 2607, "station": "Atuel - Loma Negra", "river": "", "var_id": 2, "network": "sat2", "cat_start": "2021-09-01T00:00:00", "cat_end": "2026-08-30T15:00:00", "donor_series_id": "", "donor_station": "", "donor_river": "", "match_type": "", "match_km": "", "river_agrees": "", "combined_years": 5.0, "tier": 3}}, {"type": "Feature", "geometry": {"type": "Point", "coordinates": [-69.2497222222222, -35.2641666666667]}, "properties": {"series_id": 26553, "station_id": 2607, "station": "Atuel - Loma Negra", "river": "", "var_id": 39, "network": "sat2", "cat_start": "2019-11-04T00:00:00", "cat_end": "2026-08-29T00:00:00", "donor_series_id": "", "donor_station": "", "donor_river": "", "match_type": "", "match_km": "", "river_agrees": "", "combined_years": 6.8, "tier": 3}}, {"type": "Feature", "geometry": {"type": "Point", "coordinates": [-69.3163888888889, -34.6686111111111]}, "properties": {"series_id": 26554, "station_id": 2608, "station": "Diamante - La Jaula", "river": "", "var_id": 39, "network": "sat2", "cat_start": "2020-01-09T00:00:00", "cat_end": "2026-08-29T00:00:00", "donor_series_id": "", "donor_station": "", "donor_river": "", "match_type": "", "match_km": "", "river_agrees": "", "combined_years": 6.6, "tier": 3}}, {"type": "Feature", "geometry": {"type": "Point", "coordinates": [-64.1061111111111, -25.1613888888889]}, "properties": {"series_id": 8314, "station_id": 2672, "station": "Juramento - Finca Agropecuari", "river": "", "var_id": 2, "network": "sat2", "cat_start": "2019-11-21T00:00:00", "cat_end": "2026-08-30T20:00:00", "donor_series_id": 6353, "donor_station": "Canal Finca Agropecuaria - Finca Agropecuaria", "donor_river": "Canal Finca Agropecuaria", "match_type": "coords", "match_km": 0.07, "river_agrees": "unknown", "combined_years": 17.2, "tier": 2}}, {"type": "Feature", "geometry": {"type": "Point", "coordinates": [-60.6019444444444, -31.6611111111111]}, "properties": {"series_id": 8313, "station_id": 2673, "station": "Colastiné - RN N° 168", "river": "", "var_id": 2, "network": "sat2", "cat_start": "2019-11-27T14:00:00", "cat_end": "2026-08-30T21:00:00", "donor_series_id": 122, "donor_station": "Ruta Nacional nº 168", "donor_river": "COLASTINE", "match_type": "coords", "match_km": 0.01, "river_agrees": "unknown", "combined_years": 25.3, "tier": 2}}, {"type": "Feature", "geometry": {"type": "Point", "coordinates": [-56.5422222222222, -28.4166666666667]}, "properties": {"series_id": 9018, "station_id": 2731, "station": "Aguapey - La Sirena", "river": "", "var_id": 2, "network": "sat2", "cat_start": "2019-10-16T00:01:00", "cat_end": "2026-08-30T20:00:00", "donor_series_id": 319, "donor_station": "La Sirena", "donor_river": "AGUAPEY", "match_type": "coords", "match_km": 0.01, "river_agrees": "unknown", "combined_years": 25.3, "tier": 2}}, {"type": "Feature", "geometry": {"type": "Point", "coordinates": [-71.7247222222222, -42.1055555555556]}, "properties": {"series_id": 8897, "station_id": 2762, "station": "Puelo - Hito fronterizo", "river": "", "var_id": 2, "network": "sat2", "cat_start": "2021-09-01T12:00:00", "cat_end": "2026-08-25T16:00:00", "donor_series_id": 6426, "donor_station": "PUELO - HITO FRONTERIZO", "donor_river": "Puelo", "match_type": "coords", "match_km": 0.0, "river_agrees": "unknown", "combined_years": 7.0, "tier": 3}}, {"type": "Feature", "geometry": {"type": "Point", "coordinates": [-62.2133333333333, -22.7280555555556]}, "properties": {"series_id": 9198, "station_id": 2826, "station": "Pilcomayo - Puesto Jerez", "river": "", "var_id": 2, "network": "sat2", "cat_start": "2019-10-10T16:00:00", "cat_end": "2026-08-30T20:00:00", "donor_series_id": 6520, "donor_station": "Pilcomayo - Puesto Jerez", "donor_river": "Pilcomayo", "match_type": "coords", "match_km": 0.01, "river_agrees": "unknown", "combined_years": 11.3, "tier": 2}}, {"type": "Feature", "geometry": {"type": "Point", "coordinates": [-60.425, -31.4947222222222]}, "properties": {"series_id": 9199, "station_id": 2833, "station": "Aº Leyes - RP Nº 1", "river": "", "var_id": 2, "network": "sat2", "cat_start": "2019-11-15T18:00:00", "cat_end": "2026-08-30T21:00:00", "donor_series_id": 29956, "donor_station": "LEYES - RUTA PROVINCIAL Nº 001", "donor_river": "Leyes", "match_type": "coords", "match_km": 0.01, "river_agrees": "unknown", "combined_years": 25.3, "tier": 2}}, {"type": "Feature", "geometry": {"type": "Point", "coordinates": [-58.5363888888889, -35.7263888888889]}, "properties": {"series_id": 9552, "station_id": 2855, "station": "Salado - RP Nº 41", "river": "", "var_id": 2, "network": "sat2", "cat_start": "2019-10-01T03:00:00", "cat_end": "2026-08-30T21:00:00", "donor_series_id": 114, "donor_station": "Ruta Provincial nº 41", "donor_river": "SALADOBONAERENSE", "match_type": "coords", "match_km": 0.19, "river_agrees": "unknown", "combined_years": 11.4, "tier": 2}}, {"type": "Feature", "geometry": {"type": "Point", "coordinates": [-59.1783333333333, -34.5894444444444]}, "properties": {"series_id": 34844, "station_id": 2128, "station": "Lujan - Lujan", "river": "", "var_id": 40, "network": "sat2", "cat_start": "2023-06-29T00:00:00", "cat_end": "2026-08-29T00:00:00", "donor_series_id": 29864, "donor_station": "Puente Jáuregui", "donor_river": "LUJAN", "match_type": "coords", "match_km": 0.04, "river_agrees": "unknown", "combined_years": 3.2, "tier": 3}}, {"type": "Feature", "geometry": {"type": "Point", "coordinates": [-71.4947222222222, -51.9216666666667]}, "properties": {"series_id": 6692, "station_id": 2147, "station": "Penitente - Rincón de los Morr", "river": "", "var_id": 2, "network": "sat2", "cat_start": "2021-09-01T00:00:00", "cat_end": "2026-08-30T16:00:00", "donor_series_id": 6183, "donor_station": "Penitentes - Rincón de los Morros", "donor_river": "Penitentes", "match_type": "coords", "match_km": 0.01, "river_agrees": "unknown", "combined_years": 7.1, "tier": 3}}, {"type": "Feature", "geometry": {"type": "Point", "coordinates": [-64.045, -25.3452777777778]}, "properties": {"series_id": 6679, "station_id": 2177, "station": "Canal Liag - Quebrachal", "river": "", "var_id": 2, "network": "sat2", "cat_start": "2019-06-20T21:00:00", "cat_end": "2026-08-30T21:00:00", "donor_series_id": 6368, "donor_station": "JURAMENTO - EL QUEBRACHAL", "donor_river": "Juramento", "match_type": "coords", "match_km": 0.16, "river_agrees": "unknown", "combined_years": 24.9, "tier": 2}}, {"type": "Feature", "geometry": {"type": "Point", "coordinates": [-71.5605555555556, -41.9425]}, "properties": {"series_id": 6695, "station_id": 2184, "station": "Azul - El Azul", "river": "", "var_id": 2, "network": "sat2", "cat_start": "2021-09-01T00:00:00", "cat_end": "2026-08-30T20:00:00", "donor_series_id": "", "donor_station": "", "donor_river": "", "match_type": "", "match_km": "", "river_agrees": "", "combined_years": 5.0, "tier": 3}}, {"type": "Feature", "geometry": {"type": "Point", "coordinates": [-59.2172222222222, -29.7572222222222]}, "properties": {"series_id": 35428, "station_id": 2199, "station": "Corrientes - Los Laureles", "river": "", "var_id": 40, "network": "sat2", "cat_start": "2024-01-16T00:00:00", "cat_end": "2026-08-29T00:00:00", "donor_series_id": 121, "donor_station": "Los Laureles", "donor_river": "CORRIENTE", "match_type": "coords", "match_km": 0.01, "river_agrees": "unknown", "combined_years": 25.3, "tier": 2}}, {"type": "Feature", "geometry": {"type": "Point", "coordinates": [-60.6019444444444, -31.6611111111111]}, "properties": {"series_id": 26558, "station_id": 2673, "station": "Colastiné - RN N° 168", "river": "", "var_id": 39, "network": "sat2", "cat_start": "2019-11-27T00:00:00", "cat_end": "2026-08-29T00:00:00", "donor_series_id": 122, "donor_station": "Ruta Nacional nº 168", "donor_river": "COLASTINE", "match_type": "coords", "match_km": 0.01, "river_agrees": "unknown", "combined_years": 25.3, "tier": 2}}, {"type": "Feature", "geometry": {"type": "Point", "coordinates": [-68.8747222222222, -35.0986111111111]}, "properties": {"series_id": 26562, "station_id": 2732, "station": "Atuel - La Angostura", "river": "", "var_id": 39, "network": "sat2", "cat_start": "2019-10-01T00:00:00", "cat_end": "2026-08-29T00:00:00", "donor_series_id": "", "donor_station": "", "donor_river": "", "match_type": "", "match_km": "", "river_agrees": "", "combined_years": 6.9, "tier": 3}}, {"type": "Feature", "geometry": {"type": "Point", "coordinates": [-63.7244444444444, -26.3741666666667]}, "properties": {"series_id": 26567, "station_id": 2807, "station": "Salado - El Arenal", "river": "", "var_id": 39, "network": "sat2", "cat_start": "2019-10-01T00:00:00", "cat_end": "2026-08-29T00:00:00", "donor_series_id": 6309, "donor_station": "Salado - El Arenal", "donor_river": "Salado", "match_type": "coords", "match_km": 0.01, "river_agrees": "unknown", "combined_years": 16.4, "tier": 2}}, {"type": "Feature", "geometry": {"type": "Point", "coordinates": [-63.645, -34.7627777777778]}, "properties": {"series_id": 26569, "station_id": 2809, "station": "Quinto - RP Nº26", "river": "", "var_id": 39, "network": "sat2", "cat_start": "2019-10-01T00:00:00", "cat_end": "2026-08-29T00:00:00", "donor_series_id": "", "donor_station": "", "donor_river": "", "match_type": "", "match_km": "", "river_agrees": "", "combined_years": 6.9, "tier": 3}}, {"type": "Feature", "geometry": {"type": "Point", "coordinates": [-65.2372222222222, -25.2677777777778]}, "properties": {"series_id": 26577, "station_id": 2823, "station": "Juramento - Cabra Corral", "river": "", "var_id": 39, "network": "sat2", "cat_start": "2019-10-13T00:00:00", "cat_end": "2026-08-29T00:00:00", "donor_series_id": "", "donor_station": "", "donor_river": "", "match_type": "", "match_km": "", "river_agrees": "", "combined_years": 6.9, "tier": 3}}, {"type": "Feature", "geometry": {"type": "Point", "coordinates": [-58.9, -33.8830555555556]}, "properties": {"series_id": 26583, "station_id": 2830, "station": "Paraná Guazú - Brazo Largo", "river": "Paraná Guazú", "var_id": 39, "network": "sat2", "cat_start": "2019-11-07T00:00:00", "cat_end": "2026-08-29T00:00:00", "donor_series_id": "", "donor_station": "", "donor_river": "", "match_type": "", "match_km": "", "river_agrees": "", "combined_years": 6.8, "tier": 3}}, {"type": "Feature", "geometry": {"type": "Point", "coordinates": [-58.5583333333333, -28.995]}, "properties": {"series_id": 35426, "station_id": 2832, "station": "Corriente - Paso Lucero", "river": "", "var_id": 40, "network": "sat2", "cat_start": "2024-01-16T00:00:00", "cat_end": "2026-08-29T00:00:00", "donor_series_id": 29870, "donor_station": "Paso Lucero", "donor_river": "CORRIENTE", "match_type": "coords", "match_km": 0.12, "river_agrees": "unknown", "combined_years": 25.3, "tier": 2}}, {"type": "Feature", "geometry": {"type": "Point", "coordinates": [-60.425, -31.4947222222222]}, "properties": {"series_id": 26586, "station_id": 2833, "station": "Aº Leyes - RP Nº 1", "river": "", "var_id": 39, "network": "sat2", "cat_start": "2019-11-15T00:00:00", "cat_end": "2026-08-29T00:00:00", "donor_series_id": 29956, "donor_station": "LEYES - RUTA PROVINCIAL Nº 001", "donor_river": "Leyes", "match_type": "coords", "match_km": 0.01, "river_agrees": "unknown", "combined_years": 25.3, "tier": 2}}, {"type": "Feature", "geometry": {"type": "Point", "coordinates": [-71.8719444444444, -47.5113888888889]}, "properties": {"series_id": 26594, "station_id": 2842, "station": "Lago Posadas - Posadas", "river": "", "var_id": 39, "network": "sat2", "cat_start": "2019-11-01T00:00:00", "cat_end": "2026-08-29T00:00:00", "donor_series_id": 6163, "donor_station": "LAGO POSADAS - LAGO POSADAS", "donor_river": "Lago Posadas", "match_type": "coords", "match_km": 0.02, "river_agrees": "unknown", "combined_years": 16.5, "tier": 2}}, {"type": "Feature", "geometry": {"type": "Point", "coordinates": [-58.5363888888889, -35.7263888888889]}, "properties": {"series_id": 26600, "station_id": 2855, "station": "Salado - RP Nº 41", "river": "", "var_id": 39, "network": "sat2", "cat_start": "2019-10-01T00:00:00", "cat_end": "2026-08-29T00:00:00", "donor_series_id": 114, "donor_station": "Ruta Provincial nº 41", "donor_river": "SALADOBONAERENSE", "match_type": "coords", "match_km": 0.19, "river_agrees": "unknown", "combined_years": 11.4, "tier": 2}}, {"type": "Feature", "geometry": {"type": "Point", "coordinates": [-60.6255555555556, -32.9513888888889]}, "properties": {"series_id": 29435, "station_id": 5893, "station": "Paraná - Rosario", "river": "Paraná", "var_id": 2, "network": "sat2", "cat_start": "2020-07-10T12:00:00", "cat_end": "2026-08-30T21:00:00", "donor_series_id": "", "donor_station": "", "donor_river": "", "match_type": "", "match_km": "", "river_agrees": "", "combined_years": 6.1, "tier": 3}}, {"type": "Feature", "geometry": {"type": "Point", "coordinates": [-60.645, -32.0577777777778]}, "properties": {"series_id": 29439, "station_id": 5900, "station": "Paraná - Diamante", "river": "Paraná", "var_id": 2, "network": "sat2", "cat_start": "2020-11-25T15:00:00", "cat_end": "2026-08-30T21:00:00", "donor_series_id": "", "donor_station": "", "donor_river": "", "match_type": "", "match_km": "", "river_agrees": "", "combined_years": 5.8, "tier": 3}}, {"type": "Feature", "geometry": {"type": "Point", "coordinates": [-60.5175, -31.72]}, "properties": {"series_id": 29440, "station_id": 5901, "station": "Paraná - Túnel subfluvial", "river": "Paraná", "var_id": 2, "network": "sat2", "cat_start": "2020-10-26T13:00:00", "cat_end": "2026-08-30T21:00:00", "donor_series_id": 6529, "donor_station": "Paraná - Tunel Subfluvial", "donor_river": "Paraná", "match_type": "coords", "match_km": 0.02, "river_agrees": "yes", "combined_years": 25.3, "tier": 2}}, {"type": "Feature", "geometry": {"type": "Point", "coordinates": [-60.5175, -31.72]}, "properties": {"series_id": 30124, "station_id": 5901, "station": "Paraná - Túnel subfluvial", "river": "Paraná", "var_id": 40, "network": "sat2", "cat_start": "2021-11-01T00:00:00", "cat_end": "2026-08-29T00:00:00", "donor_series_id": 6529, "donor_station": "Paraná - Tunel Subfluvial", "donor_river": "Paraná", "match_type": "coords", "match_km": 0.02, "river_agrees": "yes", "combined_years": 25.3, "tier": 2}}, {"type": "Feature", "geometry": {"type": "Point", "coordinates": [-60.32, -33.2272222222222]}, "properties": {"series_id": 29436, "station_id": 5905, "station": "Paraná - Villa Constitución", "river": "Paraná", "var_id": 2, "network": "sat2", "cat_start": "2020-06-03T20:00:00", "cat_end": "2026-08-30T21:00:00", "donor_series_id": "", "donor_station": "", "donor_river": "", "match_type": "", "match_km": "", "river_agrees": "", "combined_years": 6.2, "tier": 3}}, {"type": "Feature", "geometry": {"type": "Point", "coordinates": [-60.32, -33.2272222222222]}, "properties": {"series_id": 29509, "station_id": 5905, "station": "Paraná - Villa Constitución", "river": "Paraná", "var_id": 39, "network": "sat2", "cat_start": "2024-09-13T00:00:00", "cat_end": "2026-08-29T00:00:00", "donor_series_id": "", "donor_station": "", "donor_river": "", "match_type": "", "match_km": "", "river_agrees": "", "combined_years": 2.0, "tier": 3}}, {"type": "Feature", "geometry": {"type": "Point", "coordinates": [-59.0088888888889, -34.1019444444444]}, "properties": {"series_id": 29437, "station_id": 5907, "station": "Paraná Las Palmas - Zárate", "river": "Paraná de las Palmas", "var_id": 2, "network": "sat2", "cat_start": "2020-06-01T14:00:00", "cat_end": "2026-08-30T21:00:00", "donor_series_id": "", "donor_station": "", "donor_river": "", "match_type": "", "match_km": "", "river_agrees": "", "combined_years": 6.2, "tier": 3}}, {"type": "Feature", "geometry": {"type": "Point", "coordinates": [-65.5052777777778, -43.2908333333333]}, "properties": {"series_id": 32798, "station_id": 6301, "station": "Chubut - Valle Inferior", "river": "", "var_id": 2, "network": "sat2", "cat_start": "2023-02-08T01:00:00", "cat_end": "2026-08-30T21:00:00", "donor_series_id": 30044, "donor_station": "Chubut - Valle Inferior", "donor_river": "Chubut", "match_type": "coords", "match_km": 0.6, "river_agrees": "unknown", "combined_years": 18.7, "tier": 2}}, {"type": "Feature", "geometry": {"type": "Point", "coordinates": [-65.0288888888889, -24.7316666666667]}, "properties": {"series_id": 32929, "station_id": 6365, "station": "Mojotoro - Güemes", "river": "", "var_id": 2, "network": "sat2", "cat_start": "2023-02-07T17:00:00", "cat_end": "2026-08-30T21:00:00", "donor_series_id": "", "donor_station": "", "donor_river": "", "match_type": "", "match_km": "", "river_agrees": "", "combined_years": 3.6, "tier": 3}}, {"type": "Feature", "geometry": {"type": "Point", "coordinates": [-59.5894444444444, -34.2797222222222]}, "properties": {"series_id": 32597, "station_id": 6380, "station": "Aº De las Chañaritas", "river": "", "var_id": 2, "network": "sat2", "cat_start": "2023-02-07T20:00:00", "cat_end": "2026-08-30T16:00:00", "donor_series_id": "", "donor_station": "", "donor_river": "", "match_type": "", "match_km": "", "river_agrees": "", "combined_years": 3.6, "tier": 3}}, {"type": "Feature", "geometry": {"type": "Point", "coordinates": [-64.7672222222222, -32.855]}, "properties": {"series_id": 33675, "station_id": 6383, "station": "De Las Cañitas - La Tapa", "river": "", "var_id": 2, "network": "sat2", "cat_start": "2023-02-07T20:00:00", "cat_end": "2026-08-30T20:00:00", "donor_series_id": "", "donor_station": "", "donor_river": "", "match_type": "", "match_km": "", "river_agrees": "", "combined_years": 3.6, "tier": 3}}, {"type": "Feature", "geometry": {"type": "Point", "coordinates": [-69.1605555555556, -43.4244444444444]}, "properties": {"series_id": 33676, "station_id": 6386, "station": "Chubut - Cerro Condor", "river": "", "var_id": 2, "network": "sat2", "cat_start": "2023-02-07T20:00:00", "cat_end": "2026-08-30T16:00:00", "donor_series_id": "", "donor_station": "", "donor_river": "", "match_type": "", "match_km": "", "river_agrees": "", "combined_years": 3.6, "tier": 3}}, {"type": "Feature", "geometry": {"type": "Point", "coordinates": [-64.7763888888889, -32.8036111111111]}, "properties": {"series_id": 33256, "station_id": 6389, "station": "Las Tapias - Las Tapias", "river": "", "var_id": 2, "network": "sat2", "cat_start": "2023-02-07T16:01:00", "cat_end": "2026-08-30T16:00:00", "donor_series_id": "", "donor_station": "", "donor_river": "", "match_type": "", "match_km": "", "river_agrees": "", "combined_years": 3.6, "tier": 3}}, {"type": "Feature", "geometry": {"type": "Point", "coordinates": [-63.7230555555556, -34.6533333333333]}, "properties": {"series_id": 32598, "station_id": 6391, "station": "Laguna La Margarita", "river": "", "var_id": 2, "network": "sat2", "cat_start": "2023-02-07T16:01:00", "cat_end": "2026-08-30T20:00:00", "donor_series_id": "", "donor_station": "", "donor_river": "", "match_type": "", "match_km": "", "river_agrees": "", "combined_years": 3.6, "tier": 3}}, {"type": "Feature", "geometry": {"type": "Point", "coordinates": [-62.6755555555556, -39.5247222222222]}, "properties": {"series_id": 33091, "station_id": 6394, "station": "Colorado - Pedro Luro", "river": "", "var_id": 2, "network": "sat2", "cat_start": "2023-02-07T17:00:00", "cat_end": "2026-08-30T21:00:00", "donor_series_id": "", "donor_station": "", "donor_river": "", "match_type": "", "match_km": "", "river_agrees": "", "combined_years": 3.6, "tier": 3}}, {"type": "Feature", "geometry": {"type": "Point", "coordinates": [-63.2941666666667, -33.4075]}, "properties": {"series_id": 33677, "station_id": 6396, "station": "Cuarto - La Carlota LIM", "river": "", "var_id": 2, "network": "sat2", "cat_start": "2023-02-07T16:01:00", "cat_end": "2026-08-30T21:00:00", "donor_series_id": "", "donor_station": "", "donor_river": "", "match_type": "", "match_km": "", "river_agrees": "", "combined_years": 3.6, "tier": 3}}, {"type": "Feature", "geometry": {"type": "Point", "coordinates": [-59.0497222222222, -28.5052777777778]}, "properties": {"series_id": 31939, "station_id": 6400, "station": "Paraná - Bella Vista", "river": "", "var_id": 2, "network": "sat2", "cat_start": "2023-02-07T17:00:00", "cat_end": "2026-08-30T21:00:00", "donor_series_id": "", "donor_station": "", "donor_river": "", "match_type": "", "match_km": "", "river_agrees": "", "combined_years": 3.6, "tier": 3}}, {"type": "Feature", "geometry": {"type": "Point", "coordinates": [-58.2208333333333, -32.4775]}, "properties": {"series_id": 32926, "station_id": 6405, "station": "Uruguay - Concep. del Uruguay", "river": "", "var_id": 2, "network": "sat2", "cat_start": "2023-02-07T17:00:00", "cat_end": "2026-08-30T21:00:00", "donor_series_id": 6561, "donor_station": "Uruguay  - Concepción", "donor_river": "Uruguay", "match_type": "coords", "match_km": 0.02, "river_agrees": "unknown", "combined_years": 25.3, "tier": 2}}, {"type": "Feature", "geometry": {"type": "Point", "coordinates": [-70.2886111111111, -35.3194444444444]}, "properties": {"series_id": 31940, "station_id": 6406, "station": "Grande - La Estrechura", "river": "", "var_id": 2, "network": "sat2", "cat_start": "2023-02-07T20:00:00", "cat_end": "2026-08-30T16:00:00", "donor_series_id": "", "donor_station": "", "donor_river": "", "match_type": "", "match_km": "", "river_agrees": "", "combined_years": 3.6, "tier": 3}}, {"type": "Feature", "geometry": {"type": "Point", "coordinates": [-64.7161111111111, -32.9033333333333]}, "properties": {"series_id": 32741, "station_id": 6424, "station": "Cuarto - Tincunaco", "river": "", "var_id": 2, "network": "sat2", "cat_start": "2023-02-07T20:00:00", "cat_end": "2026-08-30T12:00:00", "donor_series_id": "", "donor_station": "", "donor_river": "", "match_type": "", "match_km": "", "river_agrees": "", "combined_years": 3.6, "tier": 3}}, {"type": "Feature", "geometry": {"type": "Point", "coordinates": [-59.5388888888889, -37.0811111111111]}, "properties": {"series_id": 32742, "station_id": 6427, "station": "Aº De los Huesos - RN 226", "river": "", "var_id": 2, "network": "sat2", "cat_start": "2023-02-07T20:00:00", "cat_end": "2026-08-30T16:00:00", "donor_series_id": "", "donor_station": "", "donor_river": "", "match_type": "", "match_km": "", "river_agrees": "", "combined_years": 3.6, "tier": 3}}, {"type": "Feature", "geometry": {"type": "Point", "coordinates": [-69.4138888888889, -31.3319444444444]}, "properties": {"series_id": 32645, "station_id": 6429, "station": "Blanco - Calingasta - RP 142", "river": "", "var_id": 2, "network": "sat2", "cat_start": "2023-02-07T20:00:00", "cat_end": "2026-08-30T20:00:00", "donor_series_id": "", "donor_station": "", "donor_river": "", "match_type": "", "match_km": "", "river_agrees": "", "combined_years": 3.6, "tier": 3}}, {"type": "Feature", "geometry": {"type": "Point", "coordinates": [-54.5883333333333, -26.4858333333333]}, "properties": {"series_id": 32261, "station_id": 6435, "station": "Piray Guazú - R. Nac. 12 Vieja", "river": "", "var_id": 2, "network": "sat2", "cat_start": "2023-08-25T16:00:00", "cat_end": "2026-08-30T20:00:00", "donor_series_id": 6497, "donor_station": "Piray Guazú - Puente Viejo- RN 12", "donor_river": "Piray Guazú", "match_type": "coords", "match_km": 0.06, "river_agrees": "unknown", "combined_years": 25.3, "tier": 2}}, {"type": "Feature", "geometry": {"type": "Point", "coordinates": [-54.4983333333333, -26.355]}, "properties": {"series_id": 32868, "station_id": 6439, "station": "Piray Mini - Valle Hermoso", "river": "", "var_id": 2, "network": "sat2", "cat_start": "2023-02-07T20:00:00", "cat_end": "2026-08-30T20:00:00", "donor_series_id": 6481, "donor_station": "Piray Miní - Valle Hermoso", "donor_river": "Piray Miní", "match_type": "coords", "match_km": 0.01, "river_agrees": "unknown", "combined_years": 25.3, "tier": 2}}, {"type": "Feature", "geometry": {"type": "Point", "coordinates": [-68.9269444444444, -49.9986111111111]}, "properties": {"series_id": 32302, "station_id": 6442, "station": "Sta. Cruz-Cmte Piedrabuena MET", "river": "", "var_id": 2, "network": "sat2", "cat_start": "2023-02-07T17:00:00", "cat_end": "2026-08-30T21:00:00", "donor_series_id": "", "donor_station": "", "donor_river": "", "match_type": "", "match_km": "", "river_agrees": "", "combined_years": 3.6, "tier": 3}}, {"type": "Feature", "geometry": {"type": "Point", "coordinates": [-66.0633333333333, -33.1058333333333]}, "properties": {"series_id": 32301, "station_id": 6444, "station": "Trapiche - Hosteria El Trapich", "river": "", "var_id": 2, "network": "sat2", "cat_start": "2023-02-07T17:00:00", "cat_end": "2026-08-30T21:00:00", "donor_series_id": "", "donor_station": "", "donor_river": "", "match_type": "", "match_km": "", "river_agrees": "", "combined_years": 3.6, "tier": 3}}, {"type": "Feature", "geometry": {"type": "Point", "coordinates": [-65.1516666666667, -33.9186111111111]}, "properties": {"series_id": 34185, "station_id": 6445, "station": "Quinto - Justo Daract", "river": "", "var_id": 2, "network": "sat2", "cat_start": "2023-02-07T17:00:00", "cat_end": "2026-08-30T21:00:00", "donor_series_id": "", "donor_station": "", "donor_river": "", "match_type": "", "match_km": "", "river_agrees": "", "combined_years": 3.6, "tier": 3}}, {"type": "Feature", "geometry": {"type": "Point", "coordinates": [-64.7202777777778, -32.6894444444444]}, "properties": {"series_id": 33099, "station_id": 6446, "station": "De Las Barrancas-A.Corral RP23", "river": "", "var_id": 2, "network": "sat2", "cat_start": "2023-02-07T17:00:00", "cat_end": "2026-08-30T21:00:00", "donor_series_id": "", "donor_station": "", "donor_river": "", "match_type": "", "match_km": "", "river_agrees": "", "combined_years": 3.6, "tier": 3}}, {"type": "Feature", "geometry": {"type": "Point", "coordinates": [-64.8558333333333, -27.5033333333333]}, "properties": {"series_id": 32299, "station_id": 6447, "station": "Dulce - La Escuela - Río Hondo", "river": "", "var_id": 2, "network": "sat2", "cat_start": "2023-02-07T17:00:00", "cat_end": "2026-08-30T21:00:00", "donor_series_id": "", "donor_station": "", "donor_river": "", "match_type": "", "match_km": "", "river_agrees": "", "combined_years": 3.6, "tier": 3}}, {"type": "Feature", "geometry": {"type": "Point", "coordinates": [-58.61, -27.2891666666667]}, "properties": {"series_id": 34035, "station_id": 6449, "station": "Paraguay - Isla del Cerrito", "river": "", "var_id": 2, "network": "sat2", "cat_start": "2023-02-07T17:00:00", "cat_end": "2026-08-30T21:00:00", "donor_series_id": 6220, "donor_station": "Paraguay - Isla del Cerrito", "donor_river": "Paraguay", "match_type": "coords", "match_km": 0.04, "river_agrees": "unknown", "combined_years": 10.0, "tier": 2}}, {"type": "Feature", "geometry": {"type": "Point", "coordinates": [-64.0066666666667, -28.3291666666667]}, "properties": {"series_id": 33116, "station_id": 6456, "station": "Dulce - Villa San Martín", "river": "", "var_id": 2, "network": "sat2", "cat_start": "2023-02-07T20:00:00", "cat_end": "2026-08-30T16:00:00", "donor_series_id": "", "donor_station": "", "donor_river": "", "match_type": "", "match_km": "", "river_agrees": "", "combined_years": 3.6, "tier": 3}}, {"type": "Feature", "geometry": {"type": "Point", "coordinates": [-65.2713888888889, -27.4325]}, "properties": {"series_id": 32292, "station_id": 6460, "station": "Gastona - Atahona RN Nº157", "river": "", "var_id": 2, "network": "sat2", "cat_start": "2023-02-08T00:00:00", "cat_end": "2026-08-30T21:00:00", "donor_series_id": "", "donor_station": "", "donor_river": "", "match_type": "", "match_km": "", "river_agrees": "", "combined_years": 3.6, "tier": 3}}, {"type": "Feature", "geometry": {"type": "Point", "coordinates": [-67.0430555555556, -38.4136111111111]}, "properties": {"series_id": 32291, "station_id": 6462, "station": "Colorado - Puesto Hernández", "river": "", "var_id": 2, "network": "sat2", "cat_start": "2023-02-07T20:00:00", "cat_end": "2026-08-30T20:00:00", "donor_series_id": "", "donor_station": "", "donor_river": "", "match_type": "", "match_km": "", "river_agrees": "", "combined_years": 3.6, "tier": 3}}, {"type": "Feature", "geometry": {"type": "Point", "coordinates": [-68.6425, -31.5025]}, "properties": {"series_id": 32300, "station_id": 6465, "station": "San Juan - Dique de la Rosa", "river": "", "var_id": 2, "network": "sat2", "cat_start": "2023-02-07T16:01:00", "cat_end": "2026-08-30T21:00:00", "donor_series_id": "", "donor_station": "", "donor_river": "", "match_type": "", "match_km": "", "river_agrees": "", "combined_years": 3.6, "tier": 3}}, {"type": "Feature", "geometry": {"type": "Point", "coordinates": [-65.3163888888889, -26.4775]}, "properties": {"series_id": 32028, "station_id": 6469, "station": "Vipos - Toma Obras Sanitarias", "river": "", "var_id": 2, "network": "sat2", "cat_start": "2023-02-10T15:01:00", "cat_end": "2026-08-30T21:00:00", "donor_series_id": "", "donor_station": "", "donor_river": "", "match_type": "", "match_km": "", "river_agrees": "", "combined_years": 3.6, "tier": 3}}, {"type": "Feature", "geometry": {"type": "Point", "coordinates": [-72.0783333333333, -51.6808333333333]}, "properties": {"series_id": 32304, "station_id": 6478, "station": "Turbio - Turbio Viejo", "river": "", "var_id": 2, "network": "sat2", "cat_start": "2023-02-07T20:00:00", "cat_end": "2026-08-30T20:00:00", "donor_series_id": "", "donor_station": "", "donor_river": "", "match_type": "", "match_km": "", "river_agrees": "", "combined_years": 3.6, "tier": 3}}, {"type": "Feature", "geometry": {"type": "Point", "coordinates": [-65.3411111111111, -26.0658333333333]}, "properties": {"series_id": 33124, "station_id": 6479, "station": "El Tala - El Brete", "river": "", "var_id": 2, "network": "sat2", "cat_start": "2023-02-07T20:01:00", "cat_end": "2026-08-30T21:00:00", "donor_series_id": "", "donor_station": "", "donor_river": "", "match_type": "", "match_km": "", "river_agrees": "", "combined_years": 3.6, "tier": 3}}, {"type": "Feature", "geometry": {"type": "Point", "coordinates": [-63.9333333333333, -27.6966666666667]}, "properties": {"series_id": 32305, "station_id": 6480, "station": "Canal - Jume Esquina", "river": "", "var_id": 2, "network": "sat2", "cat_start": "2023-02-07T20:00:00", "cat_end": "2026-08-30T20:00:00", "donor_series_id": "", "donor_station": "", "donor_river": "", "match_type": "", "match_km": "", "river_agrees": "", "combined_years": 3.6, "tier": 3}}, {"type": "Feature", "geometry": {"type": "Point", "coordinates": [-66.1055555555556, -32.9019444444444]}, "properties": {"series_id": 33022, "station_id": 6481, "station": "Grande - Ruta Provincia Nº 9", "river": "", "var_id": 2, "network": "sat2", "cat_start": "2023-02-07T20:00:00", "cat_end": "2026-08-30T16:00:00", "donor_series_id": "", "donor_station": "", "donor_river": "", "match_type": "", "match_km": "", "river_agrees": "", "combined_years": 3.6, "tier": 3}}, {"type": "Feature", "geometry": {"type": "Point", "coordinates": [-65.2663888888889, -27.5211111111111]}, "properties": {"series_id": 33882, "station_id": 6505, "station": "Chico - RN Nº157 Monteagudo", "river": "", "var_id": 2, "network": "sat2", "cat_start": "2023-02-07T17:00:00", "cat_end": "2026-08-30T21:00:00", "donor_series_id": "", "donor_station": "", "donor_river": "", "match_type": "", "match_km": "", "river_agrees": "", "combined_years": 3.6, "tier": 3}}, {"type": "Feature", "geometry": {"type": "Point", "coordinates": [-55.025, -26.7916666666667]}, "properties": {"series_id": 32837, "station_id": 6508, "station": "Paraná - Puerto Rico", "river": "", "var_id": 2, "network": "sat2", "cat_start": "2023-02-07T17:00:00", "cat_end": "2026-08-30T21:00:00", "donor_series_id": 6487, "donor_station": "Paraná - Puerto Rico", "donor_river": "Paraná", "match_type": "coords", "match_km": 0.09, "river_agrees": "unknown", "combined_years": 18.3, "tier": 2}}, {"type": "Feature", "geometry": {"type": "Point", "coordinates": [-58.6427777777778, -27.1180555555556]}, "properties": {"series_id": 32998, "station_id": 6511, "station": "Paraguay - Las Palmas", "river": "", "var_id": 2, "network": "sat2", "cat_start": "2023-02-07T17:00:00", "cat_end": "2026-08-30T21:00:00", "donor_series_id": "", "donor_station": "", "donor_river": "", "match_type": "", "match_km": "", "river_agrees": "", "combined_years": 3.6, "tier": 3}}, {"type": "Feature", "geometry": {"type": "Point", "coordinates": [-67.1866666666667, -36.2413888888889]}, "properties": {"series_id": 33968, "station_id": 6518, "station": "Atuel - La Puntilla", "river": "", "var_id": 2, "network": "sat2", "cat_start": "2023-02-07T20:00:00", "cat_end": "2026-08-30T12:00:00", "donor_series_id": "", "donor_station": "", "donor_river": "", "match_type": "", "match_km": "", "river_agrees": "", "combined_years": 3.6, "tier": 3}}, {"type": "Feature", "geometry": {"type": "Point", "coordinates": [-67.1, -36.6852777777778]}, "properties": {"series_id": 32681, "station_id": 6523, "station": "Laguna El Uncal - AM20", "river": "", "var_id": 2, "network": "sat2", "cat_start": "2023-02-07T20:00:00", "cat_end": "2026-08-30T20:00:00", "donor_series_id": "", "donor_station": "", "donor_river": "", "match_type": "", "match_km": "", "river_agrees": "", "combined_years": 3.6, "tier": 3}}, {"type": "Feature", "geometry": {"type": "Point", "coordinates": [-68.6405555555556, -49.7769444444444]}, "properties": {"series_id": 33502, "station_id": 6535, "station": "Chico - Ruta Nac. Nº 3", "river": "", "var_id": 2, "network": "sat2", "cat_start": "2023-02-07T20:00:00", "cat_end": "2026-08-30T16:00:00", "donor_series_id": 6151, "donor_station": "Chico - Ruta Nacional Nº 3", "donor_river": "Chico", "match_type": "coords", "match_km": 0.25, "river_agrees": "unknown", "combined_years": 7.1, "tier": 3}}, {"type": "Feature", "geometry": {"type": "Point", "coordinates": [-71.8333333333333, -41.2016666666667]}, "properties": {"series_id": 32708, "station_id": 6539, "station": "Ventisquero Negro - Lago Manso", "river": "", "var_id": 2, "network": "sat2", "cat_start": "2023-02-07T20:00:00", "cat_end": "2026-08-28T20:00:00", "donor_series_id": "", "donor_station": "", "donor_river": "", "match_type": "", "match_km": "", "river_agrees": "", "combined_years": 3.6, "tier": 3}}, {"type": "Feature", "geometry": {"type": "Point", "coordinates": [-62.7786111111111, -28.6152777777778]}, "properties": {"series_id": 32704, "station_id": 6540, "station": "Salado - Icaño", "river": "", "var_id": 2, "network": "sat2", "cat_start": "2023-02-07T16:01:00", "cat_end": "2026-08-30T16:00:00", "donor_series_id": "", "donor_station": "", "donor_river": "", "match_type": "", "match_km": "", "river_agrees": "", "combined_years": 3.6, "tier": 3}}, {"type": "Feature", "geometry": {"type": "Point", "coordinates": [-59.8169444444444, -34.3519444444444]}, "properties": {"series_id": 34890, "station_id": 6544, "station": "Areco - Carmen de Areco", "river": "", "var_id": 39, "network": "sat2", "cat_start": "2023-12-19T00:00:00", "cat_end": "2026-08-29T00:00:00", "donor_series_id": 43051, "donor_station": "Carmen de Areco", "donor_river": "Areco", "match_type": "coords", "match_km": 0.03, "river_agrees": "unknown", "combined_years": 11.0, "tier": 2}}, {"type": "Feature", "geometry": {"type": "Point", "coordinates": [-59.8169444444444, -34.3519444444444]}, "properties": {"series_id": 34892, "station_id": 6544, "station": "Areco - Carmen de Areco", "river": "", "var_id": 40, "network": "sat2", "cat_start": "2023-12-19T00:00:00", "cat_end": "2026-08-29T00:00:00", "donor_series_id": 43051, "donor_station": "Carmen de Areco", "donor_river": "Areco", "match_type": "coords", "match_km": 0.03, "river_agrees": "unknown", "combined_years": 11.0, "tier": 2}}, {"type": "Feature", "geometry": {"type": "Point", "coordinates": [-64.5922222222222, -25.3933333333333]}, "properties": {"series_id": 33233, "station_id": 6586, "station": "Metán - Desembocadura", "river": "", "var_id": 2, "network": "sat2", "cat_start": "2023-02-07T20:00:00", "cat_end": "2026-08-30T20:00:00", "donor_series_id": "", "donor_station": "", "donor_river": "", "match_type": "", "match_km": "", "river_agrees": "", "combined_years": 3.6, "tier": 3}}, {"type": "Feature", "geometry": {"type": "Point", "coordinates": [-56.0288888888889, -28.545]}, "properties": {"series_id": 33189, "station_id": 6587, "station": "Uruguay - Santo Tomé", "river": "", "var_id": 2, "network": "sat2", "cat_start": "2023-02-07T20:00:00", "cat_end": "2026-08-30T16:00:00", "donor_series_id": 6628, "donor_station": "Uruguay - Santo Tomé", "donor_river": "Uruguay", "match_type": "coords", "match_km": 0.06, "river_agrees": "unknown", "combined_years": 25.3, "tier": 2}}, {"type": "Feature", "geometry": {"type": "Point", "coordinates": [-55.1358333333333, -27.8938888888889]}, "properties": {"series_id": 32860, "station_id": 6588, "station": "Uruguay-S.Javier-P.de la Barca", "river": "", "var_id": 2, "network": "sat2", "cat_start": "2023-02-07T16:01:00", "cat_end": "2026-08-30T21:00:00", "donor_series_id": "", "donor_station": "", "donor_river": "", "match_type": "", "match_km": "", "river_agrees": "", "combined_years": 3.6, "tier": 3}}, {"type": "Feature", "geometry": {"type": "Point", "coordinates": [-59.7027777777778, -34.2880555555556]}, "properties": {"series_id": 32876, "station_id": 6604, "station": "Areco - Puente Quemado", "river": "", "var_id": 2, "network": "sat2", "cat_start": "2023-02-07T20:00:00", "cat_end": "2026-08-30T16:00:00", "donor_series_id": "", "donor_station": "", "donor_river": "", "match_type": "", "match_km": "", "river_agrees": "", "combined_years": 3.6, "tier": 3}}, {"type": "Feature", "geometry": {"type": "Point", "coordinates": [-64.0980555555555, -28.0144444444444]}, "properties": {"series_id": 34087, "station_id": 6651, "station": "Dulce - Tuhama", "river": "", "var_id": 2, "network": "sat2", "cat_start": "2023-02-07T20:00:00", "cat_end": "2026-08-30T20:00:00", "donor_series_id": 6315, "donor_station": "Dulce - Tuhama", "donor_river": "Dulce", "match_type": "coords", "match_km": 0.03, "river_agrees": "unknown", "combined_years": 16.3, "tier": 2}}, {"type": "Feature", "geometry": {"type": "Point", "coordinates": [-64.7372222222222, -22.4311111111111]}, "properties": {"series_id": 33427, "station_id": 6652, "station": "Lipeo - Puente Colgante", "river": "", "var_id": 2, "network": "sat2", "cat_start": "2023-02-07T20:00:00", "cat_end": "2026-08-30T20:00:00", "donor_series_id": "", "donor_station": "", "donor_river": "", "match_type": "", "match_km": "", "river_agrees": "", "combined_years": 3.6, "tier": 3}}, {"type": "Feature", "geometry": {"type": "Point", "coordinates": [-54.4536111111111, -26.5119444444444]}, "properties": {"series_id": 36688, "station_id": 7161, "station": "Piray Guazú - Pinar Ciba", "river": "", "var_id": 2, "network": "sat2", "cat_start": "2024-08-16T00:00:00", "cat_end": "2026-08-30T16:00:00", "donor_series_id": 6484, "donor_station": "Piray Guazú - Pinar Ciba", "donor_river": "Piray Guazú", "match_type": "coords", "match_km": 0.02, "river_agrees": "unknown", "combined_years": 25.3, "tier": 2}}, {"type": "Feature", "geometry": {"type": "Point", "coordinates": [-58.9427777777778, -27.5272222222222]}, "properties": {"series_id": 36691, "station_id": 7164, "station": "Canal Soberanía - Obra Control", "river": "", "var_id": 2, "network": "sat2", "cat_start": "2024-07-01T00:00:00", "cat_end": "2026-08-30T21:00:00", "donor_series_id": "", "donor_station": "", "donor_river": "", "match_type": "", "match_km": "", "river_agrees": "", "combined_years": 2.2, "tier": 3}}, {"type": "Feature", "geometry": {"type": "Point", "coordinates": [-58.8333333333333, -27.4597222222222]}, "properties": {"series_id": 38335, "station_id": 2115, "station": "Paraná - Corrientes", "river": "", "var_id": 101, "network": "sat2", "cat_start": "2024-09-17T12:00:00", "cat_end": "2026-08-30T16:00:00", "donor_series_id": 6611, "donor_station": "Paraná - Corrientes", "donor_river": "Paraná", "match_type": "coords", "match_km": 0.0, "river_agrees": "unknown", "combined_years": 25.3, "tier": 2}}, {"type": "Feature", "geometry": {"type": "Point", "coordinates": [-58.1619444444444, -26.1830555555556]}, "properties": {"series_id": 38405, "station_id": 2116, "station": "Paraguay - Pto. Formosa", "river": "", "var_id": 101, "network": "sat2", "cat_start": "2024-09-16T20:00:00", "cat_end": "2026-08-30T12:00:00", "donor_series_id": 6512, "donor_station": "Paraguay - Puerto Formosa", "donor_river": "Paraguay", "match_type": "coords", "match_km": 0.02, "river_agrees": "unknown", "combined_years": 17.2, "tier": 2}}, {"type": "Feature", "geometry": {"type": "Point", "coordinates": [-62.7883333333333, -31.0105555555556]}, "properties": {"series_id": 38409, "station_id": 2119, "station": "Segundo (Plujunta) - RP Nº 17", "river": "", "var_id": 101, "network": "sat2", "cat_start": "2024-09-16T20:00:00", "cat_end": "2026-08-30T16:00:00", "donor_series_id": "", "donor_station": "", "donor_river": "", "match_type": "", "match_km": "", "river_agrees": "", "combined_years": 2.0, "tier": 3}}, {"type": "Feature", "geometry": {"type": "Point", "coordinates": [-66.9952777777778, -36.8425]}, "properties": {"series_id": 38342, "station_id": 2122, "station": "Atuel - Paso Maroma", "river": "", "var_id": 101, "network": "sat2", "cat_start": "2024-09-16T20:00:00", "cat_end": "2026-08-30T16:00:00", "donor_series_id": "", "donor_station": "", "donor_river": "", "match_type": "", "match_km": "", "river_agrees": "", "combined_years": 2.0, "tier": 3}}, {"type": "Feature", "geometry": {"type": "Point", "coordinates": [-67.1402777777778, -36.3977777777778]}, "properties": {"series_id": 38329, "station_id": 2123, "station": "Atuel - Algarrobo del Águila", "river": "", "var_id": 101, "network": "sat2", "cat_start": "2024-09-17T00:00:00", "cat_end": "2026-08-30T16:00:00", "donor_series_id": "", "donor_station": "", "donor_river": "", "match_type": "", "match_km": "", "river_agrees": "", "combined_years": 1.9, "tier": 3}}, {"type": "Feature", "geometry": {"type": "Point", "coordinates": [-59.1783333333333, -34.5894444444444]}, "properties": {"series_id": 38401, "station_id": 2128, "station": "Lujan - Lujan", "river": "", "var_id": 101, "network": "sat2", "cat_start": "2024-09-17T00:00:00", "cat_end": "2026-08-30T16:00:00", "donor_series_id": 29864, "donor_station": "Puente Jáuregui", "donor_river": "LUJAN", "match_type": "coords", "match_km": 0.04, "river_agrees": "unknown", "combined_years": 1.9, "tier": 3}}, {"type": "Feature", "geometry": {"type": "Point", "coordinates": [-58.2444444444444, -27.2663888888889]}, "properties": {"series_id": 38315, "station_id": 2131, "station": "Paraná - Itatí", "river": "", "var_id": 101, "network": "sat2", "cat_start": "2024-09-18T20:00:00", "cat_end": "2026-08-30T16:00:00", "donor_series_id": 29588, "donor_station": "Paraná - Itatí", "donor_river": "Paraná", "match_type": "coords", "match_km": 0.02, "river_agrees": "unknown", "combined_years": 116.2, "tier": 2}}, {"type": "Feature", "geometry": {"type": "Point", "coordinates": [-69.7672222222222, -35.1975]}, "properties": {"series_id": 38363, "station_id": 2136, "station": "Salado - Cañada Ancha", "river": "", "var_id": 101, "network": "sat2", "cat_start": "2024-09-16T20:00:00", "cat_end": "2026-08-30T16:00:00", "donor_series_id": "", "donor_station": "", "donor_river": "", "match_type": "", "match_km": "", "river_agrees": "", "combined_years": 2.0, "tier": 3}}, {"type": "Feature", "geometry": {"type": "Point", "coordinates": [-69.9502777777778, -35.8711111111111]}, "properties": {"series_id": 38406, "station_id": 2137, "station": "Poti Malal - Gendarmería", "river": "", "var_id": 101, "network": "sat2", "cat_start": "2024-09-16T20:00:00", "cat_end": "2026-08-30T16:00:00", "donor_series_id": "", "donor_station": "", "donor_river": "", "match_type": "", "match_km": "", "river_agrees": "", "combined_years": 2.0, "tier": 3}}, {"type": "Feature", "geometry": {"type": "Point", "coordinates": [-71.5975, -51.8947222222222]}, "properties": {"series_id": 38322, "station_id": 2146, "station": "Gallegos - Pte. Blanco", "river": "", "var_id": 101, "network": "sat2", "cat_start": "2024-09-16T20:00:00", "cat_end": "2026-08-30T16:00:00", "donor_series_id": 6147, "donor_station": "Gallegos - Puente Blanco", "donor_river": "Gallegos", "match_type": "coords", "match_km": 0.01, "river_agrees": "unknown", "combined_years": 7.1, "tier": 3}}, {"type": "Feature", "geometry": {"type": "Point", "coordinates": [-71.4947222222222, -51.9216666666667]}, "properties": {"series_id": 38307, "station_id": 2147, "station": "Penitente - Rincón de los Morr", "river": "", "var_id": 101, "network": "sat2", "cat_start": "2024-09-16T20:00:00", "cat_end": "2026-08-30T16:00:00", "donor_series_id": 6183, "donor_station": "Penitentes - Rincón de los Morros", "donor_river": "Penitentes", "match_type": "coords", "match_km": 0.01, "river_agrees": "unknown", "combined_years": 7.1, "tier": 3}}, {"type": "Feature", "geometry": {"type": "Point", "coordinates": [-59.5511111111111, -30.9236111111111]}, "properties": {"series_id": 38352, "station_id": 2158, "station": "Aº Feliciano - Paso Medina", "river": "", "var_id": 101, "network": "sat2", "cat_start": "2024-09-16T20:00:00", "cat_end": "2026-08-30T16:00:00", "donor_series_id": 29862, "donor_station": "Paso Medina", "donor_river": "FELICIANO", "match_type": "coords", "match_km": 0.01, "river_agrees": "unknown", "combined_years": 25.3, "tier": 2}}, {"type": "Feature", "geometry": {"type": "Point", "coordinates": [-70.2522222222222, -45.6836111111111]}, "properties": {"series_id": 38403, "station_id": 2161, "station": "Mayo - Paso Mayo", "river": "", "var_id": 101, "network": "sat2", "cat_start": "2024-09-16T20:00:00", "cat_end": "2026-08-28T16:00:00", "donor_series_id": 30030, "donor_station": "MAYO - PASO RIO MAYO", "donor_river": "RÃ­o Mayo", "match_type": "coords", "match_km": 0.25, "river_agrees": "unknown", "combined_years": 18.7, "tier": 2}}, {"type": "Feature", "geometry": {"type": "Point", "coordinates": [-72.0641666666667, -49.7972222222222]}, "properties": {"series_id": 38356, "station_id": 2164, "station": "La Leona", "river": "", "var_id": 101, "network": "sat2", "cat_start": "2024-09-19T16:00:00", "cat_end": "2026-08-30T16:00:00", "donor_series_id": 6167, "donor_station": "LA LEONA - LA LEONA", "donor_river": "La Leona", "match_type": "coords", "match_km": 0.01, "river_agrees": "unknown", "combined_years": 25.3, "tier": 2}}, {"type": "Feature", "geometry": {"type": "Point", "coordinates": [-65.6361111111111, -27.1008333333333]}, "properties": {"series_id": 38382, "station_id": 2166, "station": "Los Sosa - RP30 km19", "river": "", "var_id": 101, "network": "sat2", "cat_start": "2024-09-16T20:00:00", "cat_end": "2026-08-30T12:00:00", "donor_series_id": "", "donor_station": "", "donor_river": "", "match_type": "", "match_km": "", "river_agrees": "", "combined_years": 2.0, "tier": 3}}, {"type": "Feature", "geometry": {"type": "Point", "coordinates": [-53.995, -25.5905555555556]}, "properties": {"series_id": 38346, "station_id": 2178, "station": "Iguazú - Puerto Andresito", "river": "", "var_id": 101, "network": "sat2", "cat_start": "2024-09-16T20:00:00", "cat_end": "2026-08-30T16:00:00", "donor_series_id": 6500, "donor_station": "Iguazú - Puerto Andresito", "donor_river": "Iguazú", "match_type": "coords", "match_km": 0.0, "river_agrees": "unknown", "combined_years": 25.3, "tier": 2}}, {"type": "Feature", "geometry": {"type": "Point", "coordinates": [-66.4963888888889, -35.1686111111111]}, "properties": {"series_id": 38376, "station_id": 2180, "station": "Desaguadero - Canalejas", "river": "", "var_id": 101, "network": "sat2", "cat_start": "2024-09-16T20:00:00", "cat_end": "2026-08-30T16:00:00", "donor_series_id": "", "donor_station": "", "donor_river": "", "match_type": "", "match_km": "", "river_agrees": "", "combined_years": 2.0, "tier": 3}}, {"type": "Feature", "geometry": {"type": "Point", "coordinates": [-71.5605555555556, -41.9425]}, "properties": {"series_id": 38309, "station_id": 2184, "station": "Azul - El Azul", "river": "", "var_id": 101, "network": "sat2", "cat_start": "2024-09-16T20:00:00", "cat_end": "2026-08-30T12:00:00", "donor_series_id": "", "donor_station": "", "donor_river": "", "match_type": "", "match_km": "", "river_agrees": "", "combined_years": 2.0, "tier": 3}}, {"type": "Feature", "geometry": {"type": "Point", "coordinates": [-62.8061111111111, -29.795]}, "properties": {"series_id": 38313, "station_id": 2185, "station": "Dulce - Paso de la Cina", "river": "", "var_id": 101, "network": "sat2", "cat_start": "2024-09-16T20:00:00", "cat_end": "2026-08-30T12:00:00", "donor_series_id": "", "donor_station": "", "donor_river": "", "match_type": "", "match_km": "", "river_agrees": "", "combined_years": 2.0, "tier": 3}}, {"type": "Feature", "geometry": {"type": "Point", "coordinates": [-58.6338888888889, -26.6605555555556]}, "properties": {"series_id": 38392, "station_id": 2194, "station": "Bermejo - Puerto Velaz", "river": "", "var_id": 101, "network": "sat2", "cat_start": "2024-09-16T20:00:00", "cat_end": "2026-08-29T20:00:00", "donor_series_id": 30064, "donor_station": "Bermejo - Puerto Velaz", "donor_river": "Bermejo", "match_type": "coords", "match_km": 0.01, "river_agrees": "unknown", "combined_years": 2.2, "tier": 3}}, {"type": "Feature", "geometry": {"type": "Point", "coordinates": [-62.5761111111111, -29.1058333333333]}, "properties": {"series_id": 38349, "station_id": 2197, "station": "Salado - Pinto", "river": "", "var_id": 101, "network": "sat2", "cat_start": "2024-09-16T20:00:00", "cat_end": "2026-08-30T16:00:00", "donor_series_id": "", "donor_station": "", "donor_river": "", "match_type": "", "match_km": "", "river_agrees": "", "combined_years": 2.0, "tier": 3}}, {"type": "Feature", "geometry": {"type": "Point", "coordinates": [-58.7883333333333, -29.0311111111111]}, "properties": {"series_id": 38351, "station_id": 2198, "station": "Aº Batel - Paso Cerrito", "river": "", "var_id": 101, "network": "sat2", "cat_start": "2024-09-16T20:00:00", "cat_end": "2026-08-30T12:00:00", "donor_series_id": 6577, "donor_station": "Batel - Paso Cerrito", "donor_river": "Batel", "match_type": "coords", "match_km": 0.0, "river_agrees": "unknown", "combined_years": 25.3, "tier": 2}}, {"type": "Feature", "geometry": {"type": "Point", "coordinates": [-59.2172222222222, -29.7572222222222]}, "properties": {"series_id": 38333, "station_id": 2199, "station": "Corrientes - Los Laureles", "river": "", "var_id": 101, "network": "sat2", "cat_start": "2024-09-16T20:00:00", "cat_end": "2026-08-30T04:00:00", "donor_series_id": 121, "donor_station": "Los Laureles", "donor_river": "CORRIENTE", "match_type": "coords", "match_km": 0.01, "river_agrees": "unknown", "combined_years": 25.3, "tier": 2}}, {"type": "Feature", "geometry": {"type": "Point", "coordinates": [-54.2355555555556, -27.2572222222222]}, "properties": {"series_id": 38339, "station_id": 2201, "station": "A° El Soberbio - Pje La Lechuz", "river": "", "var_id": 101, "network": "sat2", "cat_start": "2024-09-17T12:00:00", "cat_end": "2026-08-30T12:00:00", "donor_series_id": "", "donor_station": "", "donor_river": "", "match_type": "", "match_km": "", "river_agrees": "", "combined_years": 1.9, "tier": 3}}, {"type": "Feature", "geometry": {"type": "Point", "coordinates": [-60.8658333333333, -32.6733333333333]}, "properties": {"series_id": 38357, "station_id": 2204, "station": "Carcarañá - Pueblo Andino", "river": "", "var_id": 101, "network": "sat2", "cat_start": "2024-09-16T20:00:00", "cat_end": "2026-08-30T16:00:00", "donor_series_id": 118, "donor_station": "Pueblo Andino", "donor_river": "CARCARAÑA", "match_type": "coords", "match_km": 0.01, "river_agrees": "unknown", "combined_years": 25.3, "tier": 2}}, {"type": "Feature", "geometry": {"type": "Point", "coordinates": [-59.1261111111111, -31.8016666666667]}, "properties": {"series_id": 38360, "station_id": 2205, "station": "Gualeguay - Villaguay", "river": "", "var_id": 101, "network": "sat2", "cat_start": "2024-09-16T20:00:00", "cat_end": "2026-08-30T16:00:00", "donor_series_id": 853, "donor_station": "Villaguay", "donor_river": "GUALEGUAY", "match_type": "coords", "match_km": 0.01, "river_agrees": "unknown", "combined_years": 2.0, "tier": 3}}, {"type": "Feature", "geometry": {"type": "Point", "coordinates": [-61.3513888888889, -34.3225]}, "properties": {"series_id": 38366, "station_id": 2211, "station": "Salado - RP Nº50", "river": "", "var_id": 101, "network": "sat2", "cat_start": "2024-09-16T20:00:00", "cat_end": "2026-08-30T16:00:00", "donor_series_id": "", "donor_station": "", "donor_river": "", "match_type": "", "match_km": "", "river_agrees": "", "combined_years": 2.0, "tier": 3}}, {"type": "Feature", "geometry": {"type": "Point", "coordinates": [-61.6386111111111, -34.2580555555556]}, "properties": {"series_id": 38354, "station_id": 2213, "station": "Canal Regulador N°4 - La Pantanosa", "river": "", "var_id": 101, "network": "sat2", "cat_start": "2024-09-16T20:00:00", "cat_end": "2026-08-30T16:00:00", "donor_series_id": "", "donor_station": "", "donor_river": "", "match_type": "", "match_km": "", "river_agrees": "", "combined_years": 2.0, "tier": 3}}, {"type": "Feature", "geometry": {"type": "Point", "coordinates": [-68.2255555555556, -54.7975]}, "properties": {"series_id": 38306, "station_id": 2216, "station": "Olivia - Olivia", "river": "", "var_id": 101, "network": "sat2", "cat_start": "2025-02-07T16:00:00", "cat_end": "2026-08-30T16:00:00", "donor_series_id": "", "donor_station": "", "donor_river": "", "match_type": "", "match_km": "", "river_agrees": "", "combined_years": 1.6, "tier": 3}}, {"type": "Feature", "geometry": {"type": "Point", "coordinates": [-67.1852777777778, -35.9994444444444]}, "properties": {"series_id": 38327, "station_id": 2221, "station": "Atuel - Puesto Ugalde", "river": "", "var_id": 101, "network": "sat2", "cat_start": "2024-09-16T20:00:00", "cat_end": "2026-08-30T16:00:00", "donor_series_id": "", "donor_station": "", "donor_river": "", "match_type": "", "match_km": "", "river_agrees": "", "combined_years": 2.0, "tier": 3}}, {"type": "Feature", "geometry": {"type": "Point", "coordinates": [-71.17, -42.0997222222222]}, "properties": {"series_id": 38331, "station_id": 2229, "station": "Chubut - El Maitén", "river": "", "var_id": 101, "network": "sat2", "cat_start": "2024-09-16T20:00:00", "cat_end": "2026-08-30T12:00:00", "donor_series_id": 30003, "donor_station": "CHUBUT - EL MAITÉN", "donor_river": "Chubut", "match_type": "coords", "match_km": 0.0, "river_agrees": "unknown", "combined_years": 18.7, "tier": 2}}, {"type": "Feature", "geometry": {"type": "Point", "coordinates": [-64.1058333333333, -25.1608333333333]}, "properties": {"series_id": 38416, "station_id": 2671, "station": "Canal Finca Agropecuaria", "river": "", "var_id": 101, "network": "sat2", "cat_start": "2024-09-16T20:00:00", "cat_end": "2026-08-30T16:00:00", "donor_series_id": 6353, "donor_station": "Canal Finca Agropecuaria - Finca Agropecuaria", "donor_river": "Canal Finca Agropecuaria", "match_type": "coords", "match_km": 0.02, "river_agrees": "unknown", "combined_years": 17.2, "tier": 2}}, {"type": "Feature", "geometry": {"type": "Point", "coordinates": [-56.5422222222222, -28.4166666666667]}, "properties": {"series_id": 38422, "station_id": 2731, "station": "Aguapey - La Sirena", "river": "", "var_id": 101, "network": "sat2", "cat_start": "2025-01-22T00:00:00", "cat_end": "2026-08-30T16:00:00", "donor_series_id": 319, "donor_station": "La Sirena", "donor_river": "AGUAPEY", "match_type": "coords", "match_km": 0.01, "river_agrees": "unknown", "combined_years": 25.3, "tier": 2}}, {"type": "Feature", "geometry": {"type": "Point", "coordinates": [-71.7247222222222, -42.1055555555556]}, "properties": {"series_id": 38420, "station_id": 2762, "station": "Puelo - Hito fronterizo", "river": "", "var_id": 101, "network": "sat2", "cat_start": "2025-02-25T12:00:00", "cat_end": "2026-08-25T16:00:00", "donor_series_id": 6426, "donor_station": "PUELO - HITO FRONTERIZO", "donor_river": "Puelo", "match_type": "coords", "match_km": 0.0, "river_agrees": "unknown", "combined_years": 7.0, "tier": 3}}, {"type": "Feature", "geometry": {"type": "Point", "coordinates": [-65.2372222222222, -25.2677777777778]}, "properties": {"series_id": 38437, "station_id": 2823, "station": "Juramento - Cabra Corral", "river": "", "var_id": 101, "network": "sat2", "cat_start": "2024-09-16T20:00:00", "cat_end": "2026-08-30T12:00:00", "donor_series_id": "", "donor_station": "", "donor_river": "", "match_type": "", "match_km": "", "river_agrees": "", "combined_years": 2.0, "tier": 3}}, {"type": "Feature", "geometry": {"type": "Point", "coordinates": [-70.3111111111111, -35.3241666666667]}, "properties": {"series_id": 38430, "station_id": 2824, "station": "Valenzuela - Valle Noble", "river": "", "var_id": 101, "network": "sat2", "cat_start": "2024-09-16T20:00:00", "cat_end": "2026-08-30T16:00:00", "donor_series_id": "", "donor_station": "", "donor_river": "", "match_type": "", "match_km": "", "river_agrees": "", "combined_years": 2.0, "tier": 3}}, {"type": "Feature", "geometry": {"type": "Point", "coordinates": [-59.0905555555556, -28.9877777777778]}, "properties": {"series_id": 38427, "station_id": 2825, "station": "Santa Lucia - Santa Lucia", "river": "", "var_id": 101, "network": "sat2", "cat_start": "2024-09-16T20:00:00", "cat_end": "2026-08-30T16:00:00", "donor_series_id": 107, "donor_station": "Santa Lucía", "donor_river": "SANTALUCIA", "match_type": "coords", "match_km": 0.83, "river_agrees": "unknown", "combined_years": 25.3, "tier": 2}}, {"type": "Feature", "geometry": {"type": "Point", "coordinates": [-58.5583333333333, -28.995]}, "properties": {"series_id": 38425, "station_id": 2832, "station": "Corriente - Paso Lucero", "river": "", "var_id": 101, "network": "sat2", "cat_start": "2024-09-16T20:00:00", "cat_end": "2026-08-30T16:00:00", "donor_series_id": 29870, "donor_station": "Paso Lucero", "donor_river": "CORRIENTE", "match_type": "coords", "match_km": 0.12, "river_agrees": "unknown", "combined_years": 25.3, "tier": 2}}, {"type": "Feature", "geometry": {"type": "Point", "coordinates": [-60.425, -31.4947222222222]}, "properties": {"series_id": 38432, "station_id": 2833, "station": "Aº Leyes - RP Nº 1", "river": "", "var_id": 101, "network": "sat2", "cat_start": "2024-09-16T20:00:00", "cat_end": "2026-08-30T16:00:00", "donor_series_id": 29956, "donor_station": "LEYES - RUTA PROVINCIAL Nº 001", "donor_river": "Leyes", "match_type": "coords", "match_km": 0.01, "river_agrees": "unknown", "combined_years": 25.3, "tier": 2}}, {"type": "Feature", "geometry": {"type": "Point", "coordinates": [-65.5052777777778, -43.2908333333333]}, "properties": {"series_id": 37904, "station_id": 6301, "station": "Chubut - Valle Inferior", "river": "", "var_id": 39, "network": "sat2", "cat_start": "2024-09-14T00:00:00", "cat_end": "2026-08-29T00:00:00", "donor_series_id": 30044, "donor_station": "Chubut - Valle Inferior", "donor_river": "Chubut", "match_type": "coords", "match_km": 0.6, "river_agrees": "unknown", "combined_years": 18.7, "tier": 2}}, {"type": "Feature", "geometry": {"type": "Point", "coordinates": [-59.7863888888889, -29.2788888888889]}, "properties": {"series_id": 34340, "station_id": 6356, "station": "Aº Malabrigo - RN Nº11", "river": "", "var_id": 2, "network": "sat2", "cat_start": "2023-02-07T20:00:00", "cat_end": "2026-08-30T16:00:00", "donor_series_id": 6661, "donor_station": "Ruta Nacional nº 11", "donor_river": "MALABRIGO", "match_type": "coords", "match_km": 0.07, "river_agrees": "unknown", "combined_years": 3.6, "tier": 3}}, {"type": "Feature", "geometry": {"type": "Point", "coordinates": [-59.7863888888889, -29.2788888888889]}, "properties": {"series_id": 38183, "station_id": 6356, "station": "Aº Malabrigo - RN Nº11", "river": "", "var_id": 39, "network": "sat2", "cat_start": "2024-12-20T00:00:00", "cat_end": "2026-08-29T00:00:00", "donor_series_id": 6661, "donor_station": "Ruta Nacional nº 11", "donor_river": "MALABRIGO", "match_type": "coords", "match_km": 0.07, "river_agrees": "unknown", "combined_years": 1.7, "tier": 3}}, {"type": "Feature", "geometry": {"type": "Point", "coordinates": [-61.7875, -33.0063888888889]}, "properties": {"series_id": 38184, "station_id": 6357, "station": "Carcarañá - Cruz Alta", "river": "", "var_id": 39, "network": "sat2", "cat_start": "2024-09-14T00:00:00", "cat_end": "2026-08-29T00:00:00", "donor_series_id": 6318, "donor_station": "Carcaraña - Cruz Alta", "donor_river": "Carcaraña", "match_type": "coords", "match_km": 0.09, "river_agrees": "unknown", "combined_years": 2.0, "tier": 3}}, {"type": "Feature", "geometry": {"type": "Point", "coordinates": [-60.9572222222222, -34.6113888888889]}, "properties": {"series_id": 38185, "station_id": 6359, "station": "Salado - Puente Carretero", "river": "", "var_id": 39, "network": "sat2", "cat_start": "2024-09-14T00:00:00", "cat_end": "2026-08-29T00:00:00", "donor_series_id": "", "donor_station": "", "donor_river": "", "match_type": "", "match_km": "", "river_agrees": "", "combined_years": 2.0, "tier": 3}}, {"type": "Feature", "geometry": {"type": "Point", "coordinates": [-62.3322222222222, -32.9316666666667]}, "properties": {"series_id": 38186, "station_id": 6360, "station": "Saladillo - Dique Aforador", "river": "", "var_id": 39, "network": "sat2", "cat_start": "2024-09-14T00:00:00", "cat_end": "2026-08-29T00:00:00", "donor_series_id": "", "donor_station": "", "donor_river": "", "match_type": "", "match_km": "", "river_agrees": "", "combined_years": 2.0, "tier": 3}}, {"type": "Feature", "geometry": {"type": "Point", "coordinates": [-64.2327777777778, -32.1694444444444]}, "properties": {"series_id": 34345, "station_id": 6361, "station": "Tercero - Piedras Moras", "river": "", "var_id": 2, "network": "sat2", "cat_start": "2023-02-07T17:00:00", "cat_end": "2026-08-30T21:00:00", "donor_series_id": "", "donor_station": "", "donor_river": "", "match_type": "", "match_km": "", "river_agrees": "", "combined_years": 3.6, "tier": 3}}, {"type": "Feature", "geometry": {"type": "Point", "coordinates": [-70.3844444444445, -42.6097222222222]}, "properties": {"series_id": 38192, "station_id": 6376, "station": "Chubut - Gualjaina", "river": "", "var_id": 39, "network": "sat2", "cat_start": "2024-09-14T00:00:00", "cat_end": "2026-08-29T00:00:00", "donor_series_id": 30006, "donor_station": "CHUBUT - GUALJAINA", "donor_river": "Chubut", "match_type": "coords", "match_km": 0.0, "river_agrees": "unknown", "combined_years": 18.7, "tier": 2}}, {"type": "Feature", "geometry": {"type": "Point", "coordinates": [-59.5894444444444, -34.2797222222222]}, "properties": {"series_id": 37869, "station_id": 6380, "station": "Aº De las Chañaritas", "river": "", "var_id": 39, "network": "sat2", "cat_start": "2024-09-14T00:00:00", "cat_end": "2026-08-29T00:00:00", "donor_series_id": "", "donor_station": "", "donor_river": "", "match_type": "", "match_km": "", "river_agrees": "", "combined_years": 2.0, "tier": 3}}, {"type": "Feature", "geometry": {"type": "Point", "coordinates": [-64.7672222222222, -32.855]}, "properties": {"series_id": 38053, "station_id": 6383, "station": "De Las Cañitas - La Tapa", "river": "", "var_id": 39, "network": "sat2", "cat_start": "2024-09-14T00:00:00", "cat_end": "2026-08-29T00:00:00", "donor_series_id": "", "donor_station": "", "donor_river": "", "match_type": "", "match_km": "", "river_agrees": "", "combined_years": 2.0, "tier": 3}}, {"type": "Feature", "geometry": {"type": "Point", "coordinates": [-69.1605555555556, -43.4244444444444]}, "properties": {"series_id": 38054, "station_id": 6386, "station": "Chubut - Cerro Condor", "river": "", "var_id": 39, "network": "sat2", "cat_start": "2024-09-14T00:00:00", "cat_end": "2026-08-29T00:00:00", "donor_series_id": "", "donor_station": "", "donor_river": "", "match_type": "", "match_km": "", "river_agrees": "", "combined_years": 2.0, "tier": 3}}, {"type": "Feature", "geometry": {"type": "Point", "coordinates": [-63.7230555555556, -34.6533333333333]}, "properties": {"series_id": 37870, "station_id": 6391, "station": "Laguna La Margarita", "river": "", "var_id": 39, "network": "sat2", "cat_start": "2024-09-14T00:00:00", "cat_end": "2026-08-29T00:00:00", "donor_series_id": "", "donor_station": "", "donor_river": "", "match_type": "", "match_km": "", "river_agrees": "", "combined_years": 2.0, "tier": 3}}, {"type": "Feature", "geometry": {"type": "Point", "coordinates": [-63.2941666666667, -33.4075]}, "properties": {"series_id": 38055, "station_id": 6396, "station": "Cuarto - La Carlota LIM", "river": "", "var_id": 39, "network": "sat2", "cat_start": "2024-09-14T00:00:00", "cat_end": "2026-08-29T00:00:00", "donor_series_id": "", "donor_station": "", "donor_river": "", "match_type": "", "match_km": "", "river_agrees": "", "combined_years": 2.0, "tier": 3}}, {"type": "Feature", "geometry": {"type": "Point", "coordinates": [-60.5702777777778, -33.9041666666667]}, "properties": {"series_id": 37842, "station_id": 6397, "station": "Aº Pergamino - Pergamino", "river": "", "var_id": 39, "network": "sat2", "cat_start": "2024-09-14T00:00:00", "cat_end": "2026-08-29T00:00:00", "donor_series_id": "", "donor_station": "", "donor_river": "", "match_type": "", "match_km": "", "river_agrees": "", "combined_years": 2.0, "tier": 3}}, {"type": "Feature", "geometry": {"type": "Point", "coordinates": [-59.0497222222222, -28.5052777777778]}, "properties": {"series_id": 37833, "station_id": 6400, "station": "Paraná - Bella Vista", "river": "", "var_id": 39, "network": "sat2", "cat_start": "2024-09-14T00:00:00", "cat_end": "2026-08-29T00:00:00", "donor_series_id": "", "donor_station": "", "donor_river": "", "match_type": "", "match_km": "", "river_agrees": "", "combined_years": 2.0, "tier": 3}}, {"type": "Feature", "geometry": {"type": "Point", "coordinates": [-70.2886111111111, -35.3194444444444]}, "properties": {"series_id": 37834, "station_id": 6406, "station": "Grande - La Estrechura", "river": "", "var_id": 39, "network": "sat2", "cat_start": "2024-09-14T00:00:00", "cat_end": "2026-08-29T00:00:00", "donor_series_id": "", "donor_station": "", "donor_river": "", "match_type": "", "match_km": "", "river_agrees": "", "combined_years": 2.0, "tier": 3}}, {"type": "Feature", "geometry": {"type": "Point", "coordinates": [-63.8916666666667, -25.7166666666667]}, "properties": {"series_id": 37878, "station_id": 6428, "station": "Salado -A.Ab. Azud Cruz Bajada", "river": "", "var_id": 39, "network": "sat2", "cat_start": "2024-09-14T00:00:00", "cat_end": "2026-08-29T00:00:00", "donor_series_id": "", "donor_station": "", "donor_river": "", "match_type": "", "match_km": "", "river_agrees": "", "combined_years": 2.0, "tier": 3}}, {"type": "Feature", "geometry": {"type": "Point", "coordinates": [-54.4983333333333, -26.355]}, "properties": {"series_id": 37925, "station_id": 6439, "station": "Piray Mini - Valle Hermoso", "river": "", "var_id": 39, "network": "sat2", "cat_start": "2024-09-14T00:00:00", "cat_end": "2026-08-29T00:00:00", "donor_series_id": 6481, "donor_station": "Piray Miní - Valle Hermoso", "donor_river": "Piray Miní", "match_type": "coords", "match_km": 0.01, "river_agrees": "unknown", "combined_years": 25.3, "tier": 2}}, {"type": "Feature", "geometry": {"type": "Point", "coordinates": [-65.5336111111111, -33.6538888888889]}, "properties": {"series_id": 38129, "station_id": 6441, "station": "Quinto - Dique Villa Mercedes", "river": "", "var_id": 39, "network": "sat2", "cat_start": "2024-09-14T00:00:00", "cat_end": "2026-08-29T00:00:00", "donor_series_id": "", "donor_station": "", "donor_river": "", "match_type": "", "match_km": "", "river_agrees": "", "combined_years": 2.0, "tier": 3}}, {"type": "Feature", "geometry": {"type": "Point", "coordinates": [-68.9269444444444, -49.9986111111111]}, "properties": {"series_id": 37865, "station_id": 6442, "station": "Sta. Cruz-Cmte Piedrabuena MET", "river": "", "var_id": 39, "network": "sat2", "cat_start": "2024-09-14T00:00:00", "cat_end": "2026-08-29T00:00:00", "donor_series_id": "", "donor_station": "", "donor_river": "", "match_type": "", "match_km": "", "river_agrees": "", "combined_years": 2.0, "tier": 3}}, {"type": "Feature", "geometry": {"type": "Point", "coordinates": [-64.8558333333333, -27.5033333333333]}, "properties": {"series_id": 37862, "station_id": 6447, "station": "Dulce - La Escuela - Río Hondo", "river": "", "var_id": 39, "network": "sat2", "cat_start": "2024-09-14T00:00:00", "cat_end": "2026-08-29T00:00:00", "donor_series_id": "", "donor_station": "", "donor_river": "", "match_type": "", "match_km": "", "river_agrees": "", "combined_years": 2.0, "tier": 3}}, {"type": "Feature", "geometry": {"type": "Point", "coordinates": [-58.8988888888889, -27.4563888888889]}, "properties": {"series_id": 37875, "station_id": 6454, "station": "Negro-Obra de Ctrl. Agua Abajo", "river": "", "var_id": 39, "network": "sat2", "cat_start": "2024-09-14T00:00:00", "cat_end": "2026-08-29T00:00:00", "donor_series_id": "", "donor_station": "", "donor_river": "", "match_type": "", "match_km": "", "river_agrees": "", "combined_years": 2.0, "tier": 3}}, {"type": "Feature", "geometry": {"type": "Point", "coordinates": [-64.0066666666667, -28.3291666666667]}, "properties": {"series_id": 37967, "station_id": 6456, "station": "Dulce - Villa San Martín", "river": "", "var_id": 39, "network": "sat2", "cat_start": "2024-09-14T00:00:00", "cat_end": "2026-08-29T00:00:00", "donor_series_id": "", "donor_station": "", "donor_river": "", "match_type": "", "match_km": "", "river_agrees": "", "combined_years": 2.0, "tier": 3}}, {"type": "Feature", "geometry": {"type": "Point", "coordinates": [-63.8916666666667, -25.7158333333333]}, "properties": {"series_id": 38030, "station_id": 6457, "station": "Embalse Cruz Bajada", "river": "", "var_id": 39, "network": "sat2", "cat_start": "2024-09-14T00:00:00", "cat_end": "2026-08-29T00:00:00", "donor_series_id": "", "donor_station": "", "donor_river": "", "match_type": "", "match_km": "", "river_agrees": "", "combined_years": 2.0, "tier": 3}}, {"type": "Feature", "geometry": {"type": "Point", "coordinates": [-54.6205555555556, -25.9166666666667]}, "properties": {"series_id": 38060, "station_id": 6458, "station": "Paraná - Puerto Libertad", "river": "", "var_id": 39, "network": "sat2", "cat_start": "2024-09-14T00:00:00", "cat_end": "2026-08-29T00:00:00", "donor_series_id": 6503, "donor_station": "Paraná - Puerto Libertad", "donor_river": "Paraná", "match_type": "coords", "match_km": 0.02, "river_agrees": "unknown", "combined_years": 11.4, "tier": 2}}, {"type": "Feature", "geometry": {"type": "Point", "coordinates": [-59.4738888888889, -28.7766666666667]}, "properties": {"series_id": 37847, "station_id": 6461, "station": "Aº Las Garzas - RN Nº 11", "river": "", "var_id": 39, "network": "sat2", "cat_start": "2024-09-14T00:00:00", "cat_end": "2026-08-29T00:00:00", "donor_series_id": "", "donor_station": "", "donor_river": "", "match_type": "", "match_km": "", "river_agrees": "", "combined_years": 2.0, "tier": 3}}, {"type": "Feature", "geometry": {"type": "Point", "coordinates": [-67.0430555555556, -38.4136111111111]}, "properties": {"series_id": 37860, "station_id": 6462, "station": "Colorado - Puesto Hernández", "river": "", "var_id": 39, "network": "sat2", "cat_start": "2024-09-14T00:00:00", "cat_end": "2026-08-29T00:00:00", "donor_series_id": "", "donor_station": "", "donor_river": "", "match_type": "", "match_km": "", "river_agrees": "", "combined_years": 2.0, "tier": 3}}, {"type": "Feature", "geometry": {"type": "Point", "coordinates": [-64.8080555555556, -23.9094444444444]}, "properties": {"series_id": 37968, "station_id": 6463, "station": "Ledesma -Fraile Pintado-RN 34 ", "river": "", "var_id": 39, "network": "sat2", "cat_start": "2024-09-14T00:00:00", "cat_end": "2026-08-29T00:00:00", "donor_series_id": "", "donor_station": "", "donor_river": "", "match_type": "", "match_km": "", "river_agrees": "", "combined_years": 2.0, "tier": 3}}, {"type": "Feature", "geometry": {"type": "Point", "coordinates": [-64.8986111111111, -24.2644444444444]}, "properties": {"series_id": 37901, "station_id": 6464, "station": "San Pedro - Ledesma - RN 34", "river": "", "var_id": 39, "network": "sat2", "cat_start": "2024-09-14T00:00:00", "cat_end": "2026-08-29T00:00:00", "donor_series_id": "", "donor_station": "", "donor_river": "", "match_type": "", "match_km": "", "river_agrees": "", "combined_years": 2.0, "tier": 3}}, {"type": "Feature", "geometry": {"type": "Point", "coordinates": [-68.6425, -31.5025]}, "properties": {"series_id": 37863, "station_id": 6465, "station": "San Juan - Dique de la Rosa", "river": "", "var_id": 39, "network": "sat2", "cat_start": "2024-09-14T00:00:00", "cat_end": "2026-08-29T00:00:00", "donor_series_id": "", "donor_station": "", "donor_river": "", "match_type": "", "match_km": "", "river_agrees": "", "combined_years": 2.0, "tier": 3}}, {"type": "Feature", "geometry": {"type": "Point", "coordinates": [-65.3769444444444, -33.7391666666667]}, "properties": {"series_id": 37916, "station_id": 6472, "station": "Quinto -Av Circunvalación", "river": "", "var_id": 39, "network": "sat2", "cat_start": "2026-04-02T00:00:00", "cat_end": "2026-08-29T00:00:00", "donor_series_id": "", "donor_station": "", "donor_river": "", "match_type": "", "match_km": "", "river_agrees": "", "combined_years": 0.4, "tier": 3}}, {"type": "Feature", "geometry": {"type": "Point", "coordinates": [-65.3411111111111, -26.0658333333333]}, "properties": {"series_id": 37969, "station_id": 6479, "station": "El Tala - El Brete", "river": "", "var_id": 39, "network": "sat2", "cat_start": "2024-09-14T00:00:00", "cat_end": "2026-08-29T00:00:00", "donor_series_id": "", "donor_station": "", "donor_river": "", "match_type": "", "match_km": "", "river_agrees": "", "combined_years": 2.0, "tier": 3}}, {"type": "Feature", "geometry": {"type": "Point", "coordinates": [-64.5119444444444, -26.2188888888889]}, "properties": {"series_id": 37911, "station_id": 6498, "station": "Urueña -7 de Abril - RN34", "river": "", "var_id": 39, "network": "sat2", "cat_start": "2024-09-14T00:00:00", "cat_end": "2026-08-29T00:00:00", "donor_series_id": "", "donor_station": "", "donor_river": "", "match_type": "", "match_km": "", "river_agrees": "", "combined_years": 2.0, "tier": 3}}, {"type": "Feature", "geometry": {"type": "Point", "coordinates": [-65.3175, -27.3361111111111]}, "properties": {"series_id": 37884, "station_id": 6504, "station": "Seco - RN Nº 157", "river": "", "var_id": 39, "network": "sat2", "cat_start": "2024-09-14T00:00:00", "cat_end": "2026-08-29T00:00:00", "donor_series_id": "", "donor_station": "", "donor_river": "", "match_type": "", "match_km": "", "river_agrees": "", "combined_years": 2.0, "tier": 3}}, {"type": "Feature", "geometry": {"type": "Point", "coordinates": [-65.1619444444444, -26.7191666666667]}, "properties": {"series_id": 38110, "station_id": 6506, "station": "Salí - Alta Gracia", "river": "", "var_id": 39, "network": "sat2", "cat_start": "2024-09-14T00:00:00", "cat_end": "2026-08-29T00:00:00", "donor_series_id": "", "donor_station": "", "donor_river": "", "match_type": "", "match_km": "", "river_agrees": "", "combined_years": 2.0, "tier": 3}}, {"type": "Feature", "geometry": {"type": "Point", "coordinates": [-55.025, -26.7916666666667]}, "properties": {"series_id": 37913, "station_id": 6508, "station": "Paraná - Puerto Rico", "river": "", "var_id": 39, "network": "sat2", "cat_start": "2024-09-14T00:00:00", "cat_end": "2026-08-29T00:00:00", "donor_series_id": 6487, "donor_station": "Paraná - Puerto Rico", "donor_river": "Paraná", "match_type": "coords", "match_km": 0.09, "river_agrees": "unknown", "combined_years": 18.3, "tier": 2}}, {"type": "Feature", "geometry": {"type": "Point", "coordinates": [-71.3347222222222, -40.1530555555556]}, "properties": {"series_id": 38092, "station_id": 6519, "station": "Aº Trabunco -S.M. de Los Andes", "river": "", "var_id": 39, "network": "sat2", "cat_start": "2024-09-14T00:00:00", "cat_end": "2026-08-29T00:00:00", "donor_series_id": "", "donor_station": "", "donor_river": "", "match_type": "", "match_km": "", "river_agrees": "", "combined_years": 2.0, "tier": 3}}, {"type": "Feature", "geometry": {"type": "Point", "coordinates": [-53.7347222222222, -26.6133333333333]}, "properties": {"series_id": 38052, "station_id": 6522, "station": "Pepirí Guazú-Pte.Int.P.Rosales", "river": "", "var_id": 39, "network": "sat2", "cat_start": "2024-09-14T00:00:00", "cat_end": "2026-08-29T00:00:00", "donor_series_id": "", "donor_station": "", "donor_river": "", "match_type": "", "match_km": "", "river_agrees": "", "combined_years": 2.0, "tier": 3}}, {"type": "Feature", "geometry": {"type": "Point", "coordinates": [-69.1775, -31.2522222222222]}, "properties": {"series_id": 37943, "station_id": 6534, "station": "San Juan - Km 101 LIM", "river": "", "var_id": 39, "network": "sat2", "cat_start": "2024-09-14T00:00:00", "cat_end": "2026-08-29T00:00:00", "donor_series_id": "", "donor_station": "", "donor_river": "", "match_type": "", "match_km": "", "river_agrees": "", "combined_years": 2.0, "tier": 3}}, {"type": "Feature", "geometry": {"type": "Point", "coordinates": [-62.7786111111111, -28.6152777777778]}, "properties": {"series_id": 37891, "station_id": 6540, "station": "Salado - Icaño", "river": "", "var_id": 39, "network": "sat2", "cat_start": "2024-09-14T00:00:00", "cat_end": "2026-08-29T00:00:00", "donor_series_id": "", "donor_station": "", "donor_river": "", "match_type": "", "match_km": "", "river_agrees": "", "combined_years": 2.0, "tier": 3}}, {"type": "Feature", "geometry": {"type": "Point", "coordinates": [-57.6216666666667, -30.2516666666667]}, "properties": {"series_id": 37985, "station_id": 6551, "station": "Uruguay - Monte Caseros", "river": "", "var_id": 39, "network": "sat2", "cat_start": "2024-09-26T00:00:00", "cat_end": "2026-08-29T00:00:00", "donor_series_id": "", "donor_station": "", "donor_river": "", "match_type": "", "match_km": "", "river_agrees": "", "combined_years": 1.9, "tier": 3}}, {"type": "Feature", "geometry": {"type": "Point", "coordinates": [-59.3283333333333, -29.165]}, "properties": {"series_id": 32710, "station_id": 6569, "station": "Paraná - Goya", "river": "", "var_id": 2, "network": "sat2", "cat_start": "2025-03-17T00:00:00", "cat_end": "2026-08-30T20:00:00", "donor_series_id": "", "donor_station": "", "donor_river": "", "match_type": "", "match_km": "", "river_agrees": "", "combined_years": 1.5, "tier": 3}}, {"type": "Feature", "geometry": {"type": "Point", "coordinates": [-65.2733333333333, -43.2761111111111]}, "properties": {"series_id": 33505, "station_id": 6570, "station": "Chubut - Trelew", "river": "", "var_id": 2, "network": "sat2", "cat_start": "2024-09-13T16:00:00", "cat_end": "2026-08-30T21:00:00", "donor_series_id": 30005, "donor_station": "CHUBUT - TRELEW", "donor_river": "Chubut", "match_type": "coords", "match_km": 0.01, "river_agrees": "unknown", "combined_years": 2.2, "tier": 3}}, {"type": "Feature", "geometry": {"type": "Point", "coordinates": [-65.5238888888889, -25.5091666666667]}, "properties": {"series_id": 33188, "station_id": 6577, "station": "Las Conchas - Coropampa", "river": "", "var_id": 2, "network": "sat2", "cat_start": "2024-09-13T16:00:00", "cat_end": "2026-08-30T21:00:00", "donor_series_id": "", "donor_station": "", "donor_river": "", "match_type": "", "match_km": "", "river_agrees": "", "combined_years": 2.0, "tier": 3}}, {"type": "Feature", "geometry": {"type": "Point", "coordinates": [-65.5238888888889, -25.5091666666667]}, "properties": {"series_id": 37975, "station_id": 6577, "station": "Las Conchas - Coropampa", "river": "", "var_id": 39, "network": "sat2", "cat_start": "2024-09-14T00:00:00", "cat_end": "2026-08-29T00:00:00", "donor_series_id": "", "donor_station": "", "donor_river": "", "match_type": "", "match_km": "", "river_agrees": "", "combined_years": 2.0, "tier": 3}}, {"type": "Feature", "geometry": {"type": "Point", "coordinates": [-71.6063888888889, -42.0405555555556]}, "properties": {"series_id": 34139, "station_id": 6581, "station": "Azul - Puesto 2", "river": "", "var_id": 2, "network": "sat2", "cat_start": "2024-09-13T16:00:00", "cat_end": "2026-08-30T16:00:00", "donor_series_id": "", "donor_station": "", "donor_river": "", "match_type": "", "match_km": "", "river_agrees": "", "combined_years": 2.0, "tier": 3}}, {"type": "Feature", "geometry": {"type": "Point", "coordinates": [-71.6063888888889, -42.0405555555556]}, "properties": {"series_id": 38155, "station_id": 6581, "station": "Azul - Puesto 2", "river": "", "var_id": 39, "network": "sat2", "cat_start": "2024-09-14T00:00:00", "cat_end": "2026-08-29T00:00:00", "donor_series_id": "", "donor_station": "", "donor_river": "", "match_type": "", "match_km": "", "river_agrees": "", "combined_years": 2.0, "tier": 3}}, {"type": "Feature", "geometry": {"type": "Point", "coordinates": [-64.5922222222222, -25.3933333333333]}, "properties": {"series_id": 37987, "station_id": 6586, "station": "Metán - Desembocadura", "river": "", "var_id": 39, "network": "sat2", "cat_start": "2024-09-14T00:00:00", "cat_end": "2026-08-29T00:00:00", "donor_series_id": "", "donor_station": "", "donor_river": "", "match_type": "", "match_km": "", "river_agrees": "", "combined_years": 2.0, "tier": 3}}, {"type": "Feature", "geometry": {"type": "Point", "coordinates": [-71.4283333333333, -43.9194444444444]}, "properties": {"series_id": 32870, "station_id": 6591, "station": "Lago Vinter - Vinter", "river": "", "var_id": 2, "network": "sat2", "cat_start": "2025-01-22T00:00:00", "cat_end": "2026-08-30T20:00:00", "donor_series_id": 30012, "donor_station": "LAGO VINTER - VINTER", "donor_river": "Lago Vinter", "match_type": "coords", "match_km": 0.01, "river_agrees": "unknown", "combined_years": 18.7, "tier": 2}}, {"type": "Feature", "geometry": {"type": "Point", "coordinates": [-54.5766666666667, -27.4405555555556]}, "properties": {"series_id": 37978, "station_id": 6592, "station": "A° Saltito - El Saltito", "river": "", "var_id": 39, "network": "sat2", "cat_start": "2024-09-14T00:00:00", "cat_end": "2026-08-29T00:00:00", "donor_series_id": "", "donor_station": "", "donor_river": "", "match_type": "", "match_km": "", "river_agrees": "", "combined_years": 2.0, "tier": 3}}, {"type": "Feature", "geometry": {"type": "Point", "coordinates": [-63.7897222222222, -40.4555555555556]}, "properties": {"series_id": 33760, "station_id": 6593, "station": "Negro - Primera Angostura", "river": "", "var_id": 2, "network": "sat2", "cat_start": "2024-09-13T16:00:00", "cat_end": "2026-08-30T20:00:00", "donor_series_id": "", "donor_station": "", "donor_river": "", "match_type": "", "match_km": "", "river_agrees": "", "combined_years": 2.0, "tier": 3}}, {"type": "Feature", "geometry": {"type": "Point", "coordinates": [-62.4133333333333, -34.4494444444444]}, "properties": {"series_id": 38156, "station_id": 6595, "station": "Lag. La Picasa-Inter. Can. A22", "river": "", "var_id": 39, "network": "sat2", "cat_start": "2024-09-14T00:00:00", "cat_end": "2026-08-29T00:00:00", "donor_series_id": "", "donor_station": "", "donor_river": "", "match_type": "", "match_km": "", "river_agrees": "", "combined_years": 2.0, "tier": 3}}, {"type": "Feature", "geometry": {"type": "Point", "coordinates": [-65.5933333333333, -24.8422222222222]}, "properties": {"series_id": 33913, "station_id": 6597, "station": "Arenales - El Encon", "river": "", "var_id": 2, "network": "sat2", "cat_start": "2024-09-13T16:00:00", "cat_end": "2026-08-30T20:00:00", "donor_series_id": 6351, "donor_station": "Arenales - El Encon", "donor_river": "Arenales", "match_type": "coords", "match_km": 0.01, "river_agrees": "unknown", "combined_years": 17.3, "tier": 2}}, {"type": "Feature", "geometry": {"type": "Point", "coordinates": [-65.5933333333333, -24.8422222222222]}, "properties": {"series_id": 38095, "station_id": 6597, "station": "Arenales - El Encon", "river": "", "var_id": 39, "network": "sat2", "cat_start": "2024-09-14T00:00:00", "cat_end": "2026-08-29T00:00:00", "donor_series_id": 6351, "donor_station": "Arenales - El Encon", "donor_river": "Arenales", "match_type": "coords", "match_km": 0.01, "river_agrees": "unknown", "combined_years": 17.3, "tier": 2}}, {"type": "Feature", "geometry": {"type": "Point", "coordinates": [-68.3983333333333, -43.8886111111111]}, "properties": {"series_id": 37957, "station_id": 6608, "station": "Chubut - Los Altares", "river": "", "var_id": 39, "network": "sat2", "cat_start": "2024-09-14T00:00:00", "cat_end": "2026-08-29T00:00:00", "donor_series_id": 6448, "donor_station": "Chubut - Los Altares", "donor_river": "Chubut", "match_type": "coords", "match_km": 0.09, "river_agrees": "unknown", "combined_years": 7.1, "tier": 3}}, {"type": "Feature", "geometry": {"type": "Point", "coordinates": [-71.5652777777778, -41.6797222222222]}, "properties": {"series_id": 33204, "station_id": 6610, "station": "Escondido - El Foyel", "river": "", "var_id": 2, "network": "sat2", "cat_start": "2024-09-13T16:00:00", "cat_end": "2026-08-29T20:00:00", "donor_series_id": 29951, "donor_station": "Escondido - El Foyel", "donor_river": "Escondido", "match_type": "coords", "match_km": 0.01, "river_agrees": "unknown", "combined_years": 2.2, "tier": 3}}, {"type": "Feature", "geometry": {"type": "Point", "coordinates": [-71.5652777777778, -41.6797222222222]}, "properties": {"series_id": 37980, "station_id": 6610, "station": "Escondido - El Foyel", "river": "", "var_id": 39, "network": "sat2", "cat_start": "2024-09-14T00:00:00", "cat_end": "2026-08-29T00:00:00", "donor_series_id": 29951, "donor_station": "Escondido - El Foyel", "donor_river": "Escondido", "match_type": "coords", "match_km": 0.01, "river_agrees": "unknown", "combined_years": 2.2, "tier": 3}}, {"type": "Feature", "geometry": {"type": "Point", "coordinates": [-67.935, -53.6738888888889]}, "properties": {"series_id": 33766, "station_id": 6611, "station": "Chico - Las Violetas", "river": "", "var_id": 2, "network": "sat2", "cat_start": "2025-02-12T16:00:00", "cat_end": "2026-08-30T16:00:00", "donor_series_id": "", "donor_station": "", "donor_river": "", "match_type": "", "match_km": "", "river_agrees": "", "combined_years": 1.5, "tier": 3}}, {"type": "Feature", "geometry": {"type": "Point", "coordinates": [-67.935, -53.6738888888889]}, "properties": {"series_id": 38069, "station_id": 6611, "station": "Chico - Las Violetas", "river": "", "var_id": 39, "network": "sat2", "cat_start": "2025-02-12T00:00:00", "cat_end": "2026-08-29T00:00:00", "donor_series_id": "", "donor_station": "", "donor_river": "", "match_type": "", "match_km": "", "river_agrees": "", "combined_years": 1.5, "tier": 3}}, {"type": "Feature", "geometry": {"type": "Point", "coordinates": [-55.6422222222222, -28.1772222222222]}, "properties": {"series_id": 37986, "station_id": 6615, "station": "Uruguay - Garruchos", "river": "", "var_id": 39, "network": "sat2", "cat_start": "2024-09-14T00:00:00", "cat_end": "2026-08-29T00:00:00", "donor_series_id": 30077, "donor_station": "Uruguay - Garruchos", "donor_river": "Uruguay", "match_type": "coords", "match_km": 0.22, "river_agrees": "unknown", "combined_years": 2.2, "tier": 3}}, {"type": "Feature", "geometry": {"type": "Point", "coordinates": [-55.335, -27.4011111111111]}, "properties": {"series_id": 34080, "station_id": 6618, "station": "Yabebiry - Colonia Martires", "river": "", "var_id": 2, "network": "sat2", "cat_start": "2025-01-15T16:00:00", "cat_end": "2026-08-30T20:00:00", "donor_series_id": 30051, "donor_station": "Yabebiry - Colonia Mártires", "donor_river": "Yabebiry", "match_type": "coords", "match_km": 0.01, "river_agrees": "unknown", "combined_years": 25.3, "tier": 2}}, {"type": "Feature", "geometry": {"type": "Point", "coordinates": [-55.335, -27.4011111111111]}, "properties": {"series_id": 38137, "station_id": 6618, "station": "Yabebiry - Colonia Martires", "river": "", "var_id": 39, "network": "sat2", "cat_start": "2025-01-15T00:00:00", "cat_end": "2026-08-29T00:00:00", "donor_series_id": 30051, "donor_station": "Yabebiry - Colonia Mártires", "donor_river": "Yabebiry", "match_type": "coords", "match_km": 0.01, "river_agrees": "unknown", "combined_years": 25.3, "tier": 2}}, {"type": "Feature", "geometry": {"type": "Point", "coordinates": [-57.0830555555556, -29.7219444444444]}, "properties": {"series_id": 38116, "station_id": 6621, "station": "Uruguay - Paso de los Libres", "river": "", "var_id": 39, "network": "sat2", "cat_start": "2024-11-01T00:00:00", "cat_end": "2026-08-29T00:00:00", "donor_series_id": 6574, "donor_station": "Uruguay - Paso de los Libres", "donor_river": "Uruguay", "match_type": "coords", "match_km": 0.3, "river_agrees": "unknown", "combined_years": 25.3, "tier": 2}}, {"type": "Feature", "geometry": {"type": "Point", "coordinates": [-64.3861111111111, -34.2163888888889]}, "properties": {"series_id": 38297, "station_id": 6622, "station": "Quinto - R.N. 35", "river": "", "var_id": 39, "network": "sat2", "cat_start": "2024-09-14T00:00:00", "cat_end": "2026-08-29T00:00:00", "donor_series_id": "", "donor_station": "", "donor_river": "", "match_type": "", "match_km": "", "river_agrees": "", "combined_years": 2.0, "tier": 3}}, {"type": "Feature", "geometry": {"type": "Point", "coordinates": [-68.3769444444444, -53.5480555555556]}, "properties": {"series_id": 37953, "station_id": 6625, "station": "Chico - Chico 2", "river": "", "var_id": 39, "network": "sat2", "cat_start": "2024-09-14T00:00:00", "cat_end": "2026-08-29T00:00:00", "donor_series_id": "", "donor_station": "", "donor_river": "", "match_type": "", "match_km": "", "river_agrees": "", "combined_years": 2.0, "tier": 3}}, {"type": "Feature", "geometry": {"type": "Point", "coordinates": [-59.5147222222222, -30.3511111111111]}, "properties": {"series_id": 38138, "station_id": 6626, "station": "Guayquiraró - RN 12 - A°Curupí", "river": "", "var_id": 39, "network": "sat2", "cat_start": "2024-09-21T00:00:00", "cat_end": "2026-08-29T00:00:00", "donor_series_id": 120, "donor_station": "Paso Telégrafo", "donor_river": "GUAYQUIRARO", "match_type": "coords", "match_km": 0.84, "river_agrees": "unknown", "combined_years": 11.2, "tier": 2}}, {"type": "Feature", "geometry": {"type": "Point", "coordinates": [-62.1211111111111, -34.2419444444444]}, "properties": {"series_id": 33517, "station_id": 6627, "station": "Compuerta Alternativa Norte AD", "river": "", "var_id": 2, "network": "sat2", "cat_start": "2024-09-13T16:00:00", "cat_end": "2026-08-30T16:00:00", "donor_series_id": "", "donor_station": "", "donor_river": "", "match_type": "", "match_km": "", "river_agrees": "", "combined_years": 2.0, "tier": 3}}, {"type": "Feature", "geometry": {"type": "Point", "coordinates": [-66.5491666666667, -28.6491666666667]}, "properties": {"series_id": 33392, "station_id": 6628, "station": "Colorado - Villa de Mazán", "river": "", "var_id": 2, "network": "sat2", "cat_start": "2024-09-13T16:00:00", "cat_end": "2026-08-30T08:00:00", "donor_series_id": "", "donor_station": "", "donor_river": "", "match_type": "", "match_km": "", "river_agrees": "", "combined_years": 2.0, "tier": 3}}, {"type": "Feature", "geometry": {"type": "Point", "coordinates": [-66.5491666666667, -28.6491666666667]}, "properties": {"series_id": 38014, "station_id": 6628, "station": "Colorado - Villa de Mazán", "river": "", "var_id": 39, "network": "sat2", "cat_start": "2024-09-14T00:00:00", "cat_end": "2026-08-29T00:00:00", "donor_series_id": "", "donor_station": "", "donor_river": "", "match_type": "", "match_km": "", "river_agrees": "", "combined_years": 2.0, "tier": 3}}, {"type": "Feature", "geometry": {"type": "Point", "coordinates": [-68.2525, -29.2580555555556]}, "properties": {"series_id": 38015, "station_id": 6637, "station": "Bermejo - Azud los Colorados", "river": "", "var_id": 39, "network": "sat2", "cat_start": "2024-09-14T00:00:00", "cat_end": "2026-08-29T00:00:00", "donor_series_id": "", "donor_station": "", "donor_river": "", "match_type": "", "match_km": "", "river_agrees": "", "combined_years": 2.0, "tier": 3}}, {"type": "Feature", "geometry": {"type": "Point", "coordinates": [-67.0163888888889, -27.615]}, "properties": {"series_id": 38099, "station_id": 6638, "station": "Dique Belén - Embalse", "river": "", "var_id": 39, "network": "sat2", "cat_start": "2024-09-14T00:00:00", "cat_end": "2026-08-29T00:00:00", "donor_series_id": "", "donor_station": "", "donor_river": "", "match_type": "", "match_km": "", "river_agrees": "", "combined_years": 2.0, "tier": 3}}, {"type": "Feature", "geometry": {"type": "Point", "coordinates": [-68.5669444444444, -52.8527777777778]}, "properties": {"series_id": 33519, "station_id": 6648, "station": "Cullén - Cullén 1", "river": "", "var_id": 2, "network": "sat2", "cat_start": "2024-09-13T16:00:00", "cat_end": "2026-08-30T16:00:00", "donor_series_id": "", "donor_station": "", "donor_river": "", "match_type": "", "match_km": "", "river_agrees": "", "combined_years": 2.0, "tier": 3}}, {"type": "Feature", "geometry": {"type": "Point", "coordinates": [-68.5669444444444, -52.8527777777778]}, "properties": {"series_id": 38042, "station_id": 6648, "station": "Cullén - Cullén 1", "river": "", "var_id": 39, "network": "sat2", "cat_start": "2024-09-14T00:00:00", "cat_end": "2026-08-29T00:00:00", "donor_series_id": "", "donor_station": "", "donor_river": "", "match_type": "", "match_km": "", "river_agrees": "", "combined_years": 2.0, "tier": 3}}, {"type": "Feature", "geometry": {"type": "Point", "coordinates": [-71.6194444444444, -42.0972222222222]}, "properties": {"series_id": 38016, "station_id": 6649, "station": "Lago Puelo - Lago Puelo", "river": "", "var_id": 39, "network": "sat2", "cat_start": "2024-09-14T00:00:00", "cat_end": "2026-08-29T00:00:00", "donor_series_id": 6406, "donor_station": "LAGO PUELO - LAGO PUELO", "donor_river": "Puelo", "match_type": "coords", "match_km": 0.3, "river_agrees": "unknown", "combined_years": 7.1, "tier": 3}}, {"type": "Feature", "geometry": {"type": "Point", "coordinates": [-68.5294444444444, -53.9019444444444]}, "properties": {"series_id": 33215, "station_id": 6653, "station": "Grande - Gde. -Ecia. San Julio", "river": "", "var_id": 2, "network": "sat2", "cat_start": "2025-12-04T16:00:00", "cat_end": "2026-08-30T20:00:00", "donor_series_id": "", "donor_station": "", "donor_river": "", "match_type": "", "match_km": "", "river_agrees": "", "combined_years": 0.7, "tier": 3}}, {"type": "Feature", "geometry": {"type": "Point", "coordinates": [-68.5294444444444, -53.9019444444444]}, "properties": {"series_id": 37981, "station_id": 6653, "station": "Grande - Gde. -Ecia. San Julio", "river": "", "var_id": 39, "network": "sat2", "cat_start": "2025-12-04T00:00:00", "cat_end": "2026-08-29T00:00:00", "donor_series_id": "", "donor_station": "", "donor_river": "", "match_type": "", "match_km": "", "river_agrees": "", "combined_years": 0.7, "tier": 3}}, {"type": "Feature", "geometry": {"type": "Point", "coordinates": [-72.2838888888889, -48.2061111111111]}, "properties": {"series_id": 38017, "station_id": 6654, "station": "Carreras - Frontera", "river": "", "var_id": 39, "network": "sat2", "cat_start": "2024-09-14T00:00:00", "cat_end": "2026-08-29T00:00:00", "donor_series_id": 6164, "donor_station": "CARRERAS - FRONTERA", "donor_river": "Carreras", "match_type": "coords", "match_km": 0.05, "river_agrees": "unknown", "combined_years": 7.1, "tier": 3}}, {"type": "Feature", "geometry": {"type": "Point", "coordinates": [-68.2205555555556, -28.7436111111111]}, "properties": {"series_id": 38140, "station_id": 6657, "station": "Vinchina - Vinchina", "river": "", "var_id": 39, "network": "sat2", "cat_start": "2025-01-22T00:00:00", "cat_end": "2026-08-29T00:00:00", "donor_series_id": "", "donor_station": "", "donor_river": "", "match_type": "", "match_km": "", "river_agrees": "", "combined_years": 1.6, "tier": 3}}, {"type": "Feature", "geometry": {"type": "Point", "coordinates": [-59.4997222222222, -24.7469444444444]}, "properties": {"series_id": 38018, "station_id": 6660, "station": "Pilcomayo - Villa Gral. Güemes", "river": "", "var_id": 39, "network": "sat2", "cat_start": "2024-09-14T00:00:00", "cat_end": "2026-08-29T00:00:00", "donor_series_id": "", "donor_station": "", "donor_river": "", "match_type": "", "match_km": "", "river_agrees": "", "combined_years": 2.0, "tier": 3}}, {"type": "Feature", "geometry": {"type": "Point", "coordinates": [-57.9827777777778, -30.6275]}, "properties": {"series_id": 37982, "station_id": 6664, "station": "Aº Mocoretá - RN Nº 14", "river": "", "var_id": 39, "network": "sat2", "cat_start": "2024-09-14T00:00:00", "cat_end": "2026-08-29T00:00:00", "donor_series_id": 6568, "donor_station": "Mocoretá - Rnnº 014", "donor_river": "Mocoretá", "match_type": "coords", "match_km": 0.06, "river_agrees": "unknown", "combined_years": 16.3, "tier": 2}}, {"type": "Feature", "geometry": {"type": "Point", "coordinates": [-72.3111111111111, -51.0297222222222]}, "properties": {"series_id": 37958, "station_id": 6667, "station": "Vizcachas - Limite con Chile", "river": "", "var_id": 39, "network": "sat2", "cat_start": "2024-09-14T00:00:00", "cat_end": "2026-08-29T00:00:00", "donor_series_id": "", "donor_station": "", "donor_river": "", "match_type": "", "match_km": "", "river_agrees": "", "combined_years": 2.0, "tier": 3}}, {"type": "Feature", "geometry": {"type": "Point", "coordinates": [-71.965, -50.87]}, "properties": {"series_id": 38159, "station_id": 6671, "station": "Vizcachas - Nacimiento", "river": "", "var_id": 39, "network": "sat2", "cat_start": "2024-09-14T00:00:00", "cat_end": "2026-08-29T00:00:00", "donor_series_id": "", "donor_station": "", "donor_river": "", "match_type": "", "match_km": "", "river_agrees": "", "combined_years": 2.0, "tier": 3}}, {"type": "Feature", "geometry": {"type": "Point", "coordinates": [-64.6527777777778, -22.1902777777778]}, "properties": {"series_id": 38020, "station_id": 6678, "station": "Bermejo - Alarache", "river": "", "var_id": 39, "network": "sat2", "cat_start": "2024-09-14T00:00:00", "cat_end": "2026-08-29T00:00:00", "donor_series_id": "", "donor_station": "", "donor_river": "", "match_type": "", "match_km": "", "river_agrees": "", "combined_years": 2.0, "tier": 3}}, {"type": "Feature", "geometry": {"type": "Point", "coordinates": [-67.1658333333333, -27.6669444444444]}, "properties": {"series_id": 33068, "station_id": 6681, "station": "Rio Hondo - HID - Sitio 2", "river": "", "var_id": 2, "network": "sat2", "cat_start": "2024-09-13T16:00:00", "cat_end": "2026-08-30T20:00:00", "donor_series_id": "", "donor_station": "", "donor_river": "", "match_type": "", "match_km": "", "river_agrees": "", "combined_years": 2.0, "tier": 3}}, {"type": "Feature", "geometry": {"type": "Point", "coordinates": [-67.1658333333333, -27.6669444444444]}, "properties": {"series_id": 37960, "station_id": 6681, "station": "Rio Hondo - HID - Sitio 2", "river": "", "var_id": 39, "network": "sat2", "cat_start": "2024-09-14T00:00:00", "cat_end": "2026-08-29T00:00:00", "donor_series_id": "", "donor_station": "", "donor_river": "", "match_type": "", "match_km": "", "river_agrees": "", "combined_years": 2.0, "tier": 3}}, {"type": "Feature", "geometry": {"type": "Point", "coordinates": [-67.1947222222222, -27.6125]}, "properties": {"series_id": 34150, "station_id": 6684, "station": "Piedra Larga - HID - Sitio 1", "river": "", "var_id": 2, "network": "sat2", "cat_start": "2024-09-13T15:30:00", "cat_end": "2026-08-30T21:00:00", "donor_series_id": "", "donor_station": "", "donor_river": "", "match_type": "", "match_km": "", "river_agrees": "", "combined_years": 2.0, "tier": 3}}, {"type": "Feature", "geometry": {"type": "Point", "coordinates": [-67.1947222222222, -27.6125]}, "properties": {"series_id": 38161, "station_id": 6684, "station": "Piedra Larga - HID - Sitio 1", "river": "", "var_id": 39, "network": "sat2", "cat_start": "2024-09-14T00:00:00", "cat_end": "2026-08-29T00:00:00", "donor_series_id": "", "donor_station": "", "donor_river": "", "match_type": "", "match_km": "", "river_agrees": "", "combined_years": 2.0, "tier": 3}}, {"type": "Feature", "geometry": {"type": "Point", "coordinates": [-71.6397222222222, -46.5541666666667]}, "properties": {"series_id": 38021, "station_id": 6706, "station": "Los Antiguos - Los Antiguos", "river": "", "var_id": 39, "network": "sat2", "cat_start": "2024-09-14T00:00:00", "cat_end": "2026-08-29T00:00:00", "donor_series_id": 29935, "donor_station": "Los Antiguos - Ruta Provincial Nº 043", "donor_river": "Los Antiguos", "match_type": "coords", "match_km": 0.01, "river_agrees": "unknown", "combined_years": 18.7, "tier": 2}}, {"type": "Feature", "geometry": {"type": "Point", "coordinates": [-64.0461111111111, -25.3441666666667]}, "properties": {"series_id": 38079, "station_id": 6707, "station": "Juramento - El Quebrachal", "river": "", "var_id": 39, "network": "sat2", "cat_start": "2024-09-14T00:00:00", "cat_end": "2026-08-29T00:00:00", "donor_series_id": 6368, "donor_station": "JURAMENTO - EL QUEBRACHAL", "donor_river": "Juramento", "match_type": "coords", "match_km": 0.06, "river_agrees": "unknown", "combined_years": 24.9, "tier": 2}}, {"type": "Feature", "geometry": {"type": "Point", "coordinates": [-69.1138888888889, -37.2083333333333]}, "properties": {"series_id": 34010, "station_id": 6721, "station": "Colorado - Pata Mora", "river": "", "var_id": 2, "network": "sat2", "cat_start": "2024-09-13T16:00:00", "cat_end": "2026-08-30T18:00:00", "donor_series_id": "", "donor_station": "", "donor_river": "", "match_type": "", "match_km": "", "river_agrees": "", "combined_years": 2.0, "tier": 3}}, {"type": "Feature", "geometry": {"type": "Point", "coordinates": [-68.5947222222222, -53.9983333333333]}, "properties": {"series_id": 38147, "station_id": 6726, "station": "Bella Vista -  Radman", "river": "", "var_id": 39, "network": "sat2", "cat_start": "2025-02-13T00:00:00", "cat_end": "2026-08-29T00:00:00", "donor_series_id": "", "donor_station": "", "donor_river": "", "match_type": "", "match_km": "", "river_agrees": "", "combined_years": 1.5, "tier": 3}}, {"type": "Feature", "geometry": {"type": "Point", "coordinates": [-65.2883333333333, -28.59]}, "properties": {"series_id": 33822, "station_id": 6742, "station": "Dique Sotomayor - Embalse", "river": "", "var_id": 2, "network": "sat2", "cat_start": "2024-09-13T16:00:00", "cat_end": "2026-08-30T16:00:00", "donor_series_id": "", "donor_station": "", "donor_river": "", "match_type": "", "match_km": "", "river_agrees": "", "combined_years": 2.0, "tier": 3}}, {"type": "Feature", "geometry": {"type": "Point", "coordinates": [-65.2883333333333, -28.59]}, "properties": {"series_id": 38084, "station_id": 6742, "station": "Dique Sotomayor - Embalse", "river": "", "var_id": 39, "network": "sat2", "cat_start": "2024-09-14T00:00:00", "cat_end": "2026-08-29T00:00:00", "donor_series_id": "", "donor_station": "", "donor_river": "", "match_type": "", "match_km": "", "river_agrees": "", "combined_years": 2.0, "tier": 3}}, {"type": "Feature", "geometry": {"type": "Point", "coordinates": [-67.49, -29.1511111111111]}, "properties": {"series_id": 34179, "station_id": 6743, "station": "Durazno - Chilecito", "river": "", "var_id": 2, "network": "sat2", "cat_start": "2024-09-13T16:00:00", "cat_end": "2026-08-30T21:00:00", "donor_series_id": "", "donor_station": "", "donor_river": "", "match_type": "", "match_km": "", "river_agrees": "", "combined_years": 2.0, "tier": 3}}, {"type": "Feature", "geometry": {"type": "Point", "coordinates": [-67.49, -29.1511111111111]}, "properties": {"series_id": 38165, "station_id": 6743, "station": "Durazno - Chilecito", "river": "", "var_id": 39, "network": "sat2", "cat_start": "2024-09-14T00:00:00", "cat_end": "2026-08-29T00:00:00", "donor_series_id": "", "donor_station": "", "donor_river": "", "match_type": "", "match_km": "", "river_agrees": "", "combined_years": 2.0, "tier": 3}}, {"type": "Feature", "geometry": {"type": "Point", "coordinates": [-65.9977777777778, -27.4333333333333]}, "properties": {"series_id": 38107, "station_id": 6744, "station": "Del Campo - Cabo San Miguel", "river": "", "var_id": 39, "network": "sat2", "cat_start": "2025-05-23T00:00:00", "cat_end": "2026-08-29T00:00:00", "donor_series_id": "", "donor_station": "", "donor_river": "", "match_type": "", "match_km": "", "river_agrees": "", "combined_years": 1.3, "tier": 3}}, {"type": "Feature", "geometry": {"type": "Point", "coordinates": [-59.4994444444444, -34.2405555555556]}, "properties": {"series_id": 34224, "station_id": 6747, "station": "Areco - San Antonio de Areco", "river": "", "var_id": 2, "network": "sat2", "cat_start": "2024-09-13T16:00:00", "cat_end": "2026-08-30T21:00:00", "donor_series_id": "", "donor_station": "", "donor_river": "", "match_type": "", "match_km": "", "river_agrees": "", "combined_years": 2.0, "tier": 3}}, {"type": "Feature", "geometry": {"type": "Point", "coordinates": [-62.3247222222222, -34.3372222222222]}, "properties": {"series_id": 34314, "station_id": 6748, "station": "Lag. La Picasa - Escollera FFC", "river": "", "var_id": 2, "network": "sat2", "cat_start": "2024-09-13T16:00:00", "cat_end": "2026-08-30T21:00:00", "donor_series_id": "", "donor_station": "", "donor_river": "", "match_type": "", "match_km": "", "river_agrees": "", "combined_years": 2.0, "tier": 3}}, {"type": "Feature", "geometry": {"type": "Point", "coordinates": [-65.7980555555555, -28.1202777777778]}, "properties": {"series_id": 33832, "station_id": 6763, "station": "Del Valle - Huaycama", "river": "", "var_id": 2, "network": "sat2", "cat_start": "2024-09-13T16:00:00", "cat_end": "2026-08-30T20:00:00", "donor_series_id": "", "donor_station": "", "donor_river": "", "match_type": "", "match_km": "", "river_agrees": "", "combined_years": 2.0, "tier": 3}}, {"type": "Feature", "geometry": {"type": "Point", "coordinates": [-54.4536111111111, -26.5119444444444]}, "properties": {"series_id": 38197, "station_id": 7161, "station": "Piray Guazú - Pinar Ciba", "river": "", "var_id": 39, "network": "sat2", "cat_start": "2024-09-14T00:00:00", "cat_end": "2026-08-29T00:00:00", "donor_series_id": 6484, "donor_station": "Piray Guazú - Pinar Ciba", "donor_river": "Piray Guazú", "match_type": "coords", "match_km": 0.02, "river_agrees": "unknown", "combined_years": 25.3, "tier": 2}}, {"type": "Feature", "geometry": {"type": "Point", "coordinates": [-58.7177777777778, -28.57]}, "properties": {"series_id": 36693, "station_id": 7166, "station": "Santa Lucia - San Roque", "river": "", "var_id": 2, "network": "sat2", "cat_start": "2024-09-13T16:00:00", "cat_end": "2026-08-30T20:00:00", "donor_series_id": 108, "donor_station": "San Roque", "donor_river": "SANTALUCIA", "match_type": "coords", "match_km": 0.38, "river_agrees": "unknown", "combined_years": 17.7, "tier": 2}}, {"type": "Feature", "geometry": {"type": "Point", "coordinates": [-58.7177777777778, -28.57]}, "properties": {"series_id": 38202, "station_id": 7166, "station": "Santa Lucia - San Roque", "river": "", "var_id": 39, "network": "sat2", "cat_start": "2024-09-14T00:00:00", "cat_end": "2026-08-29T00:00:00", "donor_series_id": 108, "donor_station": "San Roque", "donor_river": "SANTALUCIA", "match_type": "coords", "match_km": 0.38, "river_agrees": "unknown", "combined_years": 17.7, "tier": 2}}, {"type": "Feature", "geometry": {"type": "Point", "coordinates": [-59.74, -29.505]}, "properties": {"series_id": 36694, "station_id": 7167, "station": "San Javier - Romang", "river": "", "var_id": 2, "network": "sat2", "cat_start": "2024-09-13T16:00:00", "cat_end": "2026-08-30T21:00:00", "donor_series_id": 6244, "donor_station": "San Javier - Romang", "donor_river": "San Javier", "match_type": "coords", "match_km": 0.03, "river_agrees": "unknown", "combined_years": 25.3, "tier": 2}}, {"type": "Feature", "geometry": {"type": "Point", "coordinates": [-59.74, -29.505]}, "properties": {"series_id": 38203, "station_id": 7167, "station": "San Javier - Romang", "river": "", "var_id": 39, "network": "sat2", "cat_start": "2024-09-14T00:00:00", "cat_end": "2026-08-29T00:00:00", "donor_series_id": 6244, "donor_station": "San Javier - Romang", "donor_river": "San Javier", "match_type": "coords", "match_km": 0.03, "river_agrees": "unknown", "combined_years": 25.3, "tier": 2}}, {"type": "Feature", "geometry": {"type": "Point", "coordinates": [-59.6588888888889, -27.5672222222222]}, "properties": {"series_id": 36723, "station_id": 7184, "station": "CIRHBAS - LIM  Aº TAPENAGA - ESTANCIA TAPENAGA", "river": "", "var_id": 2, "network": "sat2", "cat_start": "2024-09-14T03:00:00", "cat_end": "2026-08-30T15:00:00", "donor_series_id": "", "donor_station": "", "donor_river": "", "match_type": "", "match_km": "", "river_agrees": "", "combined_years": 2.0, "tier": 3}}, {"type": "Feature", "geometry": {"type": "Point", "coordinates": [-60.5469444444444, -29.3880555555556]}, "properties": {"series_id": 38206, "station_id": 7185, "station": "CIRHBAS - LIM  LAGUNA EL BONETE", "river": "", "var_id": 39, "network": "sat2", "cat_start": "2024-09-14T00:00:00", "cat_end": "2026-08-29T00:00:00", "donor_series_id": "", "donor_station": "", "donor_river": "", "match_type": "", "match_km": "", "river_agrees": "", "combined_years": 2.0, "tier": 3}}, {"type": "Feature", "geometry": {"type": "Point", "coordinates": [-60.6288888888889, -30.3375]}, "properties": {"series_id": 36726, "station_id": 7187, "station": "CIRHBAS - LIM Aº RETOBADO - CRESPO", "river": "", "var_id": 2, "network": "sat2", "cat_start": "2024-09-14T03:00:00", "cat_end": "2026-08-30T16:00:00", "donor_series_id": "", "donor_station": "", "donor_river": "", "match_type": "", "match_km": "", "river_agrees": "", "combined_years": 2.0, "tier": 3}}, {"type": "Feature", "geometry": {"type": "Point", "coordinates": [-61.3519444444444, -28.0886111111111]}, "properties": {"series_id": 38209, "station_id": 7188, "station": "CIRHBAS - LIM BAJO CHOROTIS-RN 95", "river": "", "var_id": 39, "network": "sat2", "cat_start": "2024-09-14T00:00:00", "cat_end": "2026-08-29T00:00:00", "donor_series_id": "", "donor_station": "", "donor_river": "", "match_type": "", "match_km": "", "river_agrees": "", "combined_years": 2.0, "tier": 3}}, {"type": "Feature", "geometry": {"type": "Point", "coordinates": [-60.5691666666667, -28.9947222222222]}, "properties": {"series_id": 38210, "station_id": 7189, "station": "CIRHBAS - LIM CANAL INTERLAGOS-CANAL INTERLAGOS", "river": "", "var_id": 39, "network": "sat2", "cat_start": "2024-09-14T00:00:00", "cat_end": "2026-08-29T00:00:00", "donor_series_id": "", "donor_station": "", "donor_river": "", "match_type": "", "match_km": "", "river_agrees": "", "combined_years": 2.0, "tier": 3}}, {"type": "Feature", "geometry": {"type": "Point", "coordinates": [-60.7155555555556, -27.9977777777778]}, "properties": {"series_id": 38211, "station_id": 7190, "station": "CIRHBAS - LIM CANAL LINEA PARANA TRAMO IV", "river": "", "var_id": 39, "network": "sat2", "cat_start": "2024-09-14T00:00:00", "cat_end": "2026-08-29T00:00:00", "donor_series_id": "", "donor_station": "", "donor_river": "", "match_type": "", "match_km": "", "river_agrees": "", "combined_years": 2.0, "tier": 3}}, {"type": "Feature", "geometry": {"type": "Point", "coordinates": [-59.9755555555556, -28.1102777777778]}, "properties": {"series_id": 38214, "station_id": 7193, "station": "CIRHBAS - LIM LOS AMORES - CAN", "river": "", "var_id": 39, "network": "sat2", "cat_start": "2024-09-14T00:00:00", "cat_end": "2026-08-29T00:00:00", "donor_series_id": 6285, "donor_station": "Canal Línea Paraná - Rp Nº 3", "donor_river": "Canal lí­nea Paraná", "match_type": "coords", "match_km": 0.03, "river_agrees": "unknown", "combined_years": 16.4, "tier": 2}}, {"type": "Feature", "geometry": {"type": "Point", "coordinates": [-61.9016666666667, -29.1316666666667]}, "properties": {"series_id": 36733, "station_id": 7194, "station": "CIRHBAS - LIM MOJON DE FIERRO-CANAL INTERPROVINCIA", "river": "", "var_id": 2, "network": "sat2", "cat_start": "2024-09-14T03:00:00", "cat_end": "2026-08-30T15:00:00", "donor_series_id": "", "donor_station": "", "donor_river": "", "match_type": "", "match_km": "", "river_agrees": "", "combined_years": 2.0, "tier": 3}}, {"type": "Feature", "geometry": {"type": "Point", "coordinates": [-61.9016666666667, -29.1316666666667]}, "properties": {"series_id": 38215, "station_id": 7194, "station": "CIRHBAS - LIM MOJON DE FIERRO-CANAL INTERPROVINCIA", "river": "", "var_id": 39, "network": "sat2", "cat_start": "2024-09-14T00:00:00", "cat_end": "2026-08-29T00:00:00", "donor_series_id": "", "donor_station": "", "donor_river": "", "match_type": "", "match_km": "", "river_agrees": "", "combined_years": 2.0, "tier": 3}}, {"type": "Feature", "geometry": {"type": "Point", "coordinates": [-59.4216666666667, -28.2744444444444]}, "properties": {"series_id": 38217, "station_id": 7196, "station": "CIRHBAS - LIM VILLA GUILLERMINA-ARROYO LOS AMORES", "river": "", "var_id": 39, "network": "sat2", "cat_start": "2024-09-14T00:00:00", "cat_end": "2026-08-29T00:00:00", "donor_series_id": "", "donor_station": "", "donor_river": "", "match_type": "", "match_km": "", "river_agrees": "", "combined_years": 2.0, "tier": 3}}, {"type": "Feature", "geometry": {"type": "Point", "coordinates": [-56.2583333333333, -27.8244444444444]}, "properties": {"series_id": 38219, "station_id": 7230, "station": "Aguapey - Caá Caraí", "river": "", "var_id": 39, "network": "sat2", "cat_start": "2024-09-14T00:00:00", "cat_end": "2026-08-29T00:00:00", "donor_series_id": 30097, "donor_station": "Aguapey - Caa Caraí", "donor_river": "Aguapey", "match_type": "coords", "match_km": 0.01, "river_agrees": "unknown", "combined_years": 2.2, "tier": 3}}, {"type": "Feature", "geometry": {"type": "Point", "coordinates": [-64.5375, -31.6908333333333]}, "properties": {"series_id": 36828, "station_id": 7231, "station": "Anizacate - Santa Ana", "river": "", "var_id": 2, "network": "sat2", "cat_start": "2024-09-13T16:00:00", "cat_end": "2026-08-30T16:00:00", "donor_series_id": "", "donor_station": "", "donor_river": "", "match_type": "", "match_km": "", "river_agrees": "", "combined_years": 2.0, "tier": 3}}, {"type": "Feature", "geometry": {"type": "Point", "coordinates": [-60.9788888888889, -31.2933333333333]}, "properties": {"series_id": 36829, "station_id": 7232, "station": "Aº Cululú - Grutly", "river": "", "var_id": 2, "network": "sat2", "cat_start": "2024-09-13T16:00:00", "cat_end": "2026-08-30T20:00:00", "donor_series_id": "", "donor_station": "", "donor_river": "", "match_type": "", "match_km": "", "river_agrees": "", "combined_years": 2.0, "tier": 3}}, {"type": "Feature", "geometry": {"type": "Point", "coordinates": [-60.9788888888889, -31.2933333333333]}, "properties": {"series_id": 38221, "station_id": 7232, "station": "Aº Cululú - Grutly", "river": "", "var_id": 39, "network": "sat2", "cat_start": "2024-09-14T00:00:00", "cat_end": "2026-08-29T00:00:00", "donor_series_id": "", "donor_station": "", "donor_river": "", "match_type": "", "match_km": "", "river_agrees": "", "combined_years": 2.0, "tier": 3}}, {"type": "Feature", "geometry": {"type": "Point", "coordinates": [-71.3844444444445, -42.9583333333333]}, "properties": {"series_id": 36831, "station_id": 7233, "station": "Aº Esquel - Ea El Principio", "river": "", "var_id": 2, "network": "sat2", "cat_start": "2024-09-13T16:00:00", "cat_end": "2026-08-30T21:00:00", "donor_series_id": 30036, "donor_station": "ESQUEL - ESTANCIA EL PRINCIPIO", "donor_river": "Esquel", "match_type": "coords", "match_km": 0.01, "river_agrees": "unknown", "combined_years": 2.2, "tier": 3}}, {"type": "Feature", "geometry": {"type": "Point", "coordinates": [-71.3844444444445, -42.9583333333333]}, "properties": {"series_id": 38222, "station_id": 7233, "station": "Aº Esquel - Ea El Principio", "river": "", "var_id": 39, "network": "sat2", "cat_start": "2024-09-14T00:00:00", "cat_end": "2026-08-29T00:00:00", "donor_series_id": 30036, "donor_station": "ESQUEL - ESTANCIA EL PRINCIPIO", "donor_river": "Esquel", "match_type": "coords", "match_km": 0.01, "river_agrees": "unknown", "combined_years": 2.2, "tier": 3}}, {"type": "Feature", "geometry": {"type": "Point", "coordinates": [-60.4969444444444, -29.0655555555556]}, "properties": {"series_id": 36833, "station_id": 7235, "station": "Aº Golondrina - Fortín Olmos", "river": "", "var_id": 2, "network": "sat2", "cat_start": "2024-12-17T17:01:00", "cat_end": "2026-08-30T21:00:00", "donor_series_id": 128, "donor_station": "Fortín Olmos", "donor_river": "GOLONDRINA", "match_type": "coords", "match_km": 0.02, "river_agrees": "unknown", "combined_years": 25.3, "tier": 2}}, {"type": "Feature", "geometry": {"type": "Point", "coordinates": [-60.4969444444444, -29.0655555555556]}, "properties": {"series_id": 38224, "station_id": 7235, "station": "Aº Golondrina - Fortín Olmos", "river": "", "var_id": 39, "network": "sat2", "cat_start": "2024-12-18T00:00:00", "cat_end": "2026-08-29T00:00:00", "donor_series_id": 128, "donor_station": "Fortín Olmos", "donor_river": "GOLONDRINA", "match_type": "coords", "match_km": 0.02, "river_agrees": "unknown", "combined_years": 25.3, "tier": 2}}, {"type": "Feature", "geometry": {"type": "Point", "coordinates": [-59.3558333333333, -28.5558333333333]}, "properties": {"series_id": 38225, "station_id": 7236, "station": "Aº Los Amores - RN Nº11", "river": "", "var_id": 39, "network": "sat2", "cat_start": "2024-09-14T00:00:00", "cat_end": "2026-08-29T00:00:00", "donor_series_id": 29955, "donor_station": "Los Amores - Ruta Nacional Nº 011", "donor_river": "Los Amores", "match_type": "coords", "match_km": 0.01, "river_agrees": "unknown", "combined_years": 25.3, "tier": 2}}, {"type": "Feature", "geometry": {"type": "Point", "coordinates": [-58.1625, -25.9844444444444]}, "properties": {"series_id": 36840, "station_id": 7239, "station": "Aº Pilagá - RN Nº11", "river": "", "var_id": 2, "network": "sat2", "cat_start": "2024-09-13T16:00:00", "cat_end": "2026-08-29T12:00:00", "donor_series_id": 6516, "donor_station": "Pilagá - Rn Nº 11", "donor_river": "Pilagá", "match_type": "coords", "match_km": 0.07, "river_agrees": "unknown", "combined_years": 2.0, "tier": 3}}, {"type": "Feature", "geometry": {"type": "Point", "coordinates": [-58.1625, -25.9844444444444]}, "properties": {"series_id": 38228, "station_id": 7239, "station": "Aº Pilagá - RN Nº11", "river": "", "var_id": 39, "network": "sat2", "cat_start": "2024-09-14T00:00:00", "cat_end": "2026-08-29T00:00:00", "donor_series_id": 6516, "donor_station": "Pilagá - Rn Nº 11", "donor_river": "Pilagá", "match_type": "coords", "match_km": 0.07, "river_agrees": "unknown", "combined_years": 2.0, "tier": 3}}, {"type": "Feature", "geometry": {"type": "Point", "coordinates": [-60.4127777777778, -30.8402777777778]}, "properties": {"series_id": 36841, "station_id": 7240, "station": "Aº Saladillo Amargo - RP Nº 81", "river": "", "var_id": 2, "network": "sat2", "cat_start": "2024-09-13T16:00:00", "cat_end": "2026-08-25T04:00:00", "donor_series_id": 6235, "donor_station": "Saladillo Amargo - Vera Mujica (RP 281)", "donor_river": "Saladillo Amargo", "match_type": "coords", "match_km": 0.21, "river_agrees": "unknown", "combined_years": 25.3, "tier": 2}}, {"type": "Feature", "geometry": {"type": "Point", "coordinates": [-60.2822222222222, -30.8547222222222]}, "properties": {"series_id": 36842, "station_id": 7241, "station": "Aº Saladillo Dulce - RP Nº 81", "river": "", "var_id": 2, "network": "sat2", "cat_start": "2024-09-13T16:00:00", "cat_end": "2026-08-30T20:00:00", "donor_series_id": 29967, "donor_station": "Saladillo Dulce - La Noria (RP 281)", "donor_river": "Saladillo Dulce", "match_type": "coords", "match_km": 0.01, "river_agrees": "unknown", "combined_years": 25.3, "tier": 2}}, {"type": "Feature", "geometry": {"type": "Point", "coordinates": [-60.9555555555556, -36.3711111111111]}, "properties": {"series_id": 38232, "station_id": 7243, "station": "Aº Vallimanca - RN 226", "river": "", "var_id": 39, "network": "sat2", "cat_start": "2024-09-14T00:00:00", "cat_end": "2026-08-29T00:00:00", "donor_series_id": "", "donor_station": "", "donor_river": "", "match_type": "", "match_km": "", "river_agrees": "", "combined_years": 2.0, "tier": 3}}, {"type": "Feature", "geometry": {"type": "Point", "coordinates": [-64.9613888888889, -22.2486111111111]}, "properties": {"series_id": 38237, "station_id": 7249, "station": "Bermejo - Santa Victoria Oeste", "river": "", "var_id": 39, "network": "sat2", "cat_start": "2024-09-14T00:00:00", "cat_end": "2026-08-29T00:00:00", "donor_series_id": "", "donor_station": "", "donor_river": "", "match_type": "", "match_km": "", "river_agrees": "", "combined_years": 2.0, "tier": 3}}, {"type": "Feature", "geometry": {"type": "Point", "coordinates": [-69.17, -30.0505555555556]}, "properties": {"series_id": 38238, "station_id": 7250, "station": "Blanco - Angualasto", "river": "", "var_id": 39, "network": "sat2", "cat_start": "2024-09-14T00:00:00", "cat_end": "2026-08-29T00:00:00", "donor_series_id": "", "donor_station": "", "donor_river": "", "match_type": "", "match_km": "", "river_agrees": "", "combined_years": 2.0, "tier": 3}}, {"type": "Feature", "geometry": {"type": "Point", "coordinates": [-66.1588888888889, -25.1205555555556]}, "properties": {"series_id": 36870, "station_id": 7251, "station": "Calchaquí - Cachi", "river": "", "var_id": 2, "network": "sat2", "cat_start": "2024-10-17T13:00:00", "cat_end": "2026-08-30T21:00:00", "donor_series_id": 147, "donor_station": "Cachi", "donor_river": "CALCHAQUI", "match_type": "coords", "match_km": 0.38, "river_agrees": "unknown", "combined_years": 17.6, "tier": 2}}, {"type": "Feature", "geometry": {"type": "Point", "coordinates": [-66.1588888888889, -25.1205555555556]}, "properties": {"series_id": 38239, "station_id": 7251, "station": "Calchaquí - Cachi", "river": "", "var_id": 39, "network": "sat2", "cat_start": "2024-10-17T00:00:00", "cat_end": "2026-08-29T00:00:00", "donor_series_id": 147, "donor_station": "Cachi", "donor_river": "CALCHAQUI", "match_type": "coords", "match_km": 0.38, "river_agrees": "unknown", "combined_years": 17.6, "tier": 2}}, {"type": "Feature", "geometry": {"type": "Point", "coordinates": [-71.2494444444444, -43.8416666666667]}, "properties": {"series_id": 36873, "station_id": 7254, "station": "Carrenleufú - Jaramillo", "river": "", "var_id": 2, "network": "sat2", "cat_start": "2024-09-14T16:00:00", "cat_end": "2026-08-30T16:00:00", "donor_series_id": "", "donor_station": "", "donor_river": "", "match_type": "", "match_km": "", "river_agrees": "", "combined_years": 2.0, "tier": 3}}, {"type": "Feature", "geometry": {"type": "Point", "coordinates": [-71.2494444444444, -43.8416666666667]}, "properties": {"series_id": 38242, "station_id": 7254, "station": "Carrenleufú - Jaramillo", "river": "", "var_id": 39, "network": "sat2", "cat_start": "2024-09-14T00:00:00", "cat_end": "2026-08-29T00:00:00", "donor_series_id": "", "donor_station": "", "donor_river": "", "match_type": "", "match_km": "", "river_agrees": "", "combined_years": 2.0, "tier": 3}}, {"type": "Feature", "geometry": {"type": "Point", "coordinates": [-71.4872222222222, -43.5436111111111]}, "properties": {"series_id": 36875, "station_id": 7255, "station": "Carrenleufú - Puente de Hierro", "river": "", "var_id": 2, "network": "sat2", "cat_start": "2024-09-13T16:00:00", "cat_end": "2026-08-30T16:00:00", "donor_series_id": 6411, "donor_station": "CARRENLEUFÚ - PUENTE DE HIERRO", "donor_river": "Carrenleufú", "match_type": "coords", "match_km": 0.1, "river_agrees": "unknown", "combined_years": 7.1, "tier": 3}}, {"type": "Feature", "geometry": {"type": "Point", "coordinates": [-71.4872222222222, -43.5436111111111]}, "properties": {"series_id": 38243, "station_id": 7255, "station": "Carrenleufú - Puente de Hierro", "river": "", "var_id": 39, "network": "sat2", "cat_start": "2024-09-14T00:00:00", "cat_end": "2026-08-29T00:00:00", "donor_series_id": 6411, "donor_station": "CARRENLEUFÚ - PUENTE DE HIERRO", "donor_river": "Carrenleufú", "match_type": "coords", "match_km": 0.1, "river_agrees": "unknown", "combined_years": 7.1, "tier": 3}}, {"type": "Feature", "geometry": {"type": "Point", "coordinates": [-69.5947222222222, -42.7408333333333]}, "properties": {"series_id": 36888, "station_id": 7259, "station": "Chubut - Paso del Sapo", "river": "", "var_id": 2, "network": "sat2", "cat_start": "2024-09-13T16:00:00", "cat_end": "2026-08-30T21:00:00", "donor_series_id": 6445, "donor_station": "Chubut - Paso del Sapo", "donor_river": "Chubut", "match_type": "coords", "match_km": 0.01, "river_agrees": "unknown", "combined_years": 7.1, "tier": 3}}, {"type": "Feature", "geometry": {"type": "Point", "coordinates": [-69.5947222222222, -42.7408333333333]}, "properties": {"series_id": 38246, "station_id": 7259, "station": "Chubut - Paso del Sapo", "river": "", "var_id": 39, "network": "sat2", "cat_start": "2024-09-14T00:00:00", "cat_end": "2026-08-29T00:00:00", "donor_series_id": 6445, "donor_station": "Chubut - Paso del Sapo", "donor_river": "Chubut", "match_type": "coords", "match_km": 0.01, "river_agrees": "unknown", "combined_years": 7.1, "tier": 3}}, {"type": "Feature", "geometry": {"type": "Point", "coordinates": [-67.865, -34.5705555555556]}, "properties": {"series_id": 38247, "station_id": 7260, "station": "Diamante - Monte Comán", "river": "", "var_id": 39, "network": "sat2", "cat_start": "2024-09-14T00:00:00", "cat_end": "2026-08-29T00:00:00", "donor_series_id": "", "donor_station": "", "donor_river": "", "match_type": "", "match_km": "", "river_agrees": "", "combined_years": 2.0, "tier": 3}}, {"type": "Feature", "geometry": {"type": "Point", "coordinates": [-63.2069444444444, -29.2533333333333]}, "properties": {"series_id": 36916, "station_id": 7263, "station": "Dulce - Paso de Oscares", "river": "", "var_id": 2, "network": "sat2", "cat_start": "2024-09-13T16:00:00", "cat_end": "2026-08-30T20:00:00", "donor_series_id": "", "donor_station": "", "donor_river": "", "match_type": "", "match_km": "", "river_agrees": "", "combined_years": 2.0, "tier": 3}}, {"type": "Feature", "geometry": {"type": "Point", "coordinates": [-64.7658333333333, -32.2158333333333]}, "properties": {"series_id": 36918, "station_id": 7265, "station": "Durazno - La Florida", "river": "", "var_id": 2, "network": "sat2", "cat_start": "2024-12-20T12:00:00", "cat_end": "2026-08-30T16:00:00", "donor_series_id": "", "donor_station": "", "donor_river": "", "match_type": "", "match_km": "", "river_agrees": "", "combined_years": 1.7, "tier": 3}}, {"type": "Feature", "geometry": {"type": "Point", "coordinates": [-64.7658333333333, -32.2158333333333]}, "properties": {"series_id": 38252, "station_id": 7265, "station": "Durazno - La Florida", "river": "", "var_id": 39, "network": "sat2", "cat_start": "2024-12-20T00:00:00", "cat_end": "2026-08-29T00:00:00", "donor_series_id": "", "donor_station": "", "donor_river": "", "match_type": "", "match_km": "", "river_agrees": "", "combined_years": 1.7, "tier": 3}}, {"type": "Feature", "geometry": {"type": "Point", "coordinates": [-58.4905555555556, -32.1047222222222]}, "properties": {"series_id": 36959, "station_id": 7273, "station": "Gualeguaychú - RN Nº 130", "river": "", "var_id": 2, "network": "sat2", "cat_start": "2025-03-13T19:00:00", "cat_end": "2026-08-30T13:00:00", "donor_series_id": 102, "donor_station": "Ruta Nacional nº 130", "donor_river": "GUALEGUAYCHU", "match_type": "coords", "match_km": 0.01, "river_agrees": "unknown", "combined_years": 25.3, "tier": 2}}, {"type": "Feature", "geometry": {"type": "Point", "coordinates": [-58.4905555555556, -32.1047222222222]}, "properties": {"series_id": 38258, "station_id": 7273, "station": "Gualeguaychú - RN Nº 130", "river": "", "var_id": 39, "network": "sat2", "cat_start": "2025-03-13T00:00:00", "cat_end": "2026-08-29T00:00:00", "donor_series_id": 102, "donor_station": "Ruta Nacional nº 130", "donor_river": "GUALEGUAYCHU", "match_type": "coords", "match_km": 0.01, "river_agrees": "unknown", "combined_years": 25.3, "tier": 2}}, {"type": "Feature", "geometry": {"type": "Point", "coordinates": [-58.5547222222222, -32.445]}, "properties": {"series_id": 38259, "station_id": 7274, "station": "Gualeguaychú - RN Nº 39", "river": "", "var_id": 39, "network": "sat2", "cat_start": "2024-10-09T00:00:00", "cat_end": "2026-08-29T00:00:00", "donor_series_id": 1, "donor_station": "Ruta Provincial nº 39", "donor_river": "GUALEGUAYCHU", "match_type": "coords", "match_km": 0.02, "river_agrees": "unknown", "combined_years": 25.3, "tier": 2}}, {"type": "Feature", "geometry": {"type": "Point", "coordinates": [-59.3005555555556, -30.3463888888889]}, "properties": {"series_id": 36962, "station_id": 7275, "station": "Guayquiraró - La Grela", "river": "", "var_id": 2, "network": "sat2", "cat_start": "2024-09-13T16:00:00", "cat_end": "2026-08-30T16:00:00", "donor_series_id": 30091, "donor_station": "Guayquiraró- La Grela", "donor_river": "Guayquiraró", "match_type": "coords", "match_km": 0.02, "river_agrees": "unknown", "combined_years": 2.2, "tier": 3}}, {"type": "Feature", "geometry": {"type": "Point", "coordinates": [-59.3005555555556, -30.3463888888889]}, "properties": {"series_id": 38260, "station_id": 7275, "station": "Guayquiraró - La Grela", "river": "", "var_id": 39, "network": "sat2", "cat_start": "2024-09-14T00:00:00", "cat_end": "2026-08-29T00:00:00", "donor_series_id": 30091, "donor_station": "Guayquiraró- La Grela", "donor_river": "Guayquiraró", "match_type": "coords", "match_km": 0.02, "river_agrees": "unknown", "combined_years": 2.2, "tier": 3}}, {"type": "Feature", "geometry": {"type": "Point", "coordinates": [-71.6091666666667, -43.5166666666667]}, "properties": {"series_id": 36963, "station_id": 7276, "station": "Hielo - Confluencia", "river": "", "var_id": 2, "network": "sat2", "cat_start": "2025-08-20T16:00:00", "cat_end": "2026-08-30T20:00:00", "donor_series_id": "", "donor_station": "", "donor_river": "", "match_type": "", "match_km": "", "river_agrees": "", "combined_years": 1.0, "tier": 3}}, {"type": "Feature", "geometry": {"type": "Point", "coordinates": [-54.58, -25.5933333333333]}, "properties": {"series_id": 38262, "station_id": 7277, "station": "Iguazú - Pto. Iguazú", "river": "", "var_id": 39, "network": "sat2", "cat_start": "2024-09-14T00:00:00", "cat_end": "2026-08-29T00:00:00", "donor_series_id": 6493, "donor_station": "Iguazú - Puerto Iguazú", "donor_river": "Iguazú", "match_type": "coords", "match_km": 0.02, "river_agrees": "unknown", "combined_years": 25.3, "tier": 2}}, {"type": "Feature", "geometry": {"type": "Point", "coordinates": [-64.7052777777778, -22.8641666666667]}, "properties": {"series_id": 36968, "station_id": 7279, "station": "Iruya - San José", "river": "", "var_id": 2, "network": "sat2", "cat_start": "2024-09-13T16:00:00", "cat_end": "2026-08-30T21:00:00", "donor_series_id": 6329, "donor_station": "Iruya - San José", "donor_river": "Iruya", "match_type": "coords", "match_km": 0.22, "river_agrees": "unknown", "combined_years": 2.0, "tier": 3}}, {"type": "Feature", "geometry": {"type": "Point", "coordinates": [-64.7052777777778, -22.8641666666667]}, "properties": {"series_id": 38263, "station_id": 7279, "station": "Iruya - San José", "river": "", "var_id": 39, "network": "sat2", "cat_start": "2024-09-14T00:00:00", "cat_end": "2026-08-29T00:00:00", "donor_series_id": 6329, "donor_station": "Iruya - San José", "donor_river": "Iruya", "match_type": "coords", "match_km": 0.22, "river_agrees": "unknown", "combined_years": 2.0, "tier": 3}}, {"type": "Feature", "geometry": {"type": "Point", "coordinates": [-62.7386111111111, -34.3619444444444]}, "properties": {"series_id": 36986, "station_id": 7281, "station": "Lag. La Picasa-Aguas AbajoRN33", "river": "", "var_id": 2, "network": "sat2", "cat_start": "2024-09-13T16:00:00", "cat_end": "2026-08-30T21:00:00", "donor_series_id": "", "donor_station": "", "donor_river": "", "match_type": "", "match_km": "", "river_agrees": "", "combined_years": 2.0, "tier": 3}}, {"type": "Feature", "geometry": {"type": "Point", "coordinates": [-62.7386111111111, -34.3619444444444]}, "properties": {"series_id": 38264, "station_id": 7281, "station": "Lag. La Picasa-Aguas AbajoRN33", "river": "", "var_id": 39, "network": "sat2", "cat_start": "2024-09-14T00:00:00", "cat_end": "2026-08-29T00:00:00", "donor_series_id": "", "donor_station": "", "donor_river": "", "match_type": "", "match_km": "", "river_agrees": "", "combined_years": 2.0, "tier": 3}}, {"type": "Feature", "geometry": {"type": "Point", "coordinates": [-61.4552777777778, -33.6508333333333]}, "properties": {"series_id": 36996, "station_id": 7283, "station": "Laguna Melincué - Melincué", "river": "", "var_id": 2, "network": "sat2", "cat_start": "2024-09-13T16:00:00", "cat_end": "2026-08-30T21:00:00", "donor_series_id": "", "donor_station": "", "donor_river": "", "match_type": "", "match_km": "", "river_agrees": "", "combined_years": 2.0, "tier": 3}}, {"type": "Feature", "geometry": {"type": "Point", "coordinates": [-61.4552777777778, -33.6508333333333]}, "properties": {"series_id": 38266, "station_id": 7283, "station": "Laguna Melincué - Melincué", "river": "", "var_id": 39, "network": "sat2", "cat_start": "2024-09-14T00:00:00", "cat_end": "2026-08-29T00:00:00", "donor_series_id": "", "donor_station": "", "donor_river": "", "match_type": "", "match_km": "", "river_agrees": "", "combined_years": 2.0, "tier": 3}}, {"type": "Feature", "geometry": {"type": "Point", "coordinates": [-65.8230555555556, -26.0119444444444]}, "properties": {"series_id": 37013, "station_id": 7286, "station": "Las Conchas - La Punilla RP44", "river": "", "var_id": 2, "network": "sat2", "cat_start": "2024-09-13T16:00:00", "cat_end": "2026-08-30T16:00:00", "donor_series_id": 6365, "donor_station": "De las Conchas - La Punilla", "donor_river": "De las Conchas", "match_type": "coords", "match_km": 0.01, "river_agrees": "unknown", "combined_years": 17.6, "tier": 2}}, {"type": "Feature", "geometry": {"type": "Point", "coordinates": [-65.8230555555556, -26.0119444444444]}, "properties": {"series_id": 38268, "station_id": 7286, "station": "Las Conchas - La Punilla RP44", "river": "", "var_id": 39, "network": "sat2", "cat_start": "2024-09-14T00:00:00", "cat_end": "2026-08-29T00:00:00", "donor_series_id": 6365, "donor_station": "De las Conchas - La Punilla", "donor_river": "De las Conchas", "match_type": "coords", "match_km": 0.01, "river_agrees": "unknown", "combined_years": 17.6, "tier": 2}}, {"type": "Feature", "geometry": {"type": "Point", "coordinates": [-71.7138888888889, -41.5561111111111]}, "properties": {"series_id": 37016, "station_id": 7287, "station": "Manso - Inferior", "river": "", "var_id": 2, "network": "sat2", "cat_start": "2024-09-13T20:00:00", "cat_end": "2026-08-29T20:00:00", "donor_series_id": "", "donor_station": "", "donor_river": "", "match_type": "", "match_km": "", "river_agrees": "", "combined_years": 2.0, "tier": 3}}, {"type": "Feature", "geometry": {"type": "Point", "coordinates": [-71.7138888888889, -41.5561111111111]}, "properties": {"series_id": 38269, "station_id": 7287, "station": "Manso - Inferior", "river": "", "var_id": 39, "network": "sat2", "cat_start": "2024-09-14T00:00:00", "cat_end": "2026-08-29T00:00:00", "donor_series_id": "", "donor_station": "", "donor_river": "", "match_type": "", "match_km": "", "river_agrees": "", "combined_years": 2.0, "tier": 3}}, {"type": "Feature", "geometry": {"type": "Point", "coordinates": [-65.2447222222222, -27.6572222222222]}, "properties": {"series_id": 38273, "station_id": 7291, "station": "Marapa - RN Nº 157 Lamadrid", "river": "", "var_id": 39, "network": "sat2", "cat_start": "2024-09-14T00:00:00", "cat_end": "2026-08-29T00:00:00", "donor_series_id": "", "donor_station": "", "donor_river": "", "match_type": "", "match_km": "", "river_agrees": "", "combined_years": 2.0, "tier": 3}}, {"type": "Feature", "geometry": {"type": "Point", "coordinates": [-67.6230555555556, -39.1125]}, "properties": {"series_id": 38275, "station_id": 7294, "station": "Negro - Paso Cordova", "river": "", "var_id": 39, "network": "sat2", "cat_start": "2025-07-18T00:00:00", "cat_end": "2026-08-29T00:00:00", "donor_series_id": "", "donor_station": "", "donor_river": "", "match_type": "", "match_km": "", "river_agrees": "", "combined_years": 1.1, "tier": 3}}, {"type": "Feature", "geometry": {"type": "Point", "coordinates": [-68.1705555555556, -38.7247222222222]}, "properties": {"series_id": 38278, "station_id": 7297, "station": "Neuquén - Dique Ballester", "river": "", "var_id": 39, "network": "sat2", "cat_start": "2024-09-14T00:00:00", "cat_end": "2026-08-29T00:00:00", "donor_series_id": "", "donor_station": "", "donor_river": "", "match_type": "", "match_km": "", "river_agrees": "", "combined_years": 2.0, "tier": 3}}, {"type": "Feature", "geometry": {"type": "Point", "coordinates": [-59.8647222222222, -32.8419444444444]}, "properties": {"series_id": 38279, "station_id": 7301, "station": "Nogoya - RP Nº 11", "river": "", "var_id": 39, "network": "sat2", "cat_start": "2024-10-08T00:00:00", "cat_end": "2026-08-29T00:00:00", "donor_series_id": 29873, "donor_station": "Nogoyá Ruta Provincial nº 11", "donor_river": "NOGOYA", "match_type": "coords", "match_km": 0.01, "river_agrees": "unknown", "combined_years": 25.3, "tier": 2}}, {"type": "Feature", "geometry": {"type": "Point", "coordinates": [-60.2833333333333, -31.5741666666667]}, "properties": {"series_id": 38280, "station_id": 7302, "station": "Paraná - HID Chapetón", "river": "", "var_id": 39, "network": "sat2", "cat_start": "2024-09-14T00:00:00", "cat_end": "2026-08-29T00:00:00", "donor_series_id": 30073, "donor_station": "PARANA - CHAPETON", "donor_river": "Paraná", "match_type": "coords", "match_km": 0.01, "river_agrees": "unknown", "combined_years": 2.2, "tier": 3}}, {"type": "Feature", "geometry": {"type": "Point", "coordinates": [-54.5941666666667, -25.6047222222222]}, "properties": {"series_id": 38281, "station_id": 7303, "station": "Paraná - Ita Cajón", "river": "", "var_id": 39, "network": "sat2", "cat_start": "2024-09-14T00:00:00", "cat_end": "2026-08-29T00:00:00", "donor_series_id": 6499, "donor_station": "Paraná - Itá Cajón", "donor_river": "Paraná", "match_type": "coords", "match_km": 0.15, "river_agrees": "unknown", "combined_years": 25.3, "tier": 2}}, {"type": "Feature", "geometry": {"type": "Point", "coordinates": [-54.7558333333333, -26.7508333333333]}, "properties": {"series_id": 38282, "station_id": 7304, "station": "Paranay - El Alcázar", "river": "", "var_id": 39, "network": "sat2", "cat_start": "2024-09-14T00:00:00", "cat_end": "2026-08-29T00:00:00", "donor_series_id": 35456, "donor_station": "Paranay - El Alcazar", "donor_river": "Paranay", "match_type": "coords", "match_km": 0.05, "river_agrees": "unknown", "combined_years": 25.3, "tier": 2}}, {"type": "Feature", "geometry": {"type": "Point", "coordinates": [-71.66, -44.2402777777778]}, "properties": {"series_id": 38283, "station_id": 7306, "station": "Pico - Frontera", "river": "", "var_id": 39, "network": "sat2", "cat_start": "2024-09-14T00:00:00", "cat_end": "2026-08-29T00:00:00", "donor_series_id": 30035, "donor_station": "Pico - Frontera", "donor_river": "Río Pico", "match_type": "coords", "match_km": 0.01, "river_agrees": "unknown", "combined_years": 2.2, "tier": 3}}, {"type": "Feature", "geometry": {"type": "Point", "coordinates": [-65.2277777777778, -27.3186111111111]}, "properties": {"series_id": 38284, "station_id": 7378, "station": "Salí - Simoca", "river": "", "var_id": 39, "network": "sat2", "cat_start": "2024-09-14T00:00:00", "cat_end": "2026-08-29T00:00:00", "donor_series_id": "", "donor_station": "", "donor_river": "", "match_type": "", "match_km": "", "river_agrees": "", "combined_years": 2.0, "tier": 3}}, {"type": "Feature", "geometry": {"type": "Point", "coordinates": [-64.3536111111111, -33.2844444444444]}, "properties": {"series_id": 37558, "station_id": 7381, "station": "Santa Catalina - Catalina 630", "river": "", "var_id": 2, "network": "sat2", "cat_start": "2024-09-13T16:00:00", "cat_end": "2026-08-30T21:00:00", "donor_series_id": "", "donor_station": "", "donor_river": "", "match_type": "", "match_km": "", "river_agrees": "", "combined_years": 2.0, "tier": 3}}, {"type": "Feature", "geometry": {"type": "Point", "coordinates": [-64.2738888888889, -30.8491666666667]}, "properties": {"series_id": 37559, "station_id": 7382, "station": "Santa Catalina - Colonia Hogar", "river": "", "var_id": 2, "network": "sat2", "cat_start": "2024-09-26T00:00:00", "cat_end": "2026-08-30T16:00:00", "donor_series_id": "", "donor_station": "", "donor_river": "", "match_type": "", "match_km": "", "river_agrees": "", "combined_years": 1.9, "tier": 3}}, {"type": "Feature", "geometry": {"type": "Point", "coordinates": [-64.2738888888889, -30.8491666666667]}, "properties": {"series_id": 38287, "station_id": 7382, "station": "Santa Catalina - Colonia Hogar", "river": "", "var_id": 39, "network": "sat2", "cat_start": "2024-09-27T00:00:00", "cat_end": "2026-08-29T00:00:00", "donor_series_id": "", "donor_station": "", "donor_river": "", "match_type": "", "match_km": "", "river_agrees": "", "combined_years": 1.9, "tier": 3}}, {"type": "Feature", "geometry": {"type": "Point", "coordinates": [-70.8797222222222, -43.3497222222222]}, "properties": {"series_id": 38289, "station_id": 7385, "station": "Tecka - Estancia Niedo", "river": "", "var_id": 39, "network": "sat2", "cat_start": "2024-09-14T00:00:00", "cat_end": "2026-08-29T00:00:00", "donor_series_id": "", "donor_station": "", "donor_river": "", "match_type": "", "match_km": "", "river_agrees": "", "combined_years": 2.0, "tier": 3}}, {"type": "Feature", "geometry": {"type": "Point", "coordinates": [-63.2447222222222, -32.4219444444444]}, "properties": {"series_id": 37578, "station_id": 7386, "station": "Tercero - Villa María", "river": "", "var_id": 2, "network": "sat2", "cat_start": "2024-09-13T16:00:00", "cat_end": "2026-08-30T21:00:00", "donor_series_id": "", "donor_station": "", "donor_river": "", "match_type": "", "match_km": "", "river_agrees": "", "combined_years": 2.0, "tier": 3}}, {"type": "Feature", "geometry": {"type": "Point", "coordinates": [-71.3752777777778, -41.9505555555556]}, "properties": {"series_id": 38291, "station_id": 7387, "station": "Ternero - Cuesta del Ternero", "river": "", "var_id": 39, "network": "sat2", "cat_start": "2025-06-12T00:00:00", "cat_end": "2026-08-29T00:00:00", "donor_series_id": 29950, "donor_station": "EL TERNERO - CUESTA DEL TERNERO", "donor_river": "El Ternero", "match_type": "coords", "match_km": 0.62, "river_agrees": "unknown", "combined_years": 2.2, "tier": 3}}, {"type": "Feature", "geometry": {"type": "Point", "coordinates": [-68.0613888888889, -33.3072222222222]}, "properties": {"series_id": 38292, "station_id": 7388, "station": "Tunuyán - Las Catitas", "river": "", "var_id": 39, "network": "sat2", "cat_start": "2024-09-14T00:00:00", "cat_end": "2026-08-29T00:00:00", "donor_series_id": "", "donor_station": "", "donor_river": "", "match_type": "", "match_km": "", "river_agrees": "", "combined_years": 2.0, "tier": 3}}, {"type": "Feature", "geometry": {"type": "Point", "coordinates": [-69.7625, -32.8469444444444]}, "properties": {"series_id": 38294, "station_id": 7392, "station": "Vacas - Punta de Vacas  ", "river": "", "var_id": 39, "network": "sat2", "cat_start": "2024-09-14T00:00:00", "cat_end": "2026-08-29T00:00:00", "donor_series_id": "", "donor_station": "", "donor_river": "", "match_type": "", "match_km": "", "river_agrees": "", "combined_years": 2.0, "tier": 3}}, {"type": "Feature", "geometry": {"type": "Point", "coordinates": [-58.579646, -34.123753]}, "properties": {"series_id": 42282, "station_id": 8173, "station": "Miní - Ministerio", "river": "Paraná Miní", "var_id": 2, "network": "ina_delta", "cat_start": "2026-03-02T12:45:10", "cat_end": "2026-08-30T20:45:11", "donor_series_id": "", "donor_station": "", "donor_river": "", "match_type": "", "match_km": "", "river_agrees": "", "combined_years": 0.5, "tier": 3}}, {"type": "Feature", "geometry": {"type": "Point", "coordinates": [-70.2480555555556, -45.6836111111111]}, "properties": {"series_id": 43908, "station_id": 8322, "station": "Mayo - Paso Río Mayo - HID", "river": "", "var_id": 2, "network": "sat2", "cat_start": "2026-07-12T01:00:00", "cat_end": "2026-08-30T21:00:00", "donor_series_id": 30030, "donor_station": "MAYO - PASO RIO MAYO", "donor_river": "RÃ­o Mayo", "match_type": "coords", "match_km": 0.49, "river_agrees": "unknown", "combined_years": 18.7, "tier": 2}}, {"type": "Feature", "geometry": {"type": "Point", "coordinates": [-63.7244444444444, -26.3741666666667]}, "properties": {"series_id": 38455, "station_id": 2807, "station": "Salado - El Arenal", "river": "", "var_id": 101, "network": "sat2", "cat_start": "2024-09-16T20:00:00", "cat_end": "2026-08-30T16:00:00", "donor_series_id": 6309, "donor_station": "Salado - El Arenal", "donor_river": "Salado", "match_type": "coords", "match_km": 0.01, "river_agrees": "unknown", "combined_years": 16.4, "tier": 2}}, {"type": "Feature", "geometry": {"type": "Point", "coordinates": [-72.8694444444444, -49.3944444444444]}, "properties": {"series_id": 38460, "station_id": 2812, "station": "Lago Viedma - Lago Viedma", "river": "", "var_id": 101, "network": "sat2", "cat_start": "2024-09-16T20:00:00", "cat_end": "2026-08-30T12:00:00", "donor_series_id": 6132, "donor_station": "LAGO VIEDMA - LAGO VIEDMA", "donor_river": "Lago Viedma", "match_type": "coords", "match_km": 0.02, "river_agrees": "unknown", "combined_years": 7.1, "tier": 3}}, {"type": "Feature", "geometry": {"type": "Point", "coordinates": [-71.4227777777778, -42.2083333333333]}, "properties": {"series_id": 38442, "station_id": 2834, "station": "Lago Epuyen - Muelle", "river": "", "var_id": 101, "network": "sat2", "cat_start": "2024-09-16T20:00:00", "cat_end": "2026-08-30T16:00:00", "donor_series_id": 6432, "donor_station": "EPUYÉN - MUELLE", "donor_river": "Epuyén", "match_type": "coords", "match_km": 0.39, "river_agrees": "unknown", "combined_years": 7.1, "tier": 3}}, {"type": "Feature", "geometry": {"type": "Point", "coordinates": [-71.8719444444444, -47.5113888888889]}, "properties": {"series_id": 38447, "station_id": 2842, "station": "Lago Posadas - Posadas", "river": "", "var_id": 101, "network": "sat2", "cat_start": "2024-09-16T20:00:00", "cat_end": "2026-08-30T08:00:00", "donor_series_id": 6163, "donor_station": "LAGO POSADAS - LAGO POSADAS", "donor_river": "Lago Posadas", "match_type": "coords", "match_km": 0.02, "river_agrees": "unknown", "combined_years": 16.5, "tier": 2}}, {"type": "Feature", "geometry": {"type": "Point", "coordinates": [-71.9680555555556, -47.3758333333333]}, "properties": {"series_id": 38449, "station_id": 2844, "station": "Lago Pueyrredón - Pueyrredón", "river": "", "var_id": 101, "network": "sat2", "cat_start": "2024-09-16T20:00:00", "cat_end": "2026-08-30T16:00:00", "donor_series_id": 29922, "donor_station": "LAGO PUEYRREDON - LAGO PUEYRREDON", "donor_river": "Lago Pueyrredón", "match_type": "coords", "match_km": 0.04, "river_agrees": "unknown", "combined_years": 2.2, "tier": 3}}, {"type": "Feature", "geometry": {"type": "Point", "coordinates": [-62.5236111111111, -22.3775]}, "properties": {"series_id": 38484, "station_id": 2846, "station": "Pilcomayo - Misión La Paz", "river": "", "var_id": 101, "network": "sat2", "cat_start": "2024-09-16T20:00:00", "cat_end": "2026-08-30T16:00:00", "donor_series_id": 6363, "donor_station": "Pilcomayo - La Paz", "donor_river": "Pilcomayo", "match_type": "coords", "match_km": 0.01, "river_agrees": "unknown", "combined_years": 84.7, "tier": 2}}, {"type": "Feature", "geometry": {"type": "Point", "coordinates": [-59.2702777777778, -33.1005555555556]}, "properties": {"series_id": 38457, "station_id": 2853, "station": "Gualeguay - Paso Alonso", "river": "", "var_id": 101, "network": "sat2", "cat_start": "2024-09-16T20:00:00", "cat_end": "2026-08-30T16:00:00", "donor_series_id": 42624, "donor_station": "Paso Alonso", "donor_river": "GUALEGUAY", "match_type": "coords", "match_km": 0.01, "river_agrees": "unknown", "combined_years": 25.2, "tier": 2}}, {"type": "Feature", "geometry": {"type": "Point", "coordinates": [-60.645, -32.0577777777778]}, "properties": {"series_id": 38465, "station_id": 5900, "station": "Paraná - Diamante", "river": "Paraná", "var_id": 101, "network": "sat2", "cat_start": "2024-09-16T20:00:00", "cat_end": "2026-08-30T16:00:00", "donor_series_id": "", "donor_station": "", "donor_river": "", "match_type": "", "match_km": "", "river_agrees": "", "combined_years": 2.0, "tier": 3}}, {"type": "Feature", "geometry": {"type": "Point", "coordinates": [-60.32, -33.2272222222222]}, "properties": {"series_id": 38462, "station_id": 5905, "station": "Paraná - Villa Constitución", "river": "Paraná", "var_id": 101, "network": "sat2", "cat_start": "2024-09-16T20:00:00", "cat_end": "2026-08-30T16:00:00", "donor_series_id": "", "donor_station": "", "donor_river": "", "match_type": "", "match_km": "", "river_agrees": "", "combined_years": 2.0, "tier": 3}}, {"type": "Feature", "geometry": {"type": "Point", "coordinates": [-60.7261111111111, -32.7197222222222]}, "properties": {"series_id": 38467, "station_id": 5912, "station": "Paraná - Timbúes", "river": "", "var_id": 101, "network": "sat2", "cat_start": "2024-09-16T20:00:00", "cat_end": "2026-08-30T16:00:00", "donor_series_id": "", "donor_station": "", "donor_river": "", "match_type": "", "match_km": "", "river_agrees": "", "combined_years": 2.0, "tier": 3}}, {"type": "Feature", "geometry": {"type": "Point", "coordinates": [-59.7863888888889, -29.2788888888889]}, "properties": {"series_id": 38711, "station_id": 6356, "station": "Aº Malabrigo - RN Nº11", "river": "", "var_id": 101, "network": "sat2", "cat_start": "2024-12-20T16:00:00", "cat_end": "2026-08-30T16:00:00", "donor_series_id": 6661, "donor_station": "Ruta Nacional nº 11", "donor_river": "MALABRIGO", "match_type": "coords", "match_km": 0.07, "river_agrees": "unknown", "combined_years": 1.7, "tier": 3}}, {"type": "Feature", "geometry": {"type": "Point", "coordinates": [-60.9572222222222, -34.6113888888889]}, "properties": {"series_id": 38713, "station_id": 6359, "station": "Salado - Puente Carretero", "river": "", "var_id": 101, "network": "sat2", "cat_start": "2024-09-16T20:00:00", "cat_end": "2026-08-30T16:00:00", "donor_series_id": "", "donor_station": "", "donor_river": "", "match_type": "", "match_km": "", "river_agrees": "", "combined_years": 2.0, "tier": 3}}, {"type": "Feature", "geometry": {"type": "Point", "coordinates": [-62.3322222222222, -32.9316666666667]}, "properties": {"series_id": 38714, "station_id": 6360, "station": "Saladillo - Dique Aforador", "river": "", "var_id": 101, "network": "sat2", "cat_start": "2024-09-16T20:00:00", "cat_end": "2026-08-30T16:00:00", "donor_series_id": "", "donor_station": "", "donor_river": "", "match_type": "", "match_km": "", "river_agrees": "", "combined_years": 2.0, "tier": 3}}, {"type": "Feature", "geometry": {"type": "Point", "coordinates": [-61.4372222222222, -33.0138888888889]}, "properties": {"series_id": 44941, "station_id": 6364, "station": "Carcarañá - RN 178", "river": "", "var_id": 2, "network": "sat2", "cat_start": "2026-07-27T02:00:00", "cat_end": "2026-08-30T21:00:00", "donor_series_id": "", "donor_station": "", "donor_river": "", "match_type": "", "match_km": "", "river_agrees": "", "combined_years": 0.1, "tier": 3}}, {"type": "Feature", "geometry": {"type": "Point", "coordinates": [-64.7672222222222, -32.855]}, "properties": {"series_id": 38633, "station_id": 6383, "station": "De Las Cañitas - La Tapa", "river": "", "var_id": 101, "network": "sat2", "cat_start": "2024-09-16T20:00:00", "cat_end": "2026-08-30T16:00:00", "donor_series_id": "", "donor_station": "", "donor_river": "", "match_type": "", "match_km": "", "river_agrees": "", "combined_years": 2.0, "tier": 3}}, {"type": "Feature", "geometry": {"type": "Point", "coordinates": [-69.1605555555556, -43.4244444444444]}, "properties": {"series_id": 38634, "station_id": 6386, "station": "Chubut - Cerro Condor", "river": "", "var_id": 101, "network": "sat2", "cat_start": "2024-09-16T20:00:00", "cat_end": "2026-08-30T16:00:00", "donor_series_id": "", "donor_station": "", "donor_river": "", "match_type": "", "match_km": "", "river_agrees": "", "combined_years": 2.0, "tier": 3}}, {"type": "Feature", "geometry": {"type": "Point", "coordinates": [-63.7230555555556, -34.6533333333333]}, "properties": {"series_id": 38504, "station_id": 6391, "station": "Laguna La Margarita", "river": "", "var_id": 101, "network": "sat2", "cat_start": "2024-09-16T20:00:00", "cat_end": "2026-08-30T16:00:00", "donor_series_id": "", "donor_station": "", "donor_river": "", "match_type": "", "match_km": "", "river_agrees": "", "combined_years": 2.0, "tier": 3}}, {"type": "Feature", "geometry": {"type": "Point", "coordinates": [-62.6755555555556, -39.5247222222222]}, "properties": {"series_id": 38572, "station_id": 6394, "station": "Colorado - Pedro Luro", "river": "", "var_id": 101, "network": "sat2", "cat_start": "2024-09-16T20:00:00", "cat_end": "2026-08-30T16:00:00", "donor_series_id": "", "donor_station": "", "donor_river": "", "match_type": "", "match_km": "", "river_agrees": "", "combined_years": 2.0, "tier": 3}}, {"type": "Feature", "geometry": {"type": "Point", "coordinates": [-59.8130555555556, -33.5941666666667]}, "properties": {"series_id": 38595, "station_id": 6395, "station": "Paraná - Vuelta de Obligado", "river": "", "var_id": 101, "network": "sat2", "cat_start": "2024-09-16T20:00:00", "cat_end": "2026-08-30T16:00:00", "donor_series_id": "", "donor_station": "", "donor_river": "", "match_type": "", "match_km": "", "river_agrees": "", "combined_years": 2.0, "tier": 3}}, {"type": "Feature", "geometry": {"type": "Point", "coordinates": [-60.5702777777778, -33.9041666666667]}, "properties": {"series_id": 38478, "station_id": 6397, "station": "Aº Pergamino - Pergamino", "river": "", "var_id": 101, "network": "sat2", "cat_start": "2024-09-16T20:00:00", "cat_end": "2026-08-30T16:00:00", "donor_series_id": "", "donor_station": "", "donor_river": "", "match_type": "", "match_km": "", "river_agrees": "", "combined_years": 2.0, "tier": 3}}, {"type": "Feature", "geometry": {"type": "Point", "coordinates": [-60.3230555555556, -33.3505555555556]}, "properties": {"series_id": 38474, "station_id": 6401, "station": "Aº Del Medio - Motomel", "river": "", "var_id": 101, "network": "sat2", "cat_start": "2024-09-16T20:00:00", "cat_end": "2026-08-30T16:00:00", "donor_series_id": "", "donor_station": "", "donor_river": "", "match_type": "", "match_km": "", "river_agrees": "", "combined_years": 2.0, "tier": 3}}, {"type": "Feature", "geometry": {"type": "Point", "coordinates": [-58.2208333333333, -32.4775]}, "properties": {"series_id": 38549, "station_id": 6405, "station": "Uruguay - Concep. del Uruguay", "river": "", "var_id": 101, "network": "sat2", "cat_start": "2024-09-16T20:00:00", "cat_end": "2026-08-30T16:00:00", "donor_series_id": 6561, "donor_station": "Uruguay  - Concepción", "donor_river": "Uruguay", "match_type": "coords", "match_km": 0.02, "river_agrees": "unknown", "combined_years": 25.3, "tier": 2}}, {"type": "Feature", "geometry": {"type": "Point", "coordinates": [-58.0588888888889, -30.1083333333333]}, "properties": {"series_id": 38597, "station_id": 6422, "station": "Mocoretá - RN Nº 127", "river": "", "var_id": 101, "network": "sat2", "cat_start": "2024-09-16T20:00:00", "cat_end": "2026-08-30T12:00:00", "donor_series_id": 6580, "donor_station": "Mocoretá - Rnnº 127", "donor_river": "Mocoretá", "match_type": "coords", "match_km": 0.11, "river_agrees": "unknown", "combined_years": 16.3, "tier": 2}}, {"type": "Feature", "geometry": {"type": "Point", "coordinates": [-60.4261111111111, -32.3058333333333]}, "properties": {"series_id": 38486, "station_id": 6423, "station": "Aº Del Doll - RN 11", "river": "", "var_id": 101, "network": "sat2", "cat_start": "2024-09-16T20:00:00", "cat_end": "2026-08-30T12:00:00", "donor_series_id": 30074, "donor_station": "DEL DOLL - RUTA PROVINCIAL Nº 011", "donor_river": "Del Doll", "match_type": "coords", "match_km": 0.04, "river_agrees": "unknown", "combined_years": 2.2, "tier": 3}}, {"type": "Feature", "geometry": {"type": "Point", "coordinates": [-61.6969444444444, -38.7608333333333]}, "properties": {"series_id": 38477, "station_id": 6426, "station": "Sauce Grande - RN Nº3", "river": "", "var_id": 101, "network": "sat2", "cat_start": "2024-09-16T20:00:00", "cat_end": "2026-08-30T16:00:00", "donor_series_id": "", "donor_station": "", "donor_river": "", "match_type": "", "match_km": "", "river_agrees": "", "combined_years": 2.0, "tier": 3}}, {"type": "Feature", "geometry": {"type": "Point", "coordinates": [-63.2375, -39.3669444444444]}, "properties": {"series_id": 38513, "station_id": 6430, "station": "Colorado - Paso Alsina", "river": "", "var_id": 101, "network": "sat2", "cat_start": "2024-09-16T20:00:00", "cat_end": "2026-08-30T16:00:00", "donor_series_id": "", "donor_station": "", "donor_river": "", "match_type": "", "match_km": "", "river_agrees": "", "combined_years": 2.0, "tier": 3}}, {"type": "Feature", "geometry": {"type": "Point", "coordinates": [-59.1961111111111, -27.2633333333333]}, "properties": {"series_id": 38638, "station_id": 6432, "station": "Negro - Laguna Blanca", "river": "", "var_id": 101, "network": "sat2", "cat_start": "2024-09-16T20:00:00", "cat_end": "2026-08-30T16:00:00", "donor_series_id": "", "donor_station": "", "donor_river": "", "match_type": "", "match_km": "", "river_agrees": "", "combined_years": 2.0, "tier": 3}}, {"type": "Feature", "geometry": {"type": "Point", "coordinates": [-68.9269444444444, -49.9986111111111]}, "properties": {"series_id": 38499, "station_id": 6442, "station": "Sta. Cruz-Cmte Piedrabuena MET", "river": "", "var_id": 101, "network": "sat2", "cat_start": "2024-09-16T20:00:00", "cat_end": "2026-08-30T16:00:00", "donor_series_id": "", "donor_station": "", "donor_river": "", "match_type": "", "match_km": "", "river_agrees": "", "combined_years": 2.0, "tier": 3}}, {"type": "Feature", "geometry": {"type": "Point", "coordinates": [-66.0633333333333, -33.1058333333333]}, "properties": {"series_id": 38498, "station_id": 6444, "station": "Trapiche - Hosteria El Trapich", "river": "", "var_id": 101, "network": "sat2", "cat_start": "2024-09-16T20:00:00", "cat_end": "2026-08-30T16:00:00", "donor_series_id": "", "donor_station": "", "donor_river": "", "match_type": "", "match_km": "", "river_agrees": "", "combined_years": 2.0, "tier": 3}}, {"type": "Feature", "geometry": {"type": "Point", "coordinates": [-58.61, -27.2891666666667]}, "properties": {"series_id": 38681, "station_id": 6449, "station": "Paraguay - Isla del Cerrito", "river": "", "var_id": 101, "network": "sat2", "cat_start": "2024-09-16T20:00:00", "cat_end": "2026-08-30T16:00:00", "donor_series_id": 6220, "donor_station": "Paraguay - Isla del Cerrito", "donor_river": "Paraguay", "match_type": "coords", "match_km": 0.04, "river_agrees": "unknown", "combined_years": 10.0, "tier": 2}}, {"type": "Feature", "geometry": {"type": "Point", "coordinates": [-64.0066666666667, -28.3291666666667]}, "properties": {"series_id": 38575, "station_id": 6456, "station": "Dulce - Villa San Martín", "river": "", "var_id": 101, "network": "sat2", "cat_start": "2024-09-16T20:00:00", "cat_end": "2026-08-30T12:00:00", "donor_series_id": "", "donor_station": "", "donor_river": "", "match_type": "", "match_km": "", "river_agrees": "", "combined_years": 2.0, "tier": 3}}, {"type": "Feature", "geometry": {"type": "Point", "coordinates": [-54.6205555555556, -25.9166666666667]}, "properties": {"series_id": 38639, "station_id": 6458, "station": "Paraná - Puerto Libertad", "river": "", "var_id": 101, "network": "sat2", "cat_start": "2024-09-16T20:00:00", "cat_end": "2026-08-30T12:00:00", "donor_series_id": 6503, "donor_station": "Paraná - Puerto Libertad", "donor_river": "Paraná", "match_type": "coords", "match_km": 0.02, "river_agrees": "unknown", "combined_years": 11.4, "tier": 2}}, {"type": "Feature", "geometry": {"type": "Point", "coordinates": [-63.8905555555556, -25.7163888888889]}, "properties": {"series_id": 38483, "station_id": 6459, "station": "Canal de Dios - Cruz Bajada", "river": "", "var_id": 101, "network": "sat2", "cat_start": "2024-09-16T20:00:00", "cat_end": "2026-08-30T12:00:00", "donor_series_id": "", "donor_station": "", "donor_river": "", "match_type": "", "match_km": "", "river_agrees": "", "combined_years": 2.0, "tier": 3}}, {"type": "Feature", "geometry": {"type": "Point", "coordinates": [-59.4738888888889, -28.7766666666667]}, "properties": {"series_id": 38482, "station_id": 6461, "station": "Aº Las Garzas - RN Nº 11", "river": "", "var_id": 101, "network": "sat2", "cat_start": "2024-09-16T20:00:00", "cat_end": "2026-08-30T16:00:00", "donor_series_id": "", "donor_station": "", "donor_river": "", "match_type": "", "match_km": "", "river_agrees": "", "combined_years": 2.0, "tier": 3}}, {"type": "Feature", "geometry": {"type": "Point", "coordinates": [-67.0430555555556, -38.4136111111111]}, "properties": {"series_id": 38494, "station_id": 6462, "station": "Colorado - Puesto Hernández", "river": "", "var_id": 101, "network": "sat2", "cat_start": "2024-09-16T20:00:00", "cat_end": "2026-08-30T16:00:00", "donor_series_id": "", "donor_station": "", "donor_river": "", "match_type": "", "match_km": "", "river_agrees": "", "combined_years": 2.0, "tier": 3}}, {"type": "Feature", "geometry": {"type": "Point", "coordinates": [-65.3163888888889, -26.4775]}, "properties": {"series_id": 38487, "station_id": 6469, "station": "Vipos - Toma Obras Sanitarias", "river": "", "var_id": 101, "network": "sat2", "cat_start": "2024-09-16T20:00:00", "cat_end": "2026-08-30T16:00:00", "donor_series_id": "", "donor_station": "", "donor_river": "", "match_type": "", "match_km": "", "river_agrees": "", "combined_years": 2.0, "tier": 3}}, {"type": "Feature", "geometry": {"type": "Point", "coordinates": [-65.3769444444444, -33.7391666666667]}, "properties": {"series_id": 38535, "station_id": 6472, "station": "Quinto -Av Circunvalación", "river": "", "var_id": 101, "network": "sat2", "cat_start": "2026-06-05T20:00:00", "cat_end": "2026-08-30T16:00:00", "donor_series_id": "", "donor_station": "", "donor_river": "", "match_type": "", "match_km": "", "river_agrees": "", "combined_years": 0.2, "tier": 3}}, {"type": "Feature", "geometry": {"type": "Point", "coordinates": [-64.5119444444444, -26.2188888888889]}, "properties": {"series_id": 38531, "station_id": 6498, "station": "Urueña -7 de Abril - RN34", "river": "", "var_id": 101, "network": "sat2", "cat_start": "2024-09-16T20:00:00", "cat_end": "2026-08-30T16:00:00", "donor_series_id": "", "donor_station": "", "donor_river": "", "match_type": "", "match_km": "", "river_agrees": "", "combined_years": 2.0, "tier": 3}}, {"type": "Feature", "geometry": {"type": "Point", "coordinates": [-65.3175, -27.3361111111111]}, "properties": {"series_id": 38515, "station_id": 6504, "station": "Seco - RN Nº 157", "river": "", "var_id": 101, "network": "sat2", "cat_start": "2024-09-16T20:00:00", "cat_end": "2026-08-30T16:00:00", "donor_series_id": "", "donor_station": "", "donor_river": "", "match_type": "", "match_km": "", "river_agrees": "", "combined_years": 2.0, "tier": 3}}, {"type": "Feature", "geometry": {"type": "Point", "coordinates": [-65.2663888888889, -27.5211111111111]}, "properties": {"series_id": 38658, "station_id": 6505, "station": "Chico - RN Nº157 Monteagudo", "river": "", "var_id": 101, "network": "sat2", "cat_start": "2024-09-16T20:00:00", "cat_end": "2026-08-30T16:00:00", "donor_series_id": "", "donor_station": "", "donor_river": "", "match_type": "", "match_km": "", "river_agrees": "", "combined_years": 2.0, "tier": 3}}, {"type": "Feature", "geometry": {"type": "Point", "coordinates": [-65.1619444444444, -26.7191666666667]}, "properties": {"series_id": 38668, "station_id": 6506, "station": "Salí - Alta Gracia", "river": "", "var_id": 101, "network": "sat2", "cat_start": "2024-09-16T20:00:00", "cat_end": "2026-08-30T16:00:00", "donor_series_id": "", "donor_station": "", "donor_river": "", "match_type": "", "match_km": "", "river_agrees": "", "combined_years": 2.0, "tier": 3}}, {"type": "Feature", "geometry": {"type": "Point", "coordinates": [-70.2291666666667, -37.4063888888889]}, "properties": {"series_id": 38553, "station_id": 6507, "station": "Neuquén - Chos Malal -RN40", "river": "", "var_id": 101, "network": "sat2", "cat_start": "2024-09-16T20:00:00", "cat_end": "2026-08-30T16:00:00", "donor_series_id": "", "donor_station": "", "donor_river": "", "match_type": "", "match_km": "", "river_agrees": "", "combined_years": 2.0, "tier": 3}}, {"type": "Feature", "geometry": {"type": "Point", "coordinates": [-67.1, -36.6852777777778]}, "properties": {"series_id": 38516, "station_id": 6523, "station": "Laguna El Uncal - AM20", "river": "", "var_id": 101, "network": "sat2", "cat_start": "2025-04-27T00:00:00", "cat_end": "2026-08-30T16:00:00", "donor_series_id": "", "donor_station": "", "donor_river": "", "match_type": "", "match_km": "", "river_agrees": "", "combined_years": 1.3, "tier": 3}}, {"type": "Feature", "geometry": {"type": "Point", "coordinates": [-71.8333333333333, -41.2016666666667]}, "properties": {"series_id": 38519, "station_id": 6539, "station": "Ventisquero Negro - Lago Manso", "river": "", "var_id": 101, "network": "sat2", "cat_start": "2024-09-16T20:00:00", "cat_end": "2026-08-28T20:00:00", "donor_series_id": "", "donor_station": "", "donor_river": "", "match_type": "", "match_km": "", "river_agrees": "", "combined_years": 1.9, "tier": 3}}, {"type": "Feature", "geometry": {"type": "Point", "coordinates": [-64.3691666666667, -22.7263888888889]}, "properties": {"series_id": 38536, "station_id": 6548, "station": "Bermejo - Aguas Blancas LIM", "river": "", "var_id": 101, "network": "sat2", "cat_start": "2024-09-16T20:00:00", "cat_end": "2026-08-30T12:00:00", "donor_series_id": 29685, "donor_station": "Bermejo - Aguas Blancas", "donor_river": "Bermejo", "match_type": "coords", "match_km": 0.5, "river_agrees": "unknown", "combined_years": 25.3, "tier": 2}}, {"type": "Feature", "geometry": {"type": "Point", "coordinates": [-64.3902777777778, -25.2497222222222]}, "properties": {"series_id": 38543, "station_id": 6549, "station": "Juramento - El Tunal", "river": "", "var_id": 101, "network": "sat2", "cat_start": "2024-09-16T20:00:00", "cat_end": "2026-08-30T16:00:00", "donor_series_id": "", "donor_station": "", "donor_river": "", "match_type": "", "match_km": "", "river_agrees": "", "combined_years": 2.0, "tier": 3}}, {"type": "Feature", "geometry": {"type": "Point", "coordinates": [-57.6216666666667, -30.2516666666667]}, "properties": {"series_id": 38587, "station_id": 6551, "station": "Uruguay - Monte Caseros", "river": "", "var_id": 101, "network": "sat2", "cat_start": "2024-09-26T00:00:00", "cat_end": "2026-08-30T16:00:00", "donor_series_id": "", "donor_station": "", "donor_river": "", "match_type": "", "match_km": "", "river_agrees": "", "combined_years": 1.9, "tier": 3}}, {"type": "Feature", "geometry": {"type": "Point", "coordinates": [-60.3341666666667, -24.4086111111111]}, "properties": {"series_id": 38684, "station_id": 6553, "station": "Bañado La Estrella - RP Nº28", "river": "", "var_id": 101, "network": "sat2", "cat_start": "2024-09-17T12:00:00", "cat_end": "2026-08-30T12:00:00", "donor_series_id": "", "donor_station": "", "donor_river": "", "match_type": "", "match_km": "", "river_agrees": "", "combined_years": 1.9, "tier": 3}}, {"type": "Feature", "geometry": {"type": "Point", "coordinates": [-59.3283333333333, -29.165]}, "properties": {"series_id": 38520, "station_id": 6569, "station": "Paraná - Goya", "river": "", "var_id": 101, "network": "sat2", "cat_start": "2025-03-17T00:00:00", "cat_end": "2026-08-30T12:00:00", "donor_series_id": "", "donor_station": "", "donor_river": "", "match_type": "", "match_km": "", "river_agrees": "", "combined_years": 1.5, "tier": 3}}, {"type": "Feature", "geometry": {"type": "Point", "coordinates": [-65.2733333333333, -43.2761111111111]}, "properties": {"series_id": 38622, "station_id": 6570, "station": "Chubut - Trelew", "river": "", "var_id": 101, "network": "sat2", "cat_start": "2024-09-16T20:00:00", "cat_end": "2026-08-30T16:00:00", "donor_series_id": 30005, "donor_station": "CHUBUT - TRELEW", "donor_river": "Chubut", "match_type": "coords", "match_km": 0.01, "river_agrees": "unknown", "combined_years": 2.2, "tier": 3}}, {"type": "Feature", "geometry": {"type": "Point", "coordinates": [-54.1955555555556, -27.2922222222222]}, "properties": {"series_id": 37988, "station_id": 6578, "station": "Uruguay - El Soberbio", "river": "", "var_id": 39, "network": "sat2", "cat_start": "2024-09-19T00:00:00", "cat_end": "2026-08-29T00:00:00", "donor_series_id": 30049, "donor_station": "Uruguay - El Soberbio", "donor_river": "Uruguay", "match_type": "coords", "match_km": 0.73, "river_agrees": "unknown", "combined_years": 25.3, "tier": 2}}, {"type": "Feature", "geometry": {"type": "Point", "coordinates": [-54.1955555555556, -27.2922222222222]}, "properties": {"series_id": 38590, "station_id": 6578, "station": "Uruguay - El Soberbio", "river": "", "var_id": 101, "network": "sat2", "cat_start": "2024-09-18T16:00:00", "cat_end": "2026-08-30T16:00:00", "donor_series_id": 30049, "donor_station": "Uruguay - El Soberbio", "donor_river": "Uruguay", "match_type": "coords", "match_km": 0.73, "river_agrees": "unknown", "combined_years": 25.3, "tier": 2}}, {"type": "Feature", "geometry": {"type": "Point", "coordinates": [-71.6063888888889, -42.0405555555556]}, "properties": {"series_id": 38698, "station_id": 6581, "station": "Azul - Puesto 2", "river": "", "var_id": 101, "network": "sat2", "cat_start": "2024-09-16T20:00:00", "cat_end": "2026-08-30T16:00:00", "donor_series_id": "", "donor_station": "", "donor_river": "", "match_type": "", "match_km": "", "river_agrees": "", "combined_years": 2.0, "tier": 3}}, {"type": "Feature", "geometry": {"type": "Point", "coordinates": [-55.1358333333333, -27.8938888888889]}, "properties": {"series_id": 37923, "station_id": 6588, "station": "Uruguay-S.Javier-P.de la Barca", "river": "", "var_id": 39, "network": "sat2", "cat_start": "2024-09-19T00:00:00", "cat_end": "2026-08-29T00:00:00", "donor_series_id": "", "donor_station": "", "donor_river": "", "match_type": "", "match_km": "", "river_agrees": "", "combined_years": 1.9, "tier": 3}}, {"type": "Feature", "geometry": {"type": "Point", "coordinates": [-55.1358333333333, -27.8938888888889]}, "properties": {"series_id": 38538, "station_id": 6588, "station": "Uruguay-S.Javier-P.de la Barca", "river": "", "var_id": 101, "network": "sat2", "cat_start": "2024-09-18T16:00:00", "cat_end": "2026-08-30T16:00:00", "donor_series_id": "", "donor_station": "", "donor_river": "", "match_type": "", "match_km": "", "river_agrees": "", "combined_years": 1.9, "tier": 3}}, {"type": "Feature", "geometry": {"type": "Point", "coordinates": [-71.4283333333333, -43.9194444444444]}, "properties": {"series_id": 38541, "station_id": 6591, "station": "Lago Vinter - Vinter", "river": "", "var_id": 101, "network": "sat2", "cat_start": "2025-01-22T00:00:00", "cat_end": "2026-08-30T12:00:00", "donor_series_id": 30012, "donor_station": "LAGO VINTER - VINTER", "donor_river": "Lago Vinter", "match_type": "coords", "match_km": 0.01, "river_agrees": "unknown", "combined_years": 18.7, "tier": 2}}, {"type": "Feature", "geometry": {"type": "Point", "coordinates": [-54.5766666666667, -27.4405555555556]}, "properties": {"series_id": 38582, "station_id": 6592, "station": "A° Saltito - El Saltito", "river": "", "var_id": 101, "network": "sat2", "cat_start": "2024-09-16T20:00:00", "cat_end": "2026-08-30T16:00:00", "donor_series_id": "", "donor_station": "", "donor_river": "", "match_type": "", "match_km": "", "river_agrees": "", "combined_years": 2.0, "tier": 3}}, {"type": "Feature", "geometry": {"type": "Point", "coordinates": [-65.5933333333333, -24.8422222222222]}, "properties": {"series_id": 38662, "station_id": 6597, "station": "Arenales - El Encon", "river": "", "var_id": 101, "network": "sat2", "cat_start": "2024-09-16T20:00:00", "cat_end": "2026-08-30T16:00:00", "donor_series_id": 6351, "donor_station": "Arenales - El Encon", "donor_river": "Arenales", "match_type": "coords", "match_km": 0.01, "river_agrees": "unknown", "combined_years": 17.3, "tier": 2}}, {"type": "Feature", "geometry": {"type": "Point", "coordinates": [-71.5652777777778, -41.6797222222222]}, "properties": {"series_id": 38583, "station_id": 6610, "station": "Escondido - El Foyel", "river": "", "var_id": 101, "network": "sat2", "cat_start": "2024-09-16T20:00:00", "cat_end": "2026-08-29T20:00:00", "donor_series_id": 29951, "donor_station": "Escondido - El Foyel", "donor_river": "Escondido", "match_type": "coords", "match_km": 0.01, "river_agrees": "unknown", "combined_years": 2.2, "tier": 3}}, {"type": "Feature", "geometry": {"type": "Point", "coordinates": [-67.935, -53.6738888888889]}, "properties": {"series_id": 38646, "station_id": 6611, "station": "Chico - Las Violetas", "river": "", "var_id": 101, "network": "sat2", "cat_start": "2025-02-12T16:00:00", "cat_end": "2026-08-30T12:00:00", "donor_series_id": "", "donor_station": "", "donor_river": "", "match_type": "", "match_km": "", "river_agrees": "", "combined_years": 1.5, "tier": 3}}, {"type": "Feature", "geometry": {"type": "Point", "coordinates": [-55.6422222222222, -28.1772222222222]}, "properties": {"series_id": 38588, "station_id": 6615, "station": "Uruguay - Garruchos", "river": "", "var_id": 101, "network": "sat2", "cat_start": "2024-09-16T20:00:00", "cat_end": "2026-08-30T16:00:00", "donor_series_id": 30077, "donor_station": "Uruguay - Garruchos", "donor_river": "Uruguay", "match_type": "coords", "match_km": 0.22, "river_agrees": "unknown", "combined_years": 2.2, "tier": 3}}, {"type": "Feature", "geometry": {"type": "Point", "coordinates": [-67.0163888888889, -27.6155555555556]}, "properties": {"series_id": 38561, "station_id": 6616, "station": "Dique Belén - Aguas Abajo", "river": "", "var_id": 101, "network": "sat2", "cat_start": "2024-09-16T20:00:00", "cat_end": "2026-08-30T16:00:00", "donor_series_id": "", "donor_station": "", "donor_river": "", "match_type": "", "match_km": "", "river_agrees": "", "combined_years": 2.0, "tier": 3}}, {"type": "Feature", "geometry": {"type": "Point", "coordinates": [-64.3861111111111, -34.2163888888889]}, "properties": {"series_id": 37597, "station_id": 6622, "station": "Quinto - R.N. 35", "river": "", "var_id": 2, "network": "sat2", "cat_start": "2024-09-18T13:00:00", "cat_end": "2026-08-30T21:00:00", "donor_series_id": "", "donor_station": "", "donor_river": "", "match_type": "", "match_km": "", "river_agrees": "", "combined_years": 1.9, "tier": 3}}, {"type": "Feature", "geometry": {"type": "Point", "coordinates": [-63.4491666666667, -33.9330555555556]}, "properties": {"series_id": 38823, "station_id": 6623, "station": "Quinto - Canal Devoto RP 4", "river": "", "var_id": 101, "network": "sat2", "cat_start": "2024-09-23T08:00:00", "cat_end": "2026-08-30T16:00:00", "donor_series_id": "", "donor_station": "", "donor_river": "", "match_type": "", "match_km": "", "river_agrees": "", "combined_years": 1.9, "tier": 3}}, {"type": "Feature", "geometry": {"type": "Point", "coordinates": [-64.3963888888889, -33.9311111111111]}, "properties": {"series_id": 37595, "station_id": 6624, "station": "Aº El Aji - RN Nº35 y RN Nº7", "river": "", "var_id": 2, "network": "sat2", "cat_start": "2024-09-18T13:00:00", "cat_end": "2026-08-30T21:00:00", "donor_series_id": "", "donor_station": "", "donor_river": "", "match_type": "", "match_km": "", "river_agrees": "", "combined_years": 1.9, "tier": 3}}, {"type": "Feature", "geometry": {"type": "Point", "coordinates": [-64.3963888888889, -33.9311111111111]}, "properties": {"series_id": 38822, "station_id": 6624, "station": "Aº El Aji - RN Nº35 y RN Nº7", "river": "", "var_id": 101, "network": "sat2", "cat_start": "2024-09-16T20:00:00", "cat_end": "2026-08-30T16:00:00", "donor_series_id": "", "donor_station": "", "donor_river": "", "match_type": "", "match_km": "", "river_agrees": "", "combined_years": 2.0, "tier": 3}}, {"type": "Feature", "geometry": {"type": "Point", "coordinates": [-66.5491666666667, -28.6491666666667]}, "properties": {"series_id": 38606, "station_id": 6628, "station": "Colorado - Villa de Mazán", "river": "", "var_id": 101, "network": "sat2", "cat_start": "2024-09-16T20:00:00", "cat_end": "2026-08-30T08:00:00", "donor_series_id": "", "donor_station": "", "donor_river": "", "match_type": "", "match_km": "", "river_agrees": "", "combined_years": 2.0, "tier": 3}}, {"type": "Feature", "geometry": {"type": "Point", "coordinates": [-65.2877777777778, -28.5911111111111]}, "properties": {"series_id": 38700, "station_id": 6631, "station": "Dique Sotomayor - Aguas abajo", "river": "", "var_id": 101, "network": "sat2", "cat_start": "2024-09-16T20:00:00", "cat_end": "2026-08-30T12:00:00", "donor_series_id": "", "donor_station": "", "donor_river": "", "match_type": "", "match_km": "", "river_agrees": "", "combined_years": 2.0, "tier": 3}}, {"type": "Feature", "geometry": {"type": "Point", "coordinates": [-70.3216666666667, -48.7522222222222]}, "properties": {"series_id": 43080, "station_id": 6636, "station": "Chico - Gregores", "river": "", "var_id": 2, "network": "sat2", "cat_start": "2025-11-26T16:00:00", "cat_end": "2026-08-29T16:00:00", "donor_series_id": 6161, "donor_station": "Chico - Gregores", "donor_river": "Chico", "match_type": "coords", "match_km": 0.07, "river_agrees": "unknown", "combined_years": 0.8, "tier": 3}}, {"type": "Feature", "geometry": {"type": "Point", "coordinates": [-67.0163888888889, -27.615]}, "properties": {"series_id": 38664, "station_id": 6638, "station": "Dique Belén - Embalse", "river": "", "var_id": 101, "network": "sat2", "cat_start": "2024-09-16T20:00:00", "cat_end": "2026-08-30T12:00:00", "donor_series_id": "", "donor_station": "", "donor_river": "", "match_type": "", "match_km": "", "river_agrees": "", "combined_years": 2.0, "tier": 3}}, {"type": "Feature", "geometry": {"type": "Point", "coordinates": [-58.7713888888889, -31.105]}, "properties": {"series_id": 43101, "station_id": 6647, "station": "Gualeguay - Paso Duarte RP22", "river": "", "var_id": 2, "network": "sat2", "cat_start": "2025-11-26T16:00:00", "cat_end": "2026-08-30T16:00:00", "donor_series_id": 29909, "donor_station": "Paso Duarte - RP 22", "donor_river": "Gualeguay", "match_type": "coords", "match_km": 0.03, "river_agrees": "unknown", "combined_years": 11.3, "tier": 2}}, {"type": "Feature", "geometry": {"type": "Point", "coordinates": [-68.5669444444444, -52.8527777777778]}, "properties": {"series_id": 38626, "station_id": 6648, "station": "Cullén - Cullén 1", "river": "", "var_id": 101, "network": "sat2", "cat_start": "2024-09-16T20:00:00", "cat_end": "2026-08-30T12:00:00", "donor_series_id": "", "donor_station": "", "donor_river": "", "match_type": "", "match_km": "", "river_agrees": "", "combined_years": 2.0, "tier": 3}}, {"type": "Feature", "geometry": {"type": "Point", "coordinates": [-71.6194444444444, -42.0972222222222]}, "properties": {"series_id": 38608, "station_id": 6649, "station": "Lago Puelo - Lago Puelo", "river": "", "var_id": 101, "network": "sat2", "cat_start": "2024-09-16T20:00:00", "cat_end": "2026-08-30T16:00:00", "donor_series_id": 6406, "donor_station": "LAGO PUELO - LAGO PUELO", "donor_river": "Puelo", "match_type": "coords", "match_km": 0.3, "river_agrees": "unknown", "combined_years": 7.1, "tier": 3}}, {"type": "Feature", "geometry": {"type": "Point", "coordinates": [-65.3155555555555, -27.1333333333333]}, "properties": {"series_id": 38627, "station_id": 6650, "station": "Salí - RP Nº323", "river": "", "var_id": 101, "network": "sat2", "cat_start": "2024-09-16T20:00:00", "cat_end": "2026-08-30T16:00:00", "donor_series_id": "", "donor_station": "", "donor_river": "", "match_type": "", "match_km": "", "river_agrees": "", "combined_years": 2.0, "tier": 3}}, {"type": "Feature", "geometry": {"type": "Point", "coordinates": [-68.5294444444444, -53.9019444444444]}, "properties": {"series_id": 38584, "station_id": 6653, "station": "Grande - Gde. -Ecia. San Julio", "river": "", "var_id": 101, "network": "sat2", "cat_start": "2025-12-04T16:00:00", "cat_end": "2026-08-30T12:00:00", "donor_series_id": "", "donor_station": "", "donor_river": "", "match_type": "", "match_km": "", "river_agrees": "", "combined_years": 0.7, "tier": 3}}, {"type": "Feature", "geometry": {"type": "Point", "coordinates": [-57.8730555555556, -25.875]}, "properties": {"series_id": 38675, "station_id": 6658, "station": "Paraguay - Puerto Dalmacia", "river": "", "var_id": 101, "network": "sat2", "cat_start": "2024-09-20T08:00:00", "cat_end": "2026-08-30T16:00:00", "donor_series_id": "", "donor_station": "", "donor_river": "", "match_type": "", "match_km": "", "river_agrees": "", "combined_years": 1.9, "tier": 3}}, {"type": "Feature", "geometry": {"type": "Point", "coordinates": [-59.4997222222222, -24.7469444444444]}, "properties": {"series_id": 38610, "station_id": 6660, "station": "Pilcomayo - Villa Gral. Güemes", "river": "", "var_id": 101, "network": "sat2", "cat_start": "2024-09-16T20:00:00", "cat_end": "2026-08-30T16:00:00", "donor_series_id": "", "donor_station": "", "donor_river": "", "match_type": "", "match_km": "", "river_agrees": "", "combined_years": 2.0, "tier": 3}}, {"type": "Feature", "geometry": {"type": "Point", "coordinates": [-67.0208333333333, -28.2613888888889]}, "properties": {"series_id": 38629, "station_id": 6661, "station": "Abaucán - Limite con La Rioja", "river": "", "var_id": 101, "network": "sat2", "cat_start": "2024-09-16T20:00:00", "cat_end": "2026-08-30T12:00:00", "donor_series_id": "", "donor_station": "", "donor_river": "", "match_type": "", "match_km": "", "river_agrees": "", "combined_years": 2.0, "tier": 3}}, {"type": "Feature", "geometry": {"type": "Point", "coordinates": [-71.6397222222222, -46.5541666666667]}, "properties": {"series_id": 38612, "station_id": 6706, "station": "Los Antiguos - Los Antiguos", "river": "", "var_id": 101, "network": "sat2", "cat_start": "2024-09-17T00:00:00", "cat_end": "2026-08-30T16:00:00", "donor_series_id": 29935, "donor_station": "Los Antiguos - Ruta Provincial Nº 043", "donor_river": "Los Antiguos", "match_type": "coords", "match_km": 0.01, "river_agrees": "unknown", "combined_years": 18.7, "tier": 2}}, {"type": "Feature", "geometry": {"type": "Point", "coordinates": [-67.2327777777778, -54.5269444444444]}, "properties": {"series_id": 38591, "station_id": 6718, "station": "Lago Fagnano – Puerto Tolhuin ", "river": "", "var_id": 101, "network": "sat2", "cat_start": "2024-09-22T00:00:00", "cat_end": "2026-08-30T16:00:00", "donor_series_id": "", "donor_station": "", "donor_river": "", "match_type": "", "match_km": "", "river_agrees": "", "combined_years": 1.9, "tier": 3}}, {"type": "Feature", "geometry": {"type": "Point", "coordinates": [-69.1138888888889, -37.2083333333333]}, "properties": {"series_id": 38677, "station_id": 6721, "station": "Colorado - Pata Mora", "river": "", "var_id": 101, "network": "sat2", "cat_start": "2024-09-16T20:00:00", "cat_end": "2026-08-30T16:00:00", "donor_series_id": "", "donor_station": "", "donor_river": "", "match_type": "", "match_km": "", "river_agrees": "", "combined_years": 2.0, "tier": 3}}, {"type": "Feature", "geometry": {"type": "Point", "coordinates": [-65.2883333333333, -28.59]}, "properties": {"series_id": 38653, "station_id": 6742, "station": "Dique Sotomayor - Embalse", "river": "", "var_id": 101, "network": "sat2", "cat_start": "2024-09-16T20:00:00", "cat_end": "2026-08-30T16:00:00", "donor_series_id": "", "donor_station": "", "donor_river": "", "match_type": "", "match_km": "", "river_agrees": "", "combined_years": 2.0, "tier": 3}}, {"type": "Feature", "geometry": {"type": "Point", "coordinates": [-67.49, -29.1511111111111]}, "properties": {"series_id": 38704, "station_id": 6743, "station": "Durazno - Chilecito", "river": "", "var_id": 101, "network": "sat2", "cat_start": "2024-09-16T20:00:00", "cat_end": "2026-08-30T16:00:00", "donor_series_id": "", "donor_station": "", "donor_river": "", "match_type": "", "match_km": "", "river_agrees": "", "combined_years": 2.0, "tier": 3}}, {"type": "Feature", "geometry": {"type": "Point", "coordinates": [-64.0911111111111, -30.9702777777778]}, "properties": {"series_id": 38666, "station_id": 6745, "station": "Guanasacate - Jesús Maria", "river": "", "var_id": 101, "network": "sat2", "cat_start": "2024-09-16T20:00:00", "cat_end": "2026-08-30T16:00:00", "donor_series_id": "", "donor_station": "", "donor_river": "", "match_type": "", "match_km": "", "river_agrees": "", "combined_years": 2.0, "tier": 3}}, {"type": "Feature", "geometry": {"type": "Point", "coordinates": [-59.4994444444444, -34.2405555555556]}, "properties": {"series_id": 38708, "station_id": 6747, "station": "Areco - San Antonio de Areco", "river": "", "var_id": 101, "network": "sat2", "cat_start": "2024-09-16T20:00:00", "cat_end": "2026-08-30T16:00:00", "donor_series_id": "", "donor_station": "", "donor_river": "", "match_type": "", "match_km": "", "river_agrees": "", "combined_years": 2.0, "tier": 3}}, {"type": "Feature", "geometry": {"type": "Point", "coordinates": [-61.9572222222222, -32.4230555555555]}, "properties": {"series_id": 43069, "station_id": 6757, "station": "Canal San Antonio- RP Nº2", "river": "", "var_id": 2, "network": "sat2", "cat_start": "2025-11-26T15:00:00", "cat_end": "2026-08-30T21:00:00", "donor_series_id": "", "donor_station": "", "donor_river": "", "match_type": "", "match_km": "", "river_agrees": "", "combined_years": 0.8, "tier": 3}}, {"type": "Feature", "geometry": {"type": "Point", "coordinates": [-59.6547222222222, -29.1333333333333]}, "properties": {"series_id": 38725, "station_id": 7162, "station": "Aº El Rey - RN Nº11", "river": "", "var_id": 101, "network": "sat2", "cat_start": "2024-09-16T20:00:00", "cat_end": "2026-08-30T16:00:00", "donor_series_id": 6252, "donor_station": "El Rey - Ruta Nacional Nº 011", "donor_river": "El Rey", "match_type": "coords", "match_km": 0.0, "river_agrees": "unknown", "combined_years": 25.3, "tier": 2}}, {"type": "Feature", "geometry": {"type": "Point", "coordinates": [-58.6747222222222, -28.8994444444444]}, "properties": {"series_id": 38201, "station_id": 7165, "station": "Batel -RN Nº123", "river": "", "var_id": 39, "network": "sat2", "cat_start": "2024-09-19T00:00:00", "cat_end": "2026-08-29T00:00:00", "donor_series_id": 6608, "donor_station": "Batel - Rnnº 123", "donor_river": "Batel", "match_type": "coords", "match_km": 0.04, "river_agrees": "unknown", "combined_years": 16.4, "tier": 2}}, {"type": "Feature", "geometry": {"type": "Point", "coordinates": [-58.7177777777778, -28.57]}, "properties": {"series_id": 38729, "station_id": 7166, "station": "Santa Lucia - San Roque", "river": "", "var_id": 101, "network": "sat2", "cat_start": "2024-09-16T20:00:00", "cat_end": "2026-08-30T16:00:00", "donor_series_id": 108, "donor_station": "San Roque", "donor_river": "SANTALUCIA", "match_type": "coords", "match_km": 0.38, "river_agrees": "unknown", "combined_years": 17.7, "tier": 2}}, {"type": "Feature", "geometry": {"type": "Point", "coordinates": [-59.74, -29.505]}, "properties": {"series_id": 38730, "station_id": 7167, "station": "San Javier - Romang", "river": "", "var_id": 101, "network": "sat2", "cat_start": "2024-09-16T20:00:00", "cat_end": "2026-08-30T16:00:00", "donor_series_id": 6244, "donor_station": "San Javier - Romang", "donor_river": "San Javier", "match_type": "coords", "match_km": 0.03, "river_agrees": "unknown", "combined_years": 25.3, "tier": 2}}, {"type": "Feature", "geometry": {"type": "Point", "coordinates": [-59.6588888888889, -27.5672222222222]}, "properties": {"series_id": 38732, "station_id": 7184, "station": "CIRHBAS - LIM  Aº TAPENAGA - ESTANCIA TAPENAGA", "river": "", "var_id": 101, "network": "sat2", "cat_start": "2024-09-17T04:00:00", "cat_end": "2026-08-30T16:00:00", "donor_series_id": "", "donor_station": "", "donor_river": "", "match_type": "", "match_km": "", "river_agrees": "", "combined_years": 1.9, "tier": 3}}, {"type": "Feature", "geometry": {"type": "Point", "coordinates": [-61.3519444444444, -28.0886111111111]}, "properties": {"series_id": 38736, "station_id": 7188, "station": "CIRHBAS - LIM BAJO CHOROTIS-RN 95", "river": "", "var_id": 101, "network": "sat2", "cat_start": "2024-09-17T04:00:00", "cat_end": "2026-08-30T16:00:00", "donor_series_id": "", "donor_station": "", "donor_river": "", "match_type": "", "match_km": "", "river_agrees": "", "combined_years": 1.9, "tier": 3}}, {"type": "Feature", "geometry": {"type": "Point", "coordinates": [-64.5375, -31.6908333333333]}, "properties": {"series_id": 38747, "station_id": 7231, "station": "Anizacate - Santa Ana", "river": "", "var_id": 101, "network": "sat2", "cat_start": "2024-09-16T20:00:00", "cat_end": "2026-08-30T16:00:00", "donor_series_id": "", "donor_station": "", "donor_river": "", "match_type": "", "match_km": "", "river_agrees": "", "combined_years": 2.0, "tier": 3}}, {"type": "Feature", "geometry": {"type": "Point", "coordinates": [-60.9788888888889, -31.2933333333333]}, "properties": {"series_id": 38748, "station_id": 7232, "station": "Aº Cululú - Grutly", "river": "", "var_id": 101, "network": "sat2", "cat_start": "2024-09-16T20:00:00", "cat_end": "2026-08-30T16:00:00", "donor_series_id": "", "donor_station": "", "donor_river": "", "match_type": "", "match_km": "", "river_agrees": "", "combined_years": 2.0, "tier": 3}}, {"type": "Feature", "geometry": {"type": "Point", "coordinates": [-59.3558333333333, -28.5558333333333]}, "properties": {"series_id": 38752, "station_id": 7236, "station": "Aº Los Amores - RN Nº11", "river": "", "var_id": 101, "network": "sat2", "cat_start": "2024-09-16T20:00:00", "cat_end": "2026-08-30T16:00:00", "donor_series_id": 29955, "donor_station": "Los Amores - Ruta Nacional Nº 011", "donor_river": "Los Amores", "match_type": "coords", "match_km": 0.01, "river_agrees": "unknown", "combined_years": 25.3, "tier": 2}}, {"type": "Feature", "geometry": {"type": "Point", "coordinates": [-58.5077777777778, -34.5611111111111]}, "properties": {"series_id": 38753, "station_id": 7237, "station": "Aº Medrano Reser. - Tecnópolis", "river": "", "var_id": 101, "network": "sat2", "cat_start": "2024-09-16T20:00:00", "cat_end": "2026-08-30T16:00:00", "donor_series_id": "", "donor_station": "", "donor_river": "", "match_type": "", "match_km": "", "river_agrees": "", "combined_years": 2.0, "tier": 3}}, {"type": "Feature", "geometry": {"type": "Point", "coordinates": [-60.5766666666667, -33.36]}, "properties": {"series_id": 38754, "station_id": 7238, "station": "Aº Pavón - Cnel. Bogado", "river": "", "var_id": 101, "network": "sat2", "cat_start": "2024-09-16T20:00:00", "cat_end": "2026-08-30T16:00:00", "donor_series_id": 140, "donor_station": "Cnel. Bogado", "donor_river": "PAVON", "match_type": "coords", "match_km": 0.01, "river_agrees": "unknown", "combined_years": 25.3, "tier": 2}}, {"type": "Feature", "geometry": {"type": "Point", "coordinates": [-58.1625, -25.9844444444444]}, "properties": {"series_id": 38755, "station_id": 7239, "station": "Aº Pilagá - RN Nº11", "river": "", "var_id": 101, "network": "sat2", "cat_start": "2024-09-16T20:00:00", "cat_end": "2026-08-29T12:00:00", "donor_series_id": 6516, "donor_station": "Pilagá - Rn Nº 11", "donor_river": "Pilagá", "match_type": "coords", "match_km": 0.07, "river_agrees": "unknown", "combined_years": 1.9, "tier": 3}}, {"type": "Feature", "geometry": {"type": "Point", "coordinates": [-60.2822222222222, -30.8547222222222]}, "properties": {"series_id": 38757, "station_id": 7241, "station": "Aº Saladillo Dulce - RP Nº 81", "river": "", "var_id": 101, "network": "sat2", "cat_start": "2024-09-16T20:00:00", "cat_end": "2026-08-30T16:00:00", "donor_series_id": 29967, "donor_station": "Saladillo Dulce - La Noria (RP 281)", "donor_river": "Saladillo Dulce", "match_type": "coords", "match_km": 0.01, "river_agrees": "unknown", "combined_years": 25.3, "tier": 2}}, {"type": "Feature", "geometry": {"type": "Point", "coordinates": [-60.3108333333333, -36.8791666666667]}, "properties": {"series_id": 38758, "station_id": 7242, "station": "Aº Tapalqué - Av de los Trabaj", "river": "", "var_id": 101, "network": "sat2", "cat_start": "2024-09-16T20:00:00", "cat_end": "2026-08-30T16:00:00", "donor_series_id": "", "donor_station": "", "donor_river": "", "match_type": "", "match_km": "", "river_agrees": "", "combined_years": 2.0, "tier": 3}}, {"type": "Feature", "geometry": {"type": "Point", "coordinates": [-64.1947222222222, -23.1438888888889]}, "properties": {"series_id": 38763, "station_id": 7248, "station": "Bermejo - P. Sarmiento", "river": "", "var_id": 101, "network": "sat2", "cat_start": "2024-09-16T20:00:00", "cat_end": "2026-08-30T12:00:00", "donor_series_id": "", "donor_station": "", "donor_river": "", "match_type": "", "match_km": "", "river_agrees": "", "combined_years": 2.0, "tier": 3}}, {"type": "Feature", "geometry": {"type": "Point", "coordinates": [-66.1588888888889, -25.1205555555556]}, "properties": {"series_id": 38766, "station_id": 7251, "station": "Calchaquí - Cachi", "river": "", "var_id": 101, "network": "sat2", "cat_start": "2024-10-17T12:00:00", "cat_end": "2026-08-30T16:00:00", "donor_series_id": 147, "donor_station": "Cachi", "donor_river": "CALCHAQUI", "match_type": "coords", "match_km": 0.38, "river_agrees": "unknown", "combined_years": 17.6, "tier": 2}}, {"type": "Feature", "geometry": {"type": "Point", "coordinates": [-71.2494444444444, -43.8416666666667]}, "properties": {"series_id": 38769, "station_id": 7254, "station": "Carrenleufú - Jaramillo", "river": "", "var_id": 101, "network": "sat2", "cat_start": "2024-09-16T20:00:00", "cat_end": "2026-08-30T12:00:00", "donor_series_id": "", "donor_station": "", "donor_river": "", "match_type": "", "match_km": "", "river_agrees": "", "combined_years": 2.0, "tier": 3}}, {"type": "Feature", "geometry": {"type": "Point", "coordinates": [-71.4872222222222, -43.5436111111111]}, "properties": {"series_id": 38770, "station_id": 7255, "station": "Carrenleufú - Puente de Hierro", "river": "", "var_id": 101, "network": "sat2", "cat_start": "2024-09-16T20:00:00", "cat_end": "2026-08-30T16:00:00", "donor_series_id": 6411, "donor_station": "CARRENLEUFÚ - PUENTE DE HIERRO", "donor_river": "Carrenleufú", "match_type": "coords", "match_km": 0.1, "river_agrees": "unknown", "combined_years": 7.1, "tier": 3}}, {"type": "Feature", "geometry": {"type": "Point", "coordinates": [-69.5947222222222, -42.7408333333333]}, "properties": {"series_id": 38773, "station_id": 7259, "station": "Chubut - Paso del Sapo", "river": "", "var_id": 101, "network": "sat2", "cat_start": "2024-09-16T20:00:00", "cat_end": "2026-08-30T16:00:00", "donor_series_id": 6445, "donor_station": "Chubut - Paso del Sapo", "donor_river": "Chubut", "match_type": "coords", "match_km": 0.01, "river_agrees": "unknown", "combined_years": 7.1, "tier": 3}}, {"type": "Feature", "geometry": {"type": "Point", "coordinates": [-64.4075, -27.6058333333333]}, "properties": {"series_id": 38778, "station_id": 7264, "station": "Dulce III – Los Quiroga", "river": "", "var_id": 101, "network": "sat2", "cat_start": "2024-09-16T20:00:00", "cat_end": "2026-08-30T16:00:00", "donor_series_id": "", "donor_station": "", "donor_river": "", "match_type": "", "match_km": "", "river_agrees": "", "combined_years": 2.0, "tier": 3}}, {"type": "Feature", "geometry": {"type": "Point", "coordinates": [-54.58, -25.5933333333333]}, "properties": {"series_id": 38789, "station_id": 7277, "station": "Iguazú - Pto. Iguazú", "river": "", "var_id": 101, "network": "sat2", "cat_start": "2024-09-16T20:00:00", "cat_end": "2026-08-30T16:00:00", "donor_series_id": 6493, "donor_station": "Iguazú - Puerto Iguazú", "donor_river": "Iguazú", "match_type": "coords", "match_km": 0.02, "river_agrees": "unknown", "combined_years": 25.3, "tier": 2}}, {"type": "Feature", "geometry": {"type": "Point", "coordinates": [-64.7052777777778, -22.8641666666667]}, "properties": {"series_id": 38790, "station_id": 7279, "station": "Iruya - San José", "river": "", "var_id": 101, "network": "sat2", "cat_start": "2024-09-16T20:00:00", "cat_end": "2026-08-30T16:00:00", "donor_series_id": 6329, "donor_station": "Iruya - San José", "donor_river": "Iruya", "match_type": "coords", "match_km": 0.22, "river_agrees": "unknown", "combined_years": 2.0, "tier": 3}}, {"type": "Feature", "geometry": {"type": "Point", "coordinates": [-61.4552777777778, -33.6508333333333]}, "properties": {"series_id": 38793, "station_id": 7283, "station": "Laguna Melincué - Melincué", "river": "", "var_id": 101, "network": "sat2", "cat_start": "2024-09-16T20:00:00", "cat_end": "2026-08-30T16:00:00", "donor_series_id": "", "donor_station": "", "donor_river": "", "match_type": "", "match_km": "", "river_agrees": "", "combined_years": 2.0, "tier": 3}}, {"type": "Feature", "geometry": {"type": "Point", "coordinates": [-71.7138888888889, -41.5561111111111]}, "properties": {"series_id": 38796, "station_id": 7287, "station": "Manso - Inferior", "river": "", "var_id": 101, "network": "sat2", "cat_start": "2024-09-16T20:00:00", "cat_end": "2026-08-29T20:00:00", "donor_series_id": "", "donor_station": "", "donor_river": "", "match_type": "", "match_km": "", "river_agrees": "", "combined_years": 1.9, "tier": 3}}, {"type": "Feature", "geometry": {"type": "Point", "coordinates": [-71.5361111111111, -41.5158333333333]}, "properties": {"series_id": 38798, "station_id": 7289, "station": "Manso - Steffen", "river": "", "var_id": 101, "network": "sat2", "cat_start": "2024-09-16T20:00:00", "cat_end": "2026-08-30T12:00:00", "donor_series_id": 6203, "donor_station": "Manso - Lago Steffen", "donor_river": "Manso", "match_type": "coords", "match_km": 0.03, "river_agrees": "unknown", "combined_years": 7.1, "tier": 3}}, {"type": "Feature", "geometry": {"type": "Point", "coordinates": [-65.2447222222222, -27.6572222222222]}, "properties": {"series_id": 38800, "station_id": 7291, "station": "Marapa - RN Nº 157 Lamadrid", "river": "", "var_id": 101, "network": "sat2", "cat_start": "2024-09-16T20:00:00", "cat_end": "2026-08-30T16:00:00", "donor_series_id": "", "donor_station": "", "donor_river": "", "match_type": "", "match_km": "", "river_agrees": "", "combined_years": 2.0, "tier": 3}}, {"type": "Feature", "geometry": {"type": "Point", "coordinates": [-67.9733333333333, -38.9961111111111]}, "properties": {"series_id": 38801, "station_id": 7293, "station": "Negro - Isla Jordán", "river": "", "var_id": 101, "network": "sat2", "cat_start": "2024-09-16T20:00:00", "cat_end": "2026-08-30T16:00:00", "donor_series_id": "", "donor_station": "", "donor_river": "", "match_type": "", "match_km": "", "river_agrees": "", "combined_years": 2.0, "tier": 3}}, {"type": "Feature", "geometry": {"type": "Point", "coordinates": [-67.6230555555556, -39.1125]}, "properties": {"series_id": 38802, "station_id": 7294, "station": "Negro - Paso Cordova", "river": "", "var_id": 101, "network": "sat2", "cat_start": "2025-07-17T20:00:00", "cat_end": "2026-08-30T16:00:00", "donor_series_id": "", "donor_station": "", "donor_river": "", "match_type": "", "match_km": "", "river_agrees": "", "combined_years": 1.1, "tier": 3}}, {"type": "Feature", "geometry": {"type": "Point", "coordinates": [-54.7558333333333, -26.7508333333333]}, "properties": {"series_id": 38809, "station_id": 7304, "station": "Paranay - El Alcázar", "river": "", "var_id": 101, "network": "sat2", "cat_start": "2024-09-16T20:00:00", "cat_end": "2026-08-30T16:00:00", "donor_series_id": 35456, "donor_station": "Paranay - El Alcazar", "donor_river": "Paranay", "match_type": "coords", "match_km": 0.05, "river_agrees": "unknown", "combined_years": 25.3, "tier": 2}}, {"type": "Feature", "geometry": {"type": "Point", "coordinates": [-65.2277777777778, -27.3186111111111]}, "properties": {"series_id": 38811, "station_id": 7378, "station": "Salí - Simoca", "river": "", "var_id": 101, "network": "sat2", "cat_start": "2024-09-16T20:00:00", "cat_end": "2026-08-30T16:00:00", "donor_series_id": "", "donor_station": "", "donor_river": "", "match_type": "", "match_km": "", "river_agrees": "", "combined_years": 2.0, "tier": 3}}, {"type": "Feature", "geometry": {"type": "Point", "coordinates": [-64.3536111111111, -33.2844444444444]}, "properties": {"series_id": 38813, "station_id": 7381, "station": "Santa Catalina - Catalina 630", "river": "", "var_id": 101, "network": "sat2", "cat_start": "2024-09-20T00:00:00", "cat_end": "2026-08-30T16:00:00", "donor_series_id": "", "donor_station": "", "donor_river": "", "match_type": "", "match_km": "", "river_agrees": "", "combined_years": 1.9, "tier": 3}}, {"type": "Feature", "geometry": {"type": "Point", "coordinates": [-70.8797222222222, -43.3497222222222]}, "properties": {"series_id": 38816, "station_id": 7385, "station": "Tecka - Estancia Niedo", "river": "", "var_id": 101, "network": "sat2", "cat_start": "2024-09-16T20:00:00", "cat_end": "2026-08-30T16:00:00", "donor_series_id": "", "donor_station": "", "donor_river": "", "match_type": "", "match_km": "", "river_agrees": "", "combined_years": 2.0, "tier": 3}}, {"type": "Feature", "geometry": {"type": "Point", "coordinates": [-71.3752777777778, -41.9505555555556]}, "properties": {"series_id": 38818, "station_id": 7387, "station": "Ternero - Cuesta del Ternero", "river": "", "var_id": 101, "network": "sat2", "cat_start": "2025-06-12T16:00:00", "cat_end": "2026-08-30T16:00:00", "donor_series_id": 29950, "donor_station": "EL TERNERO - CUESTA DEL TERNERO", "donor_river": "El Ternero", "match_type": "coords", "match_km": 0.62, "river_agrees": "unknown", "combined_years": 2.2, "tier": 3}}, {"type": "Feature", "geometry": {"type": "Point", "coordinates": [-69.7625, -32.8469444444444]}, "properties": {"series_id": 37594, "station_id": 7392, "station": "Vacas - Punta de Vacas  ", "river": "", "var_id": 2, "network": "sat2", "cat_start": "2024-09-18T16:00:00", "cat_end": "2026-08-30T20:00:00", "donor_series_id": "", "donor_station": "", "donor_river": "", "match_type": "", "match_km": "", "river_agrees": "", "combined_years": 1.9, "tier": 3}}, {"type": "Feature", "geometry": {"type": "Point", "coordinates": [-69.7625, -32.8469444444444]}, "properties": {"series_id": 38821, "station_id": 7392, "station": "Vacas - Punta de Vacas  ", "river": "", "var_id": 101, "network": "sat2", "cat_start": "2024-09-16T20:00:00", "cat_end": "2026-08-30T16:00:00", "donor_series_id": "", "donor_station": "", "donor_river": "", "match_type": "", "match_km": "", "river_agrees": "", "combined_years": 2.0, "tier": 3}}, {"type": "Feature", "geometry": {"type": "Point", "coordinates": [-58.258174, -34.303933]}, "properties": {"series_id": 42277, "station_id": 8090, "station": "Descarga al Río de la Plata", "river": "", "var_id": 40, "network": "estaciones_virtuales_public", "cat_start": "1990-01-02T00:00:00", "cat_end": "2026-08-31T00:00:00", "donor_series_id": "", "donor_station": "", "donor_river": "", "match_type": "", "match_km": "", "river_agrees": "", "combined_years": 36.7, "tier": 1}}, {"type": "Feature", "geometry": {"type": "Point", "coordinates": [-58.4986111111111, -32.7683333333333]}, "properties": {"series_id": 43102, "station_id": 8218, "station": "Gualeguaychú - RN Nº 14", "river": "", "var_id": 2, "network": "sat2", "cat_start": "2025-11-26T15:00:00", "cat_end": "2026-08-30T21:00:00", "donor_series_id": "", "donor_station": "", "donor_river": "", "match_type": "", "match_km": "", "river_agrees": "", "combined_years": 0.8, "tier": 3}}, {"type": "Feature", "geometry": {"type": "Point", "coordinates": [-58.6816666666667, -27.5463888888889]}, "properties": {"series_id": 43191, "station_id": 8238, "station": "Riachuelo - P.P. San Cayetano", "river": "", "var_id": 2, "network": "sat2", "cat_start": "2025-11-27T12:00:00", "cat_end": "2026-08-30T12:00:00", "donor_series_id": "", "donor_station": "", "donor_river": "", "match_type": "", "match_km": "", "river_agrees": "", "combined_years": 0.8, "tier": 3}}, {"type": "Feature", "geometry": {"type": "Point", "coordinates": [-62.4638888888889, -35.885]}, "properties": {"series_id": 44131, "station_id": 8408, "station": "Canal Jauretche - RN N°5", "river": "", "var_id": 2, "network": "sat2", "cat_start": "2026-06-01T02:00:00", "cat_end": "2026-08-30T21:00:00", "donor_series_id": "", "donor_station": "", "donor_river": "", "match_type": "", "match_km": "", "river_agrees": "", "combined_years": 0.2, "tier": 3}}, {"type": "Feature", "geometry": {"type": "Point", "coordinates": [-63.4397222222222, -27.9402777777778]}, "properties": {"series_id": 44939, "station_id": 8710, "station": "Salado - Suncho Corral", "river": "", "var_id": 2, "network": "sat2", "cat_start": "2026-07-20T02:00:00", "cat_end": "2026-08-30T17:00:00", "donor_series_id": 6302, "donor_station": "Salado - Suncho Corral", "donor_river": "Salado", "match_type": "coords", "match_km": 0.01, "river_agrees": "unknown", "combined_years": 22.3, "tier": 2}}]}