series_id,station_id,station,river,variable,var_id,unit,network,province,procedure,lat,lon,live,percentiles
1,1,Ruta Provincial nº 39,GUALEGUAYCHU,Altura hidrométrica,2,,alturas_bdhi,,,-32.4451666666667,-58.5548888888889,True,
6654,1,Ruta Provincial nº 39,GUALEGUAYCHU,Caudal,4,,alturas_bdhi,,,-32.4451666666667,-58.5548888888889,True,
851,2,Rosario del Tala,GUALEGUAY,Caudal,4,,alturas_bdhi,,,-32.3085,-59.0768055555556,True,
31534,2,Rosario del Tala,GUALEGUAY,Caudal,4,,alturas_bdhi,,,-32.3085,-59.0768055555556,True,
29860,3,Paso Alonso,GUALEGUAY,Altura hidrométrica media diaria,39,,alturas_bdhi,,,-33.1006111111111,-59.2703333333333,True,
42624,3,Paso Alonso,GUALEGUAY,Caudal medio diario,40,,alturas_bdhi,,,-33.1006111111111,-59.2703333333333,True,
4,4,Villaguay,GUALEGUAY,Altura hidrométrica,2,,alturas_bdhi,,,-31.8016111111111,-59.126,True,
29861,4,Villaguay,GUALEGUAY,Altura hidrométrica media diaria,39,,alturas_bdhi,,,-31.8016111111111,-59.126,True,
854,5,Paso Medina,FELICIANO,Caudal,4,,alturas_bdhi,,,-30.9236944444444,-59.5512222222222,True,
29862,5,Paso Medina,FELICIANO,Altura hidrométrica media diaria,39,,alturas_bdhi,,,-30.9236944444444,-59.5512222222222,True,
855,6,Puerto Ruiz,GUALEGUAY,Caudal,4,,alturas_bdhi,,,-33.222327,-59.365098,True,
29863,6,Puerto Ruiz,GUALEGUAY,Altura hidrométrica media diaria,39,,alturas_bdhi,,,-33.222327,-59.365098,True,
1514,7,Puente Jáuregui,LUJAN,Caudal,4,,alturas_bdhi,,,-34.589146,-59.178504,True,
29864,7,Puente Jáuregui,LUJAN,Altura hidrométrica media diaria,39,,alturas_bdhi,,,-34.589146,-59.178504,True,
8,8,Andresito,IGUAZU,Altura hidrométrica,2,,alturas_prefe,,,-25.5833333333333,-53.9833333333333,True,
26605,8,Andresito,IGUAZU,Caudal medio diario,40,,alturas_prefe,,,-25.5833333333333,-53.9833333333333,True,False
3051,9,Puerto Iguazú,PARANAMED,Altura hidrométrica,2,,alturas_prefe,,,-25.5833333333333,-54.5666666666667,True,
3154,9,Puerto Iguazú,PARANAMED,Caudal,4,,alturas_prefe,,,-25.5833333333333,-54.5666666666667,True,
25487,9,Puerto Iguazú,PARANAMED,Altura hidrométrica media mensual,33,,alturas_prefe,,,-25.5833333333333,-54.5666666666667,True,
26251,9,Puerto Iguazú,PARANAMED,Altura hidrométrica media diaria,39,,alturas_prefe,,,-25.5833333333333,-54.5666666666667,True,
26606,9,Puerto Iguazú,PARANAMED,Caudal medio diario,40,,alturas_prefe,,,-25.5833333333333,-54.5666666666667,True,
10,10,Libertad,PARANAMED,Altura hidrométrica,2,,alturas_prefe,,,-25.916679,-54.621134,True,
859,10,Libertad,PARANAMED,Caudal,4,,alturas_prefe,,,-25.916679,-54.621134,True,
26607,10,Libertad,PARANAMED,Caudal medio diario,40,,alturas_prefe,,,-25.916679,-54.621134,True,
11,11,El Dorado,PARANAMED,Altura hidrométrica,2,,alturas_prefe,,,-26.3833333333333,-54.7,True,
26608,11,El Dorado,PARANAMED,Caudal medio diario,40,,alturas_prefe,,,-26.3833333333333,-54.7,True,
12,12,Libertador,PARANAMED,Altura hidrométrica,2,,alturas_prefe,,,-26.8,-55.0333333333333,True,
26609,12,Libertador,PARANAMED,Caudal medio diario,40,,alturas_prefe,,,-26.8,-55.0333333333333,True,
26610,13,Santa Ana,PARANAMED,Caudal medio diario,40,,alturas_prefe,,,-27.33509,-55.588412,True,
14,14,Posadas,PARANAMED,Altura hidrométrica,2,,alturas_prefe,,,-27.3666666666667,-55.8833333333333,True,
863,14,Posadas,PARANAMED,Caudal,4,,alturas_prefe,,,-27.3666666666667,-55.8833333333333,True,
15,15,Ituzaingó,PARANAMED,Altura hidrométrica,2,,alturas_prefe,,,-27.5833333333333,-56.7,True,
25494,16,Itá Ibaté,PARANAMED,Altura hidrométrica media mensual,33,,alturas_prefe,,,-27.42336098,-57.33326783,True,
26258,16,Itá Ibaté,PARANAMED,Altura hidrométrica media diaria,39,,alturas_prefe,,,-27.42336098,-57.33326783,True,
26259,17,Itatí,PARANAMED,Altura hidrométrica media diaria,39,,alturas_prefe,,,-27.26677773,-58.24407387,True,
867,18,Paso de la Patria,PARANAMED,Caudal,4,,alturas_prefe,,,-27.3333333333333,-58.5833333333333,True,
25496,18,Paso de la Patria,PARANAMED,Altura hidrométrica media mensual,33,,alturas_prefe,,,-27.3333333333333,-58.5833333333333,True,
26260,18,Paso de la Patria,PARANAMED,Altura hidrométrica media diaria,39,,alturas_prefe,,,-27.3333333333333,-58.5833333333333,True,
26615,18,Paso de la Patria,PARANAMED,Caudal medio diario,40,,alturas_prefe,,,-27.3333333333333,-58.5833333333333,True,
19,19,Corrientes,PARANAMED,Altura hidrométrica,2,,alturas_prefe,,,-27.46364349,-58.8388696,True,
1540,19,Corrientes,PARANAMED,Altura hidrométrica,2,,alturas_prefe,,,-27.46364349,-58.8388696,True,
1538,19,Corrientes,PARANAMED,Caudal,4,,alturas_prefe,,,-27.46364349,-58.8388696,True,
26261,19,Corrientes,PARANAMED,Altura hidrométrica media diaria,39,,alturas_prefe,,,-27.46364349,-58.8388696,True,
30113,19,Corrientes,PARANAMED,Caudal medio diario,40,,alturas_prefe,,,-27.46364349,-58.8388696,True,
30114,19,Corrientes,PARANAMED,Caudal medio diario,40,,alturas_prefe,,,-27.46364349,-58.8388696,True,
20,20,Barranqueras,BARRANQUERAS,Altura hidrométrica,2,,alturas_prefe,,,-27.4833333333333,-58.9333333333333,True,
869,20,Barranqueras,BARRANQUERAS,Caudal,4,,alturas_prefe,,,-27.4833333333333,-58.9333333333333,True,
26262,20,Barranqueras,BARRANQUERAS,Altura hidrométrica media diaria,39,,alturas_prefe,,,-27.4833333333333,-58.9333333333333,True,
26617,20,Barranqueras,BARRANQUERAS,Caudal medio diario,40,,alturas_prefe,,,-27.4833333333333,-58.9333333333333,True,
21,21,Empedrado,PARANAINF,Altura hidrométrica,2,,alturas_prefe,,,-27.95412346,-58.81852419,True,
25499,21,Empedrado,PARANAINF,Altura hidrométrica media mensual,33,,alturas_prefe,,,-27.95412346,-58.81852419,True,
26263,21,Empedrado,PARANAINF,Altura hidrométrica media diaria,39,,alturas_prefe,,,-27.95412346,-58.81852419,True,
26618,21,Empedrado,PARANAINF,Caudal medio diario,40,,alturas_prefe,,,-27.95412346,-58.81852419,True,
871,22,Bella Vista,PARANAINF,Caudal,4,,alturas_prefe,,,-28.51840072,-59.05931723,True,
9617,22,Bella Vista,PARANAINF,Caudal,4,,alturas_prefe,,,-28.51840072,-59.05931723,True,
25500,22,Bella Vista,PARANAINF,Altura hidrométrica media mensual,33,,alturas_prefe,,,-28.51840072,-59.05931723,True,
26264,22,Bella Vista,PARANAINF,Altura hidrométrica media diaria,39,,alturas_prefe,,,-28.51840072,-59.05931723,True,
26619,22,Bella Vista,PARANAINF,Caudal medio diario,40,,alturas_prefe,,,-28.51840072,-59.05931723,True,
872,23,Goya,PARANAINF,Caudal,4,,alturas_prefe,,,-29.14376844,-59.27303952,True,False
26620,23,Goya,PARANAINF,Caudal medio diario,40,,alturas_prefe,,,-29.14376844,-59.27303952,True,
873,24,Reconquista,SANJAVIER,Caudal,4,,alturas_prefe,,,-29.23756092,-59.58115833,True,
26266,24,Reconquista,SANJAVIER,Altura hidrométrica media diaria,39,,alturas_prefe,,,-29.23756092,-59.58115833,True,
26621,24,Reconquista,SANJAVIER,Caudal medio diario,40,,alturas_prefe,,,-29.23756092,-59.58115833,True,
25,25,Esquina,PARANAINF,Altura hidrométrica,2,,alturas_prefe,,,-30.01924089,-59.53663483,True,
25503,25,Esquina,PARANAINF,Altura hidrométrica media mensual,33,,alturas_prefe,,,-30.01924089,-59.53663483,True,
26267,25,Esquina,PARANAINF,Altura hidrométrica media diaria,39,,alturas_prefe,,,-30.01924089,-59.53663483,True,
26622,25,Esquina,PARANAINF,Caudal medio diario,40,,alturas_prefe,,,-30.01924089,-59.53663483,True,
3527,26,La Paz,PARANAINF,Altura hidrométrica,2,,alturas_prefe,,,-30.73419972,-59.6381167,True,
26268,26,La Paz,PARANAINF,Altura hidrométrica media diaria,39,,alturas_prefe,,,-30.73419972,-59.6381167,True,
26623,26,La Paz,PARANAINF,Caudal medio diario,40,,alturas_prefe,,,-30.73419972,-59.6381167,True,
876,27,Santa Elena,PARANAINF,Caudal,4,,alturas_prefe,,,-30.95,-59.7833333333333,True,
26624,27,Santa Elena,PARANAINF,Caudal medio diario,40,,alturas_prefe,,,-30.95,-59.7833333333333,True,
28,28,Hernandarias,PARANAINF,Altura hidrométrica,2,,alturas_prefe,,,-31.22650904,-59.99193936,True,
26270,28,Hernandarias,PARANAINF,Altura hidrométrica media diaria,39,,alturas_prefe,,,-31.22650904,-59.99193936,True,
26625,28,Hernandarias,PARANAINF,Caudal medio diario,40,,alturas_prefe,,,-31.22650904,-59.99193936,True,
3385,29,Paraná,PARANAINF,Altura hidrométrica,2,,alturas_prefe,,,-31.7182378629681,-60.5225697750899,True,
3462,29,Paraná,PARANAINF,Caudal,4,,alturas_prefe,,,-31.7182378629681,-60.5225697750899,True,
25507,29,Paraná,PARANAINF,Altura hidrométrica media mensual,33,,alturas_prefe,,,-31.7182378629681,-60.5225697750899,True,
30111,29,Paraná,PARANAINF,Caudal medio diario,40,,alturas_prefe,,,-31.7182378629681,-60.5225697750899,True,
1545,30,Santa Fe,PARANAINF,Caudal,4,,alturas_prefe,,,-31.6514772196376,-60.7002319185745,True,
31,31,Diamante,PARANAINF,Altura hidrométrica,2,,alturas_prefe,,,-32.0715615377843,-60.6432219715378,True,
880,31,Diamante,PARANAINF,Caudal,4,,alturas_prefe,,,-32.0715615377843,-60.6432219715378,True,
3490,31,Diamante,PARANAINF,Caudal,4,,alturas_prefe,,,-32.0715615377843,-60.6432219715378,True,
3532,31,Diamante,PARANAINF,Altura hidrométrica media mensual,33,,alturas_prefe,,,-32.0715615377843,-60.6432219715378,True,
26273,31,Diamante,PARANAINF,Altura hidrométrica media diaria,39,,alturas_prefe,,,-32.0715615377843,-60.6432219715378,True,
32,32,Victoria,VICTORIA,Altura hidrométrica,2,,alturas_prefe,,,-32.6558456373673,-60.2195849446607,True,
3419,32,Victoria,VICTORIA,Altura hidrométrica,2,,alturas_prefe,,,-32.6558456373673,-60.2195849446607,True,
3446,32,Victoria,VICTORIA,Altura hidrométrica,2,,alturas_prefe,,,-32.6558456373673,-60.2195849446607,True,
881,32,Victoria,VICTORIA,Caudal,4,,alturas_prefe,,,-32.6558456373673,-60.2195849446607,True,
33,33,San Lorenzo (San Martín),PARANAINF,Altura hidrométrica,2,,alturas_prefe,,,-32.7336256031375,-60.7256705696322,True,
882,33,San Lorenzo (San Martín),PARANAINF,Caudal,4,,alturas_prefe,,,-32.7336256031375,-60.7256705696322,True,
3465,33,San Lorenzo (San Martín),PARANAINF,Caudal,4,,alturas_prefe,,,-32.7336256031375,-60.7256705696322,True,
25511,33,San Lorenzo (San Martín),PARANAINF,Altura hidrométrica media mensual,33,,alturas_prefe,,,-32.7336256031375,-60.7256705696322,True,
26275,33,San Lorenzo (San Martín),PARANAINF,Altura hidrométrica media diaria,39,,alturas_prefe,,,-32.7336256031375,-60.7256705696322,True,
26630,33,San Lorenzo (San Martín),PARANAINF,Caudal medio diario,40,,alturas_prefe,,,-32.7336256031375,-60.7256705696322,True,
3412,34,Rosario,PARANAINF,Altura hidrométrica,2,,alturas_prefe,,,-32.9432699442268,-60.6308206029857,True,
3466,34,Rosario,PARANAINF,Caudal,4,,alturas_prefe,,,-32.9432699442268,-60.6308206029857,True,
3493,34,Rosario,PARANAINF,Caudal,4,,alturas_prefe,,,-32.9432699442268,-60.6308206029857,True,
29622,34,Rosario,PARANAINF,Altura hidrométrica media mensual,33,,alturas_prefe,,,-32.9432699442268,-60.6308206029857,True,
26631,34,Rosario,PARANAINF,Caudal medio diario,40,,alturas_prefe,,,-32.9432699442268,-60.6308206029857,True,
35,35,Villa Constitución,PARANAINF,Altura hidrométrica,2,,alturas_prefe,,,-33.2354221667103,-60.3091044341421,True,
3440,35,Villa Constitución,PARANAINF,Altura hidrométrica,2,,alturas_prefe,,,-33.2354221667103,-60.3091044341421,True,
3467,35,Villa Constitución,PARANAINF,Caudal,4,,alturas_prefe,,,-33.2354221667103,-60.3091044341421,True,
3494,35,Villa Constitución,PARANAINF,Caudal,4,,alturas_prefe,,,-33.2354221667103,-60.3091044341421,True,
25513,35,Villa Constitución,PARANAINF,Altura hidrométrica media mensual,33,,alturas_prefe,,,-33.2354221667103,-60.3091044341421,True,
3468,36,San Nicolás,PARANAINF,Caudal,4,,alturas_prefe,,,-33.3420008188866,-60.1895279977149,True,
3495,36,San Nicolás,PARANAINF,Caudal,4,,alturas_prefe,,,-33.3420008188866,-60.1895279977149,True,
26633,36,San Nicolás,PARANAINF,Caudal medio diario,40,,alturas_prefe,,,-33.3420008188866,-60.1895279977149,True,
3442,37,Ramallo,PARANAINF,Altura hidrométrica,2,,alturas_prefe,,,-33.4780656197056,-59.9957013181522,True,
3496,37,Ramallo,PARANAINF,Caudal,4,,alturas_prefe,,,-33.4780656197056,-59.9957013181522,True,
3535,37,Ramallo,PARANAINF,Altura hidrométrica media mensual,33,,alturas_prefe,,,-33.4780656197056,-59.9957013181522,True,
29611,37,Ramallo,PARANAINF,Altura hidrométrica media mensual,33,,alturas_prefe,,,-33.4780656197056,-59.9957013181522,True,
38,38,San Pedro,PARANAINF,Altura hidrométrica,2,,alturas_prefe,,,-33.6745267329027,-59.6497183332918,True,
887,38,San Pedro,PARANAINF,Caudal,4,,alturas_prefe,,,-33.6745267329027,-59.6497183332918,True,
3470,38,San Pedro,PARANAINF,Caudal,4,,alturas_prefe,,,-33.6745267329027,-59.6497183332918,True,
3536,38,San Pedro,PARANAINF,Altura hidrométrica media mensual,33,,alturas_prefe,,,-33.6745267329027,-59.6497183332918,True,
29612,38,San Pedro,PARANAINF,Altura hidrométrica media mensual,33,,alturas_prefe,,,-33.6745267329027,-59.6497183332918,True,
3418,39,Baradero,BARADERO,Altura hidrométrica,2,,alturas_prefe,,,-33.8006916108445,-59.4955962110789,True,
3445,39,Baradero,BARADERO,Altura hidrométrica,2,,alturas_prefe,,,-33.8006916108445,-59.4955962110789,True,False
888,39,Baradero,BARADERO,Caudal,4,,alturas_prefe,,,-33.8006916108445,-59.4955962110789,True,
3472,39,Baradero,BARADERO,Caudal,4,,alturas_prefe,,,-33.8006916108445,-59.4955962110789,True,
3499,39,Baradero,BARADERO,Caudal,4,,alturas_prefe,,,-33.8006916108445,-59.4955962110789,True,
3537,39,Baradero,BARADERO,Altura hidrométrica media mensual,33,,alturas_prefe,,,-33.8006916108445,-59.4955962110789,True,
26281,39,Baradero,BARADERO,Altura hidrométrica media diaria,39,,alturas_prefe,,,-33.8006916108445,-59.4955962110789,True,
26636,39,Baradero,BARADERO,Caudal medio diario,40,,alturas_prefe,,,-33.8006916108445,-59.4955962110789,True,
3510,40,Zárate,PARANADELASPALMAS,Altura hidrométrica,2,,alturas_prefe,,,-34.0987818311696,-59.0108657589595,True,
3509,40,Zárate,PARANADELASPALMAS,Caudal,4,,alturas_prefe,,,-34.0987818311696,-59.0108657589595,True,
3538,40,Zárate,PARANADELASPALMAS,Altura hidrométrica media mensual,33,,alturas_prefe,,,-34.0987818311696,-59.0108657589595,True,
26282,40,Zárate,PARANADELASPALMAS,Altura hidrométrica media diaria,39,,alturas_prefe,,,-34.0987818311696,-59.0108657589595,True,
26637,40,Zárate,PARANADELASPALMAS,Caudal medio diario,40,,alturas_prefe,,,-34.0987818311696,-59.0108657589595,True,
41,41,Campana,PARANADELASPALMAS,Altura hidrométrica,2,,alturas_prefe,,,-34.1555854281116,-58.9581750062675,True,
25519,41,Campana,PARANADELASPALMAS,Altura hidrométrica media mensual,33,,alturas_prefe,,,-34.1555854281116,-58.9581750062675,True,
3398,42,Escobar,PARANADELASPALMAS,Altura hidrométrica,2,,alturas_prefe,,,-34.3,-58.7333333333,True,
891,42,Escobar,PARANADELASPALMAS,Caudal,4,,alturas_prefe,,,-34.3,-58.7333333333,True,
3479,42,Escobar,PARANADELASPALMAS,Caudal,4,,alturas_prefe,,,-34.3,-58.7333333333,True,
25520,42,Escobar,PARANADELASPALMAS,Altura hidrométrica media mensual,33,,alturas_prefe,,,-34.3,-58.7333333333,True,
26639,42,Escobar,PARANADELASPALMAS,Caudal medio diario,40,,alturas_prefe,,,-34.3,-58.7333333333,True,
5985,43,Villa Paranacito,LATINTA,Altura hidrométrica,2,,alturas_prefe,,,-33.7,-58.65,True,
3539,43,Villa Paranacito,LATINTA,Altura hidrométrica media mensual,33,,alturas_prefe,,,-33.7,-58.65,True,
26640,43,Villa Paranacito,LATINTA,Caudal medio diario,40,,alturas_prefe,,,-33.7,-58.65,True,
893,44,Canal Nuevo,CANALGAFOTRE,Caudal,4,,alturas_prefe,,,-33.8627031166646,-58.6604197120006,True,
3451,44,Canal Nuevo,CANALGAFOTRE,Caudal,4,,alturas_prefe,,,-33.8627031166646,-58.6604197120006,True,
25522,44,Canal Nuevo,CANALGAFOTRE,Altura hidrométrica media mensual,33,,alturas_prefe,,,-33.8627031166646,-58.6604197120006,True,False
3420,45,Ibicuy,PARANAIBICUY,Altura hidrométrica,2,,alturas_prefe,,,-33.7619777376355,-59.1800594404244,True,
3447,45,Ibicuy,PARANAIBICUY,Altura hidrométrica,2,,alturas_prefe,,,-33.7619777376355,-59.1800594404244,True,
3474,45,Ibicuy,PARANAIBICUY,Caudal,4,,alturas_prefe,,,-33.7619777376355,-59.1800594404244,True,
3501,45,Ibicuy,PARANAIBICUY,Caudal,4,,alturas_prefe,,,-33.7619777376355,-59.1800594404244,True,
26287,45,Ibicuy,PARANAIBICUY,Altura hidrométrica media diaria,39,,alturas_prefe,,,-33.7619777376355,-59.1800594404244,True,
26642,45,Ibicuy,PARANAIBICUY,Caudal medio diario,40,,alturas_prefe,,,-33.7619777376355,-59.1800594404244,True,
5982,46,Puerto Ruiz,GUALEGUAY,Altura hidrométrica,2,,alturas_prefe,,,-33.2166666667,-59.3666666667,True,
5983,46,Puerto Ruiz,GUALEGUAY,Altura hidrométrica,2,,alturas_prefe,,,-33.2166666667,-59.3666666667,True,
5987,46,Puerto Ruiz,GUALEGUAY,Caudal,4,,alturas_prefe,,,-33.2166666667,-59.3666666667,True,
29618,46,Puerto Ruiz,GUALEGUAY,Altura hidrométrica media mensual,33,,alturas_prefe,,,-33.2166666667,-59.3666666667,True,
47,47,Martín García,RIODELAPLATA,Altura hidrométrica,2,,alturas_prefe,,,-34.1902896924007,-58.2530455191105,True,
896,47,Martín García,RIODELAPLATA,Caudal,4,,alturas_prefe,,,-34.1902896924007,-58.2530455191105,True,
48,48,Guazucito,PARANAGUAZU,Altura hidrométrica,2,,alturas_prefe,,,-34.0166666667,-58.4,True,
897,48,Guazucito,PARANAGUAZU,Caudal,4,,alturas_prefe,,,-34.0166666667,-58.4,True,
26645,48,Guazucito,PARANAGUAZU,Caudal medio diario,40,,alturas_prefe,,,-34.0166666667,-58.4,True,
49,49,Tigre,LUJAN,Altura hidrométrica,2,,alturas_prefe,,,-34.4159316389634,-58.5779747237367,True,
3400,49,Tigre,LUJAN,Altura hidrométrica,2,,alturas_prefe,,,-34.4159316389634,-58.5779747237367,True,
898,49,Tigre,LUJAN,Caudal,4,,alturas_prefe,,,-34.4159316389634,-58.5779747237367,True,
25527,49,Tigre,LUJAN,Altura hidrométrica media mensual,33,,alturas_prefe,,,-34.4159316389634,-58.5779747237367,True,
26291,49,Tigre,LUJAN,Altura hidrométrica media diaria,39,,alturas_prefe,,,-34.4159316389634,-58.5779747237367,True,
26646,49,Tigre,LUJAN,Caudal medio diario,40,,alturas_prefe,,,-34.4159316389634,-58.5779747237367,True,
3399,50,Dique Luján,LUJAN,Altura hidrométrica,2,,alturas_prefe,,,-34.351576,-58.686115,True,
3426,50,Dique Luján,LUJAN,Altura hidrométrica,2,,alturas_prefe,,,-34.351576,-58.686115,True,
899,50,Dique Luján,LUJAN,Caudal,4,,alturas_prefe,,,-34.351576,-58.686115,True,
3480,50,Dique Luján,LUJAN,Caudal,4,,alturas_prefe,,,-34.351576,-58.686115,True,
51,51,Chaná Miní,CHANA,Altura hidrométrica,2,,alturas_prefe,,,-34.2,-58.4833333333,True,
3401,51,Chaná Miní,CHANA,Altura hidrométrica,2,,alturas_prefe,,,-34.2,-58.4833333333,True,
3428,51,Chaná Miní,CHANA,Altura hidrométrica,2,,alturas_prefe,,,-34.2,-58.4833333333,True,
900,51,Chaná Miní,CHANA,Caudal,4,,alturas_prefe,,,-34.2,-58.4833333333,True,
3455,51,Chaná Miní,CHANA,Caudal,4,,alturas_prefe,,,-34.2,-58.4833333333,True,
52,52,San Fernando,LUJAN,Altura hidrométrica,2,,alturas_prefe,,,-34.4333333333,-58.55,True,
26202,52,San Fernando,LUJAN,Altura hidrométrica,2,,alturas_prefe,,,-34.4333333333,-58.55,True,
31537,52,San Fernando,LUJAN,Altura hidrométrica,2,,alturas_prefe,,,-34.4333333333,-58.55,True,
25531,53,San Isidro,RIODELAPLATA,Altura hidrométrica media mensual,33,,alturas_prefe,,,-34.457166,-58.507163,True,
54,54,Olivos,RIODELAPLATA,Altura hidrométrica,2,,alturas_prefe,,,-34.506666,-58.475863,True,
25532,54,Olivos,RIODELAPLATA,Altura hidrométrica media mensual,33,,alturas_prefe,,,-34.506666,-58.475863,True,
26296,54,Olivos,RIODELAPLATA,Altura hidrométrica media diaria,39,,alturas_prefe,,,-34.506666,-58.475863,True,
26651,54,Olivos,RIODELAPLATA,Caudal medio diario,40,,alturas_prefe,,,-34.506666,-58.475863,True,
1524,55,Puerto Pilcomayo,PARAGUAY,Caudal,4,,alturas_prefe,,,-25.3666666666667,-57.65,True,
3530,55,Puerto Pilcomayo,PARAGUAY,Altura hidrométrica media mensual,33,,alturas_prefe,,,-25.3666666666667,-57.65,True,
26652,55,Puerto Pilcomayo,PARAGUAY,Caudal medio diario,40,,alturas_prefe,,,-25.3666666666667,-57.65,True,
25534,56,Bouvier,PARAGUAY,Altura hidrométrica media mensual,33,,alturas_prefe,,,-25.451947,-57.568182,True,
26653,56,Bouvier,PARAGUAY,Caudal medio diario,40,,alturas_prefe,,,-25.451947,-57.568182,True,
3127,57,Puerto Formosa,PARAGUAY,Altura hidrométrica,2,,alturas_prefe,,,-26.1833333333333,-58.1833333333333,True,
3531,57,Puerto Formosa,PARAGUAY,Altura hidrométrica media mensual,33,,alturas_prefe,,,-26.1833333333333,-58.1833333333333,True,
58,58,Bermejo,PARAGUAY,Altura hidrométrica,2,,alturas_prefe,,,-26.92629,-58.506205,True,True
907,58,Bermejo,PARAGUAY,Caudal,4,,alturas_prefe,,,-26.92629,-58.506205,True,
25536,58,Bermejo,PARAGUAY,Altura hidrométrica media mensual,33,,alturas_prefe,,,-26.92629,-58.506205,True,
26300,58,Bermejo,PARAGUAY,Altura hidrométrica media diaria,39,,alturas_prefe,,,-26.92629,-58.506205,True,
25537,59,Isla del Cerrito,PARAGUAY,Altura hidrométrica media mensual,33,,alturas_prefe,,,-27.3166666666667,-58.6166666666667,True,
60,60,Pepirí Miní,URUGUAY,Altura hidrométrica,2,,alturas_prefe,,,-27.153744,-53.933149,True,
3273,61,El Soberbio,URUGUAY,Altura hidrométrica,2,,alturas_prefe,,,-27.3,-54.2,True,
3266,61,El Soberbio,URUGUAY,Caudal,4,,alturas_prefe,,,-27.3,-54.2,True,
25539,61,El Soberbio,URUGUAY,Altura hidrométrica media mensual,33,,alturas_prefe,,,-27.3,-54.2,True,
26658,61,El Soberbio,URUGUAY,Caudal medio diario,40,,alturas_prefe,,,-27.3,-54.2,True,
25540,62,Alicia,URUGUAY,Altura hidrométrica media mensual,33,,alturas_prefe,,,-27.4375,-54.3553,True,
26659,62,Alicia,URUGUAY,Caudal medio diario,40,,alturas_prefe,,,-27.4375,-54.3553,True,
912,63,Alba Posse,URUGUAY,Caudal,4,,alturas_prefe,,,-27.572,-54.678494,True,
25541,63,Alba Posse,URUGUAY,Altura hidrométrica media mensual,33,,alturas_prefe,,,-27.572,-54.678494,True,
64,64,Panambí,URUGUAY,Altura hidrométrica,2,,alturas_prefe,,,-27.730627,-54.91305,True,
26306,64,Panambí,URUGUAY,Altura hidrométrica media diaria,39,,alturas_prefe,,,-27.730627,-54.91305,True,
26661,64,Panambí,URUGUAY,Caudal medio diario,40,,alturas_prefe,,,-27.730627,-54.91305,True,
7828,65,San Javier,URUGUAY,Altura hidrométrica,2,,alturas_prefe,,,-27.8833333333333,-55.1333333333333,True,
914,65,San Javier,URUGUAY,Caudal,4,,alturas_prefe,,,-27.8833333333333,-55.1333333333333,True,
25543,65,San Javier,URUGUAY,Altura hidrométrica media mensual,33,,alturas_prefe,,,-27.8833333333333,-55.1333333333333,True,
26307,65,San Javier,URUGUAY,Altura hidrométrica media diaria,39,,alturas_prefe,,,-27.8833333333333,-55.1333333333333,True,
26662,65,San Javier,URUGUAY,Caudal medio diario,40,,alturas_prefe,,,-27.8833333333333,-55.1333333333333,True,
66,66,Puerto Concepción,URUGUAY,Altura hidrométrica,2,,alturas_prefe,,,-28.119193,-55.581369,True,
25544,66,Puerto Concepción,URUGUAY,Altura hidrométrica media mensual,33,,alturas_prefe,,,-28.119193,-55.581369,True,
26308,66,Puerto Concepción,URUGUAY,Altura hidrométrica media diaria,39,,alturas_prefe,,,-28.119193,-55.581369,True,
67,67,Garruchos,URUGUAY,Altura hidrométrica,2,,alturas_prefe,,,-28.1833333333333,-55.65,True,
26309,67,Garruchos,URUGUAY,Altura hidrométrica media diaria,39,,alturas_prefe,,,-28.1833333333333,-55.65,True,
26664,67,Garruchos,URUGUAY,Caudal medio diario,40,,alturas_prefe,,,-28.1833333333333,-55.65,True,
68,68,Santo Tomé,URUGUAY,Altura hidrométrica,2,,alturas_prefe,,,-28.55,-56.0333333333333,True,
7823,68,Santo Tomé,URUGUAY,Caudal,4,,alturas_prefe,,,-28.55,-56.0333333333333,True,
25546,68,Santo Tomé,URUGUAY,Altura hidrométrica media mensual,33,,alturas_prefe,,,-28.55,-56.0333333333333,True,
25547,69,Alvear,URUGUAY,Altura hidrométrica media mensual,33,,alturas_prefe,,,-29.1,-56.55,True,
70,70,La Cruz,URUGUAY,Altura hidrométrica,2,,alturas_prefe,,,-29.18062,-56.633977,True,
919,70,La Cruz,URUGUAY,Caudal,4,,alturas_prefe,,,-29.18062,-56.633977,True,
26667,70,La Cruz,URUGUAY,Caudal medio diario,40,,alturas_prefe,,,-29.18062,-56.633977,True,
71,71,Yapeyú,URUGUAY,Altura hidrométrica,2,,alturas_prefe,,,-29.470031,-56.810674,True,
3271,72,Paso de los Libres,URUGUAY,Altura hidrométrica,2,,alturas_prefe,,,-29.7166666666667,-57.0833333333333,True,
921,72,Paso de los Libres,URUGUAY,Caudal,4,,alturas_prefe,,,-29.7166666666667,-57.0833333333333,True,
3268,72,Paso de los Libres,URUGUAY,Caudal,4,,alturas_prefe,,,-29.7166666666667,-57.0833333333333,True,
25550,72,Paso de los Libres,URUGUAY,Altura hidrométrica media mensual,33,,alturas_prefe,,,-29.7166666666667,-57.0833333333333,True,
73,73,Bompland,URUGUAY,Altura hidrométrica,2,,alturas_prefe,,,-29.872652,-57.332887,True,
922,73,Bompland,URUGUAY,Caudal,4,,alturas_prefe,,,-29.872652,-57.332887,True,
26670,73,Bompland,URUGUAY,Caudal medio diario,40,,alturas_prefe,,,-29.872652,-57.332887,True,
74,74,Monte Caseros,URUGUAY,Altura hidrométrica,2,,alturas_prefe,,,-30.25,-57.6333333333333,True,
25552,74,Monte Caseros,URUGUAY,Altura hidrométrica media mensual,33,,alturas_prefe,,,-30.25,-57.6333333333333,True,False
75,75,Mocoretá,URUGUAY,Altura hidrométrica,2,,alturas_prefe,,,-30.715682,-57.81776,True,
924,75,Mocoretá,URUGUAY,Caudal,4,,alturas_prefe,,,-30.715682,-57.81776,True,
925,76,Federación,URUGUAY,Caudal,4,,alturas_prefe,,,-30.993221,-57.914682,True,
26318,76,Federación,URUGUAY,Altura hidrométrica media diaria,39,,alturas_prefe,,,-30.993221,-57.914682,True,
26673,76,Federación,URUGUAY,Caudal medio diario,40,,alturas_prefe,,,-30.993221,-57.914682,True,
77,77,Salto Grande Arriba,URUGUAY,Altura hidrométrica,2,,alturas_prefe,,,-31.27547,-57.936945,True,
926,77,Salto Grande Arriba,URUGUAY,Caudal,4,,alturas_prefe,,,-31.27547,-57.936945,True,
25555,77,Salto Grande Arriba,URUGUAY,Altura hidrométrica media mensual,33,,alturas_prefe,,,-31.27547,-57.936945,True,
26674,77,Salto Grande Arriba,URUGUAY,Caudal medio diario,40,,alturas_prefe,,,-31.27547,-57.936945,True,
78,78,Salto Grande Abajo,URUGUAY,Altura hidrométrica,2,,alturas_prefe,,,-31.27547,-57.936945,True,
7833,78,Salto Grande Abajo,URUGUAY,Caudal,4,,alturas_prefe,,,-31.27547,-57.936945,True,
31552,78,Salto Grande Abajo,URUGUAY,Caudal,4,,alturas_prefe,,,-31.27547,-57.936945,True,
25556,78,Salto Grande Abajo,URUGUAY,Altura hidrométrica media mensual,33,,alturas_prefe,,,-31.27547,-57.936945,True,
26675,78,Salto Grande Abajo,URUGUAY,Caudal medio diario,40,,alturas_prefe,,,-31.27547,-57.936945,True,
7836,79,Concordia,URUGUAY,Altura hidrométrica,2,,alturas_prefe,,,-31.4,-58.0166666666667,True,
928,79,Concordia,URUGUAY,Caudal,4,,alturas_prefe,,,-31.4,-58.0166666666667,True,
7835,79,Concordia,URUGUAY,Caudal,4,,alturas_prefe,,,-31.4,-58.0166666666667,True,
25557,79,Concordia,URUGUAY,Altura hidrométrica media mensual,33,,alturas_prefe,,,-31.4,-58.0166666666667,True,
26321,79,Concordia,URUGUAY,Altura hidrométrica media diaria,39,,alturas_prefe,,,-31.4,-58.0166666666667,True,
25558,80,Colón,URUGUAY,Altura hidrométrica media mensual,33,,alturas_prefe,,,-32.2333333333333,-58.1166666666667,True,
26322,80,Colón,URUGUAY,Altura hidrométrica media diaria,39,,alturas_prefe,,,-32.2333333333333,-58.1166666666667,True,
26677,80,Colón,URUGUAY,Caudal medio diario,40,,alturas_prefe,,,-32.2333333333333,-58.1166666666667,True,
3270,81,Concepción del Uruguay,URUGUAY,Altura hidrométrica,2,,alturas_prefe,,,-32.4833333333333,-58.2333333333333,True,
3269,81,Concepción del Uruguay,URUGUAY,Caudal,4,,alturas_prefe,,,-32.4833333333333,-58.2333333333333,True,
26323,81,Concepción del Uruguay,URUGUAY,Altura hidrométrica media diaria,39,,alturas_prefe,,,-32.4833333333333,-58.2333333333333,True,
82,82,Campichuelo,URUGUAY,Altura hidrométrica,2,,alturas_prefe,,,-32.70101,-58.1834,True,
932,83,Puerto Gualeguaychú,GUALEGUAYCHU,Caudal,4,,alturas_prefe,,,-33.0166666666667,-58.5,True,
25561,83,Puerto Gualeguaychú,GUALEGUAYCHU,Altura hidrométrica media mensual,33,,alturas_prefe,,,-33.0166666666667,-58.5,True,
26325,83,Puerto Gualeguaychú,GUALEGUAYCHU,Altura hidrométrica media diaria,39,,alturas_prefe,,,-33.0166666666667,-58.5,True,
84,84,Boca Gualeguaychú,URUGUAY,Altura hidrométrica,2,,alturas_prefe,,,-33.0666666666667,-58.4166666666667,True,
29580,85,Buenos Aires,RIODELAPLATA,Altura hidrométrica,2,,alturas_prefe,,,-34.56108,-58.399288,True,
26327,85,Buenos Aires,RIODELAPLATA,Altura hidrométrica media diaria,39,,alturas_prefe,,,-34.56108,-58.399288,True,
86,86,La Plata,RIODELAPLATA,Altura hidrométrica,2,,alturas_prefe,,,-34.824196,-57.873546,True,
26328,86,La Plata,RIODELAPLATA,Altura hidrométrica media diaria,39,,alturas_prefe,,,-34.824196,-57.873546,True,
26683,86,La Plata,RIODELAPLATA,Caudal medio diario,40,,alturas_prefe,,,-34.824196,-57.873546,True,
87,87,Yacyretá afluente,PARANAMED,Altura hidrométrica,2,,alturas_prefe,,,-27.482557,-56.727244,True,
3265,87,Yacyretá afluente,PARANAMED,Altura hidrométrica,2,,alturas_prefe,,,-27.482557,-56.727244,True,
1419,87,Yacyretá afluente,PARANAMED,Caudal,4,,alturas_prefe,,,-27.482557,-56.727244,True,
26329,87,Yacyretá afluente,PARANAMED,Altura hidrométrica media diaria,39,,alturas_prefe,,,-27.482557,-56.727244,True,
26684,87,Yacyretá afluente,PARANAMED,Caudal medio diario,40,,alturas_prefe,,,-27.482557,-56.727244,True,
88,88,Yacyretá efluente,PARANAMED,Altura hidrométrica,2,,alturas_prefe,,,-27.482557,-56.727244,True,False
1532,88,Yacyretá efluente,PARANAMED,Altura hidrométrica,2,,alturas_prefe,,,-27.482557,-56.727244,True,
937,88,Yacyretá efluente,PARANAMED,Caudal,4,,alturas_prefe,,,-27.482557,-56.727244,True,
26330,88,Yacyretá efluente,PARANAMED,Altura hidrométrica media diaria,39,,alturas_prefe,,,-27.482557,-56.727244,True,
26685,88,Yacyretá efluente,PARANAMED,Caudal medio diario,40,,alturas_prefe,,,-27.482557,-56.727244,True,
89,89,Aporte Salto Grande,URUGUAY,Altura hidrométrica,2,,alturas_prefe,,,-31.273969,-57.938011,True,False
938,89,Aporte Salto Grande,URUGUAY,Caudal,4,,alturas_prefe,,,-31.273969,-57.938011,True,
25568,90,Erogado Salto Grande,URUGUAY,Altura hidrométrica media mensual,33,,alturas_prefe,,,-31.273969,-57.938011,True,
26332,90,Erogado Salto Grande,URUGUAY,Altura hidrométrica media diaria,39,,alturas_prefe,,,-31.273969,-57.938011,True,
26687,90,Erogado Salto Grande,URUGUAY,Caudal medio diario,40,,alturas_prefe,,,-31.273969,-57.938011,True,
3159,93,Confluencia,PARANAMED,Altura hidrométrica,2,,alturas_prefe,,,-25.592701,-54.593363,True,
942,93,Confluencia,PARANAMED,Caudal,4,,alturas_prefe,,,-25.592701,-54.593363,True,
25571,93,Confluencia,PARANAMED,Altura hidrométrica media mensual,33,,alturas_prefe,,,-25.592701,-54.593363,True,
26335,93,Confluencia,PARANAMED,Altura hidrométrica media diaria,39,,alturas_prefe,,,-25.592701,-54.593363,True,
96,96,Colorado,BERMEJO,Altura hidrométrica,2,,alturas_prefe,,,,,True,
945,96,Colorado,BERMEJO,Caudal,4,,alturas_prefe,,,,,True,
25574,96,Colorado,BERMEJO,Altura hidrométrica media mensual,33,,alturas_prefe,,,,,True,
26338,96,Colorado,BERMEJO,Altura hidrométrica media diaria,39,,alturas_prefe,,,,,True,
26693,96,Colorado,BERMEJO,Caudal medio diario,40,,alturas_prefe,,,,,True,
97,97,Brazo Largo,PARANAGUAZU,Altura hidrométrica,2,,alturas_prefe,,,-33.8833333333,-58.9,True,
946,97,Brazo Largo,PARANAGUAZU,Caudal,4,,alturas_prefe,,,-33.8833333333,-58.9,True,
25575,97,Brazo Largo,PARANAGUAZU,Altura hidrométrica media mensual,33,,alturas_prefe,,,-33.8833333333,-58.9,True,
98,98,Virtuani,BRAZOLARGO,Altura hidrométrica,2,,alturas_prefe,,,-33.7833333333,-58.6166666667,True,
947,98,Virtuani,BRAZOLARGO,Caudal,4,,alturas_prefe,,,-33.7833333333,-58.6166666667,True,
25576,98,Virtuani,BRAZOLARGO,Altura hidrométrica media mensual,33,,alturas_prefe,,,-33.7833333333,-58.6166666667,True,
26695,98,Virtuani,BRAZOLARGO,Caudal medio diario,40,,alturas_prefe,,,-33.7833333333,-58.6166666667,True,
99,99,Gualeguaychú,URUGUAY,Altura hidrométrica,2,,alturas_prefe,,,-33.0144444444444,-58.5041666666667,True,
948,99,Gualeguaychú,URUGUAY,Caudal,4,,alturas_prefe,,,-33.0144444444444,-58.5041666666667,True,
26696,99,Gualeguaychú,URUGUAY,Caudal medio diario,40,,alturas_prefe,,,-33.0144444444444,-58.5041666666667,True,
102,102,Ruta Nacional nº 130,GUALEGUAYCHU,Altura hidrométrica,2,,alturas_bdhi,,,-32.1046111111111,-58.4904722222222,True,
1521,103,Recreo - Ruta Provincial nº 70,SALADOSANTAFE,Altura hidrométrica,2,,alturas_bdhi,,,-31.4912222222222,-60.7805555555556,True,
6659,103,Recreo - Ruta Provincial nº 70,SALADOSANTAFE,Caudal,4,,alturas_bdhi,,,-31.4912222222222,-60.7805555555556,True,
43040,103,Recreo - Ruta Provincial nº 70,SALADOSANTAFE,Caudal medio diario,40,,alturas_bdhi,,,-31.4912222222222,-60.7805555555556,True,
954,105,Tostado,SALADOSANTAFE,Caudal,4,,alturas_bdhi,,,-29.2751666666667,-61.7439444444444,True,
107,107,Santa Lucía,SANTALUCIA,Altura hidrométrica,2,,alturas_bdhi,,,-28.9911111111111,-59.0982222222222,True,
29868,107,Santa Lucía,SANTALUCIA,Altura hidrométrica media diaria,39,,alturas_bdhi,,,-28.9911111111111,-59.0982222222222,True,
108,108,San Roque,SANTALUCIA,Altura hidrométrica,2,,alturas_bdhi,,,-28.5711388888889,-58.7214166666667,True,
957,108,San Roque,SANTALUCIA,Caudal,4,,alturas_bdhi,,,-28.5711388888889,-58.7214166666667,True,
29869,108,San Roque,SANTALUCIA,Altura hidrométrica media diaria,39,,alturas_bdhi,,,-28.5711388888889,-58.7214166666667,True,
6650,109,Paso Lucero,CORRIENTE,Caudal,4,,alturas_bdhi,,,-28.9943611111111,-58.5593888888889,True,
958,109,Paso Lucero,CORRIENTE,Caudal,4,,alturas_bdhi,,,-28.9943611111111,-58.5593888888889,True,
29870,109,Paso Lucero,CORRIENTE,Altura hidrométrica media diaria,39,,alturas_bdhi,,,-28.9943611111111,-58.5593888888889,True,
110,110,Segui,LASCONCHAS,Altura hidrométrica,2,,alturas_bdhi,,,-31.95,-60.1263888888889,True,
959,110,Segui,LASCONCHAS,Caudal,4,,alturas_bdhi,,,-31.95,-60.1263888888889,True,
111,111,Límite con Entre Ríos – Ruta Provincial nº 28,GUAYQUIRARO,Altura hidrométrica,2,,alturas_bdhi,,,-30.2166388888889,-58.7846388888889,True,
960,111,Límite con Entre Ríos – Ruta Provincial nº 28,GUAYQUIRARO,Caudal,4,,alturas_bdhi,,,-30.2166388888889,-58.7846388888889,True,
6652,112,Nogoyá Ruta Provincial nº 11,NOGOYA,Caudal,4,,alturas_bdhi,,,-32.841975,-59.864625,True,
961,112,Nogoyá Ruta Provincial nº 11,NOGOYA,Caudal,4,,alturas_bdhi,,,-32.841975,-59.864625,True,
29873,112,Nogoyá Ruta Provincial nº 11,NOGOYA,Altura hidrométrica media diaria,39,,alturas_bdhi,,,-32.841975,-59.864625,True,
29875,116,Ruta Nacional Nº 12,NOGOYA,Altura hidrométrica media diaria,39,,alturas_bdhi,,,-32.3946388888889,-59.7638611111111,True,
118,118,Pueblo Andino,CARCARAÑA,Altura hidrométrica,2,,alturas_bdhi,,,-32.6733333333333,-60.8659444444444,True,
6670,118,Pueblo Andino,CARCARAÑA,Caudal,4,,alturas_bdhi,,,-32.6733333333333,-60.8659444444444,True,
967,118,Pueblo Andino,CARCARAÑA,Caudal,4,,alturas_bdhi,,,-32.6733333333333,-60.8659444444444,True,
119,119,Paso Juncué,GUAYQUIRARO,Altura hidrométrica,2,,alturas_bdhi,,,-30.3616388888889,-59.2586944444444,True,
968,119,Paso Juncué,GUAYQUIRARO,Caudal,4,,alturas_bdhi,,,-30.3616388888889,-59.2586944444444,True,
29877,119,Paso Juncué,GUAYQUIRARO,Altura hidrométrica media diaria,39,,alturas_bdhi,,,-30.3616388888889,-59.2586944444444,True,
120,120,Paso Telégrafo,GUAYQUIRARO,Altura hidrométrica,2,,alturas_bdhi,,,-30.34375,-59.5129722222222,True,
121,121,Los Laureles,CORRIENTE,Altura hidrométrica,2,,alturas_bdhi,,,-29.7571111111111,-59.2171666666667,True,
970,121,Los Laureles,CORRIENTE,Caudal,4,,alturas_bdhi,,,-29.7571111111111,-59.2171666666667,True,
29879,121,Los Laureles,CORRIENTE,Altura hidrométrica media diaria,39,,alturas_bdhi,,,-29.7571111111111,-59.2171666666667,True,
42633,121,Los Laureles,CORRIENTE,Caudal medio diario,40,,alturas_bdhi,,,-29.7571111111111,-59.2171666666667,True,
122,122,Ruta Nacional nº 168,COLASTINE,Altura hidrométrica,2,,alturas_bdhi,,,-31.6611388888889,-60.6020555555556,True,
30122,122,Ruta Nacional nº 168,COLASTINE,Caudal medio diario,40,,alturas_bdhi,,,-31.6611388888889,-60.6020555555556,True,
123,123,Autopista,COLASTINE,Altura hidrométrica,2,,alturas_bdhi,,,-32.0178611111111,-60.990275,True,
6663,123,Autopista,COLASTINE,Caudal,4,,alturas_bdhi,,,-32.0178611111111,-60.990275,True,
43044,123,Autopista,COLASTINE,Caudal medio diario,40,,alturas_bdhi,,,-32.0178611111111,-60.990275,True,
124,124,Autopista,SALADILLO,Altura hidrométrica,2,,alturas_bdhi,,,-33.0272222222222,-60.6635555555556,True,
6660,126,Villa Ocampo (Ruta Prov. Nº 32),LOSAMORES,Caudal,4,,alturas_bdhi,,,-28.4912222222222,-59.3879444444444,True,
29884,126,Villa Ocampo (Ruta Prov. Nº 32),LOSAMORES,Altura hidrométrica media diaria,39,,alturas_bdhi,,,-28.4912222222222,-59.3879444444444,True,
43043,126,Villa Ocampo (Ruta Prov. Nº 32),LOSAMORES,Caudal medio diario,40,,alturas_bdhi,,,-28.4912222222222,-59.3879444444444,True,
127,127,Moussy,ELREY,Altura hidrométrica,2,,alturas_bdhi,,,-28.9979166666667,-59.7526111111111,True,
6666,127,Moussy,ELREY,Caudal,4,,alturas_bdhi,,,-28.9979166666667,-59.7526111111111,True,
976,127,Moussy,ELREY,Caudal,4,,alturas_bdhi,,,-28.9979166666667,-59.7526111111111,True,
29885,127,Moussy,ELREY,Altura hidrométrica media diaria,39,,alturas_bdhi,,,-28.9979166666667,-59.7526111111111,True,
43039,127,Moussy,ELREY,Caudal medio diario,40,,alturas_bdhi,,,-28.9979166666667,-59.7526111111111,True,
128,128,Fortín Olmos,GOLONDRINA,Altura hidrométrica,2,,alturas_bdhi,,,-29.0655,-60.4971666666667,True,
6671,128,Fortín Olmos,GOLONDRINA,Caudal,4,,alturas_bdhi,,,-29.0655,-60.4971666666667,True,
29886,128,Fortín Olmos,GOLONDRINA,Altura hidrométrica media diaria,39,,alturas_bdhi,,,-29.0655,-60.4971666666667,True,
129,129,Resistencia,NEGRO,Altura hidrométrica,2,,alturas_bdhi,,,-27.4397222222222,-59,True,
29887,129,Resistencia,NEGRO,Altura hidrométrica media diaria,39,,alturas_bdhi,,,-27.4397222222222,-59,True,
130,130,Paso Ledesma,MIRIÑAY,Altura hidrométrica,2,,alturas_bdhi,,,-29.8458,-57.6745111111111,True,
979,130,Paso Ledesma,MIRIÑAY,Caudal,4,,alturas_bdhi,,,-29.8458,-57.6745111111111,True,
29888,130,Paso Ledesma,MIRIÑAY,Altura hidrométrica media diaria,39,,alturas_bdhi,,,-29.8458,-57.6745111111111,True,
131,131,Puerto Maní,PARANAMED,Altura hidrométrica,2,,alturas_prefe,,,-27.1063611111111,-55.5221666666667,True,
26342,131,Puerto Maní,PARANAMED,Altura hidrométrica media diaria,39,,alturas_prefe,,,-27.1063611111111,-55.5221666666667,True,
26697,131,Puerto Maní,PARANAMED,Caudal medio diario,40,,alturas_prefe,,,-27.1063611111111,-55.5221666666667,True,
133,133,La Emilia,DELMEDIO,Altura hidrométrica,2,,alturas_bdhi,,,-33.3989194444444,-60.3346777777778,True,
982,133,La Emilia,DELMEDIO,Caudal,4,,alturas_bdhi,,,-33.3989194444444,-60.3346777777778,True,
29889,133,La Emilia,DELMEDIO,Altura hidrométrica media diaria,39,,alturas_bdhi,,,-33.3989194444444,-60.3346777777778,True,
134,134,Ruta Nacional nº 12,SANLORENZO,Altura hidrométrica,2,,alturas_bdhi,,,-28.1141666666667,-58.8086111111111,True,
1515,134,Ruta Nacional nº 12,SANLORENZO,Altura hidrométrica,2,,alturas_bdhi,,,-28.1141666666667,-58.8086111111111,True,
983,134,Ruta Nacional nº 12,SANLORENZO,Caudal,4,,alturas_bdhi,,,-28.1141666666667,-58.8086111111111,True,
29395,135,Autopista,ELMONJE,Caudal,4,,alturas_bdhi,,,-32.3929722222222,-60.9411111111111,True,
6661,136,Ruta Nacional nº 11,MALABRIGO,Caudal,4,,alturas_bdhi,,,-29.2786666666667,-59.7856666666667,True,
985,136,Ruta Nacional nº 11,MALABRIGO,Caudal,4,,alturas_bdhi,,,-29.2786666666667,-59.7856666666667,True,
139,139,Ruta Provincial nº 18,SALADILLO,Altura hidrométrica,2,,alturas_bdhi,,,-33.02925,-60.6820277777778,True,
988,139,Ruta Provincial nº 18,SALADILLO,Caudal,4,,alturas_bdhi,,,-33.02925,-60.6820277777778,True,
140,140,Cnel. Bogado,PAVON,Altura hidrométrica,2,,alturas_bdhi,,,-33.3600611111111,-60.576775,True,
6665,140,Cnel. Bogado,PAVON,Caudal,4,,alturas_bdhi,,,-33.3600611111111,-60.576775,True,
29894,140,Cnel. Bogado,PAVON,Altura hidrométrica media diaria,39,,alturas_bdhi,,,-33.3600611111111,-60.576775,True,
43048,140,Cnel. Bogado,PAVON,Caudal medio diario,40,,alturas_bdhi,,,-33.3600611111111,-60.576775,True,
29895,143,Bell Ville,TERCERO,Altura hidrométrica media diaria,39,,alturas_bdhi,,,-32.61667,-62.68333,True,
146,146,Roque Perez,SALADOBONAERENSE,Altura hidrométrica,2,,alturas_bdhi,,,-35.372613,-59.280502,True,
995,146,Roque Perez,SALADOBONAERENSE,Caudal,4,,alturas_bdhi,,,-35.372613,-59.280502,True,
147,147,Cachi,CALCHAQUI,Altura hidrométrica,2,,alturas_bdhi,,,-25.123332,-66.156666,True,
29897,147,Cachi,CALCHAQUI,Altura hidrométrica media diaria,39,,alturas_bdhi,,,-25.123332,-66.156666,True,
997,148,Seminario Diocesano de Azul,AZUL,Caudal,4,,alturas_bdhi,,,-36.831082,-59.893888,True,
29898,148,Seminario Diocesano de Azul,AZUL,Altura hidrométrica media diaria,39,,alturas_bdhi,,,-36.831082,-59.893888,True,
998,149,Canal Seoane,Canal Seoane,Caudal,4,,ina_delta,,,-34.166861111,-58.638166667,True,
29899,150,J.M. García,LUJAN,Altura hidrométrica media diaria,39,,alturas_bdhi,,,-34.702202778,-59.548977778,True,
170,170,Ruta Provincial Nº 044,Poncho Moro,Altura hidrométrica,2,,alturas_bdhi,,,-43.6683333333333,-71.4061388888889,True,
6395,170,Ruta Provincial Nº 044,Poncho Moro,Caudal,4,,alturas_bdhi,,,-43.6683333333333,-71.4061388888889,True,
1019,170,Ruta Provincial Nº 044,Poncho Moro,Caudal,4,,alturas_bdhi,,,-43.6683333333333,-71.4061388888889,True,
174,174,San Justo - Ruta Provincial nº 2,SALADOSANTAFE,Altura hidrométrica,2,,alturas_bdhi,,,-30.744031,-60.624247,True,
29902,174,San Justo - Ruta Provincial nº 2,SALADOSANTAFE,Altura hidrométrica media diaria,39,,alturas_bdhi,,,-30.744031,-60.624247,True,
39727,174,San Justo - Ruta Provincial nº 2,SALADOSANTAFE,Caudal medio diario,40,,alturas_bdhi,,,-30.744031,-60.624247,True,
1024,175,Emilia - Ruta Provincial nº 62,Salado Santafesino,Caudal,4,,alturas_bdhi,,,-31.042868,-60.841003,True,
29903,175,Emilia - Ruta Provincial nº 62,Salado Santafesino,Altura hidrométrica media diaria,39,,alturas_bdhi,,,-31.042868,-60.841003,True,
39728,175,Emilia - Ruta Provincial nº 62,Salado Santafesino,Caudal medio diario,40,,alturas_bdhi,,,-31.042868,-60.841003,True,
1494,304,San Javier,URUGUAY,Caudal,4,,alturas_bdhi,,,-27.88,-55.13,True,
319,319,La Sirena,AGUAPEY,Altura hidrométrica,2,,alturas_bdhi,,,-28.4166666666667,-56.5421666666667,True,
6073,319,La Sirena,AGUAPEY,Altura hidrométrica,2,,alturas_bdhi,,,-28.4166666666667,-56.5421666666667,True,
6651,319,La Sirena,AGUAPEY,Caudal,4,,alturas_bdhi,,,-28.4166666666667,-56.5421666666667,True,
1168,319,La Sirena,AGUAPEY,Caudal,4,,alturas_bdhi,,,-28.4166666666667,-56.5421666666667,True,
6072,319,La Sirena,AGUAPEY,Caudal,4,,alturas_bdhi,,,-28.4166666666667,-56.5421666666667,True,
29904,319,La Sirena,AGUAPEY,Altura hidrométrica media diaria,39,,alturas_bdhi,,,-28.4166666666667,-56.5421666666667,True,
526,526,ARECO,,precipitación diaria 12Z,1,,otros_registros,,,-34.24,-59.5,True,
2406,769,25 de Mayo - EEA Pergamino - Estacion Forestal INTA,,precipitación diaria 12Z,1,,red_inta,,,-35.4790000915527,-60.1269989013672,True,
2407,770,Abra Pampa - EEA Abra Pampa,,precipitación diaria 12Z,1,,red_inta,,,-22.798999786377,-65.8259963989258,True,
4324,770,Abra Pampa - EEA Abra Pampa,,precipitación horaria,31,,red_inta,,,-22.798999786377,-65.8259963989258,True,
2409,772,Andalgala - EEA Catamarca - AER Andalgala,,precipitación diaria 12Z,1,,red_inta,,,-27.6040000915527,-66.3359985351562,True,
4326,772,Andalgala - EEA Catamarca - AER Andalgala,,precipitación horaria,31,,red_inta,,,-27.6040000915527,-66.3359985351562,True,
2410,773,Anguil -EEA Anguil - EEA INTA Anguil - Guillermo Covas,,precipitación diaria 12Z,1,,red_inta,,,-36.5419998168945,-63.9910011291504,True,
4265,773,Anguil -EEA Anguil - EEA INTA Anguil - Guillermo Covas,,precipitación horaria,31,,red_inta,,,-36.5419998168945,-63.9910011291504,True,
2411,774,Apolinario Saravia - EEA Salta - OIT Apolinario Saravia,,precipitación diaria 12Z,1,,red_inta,,,-24.4349994659424,-63.9889984130859,True,
4266,774,Apolinario Saravia - EEA Salta - OIT Apolinario Saravia,,precipitación horaria,31,,red_inta,,,-24.4349994659424,-63.9889984130859,True,
2412,775,Arrecifes - EEA Pergamino - Escuela Agropecuaria N 1 de Arrecifes,,precipitación diaria 12Z,1,,red_inta,,,-34.0499992370605,-60.1360015869141,True,
2400,776,Balcarce - EEA Balcarce - EEA Balcarce,,precipitación diaria 12Z,1,,red_inta,,,-37.7630004882812,-58.2980003356934,True,
2401,777,Bandera - Predio AER INTA Bandera,,precipitación diaria 12Z,1,,red_inta,,,-28.8929996490479,-62.2750015258789,True,
2402,778,Basail - INTA - Basail,,precipitación diaria 12Z,1,,red_inta,,,-27.8969993591309,-59.2949981689453,True,
4319,778,Basail - INTA - Basail,,precipitación horaria,31,,red_inta,,,-27.8969993591309,-59.2949981689453,True,
4320,779,Caa Cati - Caa Cati,,precipitación horaria,31,,red_inta,,,-27.75,-57.6160011291504,True,
2398,780,CAFER - Don Cristobal,,precipitación diaria 12Z,1,,red_inta,,,-32.0750007629395,-59.9939994812012,True,
2397,781,CAFER - San Victor,,precipitación diaria 12Z,1,,red_inta,,,-30.4669990539551,-59.0330009460449,True,
2404,782,Castelar (Observatorio) - Obs. Principal-Predio INTA Castelar,,precipitación diaria 12Z,1,,red_inta,,,-34.6049995422363,-58.6699981689453,True,
4321,782,Castelar (Observatorio) - Obs. Principal-Predio INTA Castelar,,precipitación horaria,31,,red_inta,,,-34.6049995422363,-58.6699981689453,True,
4322,783,Cerro Azul - EEA INTA - Cerro Azul,,precipitación horaria,31,,red_inta,,,-27.6560001373291,-55.4379997253418,True,
4316,784,Concepcion del Uruguay - Predio observatorio agrometeorologico,,precipitación horaria,31,,red_inta,,,-32.4879989624023,-58.3479995727539,True,
2162,786,EFA Andresito - Escuela de la Familia Agricola (EFA 704 ANDRESITO),,precipitación diaria 12Z,1,,red_inta,,,-25.617000579834,-54.0699996948242,True,
4039,786,EFA Andresito - Escuela de la Familia Agricola (EFA 704 ANDRESITO),,precipitación horaria,31,,red_inta,,,-25.617000579834,-54.0699996948242,True,
4037,787,EFA Bernardo de Irigoyen - Predio del Servicio Meteorologico Nacional,,precipitación horaria,31,,red_inta,,,-26.4360008239746,-53.673999786377,True,
2153,789,El Palmar - Ubicada en Parque Nac. El Palmar,,precipitación diaria 12Z,1,,red_inta,,,-31.8640003204346,-58.2589988708496,True,
2154,790,El Portezuelo - EEA La Rioja - AER El Portezuelo,,precipitación diaria 12Z,1,,red_inta,,,-30.8360004425049,-66.6969985961914,True,
2155,791,El Potrero - EEA Yuto - Predio Empresa CITRUSALTA S.A.,,precipitación diaria 12Z,1,,red_inta,,,-23.4710006713867,-64.3830032348633,True,False
4062,792,Esquina - Predio del Aero Club Esquina,,precipitación horaria,31,,red_inta,,,-30.0389995574951,-59.5330009460449,True,
2157,793,Federal - Parcela frutal de experimental Va. Federal,,precipitación diaria 12Z,1,,red_inta,,,-30.9290008544922,-58.7729988098145,True,
4063,793,Federal - Parcela frutal de experimental Va. Federal,,precipitación horaria,31,,red_inta,,,-30.9290008544922,-58.7729988098145,True,
4064,794,Ferre - EEA Pergamino - Escuela Agrotecnica Salesiana de Ferre,,precipitación horaria,31,,red_inta,,,-34.0999984741211,-61.1399993896484,True,
2159,795,General Campos - Predio productor arrocero,,precipitación diaria 12Z,1,,red_inta,,,-31.5300006866455,-58.4039993286133,True,
2160,796,Goya - Escuela de la Familia Agricola Coembota IS 16,,precipitación diaria 12Z,1,,red_inta,,,-29.17799949646,-59.0919990539551,True,
4066,796,Goya - Escuela de la Familia Agricola Coembota IS 16,,precipitación horaria,31,,red_inta,,,-29.17799949646,-59.0919990539551,True,
4001,798,INTA - Coronel Pringle - Dir. Rem.Vet.,,precipitación horaria,31,,red_inta,,,-37.742000579834,-61.5250015258789,True,
2122,799,INTA - Cuchilla - Establecimiento Cuchilla,,precipitación diaria 12Z,1,,red_inta,,,-33.1969985961914,-59.2599983215332,True,
4009,800,INTA - Delta - EEA Delta del Parana,,precipitación horaria,31,,red_inta,,,-34.1749992370605,-58.8629989624023,True,
2124,801,INTA - EMA Charata - EMA Charata - Escuela Agropecuaria,,precipitación diaria 12Z,1,,red_inta,,,-27.2150001525879,-61.1699981689453,True,
4010,801,INTA - EMA Charata - EMA Charata - Escuela Agropecuaria,,precipitación horaria,31,,red_inta,,,-27.2150001525879,-61.1699981689453,True,
2166,802,INTA - Escuela Macia - Escuela Agrotecnica G. Macia,,precipitación diaria 12Z,1,,red_inta,,,-32.1580009460449,-59.3940010070801,True,
4098,802,INTA - Escuela Macia - Escuela Agrotecnica G. Macia,,precipitación horaria,31,,red_inta,,,-32.1580009460449,-59.3940010070801,True,
2116,803,INTA - Galvez - EMA Galvez,,precipitación diaria 12Z,1,,red_inta,,,-32.0299987792969,-61.1599998474121,True,
2125,804,INTA - General Acha - EEA Anguil - Gral. Acha,,precipitación diaria 12Z,1,,red_inta,,,-37.382999420166,-64.5999984741211,True,
4012,805,INTA - La Para - Campo,,precipitación horaria,31,,red_inta,,,-31.011999130249,-63.0200004577637,True,
2127,806,INTA - Las Brenas - INTA - Las Brenas,,precipitación diaria 12Z,1,,red_inta,,,-27.0729999542236,-61.0620002746582,True,
4013,806,INTA - Las Brenas - INTA - Las Brenas,,precipitación horaria,31,,red_inta,,,-27.0729999542236,-61.0620002746582,True,
2129,807,INTA - Parana - EEA Parana - Parana,,precipitación diaria 12Z,1,,red_inta,,,-31.8560009002686,-60.5299987792969,True,
2130,808,INTA - Pergamino - EEA Pergamino,,precipitación diaria 12Z,1,,red_inta,,,-33.8880004882812,-60.5690002441406,True,
2131,809,INTA - San Gustavo - EEA Parana - San Gustavo,,precipitación diaria 12Z,1,,red_inta,,,-30.6669998168945,-59.382999420166,True,
2133,811,INTA - Victorica - EEA Anguil - Victorica,,precipitación diaria 12Z,1,,red_inta,,,-36.2159996032715,-65.431999206543,True,False
4019,811,INTA - Victorica - EEA Anguil - Victorica,,precipitación horaria,31,,red_inta,,,-36.2159996032715,-65.431999206543,True,False
2134,812,INTA - Villa Elisa - EEA Parana - Villa Elisa,,precipitación diaria 12Z,1,,red_inta,,,-32.1669998168945,-58.4000015258789,True,
4020,812,INTA - Villa Elisa - EEA Parana - Villa Elisa,,precipitación horaria,31,,red_inta,,,-32.1669998168945,-58.4000015258789,True,
2135,813,INTA - Villa Regina - Villa Regina,,precipitación diaria 12Z,1,,red_inta,,,-39.1259994506836,-67.1060028076172,True,
4021,813,INTA - Villa Regina - Villa Regina,,precipitación horaria,31,,red_inta,,,-39.1259994506836,-67.1060028076172,True,
4022,814,Ituzaingo - Establecimiento Ibera Costa,,precipitación horaria,31,,red_inta,,,-27.5520000457764,-56.5550003051758,True,
4005,816,Juan Jose Castelli - Juan Jose Castelli,,precipitación horaria,31,,red_inta,,,-25.9400005340576,-60.6069984436035,True,
2137,817,Jumial Grande - Parque agente INTA Prohuerta,,precipitación diaria 12Z,1,,red_inta,,,-27.4300003051758,-63.3199996948242,True,
2139,819,La Dulce - EEA Balcarce - Campo Experimental Buck Semillas SA,,precipitación diaria 12Z,1,,red_inta,,,-38.3370018005371,-59.007999420166,True,
4025,819,La Dulce - EEA Balcarce - Campo Experimental Buck Semillas SA,,precipitación horaria,31,,red_inta,,,-38.3370018005371,-59.007999420166,True,
4006,822,Las Marianas - Establecimiento Las Marianas,,precipitación horaria,31,,red_inta,,,-27.2740001678467,-59.1440010070801,True,
4028,823,Las piedritas - INTA - Las piedritas,,precipitación horaria,31,,red_inta,,,-26.8159999847412,-61.6129989624023,True,
2143,824,Las Rosas - Establecimiento Agricola - Flia Giampieri,,precipitación diaria 12Z,1,,red_inta,,,-32.492000579834,-61.5670013427734,True,
4029,824,Las Rosas - Establecimiento Agricola - Flia Giampieri,,precipitación horaria,31,,red_inta,,,-32.492000579834,-61.5670013427734,True,
2144,825,Las Tunas - Establecimiento San Antonio,,precipitación diaria 12Z,1,,red_inta,,,-31.871000289917,-59.685001373291,True,
4030,825,Las Tunas - Establecimiento San Antonio,,precipitación horaria,31,,red_inta,,,-31.871000289917,-59.685001373291,True,
4032,827,Macia - INTA - Macia - Establecimiento Casa Juan,,precipitación horaria,31,,red_inta,,,-32.1660003662109,-59.390998840332,True,
2128,828,Manfredi (EMA) - INTA - Manfredi (EMA),,precipitación diaria 12Z,1,,red_inta,,,-31.8199996948242,-63.7700004577637,True,
4014,828,Manfredi (EMA) - INTA - Manfredi (EMA),,precipitación horaria,31,,red_inta,,,-31.8199996948242,-63.7700004577637,True,
2117,829,Marcos Juarez - En predio de EEA Marcos Juarez,,precipitación diaria 12Z,1,,red_inta,,,-32.7190017700195,-62.1059989929199,True,
4004,829,Marcos Juarez - En predio de EEA Marcos Juarez,,precipitación horaria,31,,red_inta,,,-32.7190017700195,-62.1059989929199,True,
2147,830,Miramar - EEA Balcarce - Chacra Experimental Miramar,,precipitación diaria 12Z,1,,red_inta,,,-38.1549987792969,-57.9939994812012,True,
4033,830,Miramar - EEA Balcarce - Chacra Experimental Miramar,,precipitación horaria,31,,red_inta,,,-38.1549987792969,-57.9939994812012,True,
2475,832,Posadas - Ruta Nacional 12 km 7.5 Villa Miguel Lanus,,precipitación diaria 12Z,1,,red_inta,,,-27.4270000457764,-55.8899993896484,True,
2470,833,Rafaela - EEA Rafaela,,precipitación diaria 12Z,1,,red_inta,,,-31.2000007629395,-61.5,True,
4358,833,Rafaela - EEA Rafaela,,precipitación horaria,31,,red_inta,,,-31.2000007629395,-61.5,True,
2471,834,Recreo - EEA Catamarca - Parque Industrial Recreo,,precipitación diaria 12Z,1,,red_inta,,,-29.1660003662109,-65.0449981689453,True,
2473,836,Rio Tala - EEA San Pedro - Vivero Las Margaritas SRL,,precipitación diaria 12Z,1,,red_inta,,,-33.7649993896484,-59.6269989013672,True,
4361,836,Rio Tala - EEA San Pedro - Vivero Las Margaritas SRL,,precipitación horaria,31,,red_inta,,,-33.7649993896484,-59.6269989013672,True,
4034,838,Sachayoj - Establecimiento El Toba de Martin Hnos.,,precipitación horaria,31,,red_inta,,,-26.4640007019043,-61.8160018920898,True,False
2149,839,San Nicolas - EEA San Pedro - Establecimiento Don Umberto,,precipitación diaria 12Z,1,,red_inta,,,-33.3580017089844,-60.2249984741211,True,
2466,840,San Vicente - Campo Anexo Cuartel Rio Victoria (INTA),,precipitación diaria 12Z,1,,red_inta,,,-26.9169998168945,-54.4169998168945,True,
4354,840,San Vicente - Campo Anexo Cuartel Rio Victoria (INTA),,precipitación horaria,31,,red_inta,,,-26.9169998168945,-54.4169998168945,True,
2464,841,Santa Rosa - Productor Cornelio Atemberg,,precipitación diaria 12Z,1,,red_inta,,,-28.2740001678467,-58.1290016174316,True,
2171,844,Trenque Lauquen - EEA Villegas - Predio de Aeroclub T. Lauquen,,precipitación diaria 12Z,1,,red_inta,,,-35.9729995727539,-62.7649993896484,True,
2172,845,Tres Esquinas - Cooperativa La Ganadera de Gral. Ramirez,,precipitación diaria 12Z,1,,red_inta,,,-32.3619995117188,-60.3470001220703,True,
4296,845,Tres Esquinas - Cooperativa La Ganadera de Gral. Ramirez,,precipitación horaria,31,,red_inta,,,-32.3619995117188,-60.3470001220703,True,
4297,847,Viamonte - Establecimiento El Viejo Roble,,precipitación horaria,31,,red_inta,,,-33.8199996948242,-63.0200004577637,True,
4356,849,Curuzu Cuatia - EEA Mercedes - Estancia Santa Braulia,,precipitación horaria,31,,red_inta,,,-29.87,-58.11,True,
4007,851,Bartolomé de las Casas - EEA Colorado,,precipitación horaria,31,,red_inta,,,-25.4479999542236,-59.5040016174316,True,
807,855,carcaraña,,precipitación diaria 12Z,1,,red_salado,,,-32.9283332824707,-61.1419448852539,True,
810,858,gregoria denis,,precipitación diaria 12Z,1,,red_salado,,,-28.2286109924316,-61.518611907959,True,
812,860,humboltd,,precipitación diaria 12Z,1,,red_salado,,,-31.3888893127441,-61.0716667175293,True,
813,861,las rosas,,precipitación diaria 12Z,1,,red_salado,,,-32.8097229003906,-61.0716667175293,True,
814,862,margarita,,precipitación diaria 12Z,1,,red_salado,,,-29.6963882446289,-60.2505569458008,True,
815,863,monje,,precipitación diaria 12Z,1,,red_salado,,,-32.3675003051758,-60.9319458007812,True,
816,864,srrafaela,,precipitación diaria 12Z,1,,red_salado,,,-31.2099990844727,-61.4419441223145,True,
24643,869,Venado Tuerto,null,precipitación horaria,31,,red_salado,,,-33.68,-61.96,True,
822,870,villa amelia,,precipitación diaria 12Z,1,,red_salado,,,-32.4797210693359,-61.5666656494141,True,
24632,871,Villa Eloisa,,precipitación horaria,31,,red_salado,,,-32.96304,-61.54633,True,
2985,872,La Boca,null,precipitación horaria,31,,red_acumar,,,-34.6366666666667,-58.3580555555556,True,
2986,873,Morón,,precipitación horaria,31,,red_acumar,,,-34.6608222222222,-58.6277055555556,True,
2987,874,Merlo,,precipitación horaria,31,,red_acumar,,,-34.6702861111111,-58.7250194444444,True,
772,875,Marcos Paz,,precipitación diaria 12Z,1,,red_acumar,,,-34.7833333333333,-58.8355555555556,True,
2988,875,Marcos Paz,,precipitación horaria,31,,red_acumar,,,-34.7833333333333,-58.8355555555556,True,
774,877,Avellaneda,,precipitación diaria 12Z,1,,red_acumar,,,-34.7166805555556,-58.2933805555556,True,
2990,877,Avellaneda,,precipitación horaria,31,,red_acumar,,,-34.7166805555556,-58.2933805555556,True,
775,878,Almirante Brown,,precipitación diaria 12Z,1,,red_acumar,,,-34.7975361111111,-58.3880944444444,True,
2992,879,Esteban Echeverría,,precipitación horaria,31,,red_acumar,,,-34.8222222222222,-58.4716666666667,True,
2993,880,Lomas de Zamora,,precipitación horaria,31,,red_acumar,,,-34.714275,-58.4564583333333,True,
778,881,San Vicente,,precipitación diaria 12Z,1,,red_acumar,,,-35.0411111111111,-58.4094444444444,True,
2994,881,San Vicente,,precipitación horaria,31,,red_acumar,,,-35.0411111111111,-58.4094444444444,True,
779,882,Presidente Perón,,precipitación diaria 12Z,1,,red_acumar,,,-34.9465055555556,-58.3809472222222,True,
2995,882,Presidente Perón,,precipitación horaria,31,,red_acumar,,,-34.9465055555556,-58.3809472222222,True,
781,884,Ezeiza,,precipitación diaria 12Z,1,,red_acumar,,,-34.8551555555556,-58.5256805555556,True,
2997,884,Ezeiza,,precipitación horaria,31,,red_acumar,,,-34.8551555555556,-58.5256805555556,True,
782,885,Cañuelas,,precipitación diaria 12Z,1,,red_acumar,,,-35.1,-58.8,True,
2998,885,Cañuelas,,precipitación horaria,31,,red_acumar,,,-35.1,-58.8,True,
783,886,SMN Ortuzar,,precipitación diaria 12Z,1,,red_acumar,,,-34.5833333333333,-58.5,True,
2999,886,SMN Ortuzar,,precipitación horaria,31,,red_acumar,,,-34.5833333333333,-58.5,True,
784,887,Mercobras,,precipitación diaria 12Z,1,,red_acumar,,,-34.51,-58.5016666666667,True,
3000,887,Mercobras,,precipitación horaria,31,,red_acumar,,,-34.51,-58.5016666666667,True,
3001,888,UNSAM,,precipitación horaria,31,,red_acumar,,,-34.5786111111111,-58.5261111111111,True,
786,889,FCEN,,precipitación diaria 12Z,1,,red_acumar,,,-34.5419444444444,-58.44,True,
3002,889,FCEN,,precipitación horaria,31,,red_acumar,,,-34.5419444444444,-58.44,True,
787,890,San Isidro Beccar,,precipitación diaria 12Z,1,,red_acumar,,,-34.4686111111111,-58.5375,True,
791,894,Aeroclub Chacabuco,,precipitación diaria 12Z,1,,red_acumar,,,-34.6,-60.4,True,
792,895,Florencio Varela M,,precipitación diaria 12Z,1,,red_acumar,,,-34.804369,-58.279983,True,
803,896,La Capilla (FV),,precipitación diaria 12Z,1,,red_acumar,,,-34.9286,-58.2747,True,
3009,896,La Capilla (FV),,precipitación horaria,31,,red_acumar,,,-34.9286,-58.2747,True,
824,907,larroque,,precipitación diaria 12Z,1,,emas,,,-33.0444444444444,-58.9947222222222,True,
5928,907,larroque,,precipitación horaria,31,,emas,,,-33.0444444444444,-58.9947222222222,True,
826,909,saucedeluna,,precipitación diaria 12Z,1,,emas,,,-31.2383333333333,-59.2219444444444,True,
5939,909,saucedeluna,,precipitación horaria,31,,emas,,,-31.2383333333333,-59.2219444444444,True,
828,911,sansalvador,,precipitación diaria 12Z,1,,emas,,,-31.62222,-58.52472,True,
5923,911,sansalvador,,precipitación horaria,31,,emas,,,-31.62222,-58.52472,True,
5930,912,galarza,,precipitación horaria,31,,emas,,,-32.7288888888889,-59.3941666666667,True,
5931,914,macia,,precipitación horaria,31,,emas,,,-32.1728527777778,-59.399925,True,
833,916,lapaz,,precipitación diaria 12Z,1,,emas,,,-30.7,-59.6,True,
5934,916,lapaz,,precipitación horaria,31,,emas,,,-30.7,-59.6,True,False
834,917,nogoya,,precipitación diaria 12Z,1,,emas,,,-32.3908333333333,-59.7991666666667,True,
836,919,viale,,precipitación diaria 12Z,1,,emas,,,-31.8688888888889,-60.0177777777778,True,
5935,919,viale,,precipitación horaria,31,,emas,,,-31.8688888888889,-60.0177777777778,True,
5915,923,parana,,precipitación horaria,31,,emas,,,-31.7219444444444,-60.5308333333333,True,
5917,924,villaelisa,,precipitación horaria,31,,emas,,,-32.167,-58.4,True,
842,925,sjdelafrontera,,precipitación diaria 12Z,1,,emas,,,-30.357,-58.315,True,
5918,925,sjdelafrontera,,precipitación horaria,31,,emas,,,-30.357,-58.315,True,
5919,926,cuchilla,,precipitación horaria,31,,emas,,,-33.197,-59.26,True,
844,927,colon,,precipitación diaria 12Z,1,,emas,,,-32.2261611111111,-58.1459416666667,True,
5920,927,colon,,precipitación horaria,31,,emas,,,-32.2261611111111,-58.1459416666667,True,
5921,928,concepciondeluruguay,,precipitación horaria,31,,emas,,,-32.5,-58.3,True,
846,929,gualeguaychu,,precipitación diaria 12Z,1,,emas,,,-33.0144444444444,-58.5041666666667,True,
847,930,villaparanacito,,precipitación diaria 12Z,1,,emas,,,-33.7116666666667,-58.6602777777778,True,
5900,1015,Libertad,,precipitación horaria,31,,estaciones_salto_grande,,,-30.014261,-57.85945,True,
1303,1016,Puerto Concordia,null,precipitación diaria 12Z,1,,estaciones_salto_grande,,,-31.404212,-58.002561,True,
5853,1016,Puerto Concordia,null,precipitación horaria,31,,estaciones_salto_grande,,,-31.404212,-58.002561,True,
1369,1019,Alvear,,Altura hidrométrica,2,,estaciones_salto_grande,,,-29.112957,-56.555522,True,
26741,1019,Alvear,,Altura hidrométrica media mensual,33,,estaciones_salto_grande,,,-29.112957,-56.555522,True,
26365,1019,Alvear,,Altura hidrométrica media diaria,39,,estaciones_salto_grande,,,-29.112957,-56.555522,True,
5859,1021,Paso de los Libres,,precipitación horaria,31,,estaciones_salto_grande,,,-29.721745,-57.082856,True,
5860,1022,Federación,,precipitación horaria,31,,estaciones_salto_grande,,,-30.992189,-57.913847,True,
26368,1022,Federación,,Altura hidrométrica media diaria,39,,estaciones_salto_grande,,,-30.992189,-57.913847,True,
1311,1024,El Trompo,,precipitación diaria 12Z,1,,estaciones_salto_grande,,,-30.971026,-58.247317,True,
5862,1024,El Trompo,,precipitación horaria,31,,estaciones_salto_grande,,,-30.971026,-58.247317,True,
1322,1035,Garruchos,,precipitación diaria 12Z,1,,estaciones_salto_grande,,,-28.177515,-55.642269,True,
1375,1035,Garruchos,,Altura hidrométrica,2,,estaciones_salto_grande,,,-28.177515,-55.642269,True,
5881,1035,Garruchos,,precipitación horaria,31,,estaciones_salto_grande,,,-28.177515,-55.642269,True,
26371,1035,Garruchos,,Altura hidrométrica media diaria,39,,estaciones_salto_grande,,,-28.177515,-55.642269,True,
1323,1036,Santo Tomé,,precipitación diaria 12Z,1,,estaciones_salto_grande,,,-28.545073,-56.028995,True,
1376,1036,Santo Tomé,,Altura hidrométrica,2,,estaciones_salto_grande,,,-28.545073,-56.028995,True,
1391,1036,Santo Tomé,,Caudal,4,,estaciones_salto_grande,,,-28.545073,-56.028995,True,
26372,1036,Santo Tomé,,Altura hidrométrica media diaria,39,,estaciones_salto_grande,,,-28.545073,-56.028995,True,
18602,1036,Santo Tomé,,Caudal medio diario,40,,estaciones_salto_grande,,,-28.545073,-56.028995,True,
1324,1037,San Javier,,precipitación diaria 12Z,1,,estaciones_salto_grande,,,-27.869343,-55.129216,True,
1377,1037,San Javier,,Altura hidrométrica,2,,estaciones_salto_grande,,,-27.869343,-55.129216,True,
1392,1037,San Javier,,Caudal,4,,estaciones_salto_grande,,,-27.869343,-55.129216,True,
5883,1037,San Javier,,precipitación horaria,31,,estaciones_salto_grande,,,-27.869343,-55.129216,True,
26373,1037,San Javier,,Altura hidrométrica media diaria,39,,estaciones_salto_grande,,,-27.869343,-55.129216,True,
1325,1038,El Soberbio,,precipitación diaria 12Z,1,,estaciones_salto_grande,,,-27.298582,-54.193437,True,
1378,1038,El Soberbio,,Altura hidrométrica,2,,estaciones_salto_grande,,,-27.298582,-54.193437,True,
5884,1038,El Soberbio,,precipitación horaria,31,,estaciones_salto_grande,,,-27.298582,-54.193437,True,
26374,1038,El Soberbio,,Altura hidrométrica media diaria,39,,estaciones_salto_grande,,,-27.298582,-54.193437,True,
18604,1038,El Soberbio,,Caudal medio diario,40,,estaciones_salto_grande,,,-27.298582,-54.193437,True,
1326,1039,Pepirí Miní,,precipitación diaria 12Z,1,,estaciones_salto_grande,,,-27.153304,-53.933283,True,
1379,1039,Pepirí Miní,,Altura hidrométrica,2,,estaciones_salto_grande,,,-27.153304,-53.933283,True,
1349,1062,Miriñay Medio,,precipitación diaria 12Z,1,,estaciones_salto_grande,,,-29.357037,-57.705043,True,
5911,1062,Miriñay Medio,,precipitación horaria,31,,estaciones_salto_grande,,,-29.357037,-57.705043,True,
1383,1063,Miriñay Río,,Altura hidrométrica,2,,estaciones_salto_grande,,,-29.845637,-57.674446,True,
1396,1063,Miriñay Río,,Caudal,4,,estaciones_salto_grande,,,-29.845637,-57.674446,True,
26755,1063,Miriñay Río,,Altura hidrométrica media mensual,33,,estaciones_salto_grande,,,-29.845637,-57.674446,True,
26379,1063,Miriñay Río,,Altura hidrométrica media diaria,39,,estaciones_salto_grande,,,-29.845637,-57.674446,True,
5885,1064,Solari,,precipitación horaria,31,,estaciones_salto_grande,,,-29.377358,-58.193534,True,
5888,1066,Curuzú Cuatiá,,precipitación horaria,31,,estaciones_salto_grande,,,-29.787069,-58.070281,True,
1355,1068,Los Conquistadores,,precipitación diaria 12Z,1,,estaciones_salto_grande,,,-30.590296,-58.468999,True,
5891,1070,San Jaime,,precipitación horaria,31,,estaciones_salto_grande,,,-30.337372,-58.317145,True,
5892,1071,Mocoretá Medio,,precipitación horaria,31,,estaciones_salto_grande,,,-30.214445,-57.966907,True,
1360,1073,Mocoretá Lago,,precipitación diaria 12Z,1,,estaciones_salto_grande,,,-30.690307,-57.820722,True,
1385,1073,Mocoretá Lago,,Altura hidrométrica,2,,estaciones_salto_grande,,,-30.690307,-57.820722,True,
1386,1074,Monte Caseros,,Altura hidrométrica,2,,estaciones_salto_grande,,,-30.249296,-57.622519,True,
26758,1074,Monte Caseros,,Altura hidrométrica media mensual,33,,estaciones_salto_grande,,,-30.249296,-57.622519,True,
1362,1075,Pujol,,precipitación diaria 12Z,1,,estaciones_salto_grande,,,-30.390258,-57.880984,True,
5896,1075,Pujol,,precipitación horaria,31,,estaciones_salto_grande,,,-30.390258,-57.880984,True,
1388,1077,Mocoretá Río,,Altura hidrométrica,2,,estaciones_salto_grande,,,-30.626772,-57.982836,True,
26760,1077,Mocoretá Río,,Altura hidrométrica media mensual,33,,estaciones_salto_grande,,,-30.626772,-57.982836,True,
5899,1078,Bonpland,,precipitación horaria,31,,estaciones_salto_grande,,,-29.819517,-57.429814,True,False
29907,1091,Gral. Alvear,Arroyo Las Flores,Altura hidrométrica media diaria,39,,alturas_bdhi,,,-35.987583333,-60.019236111,True,
29908,1092,RN2,Canal 9,Altura hidrométrica media diaria,39,,alturas_bdhi,,,-36.2803833333333,-57.6994916666667,True,
3041,1094,RP38,Salado Santafesino,Altura hidrométrica,2,,alturas_bdhi,,,-29.867045,-60.337943,True,
6407,1094,RP38,Salado Santafesino,Caudal,4,,alturas_bdhi,,,-29.867045,-60.337943,True,
26765,1257,Arroyo Borches,Arroyo Borches,Altura hidrométrica media mensual,33,,ina_delta,,,-34.0752137139779,-58.4426647718186,True,
26385,1257,Arroyo Borches,Arroyo Borches,Altura hidrométrica media diaria,39,,ina_delta,,,-34.0752137139779,-58.4426647718186,True,
4043,1260,Ensayo ICyA - INTA Castelar,,precipitación horaria,31,,red_inta,,,,,True,
2115,1261,Las Rosas - EEA Oliveros,,precipitación diaria 12Z,1,,red_inta,,,-32.4900016784668,-61.5699996948242,True,
4002,1261,Las Rosas - EEA Oliveros,,precipitación horaria,31,,red_inta,,,-32.4900016784668,-61.5699996948242,True,
2189,1299,Bordenave - EEA Bordenave,,precipitación diaria 12Z,1,,red_inta,,,-37.75,-63.0800018310547,True,
4046,1299,Bordenave - EEA Bordenave,,precipitación horaria,31,,red_inta,,,-37.75,-63.0800018310547,True,
2195,1341,Aldea Asuncion,,precipitación diaria 12Z,1,,red_inta,,,-32.9300003051758,-59.2400016784668,True,
4052,1341,Aldea Asuncion,,precipitación horaria,31,,red_inta,,,-32.9300003051758,-59.2400016784668,True,
2196,1342,Algarrobo,,precipitación diaria 12Z,1,,red_inta,,,-38.8899993896484,-63.1399993896484,True,
4053,1342,Algarrobo,,precipitación horaria,31,,red_inta,,,-38.8899993896484,-63.1399993896484,True,
2198,1344,Altamirano Norte,,precipitación diaria 12Z,1,,red_inta,,,-32.060001373291,-59.1599998474121,True,
2200,1346,Arandú,,precipitación diaria 12Z,1,,red_inta,,,-29.7800006866455,-57.4599990844727,True,
4057,1346,Arandú,,precipitación horaria,31,,red_inta,,,-29.7800006866455,-57.4599990844727,True,
4067,1347,Arroyo Barú,,precipitación horaria,31,,red_inta,,,-31.8500003814697,-58.4700012207031,True,
4068,1348,Arroyo del Medio,,precipitación horaria,31,,red_inta,,,-31.3099994659424,-59.0900001525879,True,
4069,1349,Atencio,,precipitación horaria,31,,red_inta,,,-30.6599998474121,-58.7700004577637,True,
2205,1351,Bariloche - EEA Bariloche,,precipitación diaria 12Z,1,,red_inta,,,-41.1199989318848,-71.25,True,
4071,1351,Bariloche - EEA Bariloche,,precipitación horaria,31,,red_inta,,,-41.1199989318848,-71.25,True,
4072,1352,Basavilbaso,,precipitación horaria,31,,red_inta,,,-32.3800010681152,-58.8800010681152,True,
2207,1353,Basualdo,,precipitación diaria 12Z,1,,red_inta,,,-30.2900009155273,-58.6599998474121,True,False
4074,1354,Bella Vista - EEA Bella Vista,,precipitación horaria,31,,red_inta,,,-28.4500007629395,-58.9900016784668,True,
4075,1355,Berduc,,precipitación horaria,31,,red_inta,,,-31.9400005340576,-58.2999992370605,True,
2211,1357,Bodegas Etchart,,precipitación diaria 12Z,1,,red_inta,,,-26.1000003814697,-65.9700012207031,True,
4077,1357,Bodegas Etchart,,precipitación horaria,31,,red_inta,,,-26.1000003814697,-65.9700012207031,True,
2213,1359,Buenaventura,,precipitación diaria 12Z,1,,red_inta,,,-24.9799995422363,-64.370002746582,True,
2214,1360,C. A. Cordero - EEA Alto Valle,,precipitación diaria 12Z,1,,red_inta,,,-38.7400016784668,-68.1100006103516,True,
4080,1360,C. A. Cordero - EEA Alto Valle,,precipitación horaria,31,,red_inta,,,-38.7400016784668,-68.1100006103516,True,
2216,1362,CAFER - Don Cristóbal,,precipitación diaria 12Z,1,,red_inta,,,-32.0699996948242,-59.9900016784668,True,
4312,1362,CAFER - Don Cristóbal,,precipitación horaria,31,,red_inta,,,-32.0699996948242,-59.9900016784668,True,
4083,1364,Calingasta - EEA San Juan,,precipitación horaria,31,,red_inta,,,-31.6200008392334,-69.4599990844727,True,
2220,1366,Capilla del Monte (EMC),,precipitación diaria 12Z,1,,red_inta,,,-30.8700008392334,-64.5500030517578,True,
4086,1367,Catuna - EEA La Rioja,,precipitación horaria,31,,red_inta,,,-30.9599990844727,-66.1699981689453,True,
2222,1368,Caucete - EEA San Juan,,precipitación diaria 12Z,1,,red_inta,,,-31.7000007629395,-68.2900009155273,True,
4087,1368,Caucete - EEA San Juan,,precipitación horaria,31,,red_inta,,,-31.7000007629395,-68.2900009155273,True,
4088,1369,Cañada Ombu - EEA Reconquista,,precipitación horaria,31,,red_inta,,,-28.3600006103516,-60.1500015258789,True,
4089,1370,Cañada Seca - EEA Villegas,,precipitación horaria,31,,red_inta,,,-34.5499992370605,-62.9000015258789,True,
2226,1372,CEAGRO,,precipitación diaria 12Z,1,,red_inta,,,-29.5599994659424,-58.0900001525879,True,
2227,1373,Centro de Conservación,,precipitación diaria 12Z,1,,red_inta,,,-27.3400001525879,-58.5999984741211,True,
2228,1374,Ceres - EEA Rafaela,,precipitación diaria 12Z,1,,red_inta,,,-29.8700008392334,-61.9599990844727,True,
4093,1374,Ceres - EEA Rafaela,,precipitación horaria,31,,red_inta,,,-29.8700008392334,-61.9599990844727,True,
4094,1375,Cerrito,,precipitación horaria,31,,red_inta,,,-31.5900001525879,-60.0800018310547,True,
2230,1376,Chacra 25 de Julio,,precipitación diaria 12Z,1,,red_inta,,,-43.4000015258789,-65.8199996948242,True,
2231,1377,Chajarí,,precipitación diaria 12Z,1,,red_inta,,,-30.7399997711182,-58.0099983215332,True,
4096,1377,Chajarí,,precipitación horaria,31,,red_inta,,,-30.7399997711182,-58.0099983215332,True,
2233,1379,Chavarria,,precipitación diaria 12Z,1,,red_inta,,,-28.8700008392334,-58.4599990844727,True,
2193,1380,Colan Conhué - EEA Esquel,,precipitación diaria 12Z,1,,red_inta,,,-43.2299995422363,-69.9199981689453,True,
4102,1381,Colonia Carlos Pellegrini,,precipitación horaria,31,,red_inta,,,-28.5499992370605,-57.2000007629395,True,
2235,1382,Colonia Carrasco,,precipitación diaria 12Z,1,,red_inta,,,-31.3199996948242,-59.5900001525879,True,
4103,1382,Colonia Carrasco,,precipitación horaria,31,,red_inta,,,-31.3199996948242,-59.5900001525879,True,
2238,1385,Colonia Santa Lucia,,precipitación diaria 12Z,1,,red_inta,,,-30.8799991607666,-58.5099983215332,True,
4106,1385,Colonia Santa Lucia,,precipitación horaria,31,,red_inta,,,-30.8799991607666,-58.5099983215332,True,
2239,1386,Colón,,precipitación diaria 12Z,1,,red_inta,,,-32.25,-58.1500015258789,True,
4107,1386,Colón,,precipitación horaria,31,,red_inta,,,-32.25,-58.1500015258789,True,
2240,1387,Comandante Fontana,,precipitación diaria 12Z,1,,red_inta,,,-25.3600006103516,-59.689998626709,True,
4108,1387,Comandante Fontana,,precipitación horaria,31,,red_inta,,,-25.3600006103516,-59.689998626709,True,
2241,1388,Coopecicor,,precipitación diaria 12Z,1,,red_inta,,,-30.6200008392334,-57.9799995422363,True,
2242,1389,Corrales,,precipitación diaria 12Z,1,,red_inta,,,-32.5699996948242,-60.0900001525879,True,
2243,1390,Crespo,,precipitación diaria 12Z,1,,red_inta,,,-32.0699996948242,-60.25,True,
4111,1390,Crespo,,precipitación horaria,31,,red_inta,,,-32.0699996948242,-60.25,True,False
2244,1391,Crucecita 7ma.,,precipitación diaria 12Z,1,,red_inta,,,-31.9699993133545,-59.8499984741211,True,
2246,1393,Cuchilla,,precipitación diaria 12Z,1,,red_inta,,,-33.0400009155273,-59.439998626709,True,
2247,1394,Curuzu Cuatia (Aeropuerto),,precipitación diaria 12Z,1,,red_inta,,,-29.75,-57.9799995422363,True,
2248,1395,De La Garma - ICyA CIRN,,precipitación diaria 12Z,1,,red_inta,,,-37.8400001525879,-60.3899993896484,True,
2249,1396,Dean Funes - EEA Manfredi,,precipitación diaria 12Z,1,,red_inta,,,-30.3400001525879,-64.3199996948242,True,
4118,1397,Derqui,,precipitación horaria,31,,red_inta,,,-27.8299999237061,-58.7900009155273,True,
4040,1401,EEA Cesareo Naredo,,precipitación horaria,31,,red_inta,,,-36.5,-62,True,
2165,1403,El Redomon,,precipitación diaria 12Z,1,,red_inta,,,-31.0799999237061,-58.2799987792969,True,
2168,1404,El Remanso,,precipitación diaria 12Z,1,,red_inta,,,-29.9899997711182,-58.3800010681152,True,
4123,1406,Est. Torrent - EEA Mercedes,,precipitación horaria,31,,red_inta,,,-28.7999992370605,-56.5,True,
2256,1407,Estacas,,precipitación diaria 12Z,1,,red_inta,,,-30.5900001525879,-59.2299995422363,True,
4124,1407,Estacas,,precipitación horaria,31,,red_inta,,,-30.5900001525879,-59.2299995422363,True,
2258,1409,Estancia San Nicolas,,precipitación diaria 12Z,1,,red_inta,,,-27.8700008392334,-57.3899993896484,True,
2259,1410,Famailla - EEA Famailla,,precipitación diaria 12Z,1,,red_inta,,,-27.0200004577637,-65.379997253418,True,False
4127,1410,Famailla - EEA Famailla,,precipitación horaria,31,,red_inta,,,-27.0200004577637,-65.379997253418,True,
2260,1411,Federación,,precipitación diaria 12Z,1,,red_inta,,,-31.0599994659424,-57.9199981689453,True,
2261,1412,Federal,,precipitación diaria 12Z,1,,red_inta,,,-30.9300003051758,-58.7900009155273,True,
2262,1413,Feliciano,,precipitación diaria 12Z,1,,red_inta,,,-30.4300003051758,-58.7700004577637,True,
2263,1414,G Conesa - EEA Valle Inferior,,precipitación diaria 12Z,1,,red_inta,,,-40.0699996948242,-64.6100006103516,True,
4131,1414,G Conesa - EEA Valle Inferior,,precipitación horaria,31,,red_inta,,,-40.0699996948242,-64.6100006103516,True,
4133,1416,Gancedo - EEA Las Breñas,,precipitación horaria,31,,red_inta,,,-27.4799995422363,-61.6599998474121,True,
2266,1418,Garabato - EEA Reconquista,,precipitación diaria 12Z,1,,red_inta,,,-28.8899993896484,-60.189998626709,True,
4134,1418,Garabato - EEA Reconquista,,precipitación horaria,31,,red_inta,,,-28.8899993896484,-60.189998626709,True,
2267,1419,General Paz (Caá Catí),,precipitación diaria 12Z,1,,red_inta,,,-27.7199993133545,-57.5999984741211,True,
4135,1419,General Paz (Caá Catí),,precipitación horaria,31,,red_inta,,,-27.7199993133545,-57.5999984741211,True,
4136,1420,Goya - EEA Bella Vista,,precipitación horaria,31,,red_inta,,,-29.1800003051758,-59.0900001525879,True,
2269,1421,Gral San Martin - EEA Anguil,,precipitación diaria 12Z,1,,red_inta,,,-38,-63.5200004577637,True,
2271,1423,Gualeguay,,precipitación diaria 12Z,1,,red_inta,,,-33.0999984741211,-59.2999992370605,True,
2273,1425,Gualjaina - EEA Esquel,,precipitación diaria 12Z,1,,red_inta,,,-42.7299995422363,-70.5,True,
4143,1427,Hasenkamp,,precipitación horaria,31,,red_inta,,,-31.5200004577637,-59.8400001525879,True,
4144,1428,Herliszka - EEA Corrientes,,precipitación horaria,31,,red_inta,,,-27.6200008392334,-58.3699989318848,True,
2277,1429,Hernandarias,,precipitación diaria 12Z,1,,red_inta,,,-31.2000007629395,-59.9700012207031,True,
2278,1430,Hinojal,,precipitación diaria 12Z,1,,red_inta,,,-32.3800010681152,-60.1699981689453,True,
4146,1430,Hinojal,,precipitación horaria,31,,red_inta,,,-32.3800010681152,-60.1699981689453,True,
4148,1432,Humaita,,precipitación horaria,31,,red_inta,,,-31.7999992370605,-58.189998626709,True,
4149,1433,Ibicuy-Copra,,precipitación horaria,31,,red_inta,,,-29.1700000762939,-57.9599990844727,True,
4150,1434,IDEVI - EEA Valle Inferior,,precipitación horaria,31,,red_inta,,,-40.7099990844727,-63.5299987792969,True,
2283,1435,Ing. Jacobacci - EEA Bariloche,,precipitación diaria 12Z,1,,red_inta,,,-41.3300018310547,-69.5500030517578,True,
2284,1436,Ing. Juárez - EEA Ing. Juárez,,precipitación diaria 12Z,1,,red_inta,,,-23.9500007629395,-61.75,True,
2287,1439,INTA - Alpachiri (Imetos),,precipitación diaria 12Z,1,,red_inta,,,-37.3699989318848,-63.7700004577637,True,
2288,1440,INTA - Alto Valle (EMC),,precipitación diaria 12Z,1,,red_inta,,,-39.0099983215332,-67.4000015258789,True,
4157,1441,INTA - Anguil (EMC),,precipitación horaria,31,,red_inta,,,-36.5,-63.9799995422363,True,
2290,1442,INTA - Añatuya,,precipitación diaria 12Z,1,,red_inta,,,-28.4500007629395,-62.8300018310547,True,
4159,1443,INTA - Balcarce (EMC),,precipitación horaria,31,,red_inta,,,-37.75,-58.2999992370605,True,
2292,1444,INTA - Barrow (EMC),,precipitación diaria 12Z,1,,red_inta,,,-38.3199996948242,-60.25,True,
4160,1444,INTA - Barrow (EMC),,precipitación horaria,31,,red_inta,,,-38.3199996948242,-60.25,True,
2293,1445,INTA - Basavilbaso,,precipitación diaria 12Z,1,,red_inta,,,-32.3699989318848,-58.8899993896484,True,
4161,1445,INTA - Basavilbaso,,precipitación horaria,31,,red_inta,,,-32.3699989318848,-58.8899993896484,True,
2295,1447,INTA - Bella Vista (EMC),,precipitación diaria 12Z,1,,red_inta,,,-28.4300003051758,-58.9199981689453,True,
4164,1448,INTA - Bordenave (EMC),,precipitación horaria,31,,red_inta,,,-37.8499984741211,-63.0200004577637,True,
2297,1449,INTA - Calafate,,precipitación diaria 12Z,1,,red_inta,,,-50.3400001525879,-72.2799987792969,True,
4165,1449,INTA - Calafate,,precipitación horaria,31,,red_inta,,,-50.3400001525879,-72.2799987792969,True,
4167,1451,INTA - Catamarca Sumalao (EMC),,precipitación horaria,31,,red_inta,,,-28.4799995422363,-65.7300033569336,True,
4168,1452,INTA - Cerrillos,,precipitación horaria,31,,red_inta,,,-24.8899993896484,-65.4700012207031,True,
2301,1453,INTA - Chubut,,precipitación diaria 12Z,1,,red_inta,,,-43.2700004577637,-65.3600006103516,True,
2302,1454,INTA - Cinco Saltos,,precipitación diaria 12Z,1,,red_inta,,,-38.8400001525879,-68.0699996948242,True,
2304,1456,INTA - Conc. del Uruguay (EMC),,precipitación diaria 12Z,1,,red_inta,,,-32.4900016784668,-58.3499984741211,True,
4175,1458,INTA - Consorcio de SG,,precipitación horaria,31,,red_inta,,,-39.3199996948242,-65.75,True,
4178,1461,INTA - Corrientes (EMC),,precipitación horaria,31,,red_inta,,,-27.6499996185303,-58.7700004577637,True,
2310,1462,INTA - El Colorado (EMC),,precipitación diaria 12Z,1,,red_inta,,,-26.2999992370605,-59.3800010681152,True,
2313,1465,INTA - General Galarza,,precipitación diaria 12Z,1,,red_inta,,,-32.7200012207031,-59.3899993896484,True,
4182,1465,INTA - General Galarza,,precipitación horaria,31,,red_inta,,,-32.7200012207031,-59.3899993896484,True,
2315,1467,INTA - Gral Villegas (EMC),,precipitación diaria 12Z,1,,red_inta,,,-34.9199981689453,-62.7299995422363,True,
2317,1470,INTA - Hilario Ascasubi (EMC),,precipitación diaria 12Z,1,,red_inta,,,-39.3800010681152,-62.6199989318848,True,
4186,1470,INTA - Hilario Ascasubi (EMC),,precipitación horaria,31,,red_inta,,,-39.3800010681152,-62.6199989318848,True,
2318,1471,INTA - Intendente Alvear,,precipitación diaria 12Z,1,,red_inta,,,-35.2400016784668,-63.5900001525879,True,
4187,1471,INTA - Intendente Alvear,,precipitación horaria,31,,red_inta,,,-35.2400016784668,-63.5900001525879,True,
4188,1472,INTA - La Abrita,,precipitación horaria,31,,red_inta,,,-28.0200004577637,-64.2200012207031,True,
2320,1473,INTA - La Consulta (EMC),,precipitación diaria 12Z,1,,red_inta,,,-33.7299995422363,-69.120002746582,True,
4190,1474,INTA - La Maria S.Estero (EMC),,precipitación horaria,31,,red_inta,,,-28.0200004577637,-64.2300033569336,True,
2322,1475,INTA - Lago Posadas,,precipitación diaria 12Z,1,,red_inta,,,-47.5699996948242,-71.7399978637695,True,
4191,1475,INTA - Lago Posadas,,precipitación horaria,31,,red_inta,,,-47.5699996948242,-71.7399978637695,True,
4192,1476,INTA - Las Breñas,,precipitación horaria,31,,red_inta,,,-27.0699996948242,-61.060001373291,True,
4193,1477,INTA - Los Antiguos,,precipitación horaria,31,,red_inta,,,-46.5299987792969,-71.629997253418,True,
2325,1478,INTA - Malbran,,precipitación diaria 12Z,1,,red_inta,,,-29.3500003814697,-62.439998626709,True,
4194,1478,INTA - Malbran,,precipitación horaria,31,,red_inta,,,-29.3500003814697,-62.439998626709,True,
2326,1479,INTA - Marcos Juarez (EMC),,precipitación diaria 12Z,1,,red_inta,,,-32.6800003051758,-62.1199989318848,True,
4195,1479,INTA - Marcos Juarez (EMC),,precipitación horaria,31,,red_inta,,,-32.6800003051758,-62.1199989318848,True,
4197,1481,INTA - Mercedes Ctes (EMC),,precipitación horaria,31,,red_inta,,,-29.1700000762939,-58.0200004577637,True,False
2329,1482,INTA - Naineck,,precipitación diaria 12Z,1,,red_inta,,,-25.2000007629395,-58.1199989318848,True,
4198,1482,INTA - Naineck,,precipitación horaria,31,,red_inta,,,-25.2000007629395,-58.1199989318848,True,
2330,1483,INTA - Oliveros (EMC),,precipitación diaria 12Z,1,,red_inta,,,-32.5499992370605,-60.8499984741211,True,
4201,1485,INTA - Parana,,precipitación horaria,31,,red_inta,,,-31.8600006103516,-60.5299987792969,True,
2333,1486,INTA - Pergamino,,precipitación diaria 12Z,1,,red_inta,,,-33.939998626709,-60.5800018310547,True,
4203,1487,INTA - Picún Leufú,,precipitación horaria,31,,red_inta,,,-39.5400009155273,-69.3000030517578,True,
2336,1489,INTA - Pomona,,precipitación diaria 12Z,1,,red_inta,,,-39.4799995422363,-65.6500015258789,True,
2337,1490,INTA - Potrok Aike,,precipitación diaria 12Z,1,,red_inta,,,-51.9500007629395,-70.4100036621094,True,
2338,1491,INTA - R de la Frontera,,precipitación diaria 12Z,1,,red_inta,,,-25.8199996948242,-64.9599990844727,True,
4207,1491,INTA - R de la Frontera,,precipitación horaria,31,,red_inta,,,-25.8199996948242,-64.9599990844727,True,
2339,1492,INTA - Rafaela (EMC),,precipitación diaria 12Z,1,,red_inta,,,-31.1800003051758,-61.5499992370605,True,
2342,1495,INTA - Roque Saenz Peña (EMC),,precipitación diaria 12Z,1,,red_inta,,,-26.8700008392334,-60.4500007629395,True,
4212,1496,INTA - Río Gallegos,,precipitación horaria,31,,red_inta,,,-51.6300010681152,-69.2300033569336,True,
2344,1497,INTA - Salta (EMC),,precipitación diaria 12Z,1,,red_inta,,,-24.8999996185303,-65.5,True,False
4213,1497,INTA - Salta (EMC),,precipitación horaria,31,,red_inta,,,-24.8999996185303,-65.5,True,
2346,1499,INTA - San José de Yatasto,,precipitación diaria 12Z,1,,red_inta,,,-25.6000003814697,-64.9700012207031,True,
4216,1500,INTA - San Juan (EMC),,precipitación horaria,31,,red_inta,,,-31.3700008392334,-68.3199996948242,True,
4218,1502,INTA - San Patricio,,precipitación horaria,31,,red_inta,,,-38.5699996948242,-68.3600006103516,True,
4220,1504,INTA - Tostado,,precipitación horaria,31,,red_inta,,,-29.1399993896484,-61.8400001525879,True,
2352,1505,INTA - Trelew (EMC),,precipitación diaria 12Z,1,,red_inta,,,-43.2299995422363,-65.3000030517578,True,
2353,1506,INTA - Valle Inferior,,precipitación diaria 12Z,1,,red_inta,,,-40.7999992370605,-63.060001373291,True,
2354,1507,INTA - Yuto,,precipitación diaria 12Z,1,,red_inta,,,-23.5900001525879,-64.5100021362305,True,
29661,1508,INTA DELTA del Parana (EMC),,Altura hidrométrica,2,,red_inta,,,-34.1800003051758,-58.8600006103516,True,
2357,1510,Isletas,,precipitación diaria 12Z,1,,red_inta,,,-32.2200012207031,-60.3600006103516,True,
4225,1510,Isletas,,precipitación horaria,31,,red_inta,,,-32.2200012207031,-60.3600006103516,True,
4226,1511,Ita Ibate,,precipitación horaria,31,,red_inta,,,-27.4400005340576,-57.3800010681152,True,
4227,1512,Jubileo,,precipitación horaria,31,,red_inta,,,-31.7099990844727,-58.6399993896484,True,
4233,1518,La Guevarina - EEA Rama Caida,,precipitación horaria,31,,red_inta,,,-34.7900009155273,-68.0199966430664,True,
2367,1520,La Paz 2,,precipitación diaria 12Z,1,,red_inta,,,-30.7399997711182,-59.560001373291,True,
4235,1520,La Paz 2,,precipitación horaria,31,,red_inta,,,-30.7399997711182,-59.560001373291,True,
4236,1521,La Picada,,precipitación horaria,31,,red_inta,,,-31.7099990844727,-60.3199996948242,True,
2369,1522,Laguna Yema (DAVIS),,precipitación diaria 12Z,1,,red_inta,,,-24.2800006866455,-61.2400016784668,True,
4238,1523,Larroque,,precipitación horaria,31,,red_inta,,,-33.0499992370605,-59.0099983215332,True,
2371,1524,Las Delicias,,precipitación diaria 12Z,1,,red_inta,,,-31.9200000762939,-60.4199981689453,True,
4239,1524,Las Delicias,,precipitación horaria,31,,red_inta,,,-31.9200000762939,-60.4199981689453,True,
2372,1525,Las Lajitas,,precipitación diaria 12Z,1,,red_inta,,,-24.7399997711182,-64.25,True,
4241,1526,Las Moscas,,precipitación horaria,31,,red_inta,,,-32.0999984741211,-58.9700012207031,True,
2374,1527,Lincoln - EEA Villegas,,precipitación diaria 12Z,1,,red_inta,,,-34.8400001525879,-61.5999984741211,True,
4242,1527,Lincoln - EEA Villegas,,precipitación horaria,31,,red_inta,,,-34.8400001525879,-61.5999984741211,True,
2376,1529,Los Arrieta - EEA Famailla,,precipitación diaria 12Z,1,,red_inta,,,-27.2600002288818,-65.370002746582,True,
4244,1529,Los Arrieta - EEA Famailla,,precipitación horaria,31,,red_inta,,,-27.2600002288818,-65.370002746582,True,
2378,1531,Los Juríes - EEA E Santiago,,precipitación diaria 12Z,1,,red_inta,,,-28.6100006103516,-62.1599998474121,True,
2379,1532,Lucas Gonzalez,,precipitación diaria 12Z,1,,red_inta,,,-32.4099998474121,-59.5499992370605,True,
2380,1533,Lucas Norte,,precipitación diaria 12Z,1,,red_inta,,,-31.3799991607666,-58.9099998474121,True,
4248,1533,Lucas Norte,,precipitación horaria,31,,red_inta,,,-31.3799991607666,-58.9099998474121,True,
4249,1534,Lucas Sur,,precipitación horaria,31,,red_inta,,,-31.6399993896484,-58.9599990844727,True,
2382,1535,Macia,,precipitación diaria 12Z,1,,red_inta,,,-32.1500015258789,-59.4099998474121,True,
2383,1536,Malargüe - EEA Rama Caida,,precipitación diaria 12Z,1,,red_inta,,,-35.3800010681152,-69.5699996948242,True,
4251,1536,Malargüe - EEA Rama Caida,,precipitación horaria,31,,red_inta,,,-35.3800010681152,-69.5699996948242,True,
4255,1540,Maria Grande,,precipitación horaria,31,,red_inta,,,-31.6900005340576,-59.9099998474121,True,
2388,1541,Maria Grande 2da.,,precipitación diaria 12Z,1,,red_inta,,,-31.6900005340576,-59.6500015258789,True,
4258,1543,Medanos - EEA Hilario Ascasubi,,precipitación horaria,31,,red_inta,,,-38.8699989318848,-62.6599998474121,True,
2391,1544,Mojones,,precipitación diaria 12Z,1,,red_inta,,,-31.5599994659424,-59.2099990844727,True,
4259,1544,Mojones,,precipitación horaria,31,,red_inta,,,-31.5599994659424,-59.2099990844727,True,
2393,1546,Mojones Sur,,precipitación diaria 12Z,1,,red_inta,,,-31.6499996185303,-59.2000007629395,True,
2394,1547,Molino Doll,,precipitación diaria 12Z,1,,red_inta,,,-32.3300018310547,-60.4000015258789,True,
4262,1547,Molino Doll,,precipitación horaria,31,,red_inta,,,-32.3300018310547,-60.4000015258789,True,
2396,1549,Monte Quemado - EEA E Santiago,,precipitación diaria 12Z,1,,red_inta,,,-25.8600006103516,-62.7099990844727,True,
4264,1549,Monte Quemado - EEA E Santiago,,precipitación horaria,31,,red_inta,,,-25.8600006103516,-62.7099990844727,True,
2413,1550,Montecarlo - EEA Montecarlo,,precipitación diaria 12Z,1,,red_inta,,,-26.5699996948242,-54.7299995422363,True,
4269,1551,Montoya,,precipitación horaria,31,,red_inta,,,-32.5800018310547,-59.8899993896484,True,
2415,1552,Mora Cue,,precipitación diaria 12Z,1,,red_inta,,,-28.3600006103516,-56.1599998474121,True,
2417,1554,Morillo - EEA Salta,,precipitación diaria 12Z,1,,red_inta,,,-23.4599990844727,-62.8899993896484,True,
4272,1554,Morillo - EEA Salta,,precipitación horaria,31,,red_inta,,,-23.4599990844727,-62.8899993896484,True,
4274,1556,Nogoyá,,precipitación horaria,31,,red_inta,,,-32.4099998474121,-59.810001373291,True,
2420,1557,Nueva Pompeya - EEA Sáenz Peña,,precipitación diaria 12Z,1,,red_inta,,,-24.8999996185303,-61.4700012207031,True,
2421,1558,Oro Verde,,precipitación diaria 12Z,1,,red_inta,,,-31.8500003814697,-60.5200004577637,True,
2422,1559,P de Los Llanos - EEA La Rioja,,precipitación diaria 12Z,1,,red_inta,,,-30.1499996185303,-66.5500030517578,True,
2424,1561,P. de la Plaza -EEA Sáenz Peña,,precipitación diaria 12Z,1,,red_inta,,,-26.9300003051758,-59.7999992370605,True,
4279,1561,P. de la Plaza -EEA Sáenz Peña,,precipitación horaria,31,,red_inta,,,-26.9300003051758,-59.7999992370605,True,
2425,1562,P. Roca - EEA El Colorado,,precipitación diaria 12Z,1,,red_inta,,,-26.1499996185303,-59.5800018310547,True,
4280,1562,P. Roca - EEA El Colorado,,precipitación horaria,31,,red_inta,,,-26.1499996185303,-59.5800018310547,True,
4281,1563,Pajonal,,precipitación horaria,31,,red_inta,,,-32.4799995422363,-60.310001373291,True,
4282,1564,Palavecino,,precipitación horaria,31,,red_inta,,,-32.9199981689453,-58.7400016784668,True,
2428,1565,Palmita - Perugorria,,precipitación diaria 12Z,1,,red_inta,,,-29.3199996948242,-58.7999992370605,True,
4283,1565,Palmita - Perugorria,,precipitación horaria,31,,red_inta,,,-29.3199996948242,-58.7999992370605,True,
2429,1566,Palo Santo - ICyA CIRN,,precipitación diaria 12Z,1,,red_inta,,,-25.5699996948242,-59.3400001525879,True,
2430,1567,Pampa Infierno -EA Sáenz Peña,,precipitación diaria 12Z,1,,red_inta,,,-26.5,-61.2000007629395,True,
4285,1567,Pampa Infierno -EA Sáenz Peña,,precipitación horaria,31,,red_inta,,,-26.5,-61.2000007629395,True,
4286,1568,Paraná,,precipitación horaria,31,,red_inta,,,-31.7299995422363,-60.5299987792969,True,
2432,1569,Pareditas - EEA Consulta,,precipitación diaria 12Z,1,,red_inta,,,-33.9500007629395,-69.0800018310547,True,
4288,1570,Parque Nacional Mburucuya,,precipitación horaria,31,,red_inta,,,-28.0400009155273,-58.0999984741211,True,
4290,1572,Paso de los Indios EEA Chubut,,precipitación horaria,31,,red_inta,,,-43.3600006103516,-68.5800018310547,True,
4292,1574,Perdices,,precipitación horaria,31,,red_inta,,,-33.2299995422363,-58.7000007629395,True,
2438,1575,Picada Veron,,precipitación diaria 12Z,1,,red_inta,,,-30.8500003814697,-59.3899993896484,True,
2439,1576,Pje Galarza - EEA Mercedes,,precipitación diaria 12Z,1,,red_inta,,,-28.1599998474121,-56.7099990844727,True,
2440,1577,Plottier - IPAF Patagonia,,precipitación diaria 12Z,1,,red_inta,,,-38.9500007629395,-68.3300018310547,True,
4311,1577,Plottier - IPAF Patagonia,,precipitación horaria,31,,red_inta,,,-38.9500007629395,-68.3300018310547,True,
2442,1579,Posadas Sede,,precipitación diaria 12Z,1,,red_inta,,,-27.3700008392334,-55.8899993896484,True,
4329,1580,Presa,,precipitación horaria,31,,red_inta,,,-27.4799995422363,-56.7099990844727,True,
2444,1581,Pueblo Brugo,,precipitación diaria 12Z,1,,red_inta,,,-31.4300003051758,-60.0900001525879,True,False
2445,1582,Pueblo Cazes,,precipitación diaria 12Z,1,,red_inta,,,-32,-58.5299987792969,True,
4331,1582,Pueblo Cazes,,precipitación horaria,31,,red_inta,,,-32,-58.5299987792969,True,
4332,1583,Puerto Piramides - EEA Chubut,,precipitación horaria,31,,red_inta,,,-42.5400009155273,-64.2900009155273,True,
2449,1586,Rama Caida - EEA Rama Caida,,precipitación diaria 12Z,1,,red_inta,,,-34.6699981689453,-68.3899993896484,True,
4337,1587,Ramada Paso,,precipitación horaria,31,,red_inta,,,-27.2900009155273,-58.3199996948242,True,
4338,1588,Ramirez,,precipitación horaria,31,,red_inta,,,-32.1500015258789,-60.189998626709,True,
4339,1589,Rauch - EEA Cuenca Salado,,precipitación horaria,31,,red_inta,,,-36.7999992370605,-59.1100006103516,True,
4340,1590,Raíces Oeste,,precipitación horaria,31,,red_inta,,,-31.8500003814697,-59.560001373291,True,
4343,1591,Reconquista - EEA Reconquista,,precipitación horaria,31,,red_inta,,,-29.2600002288818,-59.7099990844727,True,
2455,1592,Rincon del Gená,,precipitación diaria 12Z,1,,red_inta,,,-32.5200004577637,-58.5800018310547,True,
4344,1592,Rincon del Gená,,precipitación horaria,31,,red_inta,,,-32.5200004577637,-58.5800018310547,True,
2457,1594,Rincón de Nogoyá,,precipitación diaria 12Z,1,,red_inta,,,-32.7799987792969,-59.9099998474121,True,
2458,1595,Rio Gallegos - EEA Santa Cruz,,precipitación diaria 12Z,1,,red_inta,,,-51.3800010681152,-69.1399993896484,True,
2459,1596,Rivadavia - EEA Junin Mendoza,,precipitación diaria 12Z,1,,red_inta,,,-33.2599983215332,-68.5,True,
4348,1596,Rivadavia - EEA Junin Mendoza,,precipitación horaria,31,,red_inta,,,-33.2599983215332,-68.5,True,
2460,1597,Rosario de Lerma,,precipitación diaria 12Z,1,,red_inta,,,-24.9899997711182,-65.5899963378906,True,
2461,1598,Rosario del Tala,,precipitación diaria 12Z,1,,red_inta,,,-32.3300018310547,-59.189998626709,True,
4351,1599,San Carlos,,precipitación horaria,31,,red_inta,,,-27.6800003051758,-56.0099983215332,True,
2463,1600,San Fernando - EEA Delta,,precipitación diaria 12Z,1,,red_inta,,,-34.25,-58.6100006103516,True,
2478,1602,San Gustavo,,precipitación diaria 12Z,1,,red_inta,,,-30.7000007629395,-59.4500007629395,True,
2479,1603,San Isidro - EEA Bella Vista,,precipitación diaria 12Z,1,,red_inta,,,-29.4799995422363,-59.2999992370605,True,
2481,1605,San Jorge - EEA Rafaela,,precipitación diaria 12Z,1,,red_inta,,,-31.9500007629395,-61.8300018310547,True,
2482,1606,San Lorenzo,,precipitación diaria 12Z,1,,red_inta,,,-28.1700000762939,-58.7000007629395,True,
4371,1606,San Lorenzo,,precipitación horaria,31,,red_inta,,,-28.1700000762939,-58.7000007629395,True,
2483,1607,San Pedro - EEA San Pedro,,precipitación diaria 12Z,1,,red_inta,,,-33.7400016784668,-59.7999992370605,True,False
4372,1607,San Pedro - EEA San Pedro,,precipitación horaria,31,,red_inta,,,-33.7400016784668,-59.7999992370605,True,
2484,1608,San Roque,,precipitación diaria 12Z,1,,red_inta,,,-28.6000003814697,-58.7299995422363,True,
4374,1609,San Sebastian - EEA Santa Cruz,,precipitación horaria,31,,red_inta,,,-52.8899993896484,-68.4499969482422,True,
2486,1610,Santa Elena,,precipitación diaria 12Z,1,,red_inta,,,-30.9899997711182,-59.6800003051758,True,
4375,1610,Santa Elena,,precipitación horaria,31,,red_inta,,,-30.9899997711182,-59.6800003051758,True,
4341,1611,Santa Magdalena,,precipitación horaria,31,,red_inta,,,-24.5200004577637,-64.129997253418,True,
2491,1615,Sarmiento - EEA Chubut,,precipitación diaria 12Z,1,,red_inta,,,-45.5999984741211,-69.0299987792969,True,
4380,1616,Sauce,,precipitación horaria,31,,red_inta,,,-32.560001373291,-59.6300010681152,True,
2493,1617,Sauce de Luna,,precipitación diaria 12Z,1,,red_inta,,,-31.1100006103516,-59.2900009155273,True,
2496,1620,Segundo Cuartel,,precipitación diaria 12Z,1,,red_inta,,,-32.3800010681152,-59.1199989318848,True,
4384,1620,Segundo Cuartel,,precipitación horaria,31,,red_inta,,,-32.3800010681152,-59.1199989318848,True,
4385,1621,Sexto Distrito,,precipitación horaria,31,,red_inta,,,-32.8499984741211,-59.6199989318848,True,
2498,1622,Sociedad Rural Sauce,,precipitación diaria 12Z,1,,red_inta,,,-30.1000003814697,-58.7900009155273,True,
4386,1622,Sociedad Rural Sauce,,precipitación horaria,31,,red_inta,,,-30.1000003814697,-58.7900009155273,True,
4387,1623,Sombrerito - EEA Corrientes,,precipitación horaria,31,,red_inta,,,-27.6499996185303,-58.7700004577637,True,
2500,1624,Sta Victoria O -EEA Abra Pampa,,precipitación diaria 12Z,1,,red_inta,,,-22.25,-64.9599990844727,True,
4388,1624,Sta Victoria O -EEA Abra Pampa,,precipitación horaria,31,,red_inta,,,-22.25,-64.9599990844727,True,
2501,1625,Strobel,,precipitación diaria 12Z,1,,red_inta,,,-32.0499992370605,-60.5999984741211,True,
2502,1626,Stroeder -EEA Hilario Ascasubi,,precipitación diaria 12Z,1,,red_inta,,,-40.1800003051758,-62.6100006103516,True,
4390,1626,Stroeder -EEA Hilario Ascasubi,,precipitación horaria,31,,red_inta,,,-40.1800003051758,-62.6100006103516,True,
4298,1627,Tacuara,,precipitación horaria,31,,red_inta,,,-30.5599994659424,-59.5200004577637,True,
4299,1628,Telsen - Chubut,,precipitación horaria,31,,red_inta,,,-42.4300003051758,-66.8899993896484,True,
2176,1629,Tilisarao - EEA San Luis,,precipitación diaria 12Z,1,,red_inta,,,-32.6699981689453,-65.2300033569336,True,
2177,1630,Tornquist - EEA Bordenave,,precipitación diaria 12Z,1,,red_inta,,,-38.1199989318848,-62.2400016784668,True,
4301,1630,Tornquist - EEA Bordenave,,precipitación horaria,31,,red_inta,,,-38.1199989318848,-62.2400016784668,True,
2178,1631,Trancas - EEA Famaillá,,precipitación diaria 12Z,1,,red_inta,,,-26.2800006866455,-65.2699966430664,True,
2179,1632,Tres bocas,,precipitación diaria 12Z,1,,red_inta,,,-32.75,-59.7599983215332,True,
4303,1632,Tres bocas,,precipitación horaria,31,,red_inta,,,-32.75,-59.7599983215332,True,
4304,1633,Tres Esquinas,,precipitación horaria,31,,red_inta,,,-32.25,-59.9300003051758,True,
2181,1634,UNR - Zavalla (EMC),,precipitación diaria 12Z,1,,red_inta,,,-33.0200004577637,-60.8800010681152,True,
4305,1634,UNR - Zavalla (EMC),,precipitación horaria,31,,red_inta,,,-33.0200004577637,-60.8800010681152,True,
2182,1635,Urdinarrain,,precipitación diaria 12Z,1,,red_inta,,,-32.7000007629395,-58.8600006103516,True,
2183,1636,Valcheta - EEA Valle Inferior,,precipitación diaria 12Z,1,,red_inta,,,-40.7200012207031,-66.3099975585938,True,
4307,1636,Valcheta - EEA Valle Inferior,,precipitación horaria,31,,red_inta,,,-40.7200012207031,-66.3099975585938,True,
2184,1637,Viale,,precipitación diaria 12Z,1,,red_inta,,,-31.8600006103516,-60.0299987792969,True,
4308,1637,Viale,,precipitación horaria,31,,red_inta,,,-31.8600006103516,-60.0299987792969,True,
2503,1638,Victoria,,precipitación diaria 12Z,1,,red_inta,,,-32.5900001525879,-60.1599998474121,True,
4391,1638,Victoria,,precipitación horaria,31,,red_inta,,,-32.5900001525879,-60.1599998474121,True,
4392,1639,Villa Ana - EEA Reconquista,,precipitación horaria,31,,red_inta,,,-28.4400005340576,-59.7999992370605,True,
2505,1640,Villa Dolores - EEA Manfredi,,precipitación diaria 12Z,1,,red_inta,,,-31.9400005340576,-65.2200012207031,True,
4393,1640,Villa Dolores - EEA Manfredi,,precipitación horaria,31,,red_inta,,,-31.9400005340576,-65.2200012207031,True,
2506,1641,Villa Elisa,,precipitación diaria 12Z,1,,red_inta,,,-32.1500015258789,-58.4099998474121,True,
4395,1642,Villa Mercedes - EEA San Luis,,precipitación horaria,31,,red_inta,,,-33.6599998474121,-65.4100036621094,True,
2508,1643,Villaguay,,precipitación diaria 12Z,1,,red_inta,,,-31.8099994659424,-59.0200004577637,True,
4397,1645,Virasoro,,precipitación horaria,31,,red_inta,,,-28.0900001525879,-56.0299987792969,True,
4398,1647,Zaiman Inta,,precipitación horaria,31,,red_inta,,,-27.4300003051758,-55.8899993896484,True,
29909,1678,Paso Duarte - RP 22,Gualeguay,Altura hidrométrica media diaria,39,,alturas_bdhi,,,-31.1051388888889,-58.7711666666667,True,
29911,1679,Santo Tomé,SALADOSANTAFE,Altura hidrométrica media diaria,39,,alturas_bdhi,,,-31.667601,-60.752233,True,False
3045,1680,Cululú - RP50-s,SALADOSANTAFE,Altura hidrométrica,2,,alturas_bdhi,,,-31.254531,-60.887765,True,
29912,1680,Cululú - RP50-s,SALADOSANTAFE,Altura hidrométrica media diaria,39,,alturas_bdhi,,,-31.254531,-60.887765,True,
3274,1695,General Belgrano,Salado_bonaerense,Altura hidrométrica,2,,alturas_bdhi,,,-35.7246666666667,-58.5365277777778,True,
3276,1695,General Belgrano,Salado_bonaerense,Caudal,4,,alturas_bdhi,,,-35.7246666666667,-58.5365277777778,True,
29913,1695,General Belgrano,Salado_bonaerense,Altura hidrométrica media diaria,39,,alturas_bdhi,,,-35.7246666666667,-58.5365277777778,True,
3280,1699,Nueva Palmira,Uruguay,Altura hidrométrica,2,,alturas_varios,,,-33.878478,-58.422029,True,
31553,1699,Nueva Palmira,Uruguay,Altura hidrométrica,2,,alturas_varios,,,-33.878478,-58.422029,True,
3306,1700,Boca Gualeguaychú CARU,Uruguay,Altura hidrométrica,2,,alturas_varios,,,-33.0666666666667,-58.4166666666667,True,
26768,1701,Gualeguaychú FdX,Uruguay,Altura hidrométrica media mensual,33,,ina_delta,,,-33.0666666666667,-58.4166666666667,True,
3434,1702,Braga,,Altura hidrométrica,2,,estaciones_pvnymm,,,-34.3363990783691,-58.4844017028809,True,
3461,1702,Braga,,Caudal,4,,estaciones_pvnymm,,,-34.3363990783691,-58.4844017028809,True,
26390,1702,Braga,,Altura hidrométrica media diaria,39,,estaciones_pvnymm,,,-34.3363990783691,-58.4844017028809,True,
26722,1702,Braga,,Caudal medio diario,40,,estaciones_pvnymm,,,-34.3363990783691,-58.4844017028809,True,
3311,1705,Brasileira,,Altura hidrométrica,2,,estaciones_pvnymm,,,-35.1744003295898,-56.6105995178223,True,
26393,1705,Brasileira,,Altura hidrométrica media diaria,39,,estaciones_pvnymm,,,-35.1744003295898,-56.6105995178223,True,
3312,1706,Oyarvide,,Altura hidrométrica,2,,estaciones_pvnymm,,,-35.0999984741211,-57.13330078125,True,
26394,1706,Oyarvide,,Altura hidrométrica media diaria,39,,estaciones_pvnymm,,,-35.0999984741211,-57.13330078125,True,
3313,1707,Magadalena,,Altura hidrométrica,2,,estaciones_pvnymm,,,-34.9300003051758,-57.4617004394531,True,
26396,1708,La Plata,,Altura hidrométrica media diaria,39,,estaciones_pvnymm,,,-34.8339004516602,-57.8800010681152,True,
3315,1709,Buenos Aires,,Altura hidrométrica,2,,estaciones_pvnymm,,,-34.6305999755859,-58.3516998291016,True,
26397,1709,Buenos Aires,,Altura hidrométrica media diaria,39,,estaciones_pvnymm,,,-34.6305999755859,-58.3516998291016,True,
3316,1710,Desembocadura,,Altura hidrométrica,2,,estaciones_pvnymm,,,-33.997200012207,-58.4702987670898,True,
3503,1710,Desembocadura,,Caudal,4,,estaciones_pvnymm,,,-33.997200012207,-58.4702987670898,True,
3449,1710,Desembocadura,,Caudal,4,,estaciones_pvnymm,,,-33.997200012207,-58.4702987670898,True,
3476,1710,Desembocadura,,Caudal,4,,estaciones_pvnymm,,,-33.997200012207,-58.4702987670898,True,
26723,1710,Desembocadura,,Caudal medio diario,40,,estaciones_pvnymm,,,-33.997200012207,-58.4702987670898,True,
3317,1711,Las Rosas,,Altura hidrométrica,2,,estaciones_pvnymm,,,-34.1836013793945,-58.8894004821777,True,
26399,1711,Las Rosas,,Altura hidrométrica media diaria,39,,estaciones_pvnymm,,,-34.1836013793945,-58.8894004821777,True,
3318,1712,Carabelitas,,Altura hidrométrica,2,,estaciones_pvnymm,,,-33.9491996765137,-58.7689018249512,True,
3423,1712,Carabelitas,,Altura hidrométrica,2,,estaciones_pvnymm,,,-33.9491996765137,-58.7689018249512,True,
3505,1712,Carabelitas,,Caudal,4,,estaciones_pvnymm,,,-33.9491996765137,-58.7689018249512,True,
3477,1712,Carabelitas,,Caudal,4,,estaciones_pvnymm,,,-33.9491996765137,-58.7689018249512,True,
3319,1713,Zárate,,Altura hidrométrica,2,,estaciones_pvnymm,,,-34.0918998718262,-59.0139007568359,True,
3404,1713,Zárate,,Altura hidrométrica,2,,estaciones_pvnymm,,,-34.0918998718262,-59.0139007568359,True,
3431,1713,Zárate,,Altura hidrométrica,2,,estaciones_pvnymm,,,-34.0918998718262,-59.0139007568359,True,
3402,1714,Baradero,,Altura hidrométrica,2,,estaciones_pvnymm,,,-33.9366989135742,-59.2578010559082,True,
3429,1714,Baradero,,Altura hidrométrica,2,,estaciones_pvnymm,,,-33.9366989135742,-59.2578010559082,True,
3502,1714,Baradero,,Caudal,4,,estaciones_pvnymm,,,-33.9366989135742,-59.2578010559082,True,
3456,1714,Baradero,,Caudal,4,,estaciones_pvnymm,,,-33.9366989135742,-59.2578010559082,True,
3483,1714,Baradero,,Caudal,4,,estaciones_pvnymm,,,-33.9366989135742,-59.2578010559082,True,
26402,1714,Baradero,,Altura hidrométrica media diaria,39,,estaciones_pvnymm,,,-33.9366989135742,-59.2578010559082,True,
26726,1714,Baradero,,Caudal medio diario,40,,estaciones_pvnymm,,,-33.9366989135742,-59.2578010559082,True,
3394,1715,Brazo Largo,,Altura hidrométrica,2,,estaciones_pvnymm,,,-33.8880996704102,-58.9166984558105,True,
3421,1715,Brazo Largo,,Altura hidrométrica,2,,estaciones_pvnymm,,,-33.8880996704102,-58.9166984558105,True,
3506,1715,Brazo Largo,,Caudal,4,,estaciones_pvnymm,,,-33.8880996704102,-58.9166984558105,True,
3448,1715,Brazo Largo,,Caudal,4,,estaciones_pvnymm,,,-33.8880996704102,-58.9166984558105,True,
26403,1715,Brazo Largo,,Altura hidrométrica media diaria,39,,estaciones_pvnymm,,,-33.8880996704102,-58.9166984558105,True,
26727,1715,Brazo Largo,,Caudal medio diario,40,,estaciones_pvnymm,,,-33.8880996704102,-58.9166984558105,True,
3322,1716,Ibicuy,,Altura hidrométrica,2,,estaciones_pvnymm,,,-33.755298614502,-59.1786003112793,True,
26404,1716,Ibicuy,,Altura hidrométrica media diaria,39,,estaciones_pvnymm,,,-33.755298614502,-59.1786003112793,True,
3444,1717,Bifurcación,,Altura hidrométrica,2,,estaciones_pvnymm,,,-33.7224998474121,-59.2907981872559,True,
26405,1717,Bifurcación,,Altura hidrométrica media diaria,39,,estaciones_pvnymm,,,-33.7224998474121,-59.2907981872559,True,
26728,1717,Bifurcación,,Caudal medio diario,40,,estaciones_pvnymm,,,-33.7224998474121,-59.2907981872559,True,
3325,1719,Ramallo,,Altura hidrométrica,2,,estaciones_pvnymm,,,-33.4766998291016,-59.997501373291,True,
3326,1720,San Nicolas,,Altura hidrométrica,2,,estaciones_pvnymm,,,-33.323600769043,-60.2181015014648,True,
3327,1721,Villa Constitución,,Altura hidrométrica,2,,estaciones_pvnymm,,,-33.2263984680176,-60.3213996887207,True,
3328,1722,Rosario,,Altura hidrométrica,2,,estaciones_pvnymm,,,-32.9730987548828,-60.6183013916016,True,
29642,1722,Rosario,,Altura hidrométrica,2,,estaciones_pvnymm,,,-32.9730987548828,-60.6183013916016,True,
29639,1723,San Martín,,Altura hidrométrica,2,,estaciones_pvnymm,,,-32.7071990966797,-60.7249984741211,True,
3330,1724,Paraná,,Altura hidrométrica,2,,estaciones_pvnymm,,,-31.7208003997803,-60.5155982971191,True,
26412,1724,Paraná,,Altura hidrométrica media diaria,39,,estaciones_pvnymm,,,-31.7208003997803,-60.5155982971191,True,
29634,1725,Diamante,,Altura hidrométrica,2,,estaciones_pvnymm,,,-32.0560989379883,-60.6439018249512,True,
26413,1725,Diamante,,Altura hidrométrica media diaria,39,,estaciones_pvnymm,,,-32.0560989379883,-60.6439018249512,True,
3333,1727,Hernandarias,,Altura hidrométrica,2,,estaciones_pvnymm,,,-31.2299995422363,-59.9926986694336,True,
26415,1727,Hernandarias,,Altura hidrométrica media diaria,39,,estaciones_pvnymm,,,-31.2299995422363,-59.9926986694336,True,
3334,1728,Santa Elena,,Altura hidrométrica,2,,estaciones_pvnymm,,,-30.9685001373291,-59.8147010803223,True,
26416,1728,Santa Elena,,Altura hidrométrica media diaria,39,,estaciones_pvnymm,,,-30.9685001373291,-59.8147010803223,True,
26417,1729,La Paz,,Altura hidrométrica media diaria,39,,estaciones_pvnymm,,,-30.7325992584229,-59.6391983032227,True,
3336,1730,Esquina,,Altura hidrométrica,2,,estaciones_pvnymm,,,-30.0167007446289,-59.5368995666504,True,
26418,1730,Esquina,,Altura hidrométrica media diaria,39,,estaciones_pvnymm,,,-30.0167007446289,-59.5368995666504,True,
3337,1731,Reconquista,,Altura hidrométrica,2,,estaciones_pvnymm,,,-29.2353000640869,-59.5794982910156,True,
3338,1732,Goya,,Altura hidrométrica,2,,estaciones_pvnymm,,,-29.1431999206543,-59.2727012634277,True,
3340,1734,Empedrado,,Altura hidrométrica,2,,estaciones_pvnymm,,,-27.9589004516602,-58.8203010559082,True,
3341,1735,Barranqueras,,Altura hidrométrica,2,,estaciones_pvnymm,,,-27.4885005950928,-58.923900604248,True,
26425,1737,Paso de la Patria,,Altura hidrométrica media diaria,39,,estaciones_pvnymm,,,-27.3222999572754,-58.5824012756348,True,
3344,1739,Atalaya,Río de la Plata,Altura hidrométrica,2,,estaciones_shn,,,-35.015278,-57.536111,True,
26762,1740,Pilote Norden,Río de la Plata,Altura hidrométrica media mensual,33,,estaciones_shn,,,-34.62625,-57.927417,True,
26427,1740,Pilote Norden,Río de la Plata,Altura hidrométrica media diaria,39,,estaciones_shn,,,-34.62625,-57.927417,True,
3346,1741,Santa Teresita,Mar Argentino,Altura hidrométrica,2,,estaciones_shn,,,-36.541944,-56.686111,True,
26428,1741,Santa Teresita,Mar Argentino,Altura hidrométrica media diaria,39,,estaciones_shn,,,-36.541944,-56.686111,True,
26429,1742,Mar del Plata,Mar Argentino,Altura hidrométrica media diaria,39,,estaciones_shn,,,-38.035556,-57.531111,True,
3348,1743,Arroyo Las Piedras - Rep. del Líbano,Cuenca Sarandí-Santo Domingo,Altura hidrométrica,2,,ina_delta,,,-34.7383417,-58.3096056,True,
35403,1743,Arroyo Las Piedras - Rep. del Líbano,Cuenca Sarandí-Santo Domingo,Altura hidrométrica,2,,ina_delta,,,-34.7383417,-58.3096056,True,
26769,1743,Arroyo Las Piedras - Rep. del Líbano,Cuenca Sarandí-Santo Domingo,Altura hidrométrica media mensual,33,,ina_delta,,,-34.7383417,-58.3096056,True,
26430,1743,Arroyo Las Piedras - Rep. del Líbano,Cuenca Sarandí-Santo Domingo,Altura hidrométrica media diaria,39,,ina_delta,,,-34.7383417,-58.3096056,True,
3349,1744,Arroyo San Francisco,Cuenca Sarandí-Santo Domingo,Altura hidrométrica,2,,ina_delta,,,-34.7277556,-58.3200389,True,
26431,1744,Arroyo San Francisco,Cuenca Sarandí-Santo Domingo,Altura hidrométrica media diaria,39,,ina_delta,,,-34.7277556,-58.3200389,True,
29905,1753,Coronel Bogardo,Pavon,Altura hidrométrica media diaria,39,,alturas_bdhi,,,-33.3600611111111,-60.576775,True,
3568,1793,Paraje Tres Cerros,,precipitación diaria 12Z,1,,red_inta,,,-29.07,-57.04,True,
4406,1800,Franklin,,precipitación diaria 12Z,1,,voluntarios_unlu,,,-34.609294,-59.629877,True,
4407,1802,Carmen de Areco - Casco Urbano,,precipitación diaria 12Z,1,,voluntarios_unlu,,,-34.378079,-59.82265,True,False
4408,1803,Tuyuti,,precipitación diaria 12Z,1,,voluntarios_unlu,,,-34.519658,-59.674042,True,
4409,1804,La Suipachense,,precipitación diaria 12Z,1,,voluntarios_unlu,,,-34.780558,-59.675174,True,
5951,1813,Bomberos S. A. de Giles,,precipitación diaria 12Z,1,,voluntarios_unlu,,,-34.446782,-59.448323,True,
6060,1831,BarcaGrande,Río de la Plata,Altura hidrométrica,2,,puntos_FDelta,,,-34.1624,-58.3756,True,
29557,1831,BarcaGrande,Río de la Plata,Caudal,4,,puntos_FDelta,,,-34.1624,-58.3756,True,
29555,1832,Bravo,Río de la Plata,Caudal,4,,puntos_FDelta,,,-33.8976,-58.4588,True,
29560,1833,CanaldelEste,Río de la Plata,Caudal,4,,puntos_FDelta,,,-34.3764,-58.4975,True,
29551,1833,CanaldelEste,Río de la Plata,Caudal,4,,puntos_FDelta,,,-34.3764,-58.4975,True,
6063,1834,Correntoso,Río de la Plata,Altura hidrométrica,2,,puntos_FDelta,,,-34.1111,-58.3678,True,
25479,1835,Guazu,Río de la Plata,Caudal medio diario,40,,puntos_FDelta,,,-34.0047,-58.421,True,
25459,1836,Gutierrez,Río de la Plata,Altura hidrométrica,2,,puntos_FDelta,,,-33.8245,-58.4715,True,
29572,1836,Gutierrez,Río de la Plata,Altura hidrométrica,2,,puntos_FDelta,,,-33.8245,-58.4715,True,
6065,1837,LaBarquita,Río de la Plata,Altura hidrométrica,2,,puntos_FDelta,,,-34.2114,-58.3838,True,
25461,1838,Lujan,Río de la Plata,Altura hidrométrica,2,,puntos_FDelta,,,-34.4434,-58.5257,True,
6066,1838,Lujan,Río de la Plata,Altura hidrométrica,2,,puntos_FDelta,,,-34.4434,-58.5257,True,
29562,1838,Lujan,Río de la Plata,Caudal,4,,puntos_FDelta,,,-34.4434,-58.5257,True,
29553,1838,Lujan,Río de la Plata,Caudal,4,,puntos_FDelta,,,-34.4434,-58.5257,True,
6067,1839,Mini,Río de la Plata,Altura hidrométrica,2,,puntos_FDelta,,,-34.2289,-58.404,True,
29559,1839,Mini,Río de la Plata,Caudal,4,,puntos_FDelta,,,-34.2289,-58.404,True,
29550,1839,Mini,Río de la Plata,Caudal,4,,puntos_FDelta,,,-34.2289,-58.404,True,
25463,1840,Palmas,Río de la Plata,Altura hidrométrica,2,,puntos_FDelta,,,-34.3814,-58.4556,True,
29573,1840,Palmas,Río de la Plata,Caudal,4,,puntos_FDelta,,,-34.3814,-58.4556,True,
25480,1840,Palmas,Río de la Plata,Caudal medio diario,40,,puntos_FDelta,,,-34.3814,-58.4556,True,
25464,1841,SanAntonio,Río de la Plata,Altura hidrométrica,2,,puntos_FDelta,,,-34.4193,-58.5091,True,
6069,1841,SanAntonio,Río de la Plata,Altura hidrométrica,2,,puntos_FDelta,,,-34.4193,-58.5091,True,
29552,1841,SanAntonio,Río de la Plata,Caudal,4,,puntos_FDelta,,,-34.4193,-58.5091,True,
6070,1842,Sauce,Río de la Plata,Altura hidrométrica,2,,puntos_FDelta,,,-33.9453,-58.4282,True,
29565,1842,Sauce,Río de la Plata,Caudal,4,,puntos_FDelta,,,-33.9453,-58.4282,True,
25466,1843,Uruguay,Río de la Plata,Altura hidrométrica,2,,puntos_FDelta,,,-33.9017,-58.4268,True,
6071,1843,Uruguay,Río de la Plata,Altura hidrométrica,2,,puntos_FDelta,,,-33.9017,-58.4268,True,
25481,1843,Uruguay,Río de la Plata,Caudal medio diario,40,,puntos_FDelta,,,-33.9017,-58.4268,True,
26436,1877,Paraná Miní,Paraná Miní,Altura hidrométrica media diaria,39,,ina_delta,,,-34.185121,-58.501874,True,
6133,1878,Santa Cruz - Charles Fuhr,Santa Cruz,Caudal,4,,alturas_bdhi,,,-50.2521111111111,-71.9078055555556,True,
6132,1879,LAGO VIEDMA - LAGO VIEDMA,Lago Viedma,Altura hidrométrica,2,,alturas_bdhi,,,-49.3943333333333,-72.8693055555556,True,
29919,1879,LAGO VIEDMA - LAGO VIEDMA,Lago Viedma,Altura hidrométrica media diaria,39,,alturas_bdhi,,,-49.3943333333333,-72.8693055555556,True,
6134,1880,LAGO SAN MARTIN - BRAZO CHACABUCO,Lago San Martin,Altura hidrométrica,2,,alturas_bdhi,,,-49.1239444444444,-72.4856388888889,True,
6136,1882,Deseado - Ruta Provincial Nº47,Deseado,Altura hidrométrica,2,,alturas_bdhi,,,-47.8289916666667,-66.5928444444444,True,
6139,1883,Oro - Camino a Ñires,Oro,Altura hidrométrica,2,,alturas_bdhi,,,-47.4203722222222,-71.9429277777778,True,
6141,1884,Deseado-Ruta Provincial Nº 039,Deseado,Altura hidrométrica,2,,alturas_bdhi,,,-46.726525,-69.5937666666667,True,False
6142,1884,Deseado-Ruta Provincial Nº 039,Deseado,Caudal,4,,alturas_bdhi,,,-46.726525,-69.5937666666667,True,
29916,1884,Deseado-Ruta Provincial Nº 039,Deseado,Altura hidrométrica media diaria,39,,alturas_bdhi,,,-46.726525,-69.5937666666667,True,
6144,1885,LAGO ARGENTINO - CALAFATE,Lago Argentino,Altura hidrométrica,2,,alturas_bdhi,,,-50.32,-72.261,True,
29917,1885,LAGO ARGENTINO - CALAFATE,Lago Argentino,Altura hidrométrica media diaria,39,,alturas_bdhi,,,-50.32,-72.261,True,
29922,1886,LAGO PUEYRREDON - LAGO PUEYRREDON,Lago Pueyrredón,Altura hidrométrica media diaria,39,,alturas_bdhi,,,-47.3759166666667,-71.9675833333333,True,
6146,1887,LAGO THAR - EA SANTA ANGELICA,Lago Thar,Altura hidrométrica,2,,alturas_bdhi,,,-49.2693055555556,-71.9960833333333,True,
6147,1888,Gallegos - Puente Blanco,Gallegos,Altura hidrométrica,2,,alturas_bdhi,,,-51.8948055555556,-71.5975277777778,True,
29924,1888,Gallegos - Puente Blanco,Gallegos,Altura hidrométrica media diaria,39,,alturas_bdhi,,,-51.8948055555556,-71.5975277777778,True,
6154,1891,Gallegos - Toma de Agua SP,Gallegos,Altura hidrométrica,2,,alturas_bdhi,,,-51.6883444444444,-69.6554388888889,True,False
6155,1891,Gallegos - Toma de Agua SP,Gallegos,Caudal,4,,alturas_bdhi,,,-51.6883444444444,-69.6554388888889,True,
6157,1892,CENTINELA - RUTA PROVINCIAL Nº 070,Centinela,Altura hidrométrica,2,,alturas_bdhi,,,-50.3519722222222,-72.5059444444444,True,
29928,1892,CENTINELA - RUTA PROVINCIAL Nº 070,Centinela,Altura hidrométrica media diaria,39,,alturas_bdhi,,,-50.3519722222222,-72.5059444444444,True,
6161,1893,Chico - Gregores,Chico,Caudal,4,,alturas_bdhi,,,-48.7520083333333,-70.32075,True,
6167,1896,LA LEONA - LA LEONA,La Leona,Altura hidrométrica,2,,alturas_bdhi,,,-49.7971944444444,-72.0640277777778,True,
6168,1896,LA LEONA - LA LEONA,La Leona,Caudal,4,,alturas_bdhi,,,-49.7971944444444,-72.0640277777778,True,
6170,1897,Vizcachas - Cerro Palique,Vizcachas,Altura hidrométrica,2,,alturas_bdhi,,,-50.99605,-72.1065722222222,True,
6174,1898,De las Vueltas - Parque Nac. los Glaciares,De las Vueltas,Caudal,4,,alturas_bdhi,,,-49.3432777777778,-72.8607222222222,True,
29934,1898,De las Vueltas - Parque Nac. los Glaciares,De las Vueltas,Altura hidrométrica media diaria,39,,alturas_bdhi,,,-49.3432777777778,-72.8607222222222,True,
6177,1899,Los Antiguos - Ruta Provincial Nº 043,Los Antiguos,Caudal,4,,alturas_bdhi,,,-46.554075,-71.6396138888889,True,
29935,1899,Los Antiguos - Ruta Provincial Nº 043,Los Antiguos,Altura hidrométrica media diaria,39,,alturas_bdhi,,,-46.554075,-71.6396138888889,True,
6179,1900,LAGO BUENOS AIRES - LOS ANTIGUOS,Lago Buenos Aires,Altura hidrométrica,2,,alturas_bdhi,,,-46.5387777777778,-71.6096944444444,True,
29936,1900,LAGO BUENOS AIRES - LOS ANTIGUOS,Lago Buenos Aires,Altura hidrométrica media diaria,39,,alturas_bdhi,,,-46.5387777777778,-71.6096944444444,True,
29940,1904,Foyel - Ruta Nacional Nº 258,Foyel,Altura hidrométrica media diaria,39,,alturas_bdhi,,,-41.7132777777778,-71.4414166666667,True,
29941,1905,LAGO ESCONDIDO - EL FOYEL,Lago Escondido,Altura hidrométrica media diaria,39,,alturas_bdhi,,,-41.6997222222222,-71.6172222222222,True,
29942,1906,MANSO - MANSO INFERIOR,Manso,Altura hidrométrica media diaria,39,,alturas_bdhi,,,-41.556,-71.7804166666667,True,
6194,1907,Azul - El Azul,Quemquentreu ,Altura hidrométrica,2,,alturas_bdhi,,,-41.9526805555556,-71.5392111111111,True,
29943,1907,Azul - El Azul,Quemquentreu ,Altura hidrométrica media diaria,39,,alturas_bdhi,,,-41.9526805555556,-71.5392111111111,True,
6197,1908,QUEMQUEMTREU - ESCUELA Nº 139,Quemquentreu ,Altura hidrométrica,2,,alturas_bdhi,,,-41.89825,-71.5022222222222,True,
6200,1909,FOYEL - CONFLUENCIA CON EL MANSO,Foyel,Altura hidrométrica,2,,alturas_bdhi,,,-41.6008055555556,-71.7153888888889,True,
29945,1909,FOYEL - CONFLUENCIA CON EL MANSO,Foyel,Altura hidrométrica media diaria,39,,alturas_bdhi,,,-41.6008055555556,-71.7153888888889,True,False
6203,1910,Manso - Lago Steffen,Manso,Altura hidrométrica,2,,alturas_bdhi,,,-41.5159361111111,-71.5364027777778,True,
6204,1910,Manso - Lago Steffen,Manso,Caudal,4,,alturas_bdhi,,,-41.5159361111111,-71.5364027777778,True,
29946,1910,Manso - Lago Steffen,Manso,Altura hidrométrica media diaria,39,,alturas_bdhi,,,-41.5159361111111,-71.5364027777778,True,
6206,1911,Villegas - Ruta Nacional Nº 258,Villegas,Altura hidrométrica,2,,alturas_bdhi,,,-41.5800833333333,-71.4999444444445,True,
29947,1911,Villegas - Ruta Nacional Nº 258,Villegas,Altura hidrométrica media diaria,39,,alturas_bdhi,,,-41.5800833333333,-71.4999444444445,True,
6209,1912,AZUL - PUESTO 1,Azul,Altura hidrométrica,2,,alturas_bdhi,,,-41.9588333333333,-71.5659722222222,True,
29949,1913,RAQUEL - EL AZUL,Raquel,Altura hidrométrica media diaria,39,,alturas_bdhi,,,-41.9258333333333,-71.5580555555556,True,
29950,1914,EL TERNERO - CUESTA DEL TERNERO,El Ternero,Altura hidrométrica media diaria,39,,alturas_bdhi,,,-41.9532222222222,-71.3819166666667,True,
6216,1915,Escondido - El Foyel,Escondido,Caudal,4,,alturas_bdhi,,,-41.6797777777778,-71.5652777777778,True,
29951,1915,Escondido - El Foyel,Escondido,Altura hidrométrica media diaria,39,,alturas_bdhi,,,-41.6797777777778,-71.5652777777778,True,
6218,1916,MANSO - POBLADOR TURRA,Manso,Altura hidrométrica,2,,alturas_bdhi,,,-41.5935277777778,-71.5208888888889,True,
6220,1917,Paraguay - Isla del Cerrito,Paraguay,Altura hidrométrica,2,,alturas_bdhi,,,-27.2890194444444,-58.6096333333333,True,
6222,1918,POTRERO-RUTA PROVINCIAL Nº 001,Potrero,Caudal,4,,alturas_bdhi,,,-31.5123333333333,-60.4624166666667,True,
29955,1922,Los Amores - Ruta Nacional Nº 011,Los Amores,Altura hidrométrica media diaria,39,,alturas_bdhi,,,-28.5559444444444,-59.3558055555556,True,
29956,1923,LEYES - RUTA PROVINCIAL Nº 001,Leyes,Altura hidrométrica media diaria,39,,alturas_bdhi,,,-31.4948055555556,-60.4251111111111,True,True
6235,1924,Saladillo Amargo - Vera Mujica (RP 281),Saladillo Amargo,Altura hidrométrica,2,,alturas_bdhi,,,-30.8419444444444,-60.4116388888889,True,
6236,1924,Saladillo Amargo - Vera Mujica (RP 281),Saladillo Amargo,Caudal,4,,alturas_bdhi,,,-30.8419444444444,-60.4116388888889,True,
29957,1924,Saladillo Amargo - Vera Mujica (RP 281),Saladillo Amargo,Altura hidrométrica media diaria,39,,alturas_bdhi,,,-30.8419444444444,-60.4116388888889,True,
6244,1927,San Javier - Romang,San Javier,Altura hidrométrica,2,,alturas_bdhi,,,-29.5051111111111,-59.7397222222222,True,
29958,1927,San Javier - Romang,San Javier,Altura hidrométrica media diaria,39,,alturas_bdhi,,,-29.5051111111111,-59.7397222222222,True,
6246,1928,MALABRIGO - RUTA PROVINCIAL Nº 088 S,Malabrigo,Caudal,4,,alturas_bdhi,,,-29.3649722222222,-59.7778888888889,True,
6248,1929,El Toba - Margarita,El Toba,Caudal,4,,alturas_bdhi,,,-29.7300555555556,-60.0075833333333,True,
6252,1931,El Rey - Ruta Nacional Nº 011,El Rey,Altura hidrométrica,2,,alturas_bdhi,,,-29.1333333333333,-59.6546944444444,True,
29963,1932,Coronda - Batallón 601,Coronda,Altura hidrométrica media diaria,39,,alturas_bdhi,,,-31.6940555555556,-60.7459722222222,True,
6254,1933,Tapenagá - Florencia,Tapenagá,Altura hidrométrica,2,,alturas_bdhi,,,-28.029,-59.2250277777778,True,
29964,1933,Tapenagá - Florencia,Tapenagá,Altura hidrométrica media diaria,39,,alturas_bdhi,,,-28.029,-59.2250277777778,True,
6260,1935,SAN JAVIER - CAYASTÁ,San Javier,Altura hidrométrica,2,,alturas_bdhi,,,-31.1981944444444,-60.1568611111111,True,
29966,1939,San Javier - Helvecia,San Javier,Altura hidrométrica media diaria,39,,alturas_bdhi,,,-31.1041666666667,-60.0835277777778,True,
6274,1940,Saladillo Dulce - La Noria (RP 281),Saladillo Dulce,Caudal,4,,alturas_bdhi,,,-30.8548333333333,-60.2821944444444,True,
29967,1940,Saladillo Dulce - La Noria (RP 281),Saladillo Dulce,Altura hidrométrica media diaria,39,,alturas_bdhi,,,-30.8548333333333,-60.2821944444444,True,
6277,1942,Paraná - Timbúes,Paraná,Altura hidrométrica,2,,alturas_bdhi,,,-32.6583333333333,-60.7305555555556,True,
29969,1942,Paraná - Timbúes,Paraná,Altura hidrométrica media diaria,39,,alturas_bdhi,,,-32.6583333333333,-60.7305555555556,True,
6280,1943,Laguna La Picasa - RN33,Laguna La Picasa,Altura hidrométrica,2,,alturas_bdhi,,,-34.3268111111111,-62.8114583333333,True,
6285,1945,Canal Línea Paraná - Rp Nº 3,Canal lí­nea Paraná,Altura hidrométrica,2,,alturas_bdhi,,,-28.1103888888889,-59.9758055555556,True,
29972,1947,SAN JAVIER - SANTA ROSA,San Javier,Altura hidrométrica media diaria,39,,alturas_bdhi,,,-31.4176111111111,-60.3294444444444,True,
29973,1948,EL MONJE - ZONA RURAL,El Monje,Altura hidrométrica media diaria,39,,alturas_bdhi,,,-32.384,-60.9087777777778,True,
6297,1951,San Javier - Saladero Cabal,San Javier,Altura hidrométrica,2,,alturas_bdhi,,,-30.8805833333333,-60.0343888888889,True,
6298,1952,SANTA RITA - RUTA PROVINCIAL Nº 001,Santa Rita,Altura hidrométrica,2,,alturas_bdhi,,,-31.4945,-60.4409166666667,True,
29975,1952,SANTA RITA - RUTA PROVINCIAL Nº 001,Santa Rita,Altura hidrométrica media diaria,39,,alturas_bdhi,,,-31.4945,-60.4409166666667,True,
6301,1953,Salado - Agua Abajo Azud Colonia Dora,Salado,Altura hidrométrica,2,,alturas_bdhi,,,-28.5583833333333,-62.8868472222222,True,
6302,1954,Salado - Suncho Corral,Salado,Altura hidrométrica,2,,alturas_bdhi,,,-27.940175,-63.4397944444444,True,
29977,1954,Salado - Suncho Corral,Salado,Altura hidrométrica media diaria,39,,alturas_bdhi,,,-27.940175,-63.4397944444444,True,
6308,1956,Dulce - Dique los Quiroga,Dulce,Altura hidrométrica,2,,alturas_bdhi,,,-27.651,-64.3626138888889,True,
29979,1956,Dulce - Dique los Quiroga,Dulce,Altura hidrométrica media diaria,39,,alturas_bdhi,,,-27.651,-64.3626138888889,True,
6309,1957,Salado - El Arenal,Salado,Altura hidrométrica,2,,alturas_bdhi,,,-26.3742194444444,-63.7244055555556,True,
6310,1957,Salado - El Arenal,Salado,Caudal,4,,alturas_bdhi,,,-26.3742194444444,-63.7244055555556,True,
29980,1957,Salado - El Arenal,Salado,Altura hidrométrica media diaria,39,,alturas_bdhi,,,-26.3742194444444,-63.7244055555556,True,
6312,1958,Canal de Dios - Canal de Dios,Canal de Dios,Altura hidrométrica,2,,alturas_bdhi,,,-25.6107777777778,-63.9480583333333,True,
6315,1959,Dulce - Tuhama,Dulce,Altura hidrométrica,2,,alturas_bdhi,,,-28.0147222222222,-64.0979166666667,True,
29982,1959,Dulce - Tuhama,Dulce,Altura hidrométrica media diaria,39,,alturas_bdhi,,,-28.0147222222222,-64.0979166666667,True,
6318,1960,Carcaraña - Cruz Alta,Carcaraña,Caudal,4,,alturas_bdhi,,,-33.0056194444444,-61.787425,True,
29984,1961,EL DURAZNO - LA FLORIDA,El durazno,Altura hidrométrica media diaria,39,,alturas_bdhi,,,-32.2333333333333,-64.7833333333333,True,
6324,1963,Miraflores - Sayate,Miraflores,Altura hidrométrica,2,,alturas_bdhi,,,-22.9008333333333,-65.8494444444444,True,
29986,1963,Miraflores - Sayate,Miraflores,Altura hidrométrica media diaria,39,,alturas_bdhi,,,-22.9008333333333,-65.8494444444444,True,
6326,1964,San Francisco - Caimancito,San Francisco,Altura hidrométrica,2,,alturas_bdhi,,,-23.7120555555556,-64.5395833333333,True,
6327,1964,San Francisco - Caimancito,San Francisco,Caudal,4,,alturas_bdhi,,,-23.7120555555556,-64.5395833333333,True,
29987,1964,San Francisco - Caimancito,San Francisco,Altura hidrométrica media diaria,39,,alturas_bdhi,,,-23.7120555555556,-64.5395833333333,True,
35885,1964,San Francisco - Caimancito,San Francisco,Caudal medio diario,40,,alturas_bdhi,,,-23.7120555555556,-64.5395833333333,True,
6329,1965,Iruya - San José,Iruya,Caudal,4,,alturas_bdhi,,,-22.8655,-64.7036388888889,True,
29685,1966,Bermejo - Aguas Blancas,Bermejo,Altura hidrométrica media diaria,39,,alturas_bdhi,,,-22.7249,-64.3646055555556,True,
6335,1967,JURAMENTO - EL TUNAL,Juramento,Caudal,4,,alturas_bdhi,,,-25.2266666666667,-64.4769444444444,True,
43052,1967,JURAMENTO - EL TUNAL,Juramento,Caudal medio diario,40,,alturas_bdhi,,,-25.2266666666667,-64.4769444444444,True,
6338,1968,Canal Macapillo - Macapillo,Canal Macapillo,Caudal,4,,alturas_bdhi,,,-25.4134805555556,-63.9761555555556,True,
6340,1969,BERMEJO - POZO SARMIENTO,Bermejo,Altura hidrométrica,2,,alturas_bdhi,,,-23.2166666666667,-64.2,True,
6341,1969,BERMEJO - POZO SARMIENTO,Bermejo,Caudal,4,,alturas_bdhi,,,-23.2166666666667,-64.2,True,
35884,1969,BERMEJO - POZO SARMIENTO,Bermejo,Caudal medio diario,40,,alturas_bdhi,,,-23.2166666666667,-64.2,True,False
6343,1970,Bermejo - Balapuca,Bermejo,Altura hidrométrica,2,,alturas_bdhi,,,-22.4924722222222,-64.4635555555556,True,
6344,1970,Bermejo - Balapuca,Bermejo,Caudal,4,,alturas_bdhi,,,-22.4924722222222,-64.4635555555556,True,
29993,1971,Bermejo - Alarache,Bermejo,Altura hidrométrica media diaria,39,,alturas_bdhi,,,-22.2492777777778,-64.58675,True,
6350,1973,PESCADO - CUATRO CEDROS,Pescado,Altura hidrométrica,2,,alturas_bdhi,,,-22.8,-64.4833333333333,True,
29994,1973,PESCADO - CUATRO CEDROS,Pescado,Altura hidrométrica media diaria,39,,alturas_bdhi,,,-22.8,-64.4833333333333,True,
6351,1974,Arenales - El Encon,Arenales,Altura hidrométrica,2,,alturas_bdhi,,,-24.8423055555556,-65.59325,True,
29995,1974,Arenales - El Encon,Arenales,Altura hidrométrica media diaria,39,,alturas_bdhi,,,-24.8423055555556,-65.59325,True,
6353,1975,Canal Finca Agropecuaria - Finca Agropecuaria,Canal Finca Agropecuaria,Altura hidrométrica,2,,alturas_bdhi,,,-25.1608111111111,-64.1060111111111,True,
6354,1975,Canal Finca Agropecuaria - Finca Agropecuaria,Canal Finca Agropecuaria,Caudal,4,,alturas_bdhi,,,-25.1608111111111,-64.1060111111111,True,
6356,1976,TARIJA - SAN TELMO,Tarija,Altura hidrométrica,2,,alturas_bdhi,,,-22.5711111111111,-64.24,True,True
6357,1976,TARIJA - SAN TELMO,Tarija,Caudal,4,,alturas_bdhi,,,-22.5711111111111,-64.24,True,
29998,1978,Pilcomayo - La Paz,Pilcomayo,Altura hidrométrica media diaria,39,,alturas_bdhi,,,-22.3775,-62.5234722222222,True,
6363,1978,Pilcomayo - La Paz,Pilcomayo,Caudal medio diario,40,,alturas_bdhi,,,-22.3775,-62.5234722222222,True,
6365,1979,De las Conchas - La Punilla,De las Conchas,Altura hidrométrica,2,,alturas_bdhi,,,-26.0119194444444,-65.8231138888889,True,
29999,1979,De las Conchas - La Punilla,De las Conchas,Altura hidrométrica media diaria,39,,alturas_bdhi,,,-26.0119194444444,-65.8231138888889,True,
6369,1980,JURAMENTO - EL QUEBRACHAL,Juramento,Caudal,4,,alturas_bdhi,,,-25.3438888888889,-64.0455555555556,True,
6371,1981,Senguerr - Facundo,Senguerr,Altura hidrométrica,2,,alturas_bdhi,,,-45.3192777777778,-69.9477694444444,True,
30001,1981,Senguerr - Facundo,Senguerr,Altura hidrométrica media diaria,39,,alturas_bdhi,,,-45.3192777777778,-69.9477694444444,True,
6375,1983,CHUBUT - EL MAITÉN,Chubut,Caudal,4,,alturas_bdhi,,,-42.0997222222222,-71.1699444444445,True,
30003,1983,CHUBUT - EL MAITÉN,Chubut,Altura hidrométrica media diaria,39,,alturas_bdhi,,,-42.0997222222222,-71.1699444444445,True,
30005,1985,CHUBUT - TRELEW,Chubut,Altura hidrométrica media diaria,39,,alturas_bdhi,,,-43.2760194444444,-65.2734305555555,True,
30006,1986,CHUBUT - GUALJAINA,Chubut,Altura hidrométrica media diaria,39,,alturas_bdhi,,,-42.6097222222222,-70.3844444444445,True,
6385,1987,GUALJAINA - GUALJAINA,Gualjaina,Altura hidrométrica,2,,alturas_bdhi,,,-42.6534444444444,-70.4387777777778,True,
6389,1989,ARRAYANES - LAGO VERDE,Arrayanes,Altura hidrométrica,2,,alturas_bdhi,,,-42.7441666666667,-71.7416666666667,True,
6390,1989,ARRAYANES - LAGO VERDE,Arrayanes,Caudal,4,,alturas_bdhi,,,-42.7441666666667,-71.7416666666667,True,
30009,1989,ARRAYANES - LAGO VERDE,Arrayanes,Altura hidrométrica media diaria,39,,alturas_bdhi,,,-42.7441666666667,-71.7416666666667,True,
6392,1990,SITUACIÓN - ESCUELA Nº 90,Situación,Altura hidrométrica,2,,alturas_bdhi,,,-43.1325,-71.5547222222222,True,
6398,1991,CARRILEUFÚ - CHOLILA,Carrileufú,Caudal,4,,alturas_bdhi,,,-42.4955555555556,-71.5411111111111,True,
30012,1992,LAGO VINTER - VINTER,Lago Vinter,Altura hidrométrica media diaria,39,,alturas_bdhi,,,-43.9195,-71.4284444444445,True,
6401,1993,FONTANA - ESTANCIA AMANCAY,Fontana,Altura hidrométrica,2,,alturas_bdhi,,,-42.9913888888889,-71.5586111111111,True,
6402,1993,FONTANA - ESTANCIA AMANCAY,Fontana,Caudal,4,,alturas_bdhi,,,-42.9913888888889,-71.5586111111111,True,
30013,1993,FONTANA - ESTANCIA AMANCAY,Fontana,Altura hidrométrica media diaria,39,,alturas_bdhi,,,-42.9913888888889,-71.5586111111111,True,
6404,1994,MENENDEZ - PUERTO CHUCAO,Menendez,Altura hidrométrica,2,,alturas_bdhi,,,-42.7308333333333,-71.7580555555556,True,
30014,1994,MENENDEZ - PUERTO CHUCAO,Menendez,Altura hidrométrica media diaria,39,,alturas_bdhi,,,-42.7308333333333,-71.7580555555556,True,
6405,1995,NAHUEL PAN - BOQUETE NAHUEL PAN,Nahuel Pan,Altura hidrométrica,2,,alturas_bdhi,,,-43.0838888888889,-71.2541944444445,True,
30015,1995,NAHUEL PAN - BOQUETE NAHUEL PAN,Nahuel Pan,Altura hidrométrica media diaria,39,,alturas_bdhi,,,-43.0838888888889,-71.2541944444445,True,
6406,1996,LAGO PUELO - LAGO PUELO,Puelo,Altura hidrométrica,2,,alturas_bdhi,,,-42.0983333333333,-71.6161111111111,True,
30016,1996,LAGO PUELO - LAGO PUELO,Puelo,Altura hidrométrica media diaria,39,,alturas_bdhi,,,-42.0983333333333,-71.6161111111111,True,
6408,1997,HUEMUL - CORCOVADO,Huemul,Altura hidrométrica,2,,alturas_bdhi,,,-43.5366666666667,-71.4738888888889,True,
6409,1997,HUEMUL - CORCOVADO,Huemul,Caudal,4,,alturas_bdhi,,,-43.5366666666667,-71.4738888888889,True,
30017,1997,HUEMUL - CORCOVADO,Huemul,Altura hidrométrica media diaria,39,,alturas_bdhi,,,-43.5366666666667,-71.4738888888889,True,
6411,1998,CARRENLEUFÚ - PUENTE DE HIERRO,Carrenleufú,Altura hidrométrica,2,,alturas_bdhi,,,-43.5441111111111,-71.4861388888889,True,
6412,1998,CARRENLEUFÚ - PUENTE DE HIERRO,Carrenleufú,Caudal,4,,alturas_bdhi,,,-43.5441111111111,-71.4861388888889,True,
30019,1999,LEPÁ - GUALJAINA,Lepá,Altura hidrométrica media diaria,39,,alturas_bdhi,,,-42.7323888888889,-70.5477833333333,True,
6424,2002,FUTALEUFÚ - PUESTO RIOS,Futaleufú,Caudal,4,,alturas_bdhi,,,-43.1747777777778,-71.6236944444444,True,
6426,2003,PUELO - HITO FRONTERIZO,Puelo,Altura hidrométrica,2,,alturas_bdhi,,,-42.1055555555556,-71.7247222222222,True,
30023,2003,PUELO - HITO FRONTERIZO,Puelo,Altura hidrométrica media diaria,39,,alturas_bdhi,,,-42.1055555555556,-71.7247222222222,True,
6429,2004,NANTY FALL - RUTA A CHILE,Nanty Fall,Altura hidrométrica,2,,alturas_bdhi,,,-43.1655555555556,-71.5142777777778,True,True
6430,2004,NANTY FALL - RUTA A CHILE,Nanty Fall,Caudal,4,,alturas_bdhi,,,-43.1655555555556,-71.5142777777778,True,
6432,2005,EPUYÉN - MUELLE,Epuyén,Altura hidrométrica,2,,alturas_bdhi,,,-42.2088888888889,-71.4275,True,
30025,2005,EPUYÉN - MUELLE,Epuyén,Altura hidrométrica media diaria,39,,alturas_bdhi,,,-42.2088888888889,-71.4275,True,
30026,2006,FUTALEUFÚ - EMBALSE,Futaleufú,Altura hidrométrica media diaria,39,,alturas_bdhi,,,-43.1094444444444,-71.6541944444445,True,
6438,2008,LAGO MUSTERS - EL FORTÍN,Lago Musters,Altura hidrométrica,2,,alturas_bdhi,,,-45.5766666666667,-69.2716666666667,True,
30028,2008,LAGO MUSTERS - EL FORTÍN,Lago Musters,Altura hidrométrica media diaria,39,,alturas_bdhi,,,-45.5766666666667,-69.2716666666667,True,
6439,2009,SENGUERR - PUENTE CAMINO BUEN PASTO,Senguerr,Altura hidrométrica,2,,alturas_bdhi,,,-45.5638888888889,-69.0627777777778,True,
30030,2010,MAYO - PASO RIO MAYO,RÃ­o Mayo,Altura hidrométrica media diaria,39,,alturas_bdhi,,,-45.6815888888889,-70.2536166666667,True,
6445,2011,Chubut - Paso del Sapo,Chubut,Altura hidrométrica,2,,alturas_bdhi,,,-42.7408055555556,-69.5948055555556,True,
6448,2012,Chubut - Los Altares,Chubut,Altura hidrométrica,2,,alturas_bdhi,,,-43.8883805555556,-68.3993916666667,True,
6449,2012,Chubut - Los Altares,Chubut,Caudal,4,,alturas_bdhi,,,-43.8883805555556,-68.3993916666667,True,
30032,2012,Chubut - Los Altares,Chubut,Altura hidrométrica media diaria,39,,alturas_bdhi,,,-43.8883805555556,-68.3993916666667,True,
30033,2013,Carrenleufú - Jaramillo,Carrenleufú,Altura hidrométrica media diaria,39,,alturas_bdhi,,,-43.8423888888889,-71.2339444444444,True,
6453,2014,CARRENLEUFÚ - LAGO VINTER,Carrenleufú,Altura hidrométrica,2,,alturas_bdhi,,,-43.8995277777778,-71.4188888888889,True,
6454,2014,CARRENLEUFÚ - LAGO VINTER,Carrenleufú,Caudal,4,,alturas_bdhi,,,-43.8995277777778,-71.4188888888889,True,False
30034,2014,CARRENLEUFÚ - LAGO VINTER,Carrenleufú,Altura hidrométrica media diaria,39,,alturas_bdhi,,,-43.8995277777778,-71.4188888888889,True,
30035,2015,Pico - Frontera,Río Pico,Altura hidrométrica media diaria,39,,alturas_bdhi,,,-44.2403611111111,-71.6599444444444,True,
30036,2016,ESQUEL - ESTANCIA EL PRINCIPIO,Esquel,Altura hidrométrica media diaria,39,,alturas_bdhi,,,-42.9582027777778,-71.3844444444445,True,
6461,2017,BAGGLITS - RUTA A CHILE,BAGGLITS ,Caudal,4,,alturas_bdhi,,,-43.1989444444444,-71.5678055555556,True,False
30037,2017,BAGGLITS - RUTA A CHILE,BAGGLITS ,Altura hidrométrica media diaria,39,,alturas_bdhi,,,-43.1989444444444,-71.5678055555556,True,
6467,2020,Senguerr-Los Molinos,Senguerr,Altura hidrométrica,2,,alturas_bdhi,,,-45.9861,-69.4748944444444,True,
6468,2020,Senguerr-Los Molinos,Senguerr,Caudal,4,,alturas_bdhi,,,-45.9861,-69.4748944444444,True,
30040,2020,Senguerr-Los Molinos,Senguerr,Altura hidrométrica media diaria,39,,alturas_bdhi,,,-45.9861,-69.4748944444444,True,
6470,2021,COHIHUES - PARQUE NAC. LOS ALERCES,Cohihues,Altura hidrométrica,2,,alturas_bdhi,,,-42.9719444444444,-71.5788888888889,True,
6473,2022,EPUYÉN - LA ANGOSTURA,Epuyén,Altura hidrométrica,2,,alturas_bdhi,,,-42.1888888888889,-71.4,True,
6477,2023,CARRENLEUFÚ - LA ELENA,Carrenleufú,Caudal,4,,alturas_bdhi,,,-43.6838888888889,-71.3008611111111,True,
30043,2023,CARRENLEUFÚ - LA ELENA,Carrenleufú,Altura hidrométrica media diaria,39,,alturas_bdhi,,,-43.6838888888889,-71.3008611111111,True,
30044,2024,Chubut - Valle Inferior,Chubut,Altura hidrométrica media diaria,39,,alturas_bdhi,,,-43.2930916666667,-65.4985333333333,True,
6481,2025,Piray Miní - Valle Hermoso,Piray Miní,Altura hidrométrica,2,,alturas_bdhi,,,-26.355,-54.4982222222222,True,
30045,2025,Piray Miní - Valle Hermoso,Piray Miní,Altura hidrométrica media diaria,39,,alturas_bdhi,,,-26.355,-54.4982222222222,True,
35452,2025,Piray Miní - Valle Hermoso,Piray Miní,Caudal medio diario,40,,alturas_bdhi,,,-26.355,-54.4982222222222,True,
6484,2026,Piray Guazú - Pinar Ciba,Piray Guazú,Altura hidrométrica,2,,alturas_bdhi,,,-26.512,-54.4538333333333,True,
30046,2026,Piray Guazú - Pinar Ciba,Piray Guazú,Altura hidrométrica media diaria,39,,alturas_bdhi,,,-26.512,-54.4538333333333,True,
35454,2026,Piray Guazú - Pinar Ciba,Piray Guazú,Caudal medio diario,40,,alturas_bdhi,,,-26.512,-54.4538333333333,True,
6487,2027,Paraná - Puerto Rico,Paraná,Altura hidrométrica,2,,alturas_bdhi,,,-26.7917222222222,-55.0240833333333,True,
30047,2027,Paraná - Puerto Rico,Paraná,Altura hidrométrica media diaria,39,,alturas_bdhi,,,-26.7917222222222,-55.0240833333333,True,
30048,2028,Paraná - Puerto Maní,Paraná,Altura hidrométrica media diaria,39,,alturas_bdhi,,,-27.1063611111111,-55.5221666666667,True,
6491,2029,Uruguay - El Soberbio,Uruguay,Caudal,4,,alturas_bdhi,,,-27.2985833333333,-54.1935833333333,True,
30049,2029,Uruguay - El Soberbio,Uruguay,Altura hidrométrica media diaria,39,,alturas_bdhi,,,-27.2985833333333,-54.1935833333333,True,
6493,2030,Iguazú - Puerto Iguazú,Iguazú,Altura hidrométrica,2,,alturas_bdhi,,,-25.59325,-54.5798611111111,True,
30050,2030,Iguazú - Puerto Iguazú,Iguazú,Altura hidrométrica media diaria,39,,alturas_bdhi,,,-25.59325,-54.5798611111111,True,
30051,2031,Yabebiry - Colonia Mártires,Yabebiry,Altura hidrométrica media diaria,39,,alturas_bdhi,,,-27.4011944444444,-55.3349722222222,True,
6497,2032,Piray Guazú - Puente Viejo- RN 12,Piray Guazú,Altura hidrométrica,2,,alturas_bdhi,,,-26.4860833333333,-54.5888333333333,True,
30053,2033,Uruguay - Puerto Concepción,Uruguay,Altura hidrométrica media diaria,39,,alturas_bdhi,,,-28.1187777777778,-55.581,True,
6501,2035,Iguazú - Puerto Andresito,Iguazú,Caudal,4,,alturas_bdhi,,,-25.5905555555556,-53.995,True,
6503,2036,Paraná - Puerto Libertad,Paraná,Altura hidrométrica,2,,alturas_bdhi,,,-25.9165833333333,-54.62075,True,
6504,2036,Paraná - Puerto Libertad,Paraná,Caudal,4,,alturas_bdhi,,,-25.9165833333333,-54.62075,True,
30056,2036,Paraná - Puerto Libertad,Paraná,Altura hidrométrica media diaria,39,,alturas_bdhi,,,-25.9165833333333,-54.62075,True,
29376,2037,Uruguay - San Javier,Uruguay,Altura hidrométrica,2,,alturas_bdhi,,,-27.8690833333333,-55.13025,True,
29377,2037,Uruguay - San Javier,Uruguay,Caudal,4,,alturas_bdhi,,,-27.8690833333333,-55.13025,True,
35456,2038,Paranay - El Alcazar,Paranay,Caudal medio diario,40,,alturas_bdhi,,,-26.75075,-54.7563333333333,True,
35448,2038,Paranay - El Alcazar,Paranay,Caudal medio diario,40,,alturas_bdhi,,,-26.75075,-54.7563333333333,True,
6510,2039,Uruguay - Pepirí Miní­,Uruguay,Altura hidrométrica,2,,alturas_bdhi,,,-27.1535555555556,-53.9329166666667,True,
30060,2040,Iguazú - Perfil Tipo,Iguazú,Altura hidrométrica media diaria,39,,alturas_bdhi,,,-25.6766666666667,-54.4214444444444,True,
6512,2041,Paraguay - Puerto Formosa,Paraguay,Altura hidrométrica,2,,alturas_bdhi,,,-26.1831944444444,-58.1620277777778,True,
6513,2041,Paraguay - Puerto Formosa,Paraguay,Caudal,4,,alturas_bdhi,,,-26.1831944444444,-58.1620277777778,True,
30061,2041,Paraguay - Puerto Formosa,Paraguay,Altura hidrométrica media diaria,39,,alturas_bdhi,,,-26.1831944444444,-58.1620277777778,True,
6516,2042,Pilagá - Rn Nº 11,Pilagá,Caudal,4,,alturas_bdhi,,,-25.9846944444444,-58.1631666666667,True,
30063,2043,Paraguay - La Herradura,Paraguay,Altura hidrométrica media diaria,39,,alturas_bdhi,,,-26.5366055555556,-58.2296555555556,True,
30064,2044,Bermejo - Puerto Velaz,Bermejo,Altura hidrométrica media diaria,39,,alturas_bdhi,,,-26.6604444444444,-58.6339444444444,True,
6520,2045,Pilcomayo - Puesto Jerez,Pilcomayo,Altura hidrométrica,2,,alturas_bdhi,,,-22.7281111111111,-62.2133888888889,True,
30065,2045,Pilcomayo - Puesto Jerez,Pilcomayo,Altura hidrométrica media diaria,39,,alturas_bdhi,,,-22.7281111111111,-62.2133888888889,True,
6521,2046,El Colorado,Bermejo,Altura hidrométrica,2,,alturas_bdhi,,,-26.3342777777778,-59.3624166666667,True,
6522,2046,El Colorado,Bermejo,Caudal,4,,alturas_bdhi,,,-26.3342777777778,-59.3624166666667,True,
35886,2046,El Colorado,Bermejo,Caudal medio diario,40,,alturas_bdhi,,,-26.3342777777778,-59.3624166666667,True,
30067,2047,Pilcomayo - Puerto Pilcomayo,Pilcomayo,Altura hidrométrica media diaria,39,,alturas_bdhi,,,-25.372,-57.6503055555556,True,
35888,2047,Pilcomayo - Puerto Pilcomayo,Pilcomayo,Caudal medio diario,40,,alturas_bdhi,,,-25.372,-57.6503055555556,True,
6529,2049,Paraná - Tunel Subfluvial,Paraná,Altura hidrométrica,2,,alturas_bdhi,,,-31.7198611111111,-60.5175277777778,True,
6530,2049,Paraná - Tunel Subfluvial,Paraná,Caudal,4,,alturas_bdhi,,,-31.7198611111111,-60.5175277777778,True,
30068,2049,Paraná - Tunel Subfluvial,Paraná,Altura hidrométrica media diaria,39,,alturas_bdhi,,,-31.7198611111111,-60.5175277777778,True,
30123,2049,Paraná - Tunel Subfluvial,Paraná,Caudal medio diario,40,,alturas_bdhi,,,-31.7198611111111,-60.5175277777778,True,
6543,2055,Aº Estacas - Ex RP 50,Arroyo Estacas,Altura hidrométrica,2,,alturas_bdhi,,,-30.7666944444444,-59.4706388888889,True,
30071,2055,Aº Estacas - Ex RP 50,Arroyo Estacas,Altura hidrométrica media diaria,39,,alturas_bdhi,,,-30.7666944444444,-59.4706388888889,True,
6547,2058,Feliciano - Paso Quebracho,Feliciano,Altura hidrométrica,2,,alturas_bdhi,,,-30.9915833333333,-59.6614166666667,True,
30072,2058,Feliciano - Paso Quebracho,Feliciano,Altura hidrométrica media diaria,39,,alturas_bdhi,,,-30.9915833333333,-59.6614166666667,True,
30073,2061,PARANA - CHAPETON,Paraná,Altura hidrométrica media diaria,39,,alturas_bdhi,,,-31.57425,-60.2833333333333,True,
30074,2062,DEL DOLL - RUTA PROVINCIAL Nº 011,Del Doll,Altura hidrométrica media diaria,39,,alturas_bdhi,,,-32.3058333333333,-60.4265277777778,True,
42625,2062,DEL DOLL - RUTA PROVINCIAL Nº 011,Del Doll,Caudal medio diario,40,,alturas_bdhi,,,-32.3058333333333,-60.4265277777778,True,
6558,2063,Yuquerí Grande - Concordia,Yuquerí Grande,Caudal,4,,alturas_bdhi,,,-31.3557611111111,-58.0940833333333,True,
30075,2063,Yuquerí Grande - Concordia,Yuquerí Grande,Altura hidrométrica media diaria,39,,alturas_bdhi,,,-31.3557611111111,-58.0940833333333,True,
30076,2065,Uruguay  - Concepción,Uruguay,Altura hidrométrica media diaria,39,,alturas_bdhi,,,-32.4776944444444,-58.2207777777778,True,
30077,2067,Uruguay - Garruchos,Uruguay,Altura hidrométrica media diaria,39,,alturas_bdhi,,,-28.1755555555556,-55.6434722222222,True,
6568,2068,Mocoretá - Rnnº 014,Mocoretá,Altura hidrométrica,2,,alturas_bdhi,,,-30.6279444444444,-57.9831666666667,True,
6572,2070,Aguapey - Caa Caraí,Aguapey,Caudal,4,,alturas_bdhi,,,-27.824527778,-56.258444444,True,
30097,2070,Aguapey - Caa Caraí,Aguapey,Altura hidrométrica media diaria,39,,alturas_bdhi,,,-27.824527778,-56.258444444,True,
6574,2071,Uruguay - Paso de los Libres,Uruguay,Altura hidrométrica,2,,alturas_bdhi,,,-29.7193611111111,-57.084,True,
6575,2071,Uruguay - Paso de los Libres,Uruguay,Caudal,4,,alturas_bdhi,,,-29.7193611111111,-57.084,True,
6577,2072,Batel - Paso Cerrito,Batel,Altura hidrométrica,2,,alturas_bdhi,,,-29.0311111111111,-58.7883333333333,True,
6578,2072,Batel - Paso Cerrito,Batel,Caudal,4,,alturas_bdhi,,,-29.0311111111111,-58.7883333333333,True,
6581,2073,Mocoretá - Rnnº 127,Mocoretá,Caudal,4,,alturas_bdhi,,,-30.1077222222222,-58.0580555555556,True,
6586,2075,Miriñay - Paso Mesa,Miriñay,Altura hidrométrica,2,,alturas_bdhi,,,-28.9178333333333,-57.2355277777778,True,
30083,2076,Laguna Galarza - Colonia Galarza,Laguna Galarza,Altura hidrométrica media diaria,39,,alturas_bdhi,,,-28.0961111111111,-56.6855555555556,True,
6589,2077,Sistema Iberá - Estancia Palo Pirú,Sistema Iberá,Altura hidrométrica,2,,alturas_bdhi,,,-28.2525555555556,-57.6351666666667,True,
30084,2077,Sistema Iberá - Estancia Palo Pirú,Sistema Iberá,Altura hidrométrica media diaria,39,,alturas_bdhi,,,-28.2525555555556,-57.6351666666667,True,
6590,2078,Chimiray - Colonia Liebig,Chimiray,Altura hidrométrica,2,,alturas_bdhi,,,-27.9121388888889,-55.8174444444444,True,
6603,2082,Paraná - Itatí,Paraná,Caudal,4,,alturas_bdhi,,,-27.26625,-58.2443055555556,True,
29588,2082,Paraná - Itatí,Paraná,Caudal medio diario,40,,alturas_bdhi,,,-27.26625,-58.2443055555556,True,
6608,2084,Batel - Rnnº 123,Batel,Altura hidrométrica,2,,alturas_bdhi,,,-28.8997222222222,-58.6749444444444,True,False
6611,2085,Paraná - Corrientes,Paraná,Altura hidrométrica,2,,alturas_bdhi,,,-27.4597222222222,-58.8333333333333,True,
6618,2088,Riachuelo - Rp Nº 5,Riachuelo,Altura hidrométrica,2,,alturas_bdhi,,,-27.5104722222222,-58.56975,True,
30089,2088,Riachuelo - Rp Nº 5,Riachuelo,Altura hidrométrica media diaria,39,,alturas_bdhi,,,-27.5104722222222,-58.56975,True,
42627,2088,Riachuelo - Rp Nº 5,Riachuelo,Caudal medio diario,40,,alturas_bdhi,,,-27.5104722222222,-58.56975,True,
6621,2089,Paraná - Empedrado,Paraná,Altura hidrométrica,2,,alturas_bdhi,,,-27.9588055555556,-58.8199444444444,True,
30091,2090,Guayquiraró- La Grela,Guayquiraró,Altura hidrométrica media diaria,39,,alturas_bdhi,,,-30.346475,-59.3004333333333,True,
6624,2091,Corriente - Estancia Santa Irene - Perugorria,Corriente,Altura hidrométrica,2,,alturas_bdhi,,,-29.2736166666667,-58.7961138888889,True,
30092,2091,Corriente - Estancia Santa Irene - Perugorria,Corriente,Altura hidrométrica media diaria,39,,alturas_bdhi,,,-29.2736166666667,-58.7961138888889,True,
6626,2092,Barrancas - Paso la Llana,Barrancas,Caudal,4,,alturas_bdhi,,,-30.2173333333333,-59.3243333333333,True,
42630,2094,Empedrado - Rp Nº 6,Empedrado,Caudal medio diario,40,,alturas_bdhi,,,-27.8011111111111,-58.505,True,
6633,2095,Miriñay - San Roquito,Miriñay,Altura hidrométrica,2,,alturas_bdhi,,,-29.2968333333333,-57.5651666666667,True,
30096,2095,Miriñay - San Roquito,Miriñay,Altura hidrométrica media diaria,39,,alturas_bdhi,,,-29.2968333333333,-57.5651666666667,True,
43035,2099,Riacho Palometa - Puente Ruta Provincial Nº 13,Riacho Palometa,Caudal medio diario,40,,alturas_bdhi,,,-27.5581666666667,-59.3938611111111,True,
43036,2100,Salado - Rn Nº 11,Salado,Caudal medio diario,40,,alturas_bdhi,,,-27.5412777777778,-59.1309166666667,True,
29585,2101,Paraguay - Puerto Bermejo,Paraguay,Caudal,4,,alturas_bdhi,,,-26.9258888888889,-58.5070277777778,True,
35887,2101,Paraguay - Puerto Bermejo,Paraguay,Caudal medio diario,40,,alturas_bdhi,,,-26.9258888888889,-58.5070277777778,True,
28216,2111,Río Salado – RP51 (Achupallas),,Altura hidrométrica media mensual,33,,sat2,,,-35.0880555555556,-60.1088888888889,True,
28217,2112,Gualeguaychú - RN Nº 14,,Altura hidrométrica media mensual,33,,sat2,,,-32.7680555555556,-58.4983333333333,True,
6856,2113,Aº Colastiné - Autopista - A01,,Altura hidrométrica,2,,sat2,,,-32.0177777777778,-60.9902777777778,True,
28218,2113,Aº Colastiné - Autopista - A01,,Altura hidrométrica media mensual,33,,sat2,,,-32.0177777777778,-60.9902777777778,True,
26439,2113,Aº Colastiné - Autopista - A01,,Altura hidrométrica media diaria,39,,sat2,,,-32.0177777777778,-60.9902777777778,True,
26440,2114,Aº Del Medio en La Emilia,,Altura hidrométrica media diaria,39,,sat2,,,-33.3988888888889,-60.3347222222222,True,
6764,2115,Paraná - Corrientes,,Altura hidrométrica,2,,sat2,,,-27.4597222222222,-58.8333333333333,True,
28220,2115,Paraná - Corrientes,,Altura hidrométrica media mensual,33,,sat2,,,-27.4597222222222,-58.8333333333333,True,
26441,2115,Paraná - Corrientes,,Altura hidrométrica media diaria,39,,sat2,,,-27.4597222222222,-58.8333333333333,True,
28221,2116,Paraguay - Pto. Formosa,,Altura hidrométrica media mensual,33,,sat2,,,-26.1830555555556,-58.1619444444444,True,
26442,2116,Paraguay - Pto. Formosa,,Altura hidrométrica media diaria,39,,sat2,,,-26.1830555555556,-58.1619444444444,True,
28222,2117,Río Salto - Salto,,Altura hidrométrica media mensual,33,,sat2,,,-34.2861111111111,-60.2591666666667,True,
28223,2118,Río Primero (Suquía) Camino Se,,Altura hidrométrica media mensual,33,,sat2,,,-30.9641666666667,-62.9961111111111,True,
26444,2118,Río Primero (Suquía) Camino Se,,Altura hidrométrica media diaria,39,,sat2,,,-30.9641666666667,-62.9961111111111,True,
6955,2119,Segundo (Plujunta) - RP Nº 17,,Altura hidrométrica,2,,sat2,,,-31.0105555555556,-62.7883333333333,True,
26445,2119,Segundo (Plujunta) - RP Nº 17,,Altura hidrométrica media diaria,39,,sat2,,,-31.0105555555556,-62.7883333333333,True,
28225,2120,Laguna Mar Chiquita - Miramar,,Altura hidrométrica media mensual,33,,sat2,,,-30.9119444444444,-62.6777777777778,True,
26446,2120,Laguna Mar Chiquita - Miramar,,Altura hidrométrica media diaria,39,,sat2,,,-30.9119444444444,-62.6777777777778,True,
6857,2121,Aº El Monje - Autopista A01,,Altura hidrométrica,2,,sat2,,,-32.3922222222222,-60.9408333333333,True,
26448,2122,Atuel - Paso Maroma,,Altura hidrométrica media diaria,39,,sat2,,,-36.8425,-66.9952777777778,True,
6746,2123,Atuel - Algarrobo del Águila,,Altura hidrométrica,2,,sat2,,,-36.3977777777778,-67.1402777777778,True,
6767,2124,Río Santa Cruz en Comte Piedra,,Altura hidrométrica,2,,sat2,,,-49.9986111111111,-68.9269444444444,True,
28229,2124,Río Santa Cruz en Comte Piedra,,Altura hidrométrica media mensual,33,,sat2,,,-49.9986111111111,-68.9269444444444,True,
28230,2125,Futaleufú - Puesto Ríos,,Altura hidrométrica media mensual,33,,sat2,,,-43.1747222222222,-71.6236111111111,True,
6831,2126,Río Chubut en Valle Inferior,,Altura hidrométrica,2,,sat2,,,-43.2930555555556,-65.4986111111111,True,
28231,2126,Río Chubut en Valle Inferior,,Altura hidrométrica media mensual,33,,sat2,,,-43.2930555555556,-65.4986111111111,True,
6846,2127,Salado - Santa Isabel,,Altura hidrométrica,2,,sat2,,,-36.2911111111111,-66.8291666666667,True,
28232,2127,Salado - Santa Isabel,,Altura hidrométrica media mensual,33,,sat2,,,-36.2911111111111,-66.8291666666667,True,
26453,2127,Salado - Santa Isabel,,Altura hidrométrica media diaria,39,,sat2,,,-36.2911111111111,-66.8291666666667,True,
6936,2128,Lujan - Lujan,,Altura hidrométrica,2,,sat2,,,-34.5894444444444,-59.1783333333333,True,
34843,2128,Lujan - Lujan,,Caudal,4,,sat2,,,-34.5894444444444,-59.1783333333333,True,
28233,2128,Lujan - Lujan,,Altura hidrométrica media mensual,33,,sat2,,,-34.5894444444444,-59.1783333333333,True,
26454,2128,Lujan - Lujan,,Altura hidrométrica media diaria,39,,sat2,,,-34.5894444444444,-59.1783333333333,True,
6745,2129,Arrecifes - Arrecifes,,Altura hidrométrica,2,,sat2,,,-34.0866666666667,-60.0072222222222,True,
28235,2130,Atuel - El Sosneado,,Altura hidrométrica media mensual,33,,sat2,,,-35.0833333333333,-69.6041666666667,True,
6711,2131,Paraná - Itatí,,Altura hidrométrica,2,,sat2,,,-27.2663888888889,-58.2444444444444,True,
6844,2132,Río Paraná - Goya,,Altura hidrométrica,2,,sat2,,,-29.165,-59.3283333333333,True,
28237,2132,Río Paraná - Goya,,Altura hidrométrica media mensual,33,,sat2,,,-29.165,-59.3283333333333,True,
26459,2133,Paraguay - Pto. Pilcomayo,,Altura hidrométrica media diaria,39,,sat2,,,-25.3719444444444,-57.6502777777778,True,
6935,2134,Río Juramento - El Tunal,,Altura hidrométrica,2,,sat2,,,-25.2497222222222,-64.3902777777778,True,
26460,2134,Río Juramento - El Tunal,,Altura hidrométrica media diaria,39,,sat2,,,-25.2497222222222,-64.3902777777778,True,
6929,2135,De los Patos - La Plateada,,Altura hidrométrica,2,,sat2,,,-31.8552777777778,-69.6605555555556,True,
28240,2135,De los Patos - La Plateada,,Altura hidrométrica media mensual,33,,sat2,,,-31.8552777777778,-69.6605555555556,True,
26461,2135,De los Patos - La Plateada,,Altura hidrométrica media diaria,39,,sat2,,,-31.8552777777778,-69.6605555555556,True,
6845,2136,Salado - Cañada Ancha,,Altura hidrométrica,2,,sat2,,,-35.1975,-69.7672222222222,True,
26462,2136,Salado - Cañada Ancha,,Altura hidrométrica media diaria,39,,sat2,,,-35.1975,-69.7672222222222,True,
6952,2137,Poti Malal - Gendarmería,,Altura hidrométrica,2,,sat2,,,-35.8711111111111,-69.9502777777778,True,
28242,2137,Poti Malal - Gendarmería,,Altura hidrométrica media mensual,33,,sat2,,,-35.8711111111111,-69.9502777777778,True,
26463,2137,Poti Malal - Gendarmería,,Altura hidrométrica media diaria,39,,sat2,,,-35.8711111111111,-69.9502777777778,True,
26464,2138,Río Grande en La Gotera,,Altura hidrométrica media diaria,39,,sat2,,,-35.8716666666667,-69.8919444444444,True,
28244,2139,Coronda - Coronda,,Altura hidrométrica media mensual,33,,sat2,,,-31.9741666666667,-60.9138888888889,True,False
31953,2140,Rio Quinto - Justo Daract,,precipitación diaria 12Z,1,,sat2,,,-33.92,-65.1522222222222,True,
6712,2140,Rio Quinto - Justo Daract,,Altura hidrométrica,2,,sat2,,,-33.92,-65.1522222222222,True,
6820,2142,HUA HUM - San Martin,,Altura hidrométrica,2,,sat2,,,-40.1197222222222,-71.6619444444444,True,
28247,2142,HUA HUM - San Martin,,Altura hidrométrica media mensual,33,,sat2,,,-40.1197222222222,-71.6619444444444,True,
28248,2143,Senguer - LOS MOLINOS,,Altura hidrométrica media mensual,33,,sat2,,,-45.9861111111111,-69.475,True,
26469,2143,Senguer - LOS MOLINOS,,Altura hidrométrica media diaria,39,,sat2,,,-45.9861111111111,-69.475,True,
6953,2144,Quemquemtreu - Escuela,,Altura hidrométrica,2,,sat2,,,-41.8986111111111,-71.5025,True,
6680,2145,Carrenleufú - Carrenleufú,,Altura hidrométrica,2,,sat2,,,-43.5280555555556,-71.6002777777778,True,
28250,2145,Carrenleufú - Carrenleufú,,Altura hidrométrica media mensual,33,,sat2,,,-43.5280555555556,-71.6002777777778,True,
28251,2146,Gallegos - Pte. Blanco,,Altura hidrométrica media mensual,33,,sat2,,,-51.8947222222222,-71.5975,True,
26474,2148,Gallegos - Toma SP,,Altura hidrométrica media diaria,39,,sat2,,,-51.6883333333333,-69.6555555555556,True,
28254,2149,Iguazú - Perfil Tipo,,Altura hidrométrica media mensual,33,,sat2,,,-25.6766666666667,-54.4213888888889,True,
26475,2149,Iguazú - Perfil Tipo,,Altura hidrométrica media diaria,39,,sat2,,,-25.6766666666667,-54.4213888888889,True,
28255,2150,Miriñay - Paso Ledesma,,Altura hidrométrica media mensual,33,,sat2,,,-29.8458333333333,-57.675,True,
26476,2150,Miriñay - Paso Ledesma,,Altura hidrométrica media diaria,39,,sat2,,,-29.8458333333333,-57.675,True,
6903,2151,Quequen Grande - Necochea,,Altura hidrométrica,2,,sat2,,,-38.4625,-58.7588888888889,True,
28256,2151,Quequen Grande - Necochea,,Altura hidrométrica media mensual,33,,sat2,,,-38.4625,-58.7588888888889,True,
26478,2152,RIO CHUBUT EN TRELEW,,Altura hidrométrica media diaria,39,,sat2,,,-43.2761111111111,-65.2733333333333,True,
6892,2153,Lago Argentino - Calafate,,Altura hidrométrica,2,,sat2,,,-50.32,-72.2611111111111,True,
28258,2153,Lago Argentino - Calafate,,Altura hidrométrica media mensual,33,,sat2,,,-50.32,-72.2611111111111,True,
26479,2153,Lago Argentino - Calafate,,Altura hidrométrica media diaria,39,,sat2,,,-50.32,-72.2611111111111,True,
6786,2154,Bermejo - Pozo Sarmiento,,Altura hidrométrica,2,,sat2,,,-23.1405555555556,-64.1969444444445,True,
35855,2154,Bermejo - Pozo Sarmiento,,Caudal,4,,sat2,,,-23.1405555555556,-64.1969444444445,True,
26480,2154,Bermejo - Pozo Sarmiento,,Altura hidrométrica media diaria,39,,sat2,,,-23.1405555555556,-64.1969444444445,True,
35979,2154,Bermejo - Pozo Sarmiento,,Caudal medio diario,40,,sat2,,,-23.1405555555556,-64.1969444444445,True,
7015,2155,Neuquén - Chos Malal,,precipitación diaria 12Z,1,,sat2,,,-37.3755555555556,-70.27,True,
8762,2155,Neuquén - Chos Malal,,precipitación horaria,31,,sat2,,,-37.3755555555556,-70.27,True,
28260,2155,Neuquén - Chos Malal,,Altura hidrométrica media mensual,33,,sat2,,,-37.3755555555556,-70.27,True,
26481,2155,Neuquén - Chos Malal,,Altura hidrométrica media diaria,39,,sat2,,,-37.3755555555556,-70.27,True,
28261,2156,Laguna Iberá - Carlos Pellegri,,Altura hidrométrica media mensual,33,,sat2,,,-28.5380555555556,-57.1869444444444,True,
7017,2157,Río Chubut en los Altares,,precipitación diaria 12Z,1,,sat2,,,-43.8886111111111,-68.3983333333333,True,
26483,2157,Río Chubut en los Altares,,Altura hidrométrica media diaria,39,,sat2,,,-43.8886111111111,-68.3983333333333,True,
7019,2159,Manso - Confluencia,,precipitación diaria 12Z,1,,sat2,,,-41.5869444444444,-71.6836111111111,True,
6940,2159,Manso - Confluencia,,Altura hidrométrica,2,,sat2,,,-41.5869444444444,-71.6836111111111,True,
8373,2159,Manso - Confluencia,,precipitación horaria,31,,sat2,,,-41.5869444444444,-71.6836111111111,True,
26485,2159,Manso - Confluencia,,Altura hidrométrica media diaria,39,,sat2,,,-41.5869444444444,-71.6836111111111,True,
7020,2160,Colorado - Pichi Mahuida,,precipitación diaria 12Z,1,,sat2,,,-38.8216666666667,-64.9813888888889,True,
28265,2160,Colorado - Pichi Mahuida,,Altura hidrométrica media mensual,33,,sat2,,,-38.8216666666667,-64.9813888888889,True,
26486,2160,Colorado - Pichi Mahuida,,Altura hidrométrica media diaria,39,,sat2,,,-38.8216666666667,-64.9813888888889,True,
6943,2161,Mayo - Paso Mayo,,Altura hidrométrica,2,,sat2,,,-45.6836111111111,-70.2522222222222,True,
28266,2161,Mayo - Paso Mayo,,Altura hidrométrica media mensual,33,,sat2,,,-45.6836111111111,-70.2522222222222,True,
28267,2162,Carrenleufú - La Elena,,Altura hidrométrica media mensual,33,,sat2,,,-43.7,-71.3044444444444,True,
7023,2163,La Paulina - Aserradero,,precipitación diaria 12Z,1,,sat2,,,-45.0016666666667,-71.1680555555556,True,
6735,2163,La Paulina - Aserradero,,Altura hidrométrica,2,,sat2,,,-45.0016666666667,-71.1680555555556,True,
7024,2164,La Leona,,precipitación diaria 12Z,1,,sat2,,,-49.7972222222222,-72.0641666666667,True,
6821,2164,La Leona,,Altura hidrométrica,2,,sat2,,,-49.7972222222222,-72.0641666666667,True,
28269,2164,La Leona,,Altura hidrométrica media mensual,33,,sat2,,,-49.7972222222222,-72.0641666666667,True,
7025,2165,Charles Fhur,,precipitación diaria 12Z,1,,sat2,,,-50.2522222222222,-71.9077777777778,True,
26491,2165,Charles Fhur,,Altura hidrométrica media diaria,39,,sat2,,,-50.2522222222222,-71.9077777777778,True,
6896,2166,Los Sosa - RP30 km19,,Altura hidrométrica,2,,sat2,,,-27.1008333333333,-65.6361111111111,True,
26492,2166,Los Sosa - RP30 km19,,Altura hidrométrica media diaria,39,,sat2,,,-27.1008333333333,-65.6361111111111,True,
7027,2167,Lules - Potrero de las Tablas,,precipitación diaria 12Z,1,,sat2,,,-26.8519444444444,-65.4316666666667,True,
8742,2167,Lules - Potrero de las Tablas,,precipitación horaria,31,,sat2,,,-26.8519444444444,-65.4316666666667,True,
26493,2167,Lules - Potrero de las Tablas,,Altura hidrométrica media diaria,39,,sat2,,,-26.8519444444444,-65.4316666666667,True,
7029,2169,Atuel - El Nihuil,,precipitación diaria 12Z,1,,sat2,,,-35.0333333333333,-68.6777777777778,True,
8608,2169,Atuel - El Nihuil,,precipitación horaria,31,,sat2,,,-35.0333333333333,-68.6777777777778,True,
7031,2171,Senguerr - Sarmiento Aero,,precipitación diaria 12Z,1,,sat2,,,-45.5811111111111,-69.075,True,
8783,2172,Desaguadero - Arco de Desaguad,,precipitación horaria,31,,sat2,,,-33.4041666666667,-67.1516666666667,True,
7033,2173,Faro Recalada - Monte Hermoso,,precipitación diaria 12Z,1,,sat2,,,-38.9905555555556,-61.2597222222222,True,
8410,2173,Faro Recalada - Monte Hermoso,,precipitación horaria,31,,sat2,,,-38.9905555555556,-61.2597222222222,True,
7034,2174,Faro Negro,,precipitación diaria 12Z,1,,sat2,,,-41.0577777777778,-62.8394444444444,True,
8639,2174,Faro Negro,,precipitación horaria,31,,sat2,,,-41.0577777777778,-62.8394444444444,True,
26494,2175,Canal Macapillo,,Altura hidrométrica media diaria,39,,sat2,,,-25.4136111111111,-63.9761111111111,True,
26495,2176,Canal de Dios	,,Altura hidrométrica media diaria,39,,sat2,,,-25.6108333333333,-63.9480555555556,True,
28275,2177,Canal Liag - Quebrachal,,Altura hidrométrica media mensual,33,,sat2,,,-25.3452777777778,-64.045,True,
26496,2177,Canal Liag - Quebrachal,,Altura hidrométrica media diaria,39,,sat2,,,-25.3452777777778,-64.045,True,
31959,2178,Iguazú - Puerto Andresito,,precipitación diaria 12Z,1,,sat2,,,-25.5905555555556,-53.995,True,
28276,2178,Iguazú - Puerto Andresito,,Altura hidrométrica media mensual,33,,sat2,,,-25.5905555555556,-53.995,True,
26497,2178,Iguazú - Puerto Andresito,,Altura hidrométrica media diaria,39,,sat2,,,-25.5905555555556,-53.995,True,
18612,2178,Iguazú - Puerto Andresito,,Caudal medio diario,40,,sat2,,,-25.5905555555556,-53.995,True,
6789,2179,Carrenleufú - Poncho Moro,,Altura hidrométrica,2,,sat2,,,-43.6716666666667,-71.4016666666667,True,
6876,2180,Desaguadero - Canalejas,,Altura hidrométrica,2,,sat2,,,-35.1686111111111,-66.4963888888889,True,
28278,2180,Desaguadero - Canalejas,,Altura hidrométrica media mensual,33,,sat2,,,-35.1686111111111,-66.4963888888889,True,
26499,2180,Desaguadero - Canalejas,,Altura hidrométrica media diaria,39,,sat2,,,-35.1686111111111,-66.4963888888889,True,
6924,2181,Chubut - Ameghino,,Altura hidrométrica,2,,sat2,,,-43.6983333333333,-66.475,True,
26500,2181,Chubut - Ameghino,,Altura hidrométrica media diaria,39,,sat2,,,-43.6983333333333,-66.475,True,
7036,2183,Mendoza - Guido,,precipitación diaria 12Z,1,,sat2,,,-32.9152777777778,-69.2377777777778,True,
6840,2183,Mendoza - Guido,,Altura hidrométrica,2,,sat2,,,-32.9152777777778,-69.2377777777778,True,
26501,2183,Mendoza - Guido,,Altura hidrométrica media diaria,39,,sat2,,,-32.9152777777778,-69.2377777777778,True,
6705,2185,Dulce - Paso de la Cina,,Altura hidrométrica,2,,sat2,,,-29.795,-62.8061111111111,True,
26503,2185,Dulce - Paso de la Cina,,Altura hidrométrica media diaria,39,,sat2,,,-29.795,-62.8061111111111,True,
7038,2186,Bermejo - Balapuca,,precipitación diaria 12Z,1,,sat2,,,-22.4919444444444,-64.4694444444444,True,
8696,2186,Bermejo - Balapuca,,precipitación horaria,31,,sat2,,,-22.4919444444444,-64.4694444444444,True,
28283,2186,Bermejo - Balapuca,,Altura hidrométrica media mensual,33,,sat2,,,-22.4919444444444,-64.4694444444444,True,
26504,2186,Bermejo - Balapuca,,Altura hidrométrica media diaria,39,,sat2,,,-22.4919444444444,-64.4694444444444,True,
8731,2187,Grande Tarija - El Cajón,,precipitación horaria,31,,sat2,,,-22.3266666666667,-64.1263888888889,True,
28284,2187,Grande Tarija - El Cajón,,Altura hidrométrica media mensual,33,,sat2,,,-22.3266666666667,-64.1263888888889,True,
26505,2187,Grande Tarija - El Cajón,,Altura hidrométrica media diaria,39,,sat2,,,-22.3266666666667,-64.1263888888889,True,
6697,2188,Bermejo - El Colorado,,Altura hidrométrica,2,,sat2,,,-26.3341666666667,-59.3625,True,
31610,2188,Bermejo - El Colorado,,Caudal,4,,sat2,,,-26.3341666666667,-59.3625,True,
8703,2188,Bermejo - El Colorado,,precipitación horaria,31,,sat2,,,-26.3341666666667,-59.3625,True,
26506,2188,Bermejo - El Colorado,,Altura hidrométrica media diaria,39,,sat2,,,-26.3341666666667,-59.3625,True,
8709,2189,Bermejo - Embarcacion,,precipitación horaria,31,,sat2,,,-23.2480555555556,-64.1380555555556,True,
28286,2189,Bermejo - Embarcacion,,Altura hidrométrica media mensual,33,,sat2,,,-23.2480555555556,-64.1380555555556,True,
7042,2190,Bermejo - Finca Jujeños,,precipitación diaria 12Z,1,,sat2,,,-23.1352777777778,-64.2047222222222,True,
6787,2190,Bermejo - Finca Jujeños,,Altura hidrométrica,2,,sat2,,,-23.1352777777778,-64.2047222222222,True,
26508,2190,Bermejo - Finca Jujeños,,Altura hidrométrica media diaria,39,,sat2,,,-23.1352777777778,-64.2047222222222,True,
6751,2191,Bermejo - Puente Internacion,,Altura hidrométrica,2,,sat2,,,-22.7263888888889,-64.3694444444444,True,
28288,2191,Bermejo - Puente Internacion,,Altura hidrométrica media mensual,33,,sat2,,,-22.7263888888889,-64.3694444444444,True,
7044,2192,San Francisco - Puente RP 1,,precipitación diaria 12Z,1,,sat2,,,-23.7108333333333,-64.5369444444444,True,
6847,2192,San Francisco - Puente RP 1,,Altura hidrométrica,2,,sat2,,,-23.7108333333333,-64.5369444444444,True,
8589,2192,San Francisco - Puente RP 1,,precipitación horaria,31,,sat2,,,-23.7108333333333,-64.5369444444444,True,
28289,2192,San Francisco - Puente RP 1,,Altura hidrométrica media mensual,33,,sat2,,,-23.7108333333333,-64.5369444444444,True,
7045,2193,Bermejo - Puerto Lavalle,,precipitación diaria 12Z,1,,sat2,,,-25.6511111111111,-60.1280555555556,True,
8505,2193,Bermejo - Puerto Lavalle,,precipitación horaria,31,,sat2,,,-25.6511111111111,-60.1280555555556,True,
7046,2194,Bermejo - Puerto Velaz,,precipitación diaria 12Z,1,,sat2,,,-26.6605555555556,-58.6338888888889,True,
6918,2194,Bermejo - Puerto Velaz,,Altura hidrométrica,2,,sat2,,,-26.6605555555556,-58.6338888888889,True,
28291,2194,Bermejo - Puerto Velaz,,Altura hidrométrica media mensual,33,,sat2,,,-26.6605555555556,-58.6338888888889,True,
6919,2195,Bermejo - Sauzalito,,Altura hidrométrica,2,,sat2,,,-24.4333333333333,-61.6563888888889,True,
28293,2196,Abaucán - Tinogasta,,Altura hidrométrica media mensual,33,,sat2,,,-27.9930555555556,-67.6269444444444,True,
26515,2197,Salado - Pinto,,Altura hidrométrica media diaria,39,,sat2,,,-29.1058333333333,-62.5761111111111,True,
7048,2198,Aº Batel - Paso Cerrito,,precipitación diaria 12Z,1,,sat2,,,-29.0311111111111,-58.7883333333333,True,
6806,2198,Aº Batel - Paso Cerrito,,Altura hidrométrica,2,,sat2,,,-29.0311111111111,-58.7883333333333,True,
8388,2198,Aº Batel - Paso Cerrito,,precipitación horaria,31,,sat2,,,-29.0311111111111,-58.7883333333333,True,
28295,2198,Aº Batel - Paso Cerrito,,Altura hidrométrica media mensual,33,,sat2,,,-29.0311111111111,-58.7883333333333,True,
26516,2198,Aº Batel - Paso Cerrito,,Altura hidrométrica media diaria,39,,sat2,,,-29.0311111111111,-58.7883333333333,True,
35427,2199,Corrientes - Los Laureles,,Caudal,4,,sat2,,,-29.7572222222222,-59.2172222222222,True,False
26517,2199,Corrientes - Los Laureles,,Altura hidrométrica media diaria,39,,sat2,,,-29.7572222222222,-59.2172222222222,True,False
7049,2200,Tunuyan - Valle de Uco,,precipitación diaria 12Z,1,,sat2,,,-33.7763888888889,-69.2725,True,
8595,2200,Tunuyan - Valle de Uco,,precipitación horaria,31,,sat2,,,-33.7763888888889,-69.2725,True,
28297,2200,Tunuyan - Valle de Uco,,Altura hidrométrica media mensual,33,,sat2,,,-33.7763888888889,-69.2725,True,
6775,2201,A° El Soberbio - Pje La Lechuz,,Altura hidrométrica,2,,sat2,,,-27.2572222222222,-54.2355555555556,True,
6704,2202,Cuarto - RN Nº 8,,Altura hidrométrica,2,,sat2,,,-33.1605555555556,-64.26,True,
28299,2202,Cuarto - RN Nº 8,,Altura hidrométrica media mensual,33,,sat2,,,-33.1605555555556,-64.26,True,False
6706,2203,Gualeguay - Rosario del Tala,,Altura hidrométrica,2,,sat2,,,-32.3086111111111,-59.0769444444445,True,
7806,2203,Gualeguay - Rosario del Tala,,Caudal,4,,sat2,,,-32.3086111111111,-59.0769444444445,True,
6829,2204,Carcarañá - Pueblo Andino,,Altura hidrométrica,2,,sat2,,,-32.6733333333333,-60.8658333333333,True,
43906,2204,Carcarañá - Pueblo Andino,,Caudal medio diario,40,,sat2,,,-32.6733333333333,-60.8658333333333,True,
9637,2205,Gualeguay - Villaguay,,Caudal,4,,sat2,,,-31.8016666666667,-59.1261111111111,True,
26523,2205,Gualeguay - Villaguay,,Altura hidrométrica media diaria,39,,sat2,,,-31.8016666666667,-59.1261111111111,True,
18610,2205,Gualeguay - Villaguay,,Caudal medio diario,40,,sat2,,,-31.8016666666667,-59.1261111111111,True,
7050,2206,Río Areco - Puente Quemado,,precipitación diaria 12Z,1,,sat2,,,-34.2880555555556,-59.7027777777778,True,
8678,2206,Río Areco - Puente Quemado,,precipitación horaria,31,,sat2,,,-34.2880555555556,-59.7027777777778,True,
26525,2207,Seminario Diocesano de Azul,,Altura hidrométrica media diaria,39,,sat2,,,-36.8311111111111,-59.8938888888889,True,
28305,2208,PN - Los Glaciares,,Altura hidrométrica media mensual,33,,sat2,,,-50.4261111111111,-72.7477777777778,True,
7051,2209,Colorado - Buta Ranquil,,precipitación diaria 12Z,1,,sat2,,,-37.0761111111111,-69.7466666666667,True,
6725,2212,Compuerta Alternativa Norte AD,,Altura hidrométrica,2,,sat2,,,-34.2419444444444,-62.1211111111111,True,
26530,2213,Canal Regulador N°4 - La Pantanosa,,Altura hidrométrica media diaria,39,,sat2,,,-34.2580555555556,-61.6386111111111,True,
8497,2214,Río Areco - Carmen de Areco,,precipitación horaria,31,,sat2,,,-34.3519444444444,-59.8166666666667,True,
28310,2214,Río Areco - Carmen de Areco,,Altura hidrométrica media mensual,33,,sat2,,,-34.3519444444444,-59.8166666666667,True,
6906,2215,Río Areco - San Antonio de Are,,Altura hidrométrica,2,,sat2,,,-34.2405555555556,-59.4994444444444,True,
8684,2215,Río Areco - San Antonio de Are,,precipitación horaria,31,,sat2,,,-34.2405555555556,-59.4994444444444,True,
26532,2215,Río Areco - San Antonio de Are,,Altura hidrométrica media diaria,39,,sat2,,,-34.2405555555556,-59.4994444444444,True,
34889,2215,Río Areco - San Antonio de Are,,Altura hidrométrica media diaria,39,,sat2,,,-34.2405555555556,-59.4994444444444,True,
34887,2215,Río Areco - San Antonio de Are,,Caudal medio diario,40,,sat2,,,-34.2405555555556,-59.4994444444444,True,
6691,2216,Olivia - Olivia,,Altura hidrométrica,2,,sat2,,,-54.7975,-68.2255555555556,True,
28312,2216,Olivia - Olivia,,Altura hidrométrica media mensual,33,,sat2,,,-54.7975,-68.2255555555556,True,
26533,2216,Olivia - Olivia,,Altura hidrométrica media diaria,39,,sat2,,,-54.7975,-68.2255555555556,True,
28313,2217,Laguna La Picasa - RN33,,Altura hidrométrica media mensual,33,,sat2,,,-34.3269444444445,-62.8113888888889,True,
26534,2217,Laguna La Picasa - RN33,,Altura hidrométrica media diaria,39,,sat2,,,-34.3269444444445,-62.8113888888889,True,
6885,2219,Intersección Canales A22,,Altura hidrométrica,2,,sat2,,,-34.4494444444444,-62.4133333333333,True,
28315,2219,Intersección Canales A22,,Altura hidrométrica media mensual,33,,sat2,,,-34.4494444444444,-62.4133333333333,True,
26536,2219,Intersección Canales A22,,Altura hidrométrica media diaria,39,,sat2,,,-34.4494444444444,-62.4133333333333,True,
32019,2220,Atuel - Carmensa,,precipitación diaria 12Z,1,,sat2,,,-35.1844444444444,-67.7269444444444,True,
32020,2220,Atuel - Carmensa,,precipitación horaria,31,,sat2,,,-35.1844444444444,-67.7269444444444,True,
32641,2221,Atuel - Puesto Ugalde,,precipitación diaria 12Z,1,,sat2,,,-35.9994444444444,-67.1852777777778,True,
32642,2221,Atuel - Puesto Ugalde,,precipitación horaria,31,,sat2,,,-35.9994444444444,-67.1852777777778,True,
26538,2221,Atuel - Puesto Ugalde,,Altura hidrométrica media diaria,39,,sat2,,,-35.9994444444444,-67.1852777777778,True,
6810,2222,Canal de Dios - Salado,,Altura hidrométrica,2,,sat2,,,-25.6105555555556,-63.9488888888889,True,
28319,2223,Salado - Suncho Corral,,Altura hidrométrica media mensual,33,,sat2,,,-27.9402777777778,-63.4397222222222,True,
28320,2224,Salado - Añatuya RP Nº92,,Altura hidrométrica media mensual,33,,sat2,,,-28.5033333333333,-62.8813888888889,True,
6715,2225,*Senguerr -Pte Camino B. Pasto,,Altura hidrométrica,2,,sat2,,,-45.5644444444444,-69.0672222222222,True,
8484,2226,Faro Punta Delgada,,precipitación horaria,31,,sat2,,,-42.7666666666667,-63.6333333333333,True,
7056,2227,Salado - RN Nº02,,precipitación diaria 12Z,1,,sat2,,,-35.9622222222222,-57.8519444444444,True,
8526,2227,Salado - RN Nº02,,precipitación horaria,31,,sat2,,,-35.9622222222222,-57.8519444444444,True,
28322,2227,Salado - RN Nº02,,Altura hidrométrica media mensual,33,,sat2,,,-35.9622222222222,-57.8519444444444,True,
26543,2227,Salado - RN Nº02,,Altura hidrométrica media diaria,39,,sat2,,,-35.9622222222222,-57.8519444444444,True,
6928,2228,De las Vueltas,,Altura hidrométrica,2,,sat2,,,-49.3433333333333,-72.8608333333333,True,
7057,2229,Chubut - El Maitén,,precipitación diaria 12Z,1,,sat2,,,-42.0997222222222,-71.17,True,
8511,2229,Chubut - El Maitén,,precipitación horaria,31,,sat2,,,-42.0997222222222,-71.17,True,
28324,2229,Chubut - El Maitén,,Altura hidrométrica media mensual,33,,sat2,,,-42.0997222222222,-71.17,True,
7058,2230,Arroyo San Juan - MeteoVARELA,Arroyo San Juan,Altura hidrométrica,2,,ina_delta,,,-34.8074531496048,-58.2301426802177,True,
26772,2230,Arroyo San Juan - MeteoVARELA,Arroyo San Juan,Altura hidrométrica media mensual,33,,ina_delta,,,-34.8074531496048,-58.2301426802177,True,
7059,2231,Nuevo Berlín,Uruguay,Altura hidrométrica,2,,alturas_varios,,,-32.979836,-58.061997,True,
7060,2232,Paysandú,Uruguay,Altura hidrométrica,2,,alturas_varios,,,-32.313646,-58.102575,True,
7061,2233,Concepción del Uruguay - CARU,Uruguay,Altura hidrométrica,2,,alturas_varios,,,-32.477173,-58.221219,True,
26547,2355,Senguerr - Nacimiento,,Altura hidrométrica media diaria,39,,sat2,,,-44.9583333333333,-71.3419444444444,True,
7354,2356,Río Paraná Túnel,,Altura hidrométrica,2,,sat2,,,-31.7197222222222,-60.5175,True,
26548,2356,Río Paraná Túnel,,Altura hidrométrica media diaria,39,,sat2,,,-31.7197222222222,-60.5175,True,
7356,2357,Sistema Setúbal - Santa Fe - L,,Altura hidrométrica,2,,sat2,,,-31.6302777777778,-60.6777777777778,True,
26549,2357,Sistema Setúbal - Santa Fe - L,,Altura hidrométrica media diaria,39,,sat2,,,-31.6302777777778,-60.6777777777778,True,
28328,2593,Arenales - La Maroma,,Altura hidrométrica media mensual,33,,sat2,,,-25.1538888888889,-65.42,True,
26550,2593,Arenales - La Maroma,,Altura hidrométrica media diaria,39,,sat2,,,-25.1538888888889,-65.42,True,
8822,2606,Gualjaina - Gualjaina,,precipitación diaria 12Z,1,,sat2,,,-42.6513888888889,-70.4355555555556,True,
8242,2606,Gualjaina - Gualjaina,,Altura hidrométrica,2,,sat2,,,-42.6513888888889,-70.4355555555556,True,
28330,2606,Gualjaina - Gualjaina,,Altura hidrométrica media mensual,33,,sat2,,,-42.6513888888889,-70.4355555555556,True,
8802,2607,Atuel - Loma Negra,,precipitación diaria 12Z,1,,sat2,,,-35.2641666666667,-69.2497222222222,True,
28331,2607,Atuel - Loma Negra,,Altura hidrométrica media mensual,33,,sat2,,,-35.2641666666667,-69.2497222222222,True,
8233,2608,Diamante - La Jaula,,Altura hidrométrica,2,,sat2,,,-34.6686111111111,-69.3163888888889,True,
8811,2609,Diamante - La Jaula MET,,precipitación diaria 12Z,1,,sat2,,,-34.6658333333333,-69.3186111111111,True,
8312,2671,Canal Finca Agropecuaria,,Altura hidrométrica,2,,sat2,,,-25.1608333333333,-64.1058333333333,True,
26556,2671,Canal Finca Agropecuaria,,Altura hidrométrica media diaria,39,,sat2,,,-25.1608333333333,-64.1058333333333,True,
26557,2672,Juramento - Finca Agropecuari,,Altura hidrométrica media diaria,39,,sat2,,,-25.1613888888889,-64.1061111111111,True,
33568,2697,Prueba - GSM,,precipitación horaria,31,,sat2,,,-34,-59,True,
26559,2697,Prueba - GSM,,Altura hidrométrica media diaria,39,,sat2,,,-34,-59,True,
9081,2706,ZEstacion de prueba 9003,,precipitación diaria 12Z,1,,sat2,,,-34.6130555555556,-58.3772222222222,True,
8891,2706,ZEstacion de prueba 9003,,Altura hidrométrica,2,,sat2,,,-34.6130555555556,-58.3772222222222,True,
9082,2706,ZEstacion de prueba 9003,,precipitación horaria,31,,sat2,,,-34.6130555555556,-58.3772222222222,True,
26561,2731,Aguapey - La Sirena,,Altura hidrométrica media diaria,39,,sat2,,,-28.4166666666667,-56.5422222222222,True,
9014,2732,Atuel - La Angostura,,precipitación diaria 12Z,1,,sat2,,,-35.0986111111111,-68.8747222222222,True,
9192,2732,Atuel - La Angostura,,Altura hidrométrica,2,,sat2,,,-35.0986111111111,-68.8747222222222,True,
28340,2732,Atuel - La Angostura,,Altura hidrométrica media mensual,33,,sat2,,,-35.0986111111111,-68.8747222222222,True,
9396,2741,Iruya - Tuc Tuca,,precipitación diaria 12Z,1,,sat2,,,-22.4044444444444,-65.2675,True,
9397,2741,Iruya - Tuc Tuca,,precipitación horaria,31,,sat2,,,-22.4044444444444,-65.2675,True,
8998,2749,Diamante - El Tigre,,precipitación diaria 12Z,1,,sat2,,,-34.6613888888889,-68.595,True,False
32303,2749,Diamante - El Tigre,,Altura hidrométrica,2,,sat2,,,-34.6613888888889,-68.595,True,
8999,2749,Diamante - El Tigre,,precipitación horaria,31,,sat2,,,-34.6613888888889,-68.595,True,
37866,2749,Diamante - El Tigre,,Altura hidrométrica media diaria,39,,sat2,,,-34.6613888888889,-68.595,True,
28342,2762,Puelo - Hito fronterizo,,Altura hidrométrica media mensual,33,,sat2,,,-42.1055555555556,-71.7247222222222,True,
26564,2762,Puelo - Hito fronterizo,,Altura hidrométrica media diaria,39,,sat2,,,-42.1055555555556,-71.7247222222222,True,
26565,2776,PN Trinidad - Condorito ,,Altura hidrométrica media diaria,39,,sat2,,,-31.6911111111111,-64.8527777777778,True,
28344,2806,Lago Muster - Fortín,,Altura hidrométrica media mensual,33,,sat2,,,-45.4797222222222,-69.2588888888889,True,
9547,2807,Salado - El Arenal,,Altura hidrométrica,2,,sat2,,,-26.3741666666667,-63.7244444444444,True,
9541,2808,Malargue - La Barda,,Altura hidrométrica,2,,sat2,,,-35.5527777777778,-69.6825,True,
26568,2808,Malargue - La Barda,,Altura hidrométrica media diaria,39,,sat2,,,-35.5527777777778,-69.6825,True,
9549,2809,Quinto - RP Nº26,,Altura hidrométrica,2,,sat2,,,-34.7627777777778,-63.645,True,False
28347,2809,Quinto - RP Nº26,,Altura hidrométrica media mensual,33,,sat2,,,-34.7627777777778,-63.645,True,
9196,2810,Río Juramento El Quebrachal,,Altura hidrométrica,2,,sat2,,,-25.3441666666667,-64.0461111111111,True,
9459,2811,Río Neuquén - Dique Ballester,,Altura hidrométrica,2,,sat2,,,-38.7247222222222,-68.1705555555556,True,
28349,2811,Río Neuquén - Dique Ballester,,Altura hidrométrica media mensual,33,,sat2,,,-38.7247222222222,-68.1705555555556,True,
9553,2812,Lago Viedma - Lago Viedma,,Altura hidrométrica,2,,sat2,,,-49.3944444444444,-72.8694444444444,True,
26572,2812,Lago Viedma - Lago Viedma,,Altura hidrométrica media diaria,39,,sat2,,,-49.3944444444444,-72.8694444444444,True,
9542,2813,Miriñay - Paso Mesa,,Altura hidrométrica,2,,sat2,,,-28.9166666666667,-57.2363888888889,True,
26573,2813,Miriñay - Paso Mesa,,Altura hidrométrica media diaria,39,,sat2,,,-28.9166666666667,-57.2363888888889,True,
9546,2814,Río Metan - Desembocadura,,Altura hidrométrica,2,,sat2,,,-25.3933333333333,-64.5922222222222,True,
26574,2814,Río Metan - Desembocadura,,Altura hidrométrica media diaria,39,,sat2,,,-25.3933333333333,-64.5922222222222,True,
9435,2817,Carrenleufú - Cholila MET,,precipitación horaria,31,,sat2,,,-42.5111111111111,-71.4275,True,
9087,2819,PN Copo  - El Aibal ,,precipitación horaria,31,,sat2,,,-25.9227777777778,-61.7138888888889,True,
9409,2821,Río Salado RP Nº 51 - Achupall,,Altura hidrométrica,2,,sat2,,,-35.0880555555556,-60.1088888888889,True,
28353,2821,Río Salado RP Nº 51 - Achupall,,Altura hidrométrica media mensual,33,,sat2,,,-35.0880555555556,-60.1088888888889,True,
26575,2821,Río Salado RP Nº 51 - Achupall,,Altura hidrométrica media diaria,39,,sat2,,,-35.0880555555556,-60.1088888888889,True,
9019,2822,Pilcomayo - El Raúl,,Altura hidrométrica,2,,sat2,,,-22.65,-62.2163888888889,True,
28354,2822,Pilcomayo - El Raúl,,Altura hidrométrica media mensual,33,,sat2,,,-22.65,-62.2163888888889,True,
26576,2822,Pilcomayo - El Raúl,,Altura hidrométrica media diaria,39,,sat2,,,-22.65,-62.2163888888889,True,
35948,2822,Pilcomayo - El Raúl,,Caudal medio diario,40,,sat2,,,-22.65,-62.2163888888889,True,
9410,2823,Juramento - Cabra Corral,,Altura hidrométrica,2,,sat2,,,-25.2677777777778,-65.2372222222222,True,
9197,2824,Valenzuela - Valle Noble,,Altura hidrométrica,2,,sat2,,,-35.3241666666667,-70.3111111111111,True,
26578,2824,Valenzuela - Valle Noble,,Altura hidrométrica media diaria,39,,sat2,,,-35.3241666666667,-70.3111111111111,True,
9108,2825,Santa Lucia - Santa Lucia,,Altura hidrométrica,2,,sat2,,,-28.9877777777778,-59.0905555555556,True,
28357,2825,Santa Lucia - Santa Lucia,,Altura hidrométrica media mensual,33,,sat2,,,-28.9877777777778,-59.0905555555556,True,
26579,2825,Santa Lucia - Santa Lucia,,Altura hidrométrica media diaria,39,,sat2,,,-28.9877777777778,-59.0905555555556,True,
28358,2826,Pilcomayo - Puesto Jerez,,Altura hidrométrica media mensual,33,,sat2,,,-22.7280555555556,-62.2133333333333,True,
26580,2826,Pilcomayo - Puesto Jerez,,Altura hidrométrica media diaria,39,,sat2,,,-22.7280555555556,-62.2133333333333,True,
9020,2828,Río Salado RN Nº 11,,Altura hidrométrica,2,,sat2,,,-27.5413888888889,-59.1308333333333,True,
28359,2828,Río Salado RN Nº 11,,Altura hidrométrica media mensual,33,,sat2,,,-27.5413888888889,-59.1308333333333,True,
26581,2828,Río Salado RN Nº 11,,Altura hidrométrica media diaria,39,,sat2,,,-27.5413888888889,-59.1308333333333,True,
9442,2830,Paraná Guazú - Brazo Largo,Paraná Guazú,Altura hidrométrica,2,,sat2,,,-33.8830555555556,-58.9,True,
29447,2830,Paraná Guazú - Brazo Largo,Paraná Guazú,Caudal,4,,sat2,,,-33.8830555555556,-58.9,True,
9411,2831,Senguerr - Facundo,,Altura hidrométrica,2,,sat2,,,-45.3191666666667,-69.9477777777778,True,
26584,2831,Senguerr - Facundo,,Altura hidrométrica media diaria,39,,sat2,,,-45.3191666666667,-69.9477777777778,True,
9021,2832,Corriente - Paso Lucero,,Altura hidrométrica,2,,sat2,,,-28.995,-58.5583333333333,True,
26585,2832,Corriente - Paso Lucero,,Altura hidrométrica media diaria,39,,sat2,,,-28.995,-58.5583333333333,True,
35429,2832,Corriente - Paso Lucero,,Caudal medio diario,40,,sat2,,,-28.995,-58.5583333333333,True,
28364,2833,Aº Leyes - RP Nº 1,,Altura hidrométrica media mensual,33,,sat2,,,-31.4947222222222,-60.425,True,
9443,2834,Lago Epuyen - Muelle,,Altura hidrométrica,2,,sat2,,,-42.2083333333333,-71.4227777777778,True,False
28365,2834,Lago Epuyen - Muelle,,Altura hidrométrica media mensual,33,,sat2,,,-42.2083333333333,-71.4227777777778,True,
26587,2834,Lago Epuyen - Muelle,,Altura hidrométrica media diaria,39,,sat2,,,-42.2083333333333,-71.4227777777778,True,
9400,2835,Río Tercero - Villa María,,Altura hidrométrica,2,,sat2,,,-32.4219444444444,-63.2447222222222,True,
28366,2835,Río Tercero - Villa María,,Altura hidrométrica media mensual,33,,sat2,,,-32.4219444444444,-63.2447222222222,True,
26588,2835,Río Tercero - Villa María,,Altura hidrométrica media diaria,39,,sat2,,,-32.4219444444444,-63.2447222222222,True,False
9200,2836,Aº Barrancas - Paso La Llana,,Altura hidrométrica,2,,sat2,,,-30.2172222222222,-59.3244444444444,True,
28367,2836,Aº Barrancas - Paso La Llana,,Altura hidrométrica media mensual,33,,sat2,,,-30.2172222222222,-59.3244444444444,True,
26589,2836,Aº Barrancas - Paso La Llana,,Altura hidrométrica media diaria,39,,sat2,,,-30.2172222222222,-59.3244444444444,True,
9412,2837,Nogoya - RN Nº12,,Altura hidrométrica,2,,sat2,,,-32.3947222222222,-59.7638888888889,True,
26590,2837,Nogoya - RN Nº12,,Altura hidrométrica media diaria,39,,sat2,,,-32.3947222222222,-59.7638888888889,True,
9022,2838,Aº Saladillo - RN Nº205,,Altura hidrométrica,2,,sat2,,,-35.4594444444445,-59.5747222222222,True,False
26591,2838,Aº Saladillo - RN Nº205,,Altura hidrométrica media diaria,39,,sat2,,,-35.4594444444445,-59.5747222222222,True,
9473,2840,Río Cuarto - La Carlota,,precipitación horaria,31,,sat2,,,-33.4155555555556,-63.3091666666667,True,
9485,2841,Río Negro - Laguna Blanca,,precipitación horaria,31,,sat2,,,-27.2633333333333,-59.1961111111111,True,
9492,2842,Lago Posadas - Posadas,,Altura hidrométrica,2,,sat2,,,-47.5113888888889,-71.8719444444444,True,
9493,2843,Mitre - Ruta Prov. Nº11,,Altura hidrométrica,2,,sat2,,,-50.3997222222222,-72.7338888888889,True,
28373,2843,Mitre - Ruta Prov. Nº11,,Altura hidrométrica media mensual,33,,sat2,,,-50.3997222222222,-72.7338888888889,True,
9494,2844,Lago Pueyrredón - Pueyrredón,,Altura hidrométrica,2,,sat2,,,-47.3758333333333,-71.9680555555556,True,
26596,2844,Lago Pueyrredón - Pueyrredón,,Altura hidrométrica media diaria,39,,sat2,,,-47.3758333333333,-71.9680555555556,True,
9495,2845,Lago San Martín - Brazo Chacab,,Altura hidrométrica,2,,sat2,,,-49.1238888888889,-72.4855555555555,True,
28375,2845,Lago San Martín - Brazo Chacab,,Altura hidrométrica media mensual,33,,sat2,,,-49.1238888888889,-72.4855555555555,True,
26597,2845,Lago San Martín - Brazo Chacab,,Altura hidrométrica media diaria,39,,sat2,,,-49.1238888888889,-72.4855555555555,True,
32025,2846,Pilcomayo - Misión La Paz,,Altura hidrométrica,2,,sat2,,,-22.3775,-62.5236111111111,True,
9501,2846,Pilcomayo - Misión La Paz,,precipitación horaria,31,,sat2,,,-22.3775,-62.5236111111111,True,
37849,2846,Pilcomayo - Misión La Paz,,Altura hidrométrica media diaria,39,,sat2,,,-22.3775,-62.5236111111111,True,
9511,2847,PN Pilcomayo - Piquete del 8,,precipitación diaria 12Z,1,,sat2,,,-25.1233333333333,-58.1752777777778,True,
34138,2848,Neuquén - Paso de Indios MET,,Altura hidrométrica,2,,sat2,,,-38.5316666666667,-69.4122222222222,True,
9523,2848,Neuquén - Paso de Indios MET,,precipitación horaria,31,,sat2,,,-38.5316666666667,-69.4122222222222,True,
38154,2848,Neuquén - Paso de Indios MET,,Altura hidrométrica media diaria,39,,sat2,,,-38.5316666666667,-69.4122222222222,True,
9533,2849,PN Lihué Calel - El Once,,precipitación diaria 12Z,1,,sat2,,,-37.885,-65.635,True,
9550,2853,Gualeguay - Paso Alonso,,Altura hidrométrica,2,,sat2,,,-33.1005555555556,-59.2702777777778,True,
28376,2853,Gualeguay - Paso Alonso,,Altura hidrométrica media mensual,33,,sat2,,,-33.1005555555556,-59.2702777777778,True,
26598,2853,Gualeguay - Paso Alonso,,Altura hidrométrica media diaria,39,,sat2,,,-33.1005555555556,-59.2702777777778,True,
9551,2854,Aº Riachuelo - RP Nº5,,Altura hidrométrica,2,,sat2,,,-27.5105555555556,-58.5697222222222,True,
28377,2854,Aº Riachuelo - RP Nº5,,Altura hidrométrica media mensual,33,,sat2,,,-27.5105555555556,-58.5697222222222,True,
26599,2854,Aº Riachuelo - RP Nº5,,Altura hidrométrica media diaria,39,,sat2,,,-27.5105555555556,-58.5697222222222,True,
28378,2855,Salado - RP Nº 41,,Altura hidrométrica media mensual,33,,sat2,,,-35.7263888888889,-58.5363888888889,True,
9559,2856,San Fransisco Caimancito,,precipitación diaria 12Z,1,,sat2,,,-23.7119444444444,-64.5397222222222,True,
9570,2857,Paraná - Chapetón,,precipitación diaria 12Z,1,,sat2,,,-31.6105555555556,-60.2947222222222,True,
9616,2868,Campichuelo,URUGUAY,Altura hidrométrica,2,,alturas_varios,,,-32.70101,-58.1834,True,
18621,5430,Federación Embalse,Uruguay,Altura hidrométrica,2,,alturas_prefe,,,-30.994853,-57.899273,True,
25579,5430,Federación Embalse,Uruguay,Altura hidrométrica media mensual,33,,alturas_prefe,,,-30.994853,-57.899273,True,False
26601,5430,Federación Embalse,Uruguay,Altura hidrométrica media diaria,39,,alturas_prefe,,,-30.994853,-57.899273,True,
26201,5873,Arroyo Las Piedras - Gob. Monteverde,Cuenca Sarandí-Santo Domingo,Altura hidrométrica,2,,ina_delta,,,-34.783421,-58.298648,True,
35413,5873,Arroyo Las Piedras - Gob. Monteverde,Cuenca Sarandí-Santo Domingo,Altura hidrométrica,2,,ina_delta,,,-34.783421,-58.298648,True,
26773,5873,Arroyo Las Piedras - Gob. Monteverde,Cuenca Sarandí-Santo Domingo,Altura hidrométrica media mensual,33,,ina_delta,,,-34.783421,-58.298648,True,
26602,5873,Arroyo Las Piedras - Gob. Monteverde,Cuenca Sarandí-Santo Domingo,Altura hidrométrica media diaria,39,,ina_delta,,,-34.783421,-58.298648,True,
26603,5874,Arroyo San Francisco - Dr. Torre,Cuenca Sarandí-Santo Domingo,Altura hidrométrica media diaria,39,,ina_delta,,,-34.7650541,-58.3234008,True,
26206,5876,Carabelas,Carabelas,Altura hidrométrica,2,,ina_delta,,,-34.05977,-58.835841,True,
26775,5876,Carabelas,Carabelas,Altura hidrométrica media mensual,33,,ina_delta,,,-34.05977,-58.835841,True,
29393,5888,Sauzalito,Bermejo,Altura hidrométrica,2,,alturas_bdhi,,,-24.4332722222222,-61.6563305555556,True,
30098,5888,Sauzalito,Bermejo,Altura hidrométrica media diaria,39,,alturas_bdhi,,,-24.4332722222222,-61.6563305555556,True,
29519,5893,Paraná - Rosario,Paraná,Altura hidrométrica media diaria,39,,sat2,,,-32.9513888888889,-60.6255555555556,True,
29438,5894,Riacho Victoria - Victoria,Riacho Victoria,Altura hidrométrica,2,,sat2,,,-32.6316666666667,-60.1652777777778,True,
29516,5894,Riacho Victoria - Victoria,Riacho Victoria,Altura hidrométrica media mensual,33,,sat2,,,-32.6316666666667,-60.1652777777778,True,
29517,5894,Riacho Victoria - Victoria,Riacho Victoria,Altura hidrométrica media diaria,39,,sat2,,,-32.6316666666667,-60.1652777777778,True,
29442,5900,Paraná - Diamante,Paraná,Caudal,4,,sat2,,,-32.0577777777778,-60.645,True,
29515,5900,Paraná - Diamante,Paraná,Altura hidrométrica media diaria,39,,sat2,,,-32.0577777777778,-60.645,True,
29441,5901,Paraná - Túnel subfluvial,Paraná,Caudal,4,,sat2,,,-31.72,-60.5175,True,
29545,5901,Paraná - Túnel subfluvial,Paraná,Caudal,4,,sat2,,,-31.72,-60.5175,True,
29512,5901,Paraná - Túnel subfluvial,Paraná,Altura hidrométrica media mensual,33,,sat2,,,-31.72,-60.5175,True,
29513,5901,Paraná - Túnel subfluvial,Paraná,Altura hidrométrica media diaria,39,,sat2,,,-31.72,-60.5175,True,
31985,5904,PN Ciervo de los Pantanos,null,precipitación diaria 12Z,1,,sat2,,,-34.2255555555556,-58.8988888888889,True,
34357,5904,PN Ciervo de los Pantanos,null,Altura hidrométrica,2,,sat2,,,-34.2255555555556,-58.8988888888889,True,
31986,5904,PN Ciervo de los Pantanos,null,precipitación horaria,31,,sat2,,,-34.2255555555556,-58.8988888888889,True,
29511,5904,PN Ciervo de los Pantanos,null,Altura hidrométrica media diaria,39,,sat2,,,-34.2255555555556,-58.8988888888889,True,
29445,5905,Paraná - Villa Constitución,Paraná,Caudal,4,,sat2,,,-33.2272222222222,-60.32,True,
33148,5905,Paraná - Villa Constitución,Paraná,precipitación horaria,31,,sat2,,,-33.2272222222222,-60.32,True,
29508,5905,Paraná - Villa Constitución,Paraná,Altura hidrométrica media mensual,33,,sat2,,,-33.2272222222222,-60.32,True,
29534,5907,Paraná Las Palmas - Zárate,Paraná de las Palmas,Altura hidrométrica,2,,sat2,,,-34.1019444444444,-59.0088888888889,True,
29446,5907,Paraná Las Palmas - Zárate,Paraná de las Palmas,Caudal,4,,sat2,,,-34.1019444444444,-59.0088888888889,True,
29506,5907,Paraná Las Palmas - Zárate,Paraná de las Palmas,Altura hidrométrica media mensual,33,,sat2,,,-34.1019444444444,-59.0088888888889,True,
29507,5907,Paraná Las Palmas - Zárate,Paraná de las Palmas,Altura hidrométrica media diaria,39,,sat2,,,-34.1019444444444,-59.0088888888889,True,
30115,5910,SANTA FE - LA GUARDIA,SISTEMA SETÚBAL,Altura hidrométrica,2,,alturas_bdhi,,,-31.6301388888889,-60.6779722222222,True,
30116,5910,SANTA FE - LA GUARDIA,SISTEMA SETÚBAL,Altura hidrométrica,2,,alturas_bdhi,,,-31.6301388888889,-60.6779722222222,True,
30117,5910,SANTA FE - LA GUARDIA,SISTEMA SETÚBAL,Altura hidrométrica media diaria,39,,alturas_bdhi,,,-31.6301388888889,-60.6779722222222,True,
30121,5910,SANTA FE - LA GUARDIA,SISTEMA SETÚBAL,Caudal medio diario,40,,alturas_bdhi,,,-31.6301388888889,-60.6779722222222,True,
31964,5912,Paraná - Timbúes,,precipitación diaria 12Z,1,,sat2,,,-32.7197222222222,-60.7261111111111,True,
30125,5912,Paraná - Timbúes,,Altura hidrométrica,2,,sat2,,,-32.7197222222222,-60.7261111111111,True,
30126,5912,Paraná - Timbúes,,Caudal,4,,sat2,,,-32.7197222222222,-60.7261111111111,True,
31965,5912,Paraná - Timbúes,,precipitación horaria,31,,sat2,,,-32.7197222222222,-60.7261111111111,True,
30131,5912,Paraná - Timbúes,,Altura hidrométrica media mensual,33,,sat2,,,-32.7197222222222,-60.7261111111111,True,
30127,5912,Paraná - Timbúes,,Altura hidrométrica media diaria,39,,sat2,,,-32.7197222222222,-60.7261111111111,True,
30128,5912,Paraná - Timbúes,,Caudal medio diario,40,,sat2,,,-32.7197222222222,-60.7261111111111,True,
31540,5954,Las Heras,,precipitación horaria,31,,red_acumar,,,-34.92753059,-58.9472905,True,
31866,6163,INTA Delta,Paraná de las Palmas,Altura hidrométrica,2,,ina_delta,,,-34.17675,-58.8643,True,
32675,6263,Primero (Suquía) Camino Secund,,Altura hidrométrica,2,,sat2,,,-30.9641666666667,-62.9961111111111,True,False
37883,6263,Primero (Suquía) Camino Secund,,Altura hidrométrica media diaria,39,,sat2,,,-30.9641666666667,-62.9961111111111,True,
32631,6354,Paraná - La Paz,,Altura hidrométrica,2,,sat2,,,-30.7325,-59.6386111111111,True,
37873,6354,Paraná - La Paz,,Altura hidrométrica media diaria,39,,sat2,,,-30.7325,-59.6386111111111,True,
34337,6355,Carrenleufú - Frontera,,precipitación diaria 12Z,1,,sat2,,,-43.5608333333333,-71.7288888888889,True,
34338,6355,Carrenleufú - Frontera,,precipitación horaria,31,,sat2,,,-43.5608333333333,-71.7288888888889,True,
34342,6357,Carcarañá - Cruz Alta,,Altura hidrométrica,2,,sat2,,,-33.0063888888889,-61.7875,True,
34343,6359,Salado - Puente Carretero,,Altura hidrométrica,2,,sat2,,,-34.6113888888889,-60.9572222222222,True,
34344,6360,Saladillo - Dique Aforador,,Altura hidrométrica,2,,sat2,,,-32.9316666666667,-62.3322222222222,True,
38187,6361,Tercero - Piedras Moras,,Altura hidrométrica media diaria,39,,sat2,,,-32.1694444444444,-64.2327777777778,True,
34346,6362,Neuquén - Neuquén,,Altura hidrométrica,2,,sat2,,,-38.9497222222222,-68.0227777777778,True,
38188,6362,Neuquén - Neuquén,,Altura hidrométrica media diaria,39,,sat2,,,-38.9497222222222,-68.0227777777778,True,
38189,6363,Cuarto - Puente de Olmos,,Altura hidrométrica media diaria,39,,sat2,,,-33.4555555555556,-63.1294444444444,True,
32735,6365,Mojotoro - Güemes,,precipitación diaria 12Z,1,,sat2,,,-24.7316666666667,-65.0288888888889,True,
37936,6365,Mojotoro - Güemes,,Altura hidrométrica media diaria,39,,sat2,,,-24.7316666666667,-65.0288888888889,True,
34350,6366,Aº Las Flores - Gral. Alvear,,Altura hidrométrica,2,,sat2,,,-35.9875,-60.0194444444444,True,
37840,6374,Dulce - Dique Los Quiroga,,Altura hidrométrica media diaria,39,,sat2,,,-27.6511111111111,-64.3616666666667,True,
39429,6376,Chubut - Gualjaina,,precipitación diaria 12Z,1,,sat2,,,-42.6097222222222,-70.3844444444445,True,
34354,6376,Chubut - Gualjaina,,Altura hidrométrica,2,,sat2,,,-42.6097222222222,-70.3844444444445,True,
33433,6382,Chico - Las Loicas,,Altura hidrométrica,2,,sat2,,,-35.7925,-70.1419444444444,True,
38028,6382,Chico - Las Loicas,,Altura hidrométrica media diaria,39,,sat2,,,-35.7925,-70.1419444444444,True,
32013,6384,Chubut-Alto Chubut(Nacimiento),,precipitación diaria 12Z,1,,sat2,,,-41.8341666666667,-71.1083333333333,True,
32923,6384,Chubut-Alto Chubut(Nacimiento),,Altura hidrométrica,2,,sat2,,,-41.8341666666667,-71.1083333333333,True,
32014,6384,Chubut-Alto Chubut(Nacimiento),,precipitación horaria,31,,sat2,,,-41.8341666666667,-71.1083333333333,True,
37932,6384,Chubut-Alto Chubut(Nacimiento),,Altura hidrométrica media diaria,39,,sat2,,,-41.8341666666667,-71.1083333333333,True,
31937,6385,Chico - Cerro Mesa,,Altura hidrométrica,2,,sat2,,,-41.7063888888889,-70.4825,True,False
33839,6388,Grande - La Gotera,,Altura hidrométrica,2,,sat2,,,-35.8716666666667,-69.8919444444444,True,
38087,6388,Grande - La Gotera,,Altura hidrométrica media diaria,39,,sat2,,,-35.8716666666667,-69.8919444444444,True,
32289,6389,Las Tapias - Las Tapias,,precipitación horaria,31,,sat2,,,-32.8036111111111,-64.7763888888889,True,
37993,6389,Las Tapias - Las Tapias,,Altura hidrométrica media diaria,39,,sat2,,,-32.8036111111111,-64.7763888888889,True,
32636,6390,Ñorquinco - Ñorquinco,,precipitación diaria 12Z,1,,sat2,,,-41.8419444444444,-70.8913888888889,True,
32637,6390,Ñorquinco - Ñorquinco,,precipitación horaria,31,,sat2,,,-41.8419444444444,-70.8913888888889,True,
37895,6390,Ñorquinco - Ñorquinco,,Altura hidrométrica media diaria,39,,sat2,,,-41.8419444444444,-70.8913888888889,True,
31947,6391,Laguna La Margarita,,precipitación diaria 12Z,1,,sat2,,,-34.6533333333333,-63.7230555555556,True,
31948,6391,Laguna La Margarita,,precipitación horaria,31,,sat2,,,-34.6533333333333,-63.7230555555556,True,
32016,6393,Aº Las Flores - Gral. Alvear,,Altura hidrométrica,2,,sat2,,,-35.9875,-60.0194444444444,True,
37846,6393,Aº Las Flores - Gral. Alvear,,Altura hidrométrica media diaria,39,,sat2,,,-35.9875,-60.0194444444444,True,
37964,6394,Colorado - Pedro Luro,,Altura hidrométrica media diaria,39,,sat2,,,-39.5247222222222,-62.6755555555556,True,
33257,6395,Paraná - Vuelta de Obligado,,Altura hidrométrica,2,,sat2,,,-33.5941666666667,-59.8130555555556,True,
37994,6395,Paraná - Vuelta de Obligado,,Altura hidrométrica media diaria,39,,sat2,,,-33.5941666666667,-59.8130555555556,True,
31982,6397,Aº Pergamino - Pergamino,,Altura hidrométrica,2,,sat2,,,-33.9041666666667,-60.5702777777778,True,
37844,6398,Salado - Colonia Dora,,Altura hidrométrica media diaria,39,,sat2,,,-28.5597222222222,-62.8902777777778,True,
31956,6401,Aº Del Medio - Motomel,,Altura hidrométrica,2,,sat2,,,-33.3505555555556,-60.3230555555556,True,
37838,6401,Aº Del Medio - Motomel,,Altura hidrométrica media diaria,39,,sat2,,,-33.3505555555556,-60.3230555555556,True,
37850,6403,Uruguay - Corralito,,Altura hidrométrica media diaria,39,,sat2,,,-31.4847222222222,-58.0847222222222,True,
33678,6404,Aº Aguapey - San Carlos,null,Altura hidrométrica,2,,sat2,,,-27.7475,-55.8916666666667,True,
32006,6404,Aº Aguapey - San Carlos,null,precipitación horaria,31,,sat2,,,-27.7475,-55.8916666666667,True,
37934,6405,Uruguay - Concep. del Uruguay,,Altura hidrométrica media diaria,39,,sat2,,,-32.4775,-58.2208333333333,True,
32731,6408,NIV Jáchal - Cerro Negro,,Altura hidrométrica,2,,sat2,,,-29.8905555555556,-69.5580555555556,True,
32927,6409,NIV Carrenleufú - Lago Guacho,,Altura hidrométrica,2,,sat2,,,-43.8288888888889,-71.4055555555556,True,False
37935,6409,NIV Carrenleufú - Lago Guacho,,Altura hidrométrica media diaria,39,,sat2,,,-43.8288888888889,-71.4055555555556,True,
32730,6410,NIV Atuel - Laguna Atuel,,Altura hidrométrica,2,,sat2,,,-34.5111111111111,-70.0458333333333,True,
38057,6411,NIV Grande - Paso Pehuenche,,Altura hidrométrica media diaria,39,,sat2,,,-35.98,-70.3941666666667,True,
32244,6412,NIV Grande - Valle Hermoso,,Altura hidrométrica,2,,sat2,,,-35.1422222222222,-70.2016666666667,True,
37855,6412,NIV Grande - Valle Hermoso,,Altura hidrométrica media diaria,39,,sat2,,,-35.1422222222222,-70.2016666666667,True,
33258,6413,NIV Diamante - Laguna Diamante,,Altura hidrométrica,2,,sat2,,,-34.1988888888889,-69.6980555555556,True,
37871,6414,NIV Mendoza - Toscas,,Altura hidrométrica media diaria,39,,sat2,,,-33.1641666666667,-69.8886111111111,True,
31942,6415,NIV Aº de Las Leñas - Las Leña,,Altura hidrométrica,2,,sat2,,,-35.1394444444444,-70.0916666666667,True,
32248,6416,NIV - Alto Chubut,,precipitación horaria,31,,sat2,,,-41.6730555555555,-71.1141666666667,True,
37836,6416,NIV - Alto Chubut,,Altura hidrométrica media diaria,39,,sat2,,,-41.6730555555555,-71.1141666666667,True,
32604,6419,PruebaSinDatos,,precipitación diaria 12Z,1,,sat2,,,-1.01694444444444,-1.01694444444444,True,
32251,6420,Lago Buenos Aires-Los Antiguos,,Altura hidrométrica,2,,sat2,,,-46.5391666666667,-71.6094444444444,True,
37857,6420,Lago Buenos Aires-Los Antiguos,,Altura hidrométrica media diaria,39,,sat2,,,-46.5391666666667,-71.6094444444444,True,
32008,6421,Atuel - Paso de Loro,,Altura hidrométrica,2,,sat2,,,-35.6361111111111,-67.4261111111111,True,
37843,6421,Atuel - Paso de Loro,,Altura hidrométrica media diaria,39,,sat2,,,-35.6361111111111,-67.4261111111111,True,
33259,6422,Mocoretá - RN Nº 127,,Altura hidrométrica,2,,sat2,,,-30.1083333333333,-58.0588888888889,True,
37996,6422,Mocoretá - RN Nº 127,,Altura hidrométrica media diaria,39,,sat2,,,-30.1083333333333,-58.0588888888889,True,
32295,6423,Aº Del Doll - RN 11,,precipitación diaria 12Z,1,,sat2,,,-32.3058333333333,-60.4261111111111,True,
32027,6423,Aº Del Doll - RN 11,,Altura hidrométrica,2,,sat2,,,-32.3058333333333,-60.4261111111111,True,
37851,6423,Aº Del Doll - RN 11,,Altura hidrométrica media diaria,39,,sat2,,,-32.3058333333333,-60.4261111111111,True,
37899,6424,Cuarto - Tincunaco,,Altura hidrométrica media diaria,39,,sat2,,,-32.9033333333333,-64.7161111111111,True,
33844,6425,Miriñay - Paso Ledesma,,Altura hidrométrica,2,,sat2,,,-29.8458333333333,-57.675,True,
38089,6425,Miriñay - Paso Ledesma,,Altura hidrométrica media diaria,39,,sat2,,,-29.8458333333333,-57.675,True,
31981,6426,Sauce Grande - RN Nº3,,Altura hidrométrica,2,,sat2,,,-38.7608333333333,-61.6969444444444,True,
37841,6426,Sauce Grande - RN Nº3,,Altura hidrométrica media diaria,39,,sat2,,,-38.7608333333333,-61.6969444444444,True,
37900,6427,Aº De los Huesos - RN 226,,Altura hidrométrica media diaria,39,,sat2,,,-37.0811111111111,-59.5388888888889,True,
32656,6428,Salado -A.Ab. Azud Cruz Bajada,,Altura hidrométrica,2,,sat2,,,-25.7166666666667,-63.8916666666667,True,
37876,6429,Blanco - Calingasta - RP 142,,Altura hidrométrica media diaria,39,,sat2,,,-31.3319444444444,-69.4138888888889,True,
32932,6430,Colorado - Paso Alsina,,precipitación diaria 12Z,1,,sat2,,,-39.3669444444444,-63.2375,True,
32666,6430,Colorado - Paso Alsina,,Altura hidrométrica,2,,sat2,,,-39.3669444444444,-63.2375,True,
32933,6430,Colorado - Paso Alsina,,precipitación horaria,31,,sat2,,,-39.3669444444444,-63.2375,True,
37881,6430,Colorado - Paso Alsina,,Altura hidrométrica media diaria,39,,sat2,,,-39.3669444444444,-63.2375,True,
31978,6431,PN  - Copo  - El Aibal ,,precipitación horaria,31,,sat2,,,-25.9227777777778,-61.7138888888889,True,
38088,6431,PN  - Copo  - El Aibal ,,Altura hidrométrica media diaria,39,,sat2,,,-25.9227777777778,-61.7138888888889,True,
33263,6432,Negro - Laguna Blanca,,precipitación diaria 12Z,1,,sat2,,,-27.2633333333333,-59.1961111111111,True,
33681,6432,Negro - Laguna Blanca,,Altura hidrométrica,2,,sat2,,,-27.2633333333333,-59.1961111111111,True,
33264,6432,Negro - Laguna Blanca,,precipitación horaria,31,,sat2,,,-27.2633333333333,-59.1961111111111,True,
38058,6432,Negro - Laguna Blanca,,Altura hidrométrica media diaria,39,,sat2,,,-27.2633333333333,-59.1961111111111,True,
33455,6435,Piray Guazú - R. Nac. 12 Vieja,,precipitación diaria 12Z,1,,sat2,,,-26.4858333333333,-54.5883333333333,True,
37858,6435,Piray Guazú - R. Nac. 12 Vieja,,Altura hidrométrica media diaria,39,,sat2,,,-26.4858333333333,-54.5883333333333,True,
35446,6435,Piray Guazú - R. Nac. 12 Vieja,,Caudal medio diario,40,,sat2,,,-26.4858333333333,-54.5883333333333,True,
32945,6436,Iruya - Colanzulí,,Altura hidrométrica,2,,sat2,,,-22.8716666666667,-65.2144444444445,True,
37937,6436,Iruya - Colanzulí,,Altura hidrométrica media diaria,39,,sat2,,,-22.8716666666667,-65.2144444444445,True,
32752,6437,Manso - Los Alerces,,precipitación diaria 12Z,1,,sat2,,,-41.3783333333333,-71.7466666666667,True,
32753,6437,Manso - Los Alerces,,precipitación horaria,31,,sat2,,,-41.3783333333333,-71.7466666666667,True,
38029,6437,Manso - Los Alerces,,Altura hidrométrica media diaria,39,,sat2,,,-41.3783333333333,-71.7466666666667,True,
32757,6438,Faro - punta Delgada,,precipitación diaria 12Z,1,,sat2,,,-42.7658333333333,-63.6383333333333,True,False
32758,6438,Faro - punta Delgada,,precipitación horaria,31,,sat2,,,-42.7658333333333,-63.6383333333333,True,
35450,6439,Piray Mini - Valle Hermoso,,Caudal medio diario,40,,sat2,,,-26.355,-54.4983333333333,True,
35451,6439,Piray Mini - Valle Hermoso,,Caudal medio diario,40,,sat2,,,-26.355,-54.4983333333333,True,
34033,6441,Quinto - Dique Villa Mercedes,,Altura hidrométrica,2,,sat2,,,-33.6538888888889,-65.5336111111111,True,
33104,6443,Santa Rosa - Meteorológica,,precipitación diaria 12Z,1,,sat2,,,-36.6213888888889,-64.3219444444444,True,
32779,6443,Santa Rosa - Meteorológica,,Altura hidrométrica,2,,sat2,,,-36.6213888888889,-64.3219444444444,True,
37903,6443,Santa Rosa - Meteorológica,,Altura hidrométrica media diaria,39,,sat2,,,-36.6213888888889,-64.3219444444444,True,
32762,6444,Trapiche - Hosteria El Trapich,,precipitación diaria 12Z,1,,sat2,,,-33.1058333333333,-66.0633333333333,True,
32763,6444,Trapiche - Hosteria El Trapich,,precipitación horaria,31,,sat2,,,-33.1058333333333,-66.0633333333333,True,
37864,6444,Trapiche - Hosteria El Trapich,,Altura hidrométrica media diaria,39,,sat2,,,-33.1058333333333,-66.0633333333333,True,
32265,6445,Quinto - Justo Daract,,precipitación horaria,31,,sat2,,,-33.9186111111111,-65.1516666666667,True,
38169,6445,Quinto - Justo Daract,,Altura hidrométrica media diaria,39,,sat2,,,-33.9186111111111,-65.1516666666667,True,
33270,6446,De Las Barrancas-A.Corral RP23,,precipitación diaria 12Z,1,,sat2,,,-32.6894444444444,-64.7202777777778,True,
33271,6446,De Las Barrancas-A.Corral RP23,,precipitación horaria,31,,sat2,,,-32.6894444444444,-64.7202777777778,True,
37965,6446,De Las Barrancas-A.Corral RP23,,Altura hidrométrica media diaria,39,,sat2,,,-32.6894444444444,-64.7202777777778,True,
38130,6449,Paraguay - Isla del Cerrito,,Altura hidrométrica media diaria,39,,sat2,,,-27.2891666666667,-58.61,True,
32769,6450,Nuevo - Ruta Nac. Nº 8,,precipitación horaria,31,,sat2,,,-33.6366666666667,-65.3636111111111,True,
38128,6450,Nuevo - Ruta Nac. Nº 8,,Altura hidrométrica media diaria,39,,sat2,,,-33.6366666666667,-65.3636111111111,True,
37859,6451,Laguna La Picasa - CR Nº7,,Altura hidrométrica media diaria,39,,sat2,,,-34.3486111111111,-62.5419444444444,True,
32633,6454,Negro-Obra de Ctrl. Agua Abajo,,Altura hidrométrica,2,,sat2,,,-27.4563888888889,-58.8988888888889,True,
33311,6456,Dulce - Villa San Martín,,precipitación diaria 12Z,1,,sat2,,,-28.3291666666667,-64.0066666666667,True,
33461,6457,Embalse Cruz Bajada,,Altura hidrométrica,2,,sat2,,,-25.7158333333333,-63.8916666666667,True,
33696,6458,Paraná - Puerto Libertad,,Altura hidrométrica,2,,sat2,,,-25.9166666666667,-54.6205555555556,True,
32024,6459,Canal de Dios - Cruz Bajada,,Altura hidrométrica,2,,sat2,,,-25.7163888888889,-63.8905555555556,True,
37848,6459,Canal de Dios - Cruz Bajada,,Altura hidrométrica media diaria,39,,sat2,,,-25.7163888888889,-63.8905555555556,True,
33484,6460,Gastona - Atahona RN Nº157,,precipitación horaria,31,,sat2,,,-27.4325,-65.2713888888889,True,
37861,6460,Gastona - Atahona RN Nº157,,Altura hidrométrica media diaria,39,,sat2,,,-27.4325,-65.2713888888889,True,False
32023,6461,Aº Las Garzas - RN Nº 11,,Altura hidrométrica,2,,sat2,,,-28.7766666666667,-59.4738888888889,True,
33117,6463,Ledesma -Fraile Pintado-RN 34 ,,Altura hidrométrica,2,,sat2,,,-23.9094444444444,-64.8080555555556,True,
32777,6464,San Pedro - Ledesma - RN 34,,Altura hidrométrica,2,,sat2,,,-24.2644444444444,-64.8986111111111,True,
33281,6466,Vinchina - Los Palacios -RN 40,,Altura hidrométrica,2,,sat2,,,-29.3488888888889,-68.2411111111111,True,
37998,6466,Vinchina - Los Palacios -RN 40,,Altura hidrométrica media diaria,39,,sat2,,,-29.3488888888889,-68.2411111111111,True,
37999,6468,Negro - Isla Jordan,,Altura hidrométrica media diaria,39,,sat2,,,-38.995,-67.9730555555556,True,
37852,6469,Vipos - Toma Obras Sanitarias,,Altura hidrométrica media diaria,39,,sat2,,,-26.4775,-65.3163888888889,True,
32844,6472,Quinto -Av Circunvalación,,Altura hidrométrica,2,,sat2,,,-33.7391666666667,-65.3769444444444,True,
32654,6474,Lago Muster - Fortín,,Altura hidrométrica,2,,sat2,,,-45.5802777777778,-69.2763888888889,True,
33872,6477,NIV-C. Trona.-Otto Meiling MET,,precipitación diaria 12Z,1,,sat2,,,-41.1911111111111,-71.7880555555556,True,False
38061,6477,NIV-C. Trona.-Otto Meiling MET,,Altura hidrométrica media diaria,39,,sat2,,,-41.1911111111111,-71.7880555555556,True,
33120,6478,Turbio - Turbio Viejo,,precipitación diaria 12Z,1,,sat2,,,-51.6808333333333,-72.0783333333333,True,
33121,6478,Turbio - Turbio Viejo,,precipitación horaria,31,,sat2,,,-51.6808333333333,-72.0783333333333,True,
37867,6478,Turbio - Turbio Viejo,,Altura hidrométrica media diaria,39,,sat2,,,-51.6808333333333,-72.0783333333333,True,
32784,6480,Canal - Jume Esquina,,precipitación horaria,31,,sat2,,,-27.6966666666667,-63.9333333333333,True,
37868,6480,Canal - Jume Esquina,,Altura hidrométrica media diaria,39,,sat2,,,-27.6966666666667,-63.9333333333333,True,
32789,6481,Grande - Ruta Provincia Nº 9,,precipitación horaria,31,,sat2,,,-32.9019444444444,-66.1055555555556,True,
37944,6481,Grande - Ruta Provincia Nº 9,,Altura hidrométrica media diaria,39,,sat2,,,-32.9019444444444,-66.1055555555556,True,
32793,6482,Desaguadero - Navia,,precipitación diaria 12Z,1,,sat2,,,-34.7741666666667,-66.5886111111111,True,
32794,6482,Desaguadero - Navia,,precipitación horaria,31,,sat2,,,-34.7741666666667,-66.5886111111111,True,
33290,6483,Desaguadero - Salto de la Tosc,,precipitación diaria 12Z,1,,sat2,,,-34.0869444444444,-66.71,True,
33357,6483,Desaguadero - Salto de la Tosc,,Altura hidrométrica,2,,sat2,,,-34.0869444444444,-66.71,True,
33291,6483,Desaguadero - Salto de la Tosc,,precipitación horaria,31,,sat2,,,-34.0869444444444,-66.71,True,
38003,6483,Desaguadero - Salto de la Tosc,,Altura hidrométrica media diaria,39,,sat2,,,-34.0869444444444,-66.71,True,
32815,6490,Arrayanes - Lago Verde,,Altura hidrométrica,2,,sat2,,,-42.7436111111111,-71.7430555555556,True,
32660,6492,Uspallata - Uspallata,,Altura hidrométrica,2,,sat2,,,-32.5944444444444,-69.34,True,
33137,6492,Uspallata - Uspallata,,precipitación horaria,31,,sat2,,,-32.5944444444444,-69.34,True,
37880,6492,Uspallata - Uspallata,,Altura hidrométrica media diaria,39,,sat2,,,-32.5944444444444,-69.34,True,
32820,6498,Urueña -7 de Abril - RN34,,Altura hidrométrica,2,,sat2,,,-26.2188888888889,-64.5119444444444,True,
33142,6498,Urueña -7 de Abril - RN34,,precipitación horaria,31,,sat2,,,-26.2188888888889,-64.5119444444444,True,
32679,6504,Seco - RN Nº 157,,Altura hidrométrica,2,,sat2,,,-27.3361111111111,-65.3175,True,
38091,6505,Chico - RN Nº157 Monteagudo,,Altura hidrométrica media diaria,39,,sat2,,,-27.5211111111111,-65.2663888888889,True,
33966,6506,Salí - Alta Gracia,,Altura hidrométrica,2,,sat2,,,-26.7191666666667,-65.1619444444444,True,
32688,6507,Neuquén - Chos Malal -RN40,,precipitación diaria 12Z,1,,sat2,,,-37.4063888888889,-70.2291666666667,True,
32997,6507,Neuquén - Chos Malal -RN40,,Altura hidrométrica,2,,sat2,,,-37.4063888888889,-70.2291666666667,True,
37941,6507,Neuquén - Chos Malal -RN40,,Altura hidrométrica media diaria,39,,sat2,,,-37.4063888888889,-70.2291666666667,True,
33153,6511,Paraguay - Las Palmas,,precipitación diaria 12Z,1,,sat2,,,-27.1180555555556,-58.6427777777778,True,
37942,6511,Paraguay - Las Palmas,,Altura hidrométrica media diaria,39,,sat2,,,-27.1180555555556,-58.6427777777778,True,
33346,6512,INA - Ezeiza,null,precipitación diaria 12Z,1,,sat2,,,-34.7972222222222,-58.5202777777778,True,
38032,6512,INA - Ezeiza,null,Altura hidrométrica media diaria,39,,sat2,,,-34.7972222222222,-58.5202777777778,True,
32699,6513,Aº Calbuco - S.M. de Los Andes,,precipitación diaria 12Z,1,,sat2,,,-40.1469444444444,-71.3266666666667,True,
38063,6513,Aº Calbuco - S.M. de Los Andes,,Altura hidrométrica media diaria,39,,sat2,,,-40.1469444444444,-71.3266666666667,True,
33316,6515,Uruguay - Paso de los Libres,,precipitación diaria 12Z,1,,sat2,,,-29.7238888888889,-57.0847222222222,True,
33321,6516,Vizcachas - Cerro Palique,,precipitación diaria 12Z,1,,sat2,,,-50.9961111111111,-72.1063888888889,True,
32862,6516,Vizcachas - Cerro Palique,,Altura hidrométrica,2,,sat2,,,-50.9961111111111,-72.1063888888889,True,
37924,6516,Vizcachas - Cerro Palique,,Altura hidrométrica media diaria,39,,sat2,,,-50.9961111111111,-72.1063888888889,True,
33716,6517,Laguna Salitral - Salitral,,precipitación diaria 12Z,1,,sat2,,,-37.4669444444444,-66.8258333333333,True,
34047,6518,Atuel - La Puntilla,,precipitación horaria,31,,sat2,,,-36.2413888888889,-67.1866666666667,True,
38111,6518,Atuel - La Puntilla,,Altura hidrométrica media diaria,39,,sat2,,,-36.2413888888889,-67.1866666666667,True,
33886,6519,Aº Trabunco -S.M. de Los Andes,,Altura hidrométrica,2,,sat2,,,-40.1530555555556,-71.3347222222222,True,
33720,6520,Aº Yaboti - San Pedro,,Altura hidrométrica,2,,sat2,,,-26.6352777777778,-54.0897222222222,True,
33328,6521,Lago Puelo - Oficina tècnica,,precipitación horaria,31,,sat2,,,-41.9830555555556,-71.5236111111111,True,
32827,6522,Pepirí Guazú-Pte.Int.P.Rosales,,precipitación diaria 12Z,1,,sat2,,,-26.6133333333333,-53.7347222222222,True,
33564,6522,Pepirí Guazú-Pte.Int.P.Rosales,,Altura hidrométrica,2,,sat2,,,-26.6133333333333,-53.7347222222222,True,
32833,6523,Laguna El Uncal - AM20,,precipitación diaria 12Z,1,,sat2,,,-36.6852777777778,-67.1,True,
37885,6523,Laguna El Uncal - AM20,,Altura hidrométrica media diaria,39,,sat2,,,-36.6852777777778,-67.1,True,
32691,6526,Jesus Maria - MET,,Altura hidrométrica,2,,sat2,,,-30.9769444444444,-64.1394444444445,True,
33355,6526,Jesus Maria - MET,,precipitación horaria,31,,sat2,,,-30.9769444444444,-64.1394444444445,True,
37889,6526,Jesus Maria - MET,,Altura hidrométrica media diaria,39,,sat2,,,-30.9769444444444,-64.1394444444445,True,
33528,6527,General Acha - La Pampa,,precipitación diaria 12Z,1,,sat2,,,-37.3647222222222,-64.5919444444444,True,
32848,6528,Desaguadero - El Encón,,precipitación diaria 12Z,1,,sat2,,,-32.2247222222222,-67.8069444444444,True,
33490,6528,Desaguadero - El Encón,,Altura hidrométrica,2,,sat2,,,-32.2247222222222,-67.8069444444444,True,
38033,6528,Desaguadero - El Encón,,Altura hidrométrica media diaria,39,,sat2,,,-32.2247222222222,-67.8069444444444,True,
33887,6529,L. Lacar - S.M. de Los Andes,,Altura hidrométrica,2,,sat2,,,-40.1616666666667,-71.3586111111111,True,
38093,6529,L. Lacar - S.M. de Los Andes,,Altura hidrométrica media diaria,39,,sat2,,,-40.1616666666667,-71.3586111111111,True,
34051,6530,Agrio - Bajada del Agrio,,Altura hidrométrica,2,,sat2,,,-38.3658333333333,-70.0325,True,
38132,6530,Agrio - Bajada del Agrio,,Altura hidrométrica media diaria,39,,sat2,,,-38.3658333333333,-70.0325,True,
32838,6532,Manso - Los Alerces HID,,Altura hidrométrica,2,,sat2,,,-41.3736111111111,-71.7458333333333,True,
37914,6532,Manso - Los Alerces HID,,Altura hidrométrica media diaria,39,,sat2,,,-41.3736111111111,-71.7458333333333,True,
33331,6533,Gallegos Chico - Bella Vista,,Altura hidrométrica,2,,sat2,,,-51.865,-70.5616666666667,True,
38002,6533,Gallegos Chico - Bella Vista,,Altura hidrométrica media diaria,39,,sat2,,,-51.865,-70.5616666666667,True,
33009,6534,San Juan - Km 101 LIM,,Altura hidrométrica,2,,sat2,,,-31.2522222222222,-69.1775,True,
38034,6535,Chico - Ruta Nac. Nº 3,,Altura hidrométrica media diaria,39,,sat2,,,-49.7769444444444,-68.6405555555556,True,False
34062,6536,Iruya - Poscaya,,precipitación horaria,31,,sat2,,,-22.4547222222222,-65.0805555555555,True,
33341,6537,Iruya - San Antonio,,precipitación horaria,31,,sat2,,,-22.8258333333333,-64.9708333333333,True,
33739,6538,Iruya - Las Higueras,,precipitación diaria 12Z,1,,sat2,,,-22.7541666666667,-65.0972222222222,True,
33015,6539,Ventisquero Negro - Lago Manso,,precipitación diaria 12Z,1,,sat2,,,-41.2016666666667,-71.8333333333333,True,False
37892,6539,Ventisquero Negro - Lago Manso,,Altura hidrométrica media diaria,39,,sat2,,,-41.2016666666667,-71.8333333333333,True,
33898,6540,Salado - Icaño,,precipitación diaria 12Z,1,,sat2,,,-28.6152777777778,-62.7786111111111,True,
33730,6542,Puesto Cam. San Jaime - RN127,,precipitación horaria,31,,sat2,,,-30.2827777777778,-58.2511111111111,True,
33069,6543,*Pepirí Guazú-Pte.Int.P.Rosale,,Altura hidrométrica,2,,sat2,,,-26.6133333333333,-53.7347222222222,True,
34056,6543,*Pepirí Guazú-Pte.Int.P.Rosale,,precipitación horaria,31,,sat2,,,-26.6133333333333,-53.7347222222222,True,
32711,6544,Areco - Carmen de Areco,,Altura hidrométrica,2,,sat2,,,-34.3519444444444,-59.8169444444444,True,
34893,6544,Areco - Carmen de Areco,,Caudal medio diario,40,,sat2,,,-34.3519444444444,-59.8169444444444,True,
33166,6545,Los Sauces II - MET,,precipitación diaria 12Z,1,,sat2,,,-28.3094444444444,-67.1244444444444,True,
33167,6545,Los Sauces II - MET,,precipitación horaria,31,,sat2,,,-28.3094444444444,-67.1244444444444,True,
32851,6548,Bermejo - Aguas Blancas LIM,,Altura hidrométrica,2,,sat2,,,-22.7263888888889,-64.3691666666667,True,
37917,6548,Bermejo - Aguas Blancas LIM,,Altura hidrométrica media diaria,39,,sat2,,,-22.7263888888889,-64.3691666666667,True,
32882,6549,Juramento - El Tunal,,Altura hidrométrica,2,,sat2,,,-25.2497222222222,-64.3902777777778,True,
38835,6549,Juramento - El Tunal,,precipitación horaria,31,,sat2,,,-25.2497222222222,-64.3902777777778,True,
37928,6549,Juramento - El Tunal,,Altura hidrométrica media diaria,39,,sat2,,,-25.2497222222222,-64.3902777777778,True,
33230,6551,Uruguay - Monte Caseros,,Altura hidrométrica,2,,sat2,,,-30.2516666666667,-57.6216666666667,True,
33025,6552,Acaragua - Campo Grande,null,precipitación diaria 12Z,1,,sat2,,,-27.2158333333333,-54.9725,True,
33745,6552,Acaragua - Campo Grande,null,Altura hidrométrica,2,,sat2,,,-27.2158333333333,-54.9725,True,
33026,6552,Acaragua - Campo Grande,null,precipitación horaria,31,,sat2,,,-27.2158333333333,-54.9725,True,
33906,6553,Bañado La Estrella - RP Nº28,,precipitación diaria 12Z,1,,sat2,,,-24.4086111111111,-60.3341666666667,True,
34065,6553,Bañado La Estrella - RP Nº28,,Altura hidrométrica,2,,sat2,,,-24.4086111111111,-60.3341666666667,True,
38133,6553,Bañado La Estrella - RP Nº28,,Altura hidrométrica media diaria,39,,sat2,,,-24.4086111111111,-60.3341666666667,True,
33974,6555,Santa Maria - Pie de Medano,,Altura hidrométrica,2,,sat2,,,-26.9955555555556,-66.2175,True,
38112,6555,Santa Maria - Pie de Medano,,Altura hidrométrica media diaria,39,,sat2,,,-26.9955555555556,-66.2175,True,
33909,6556,Pilcomayo - Tigra Norte,,Altura hidrométrica,2,,sat2,,,-23.1397222222222,-61.9638888888889,True,
39430,6567,CIRHBAS - MET EL GUANAGAN RP13,,precipitación diaria 12Z,1,,sat2,,,-28.7297222222222,-60.9019444444444,True,
33363,6567,CIRHBAS - MET EL GUANAGAN RP13,,Altura hidrométrica,2,,sat2,,,-28.7297222222222,-60.9019444444444,True,
37893,6569,Paraná - Goya,,Altura hidrométrica media diaria,39,,sat2,,,-29.165,-59.3283333333333,True,
34308,6570,Chubut - Trelew,,precipitación diaria 12Z,1,,sat2,,,-43.2761111111111,-65.2733333333333,True,
34309,6570,Chubut - Trelew,,precipitación horaria,31,,sat2,,,-43.2761111111111,-65.2733333333333,True,
38036,6570,Chubut - Trelew,,Altura hidrométrica media diaria,39,,sat2,,,-43.2761111111111,-65.2733333333333,True,False
39416,6572,Aº El Quebrachal - RP Nº 33,,precipitación diaria 12Z,1,,sat2,,,-33.5838888888889,-65.3980555555556,True,
37946,6572,Aº El Quebrachal - RP Nº 33,,Altura hidrométrica media diaria,39,,sat2,,,-33.5838888888889,-65.3980555555556,True,
33939,6573,San Antonio Oeste - ET 132 KV,,precipitación diaria 12Z,1,,sat2,,,-40.7566666666667,-65.03,True,
38067,6574,Sierra Grande - Aeródromo,,Altura hidrométrica media diaria,39,,sat2,,,-41.5916666666667,-65.3433333333333,True,
38008,6575,Chimiray - Colonia Liebig,,Altura hidrométrica media diaria,39,,sat2,,,-27.9122222222222,-55.8177777777778,True,
38114,6576,Laguna Yema,,Altura hidrométrica media diaria,39,,sat2,,,-24.2563888888889,-61.2419444444444,True,
33380,6577,Las Conchas - Coropampa,,precipitación diaria 12Z,1,,sat2,,,-25.5091666666667,-65.5238888888889,True,
33381,6577,Las Conchas - Coropampa,,precipitación horaria,31,,sat2,,,-25.5091666666667,-65.5238888888889,True,
33756,6578,Uruguay - El Soberbio,,precipitación diaria 12Z,1,,sat2,,,-27.2922222222222,-54.1955555555556,True,
33241,6578,Uruguay - El Soberbio,,Altura hidrométrica,2,,sat2,,,-27.2922222222222,-54.1955555555556,True,
33757,6578,Uruguay - El Soberbio,,precipitación horaria,31,,sat2,,,-27.2922222222222,-54.1955555555556,True,
34142,6579,Yabebiry - Colonia Martires,,precipitación diaria 12Z,1,,sat2,,,-27.4011111111111,-55.335,True,
37948,6579,Yabebiry - Colonia Martires,,Altura hidrométrica media diaria,39,,sat2,,,-27.4011111111111,-55.335,True,
33062,6582,Senguerr - Los Molinos,,Altura hidrométrica,2,,sat2,,,-45.9861111111111,-69.475,True,
37956,6582,Senguerr - Los Molinos,,Altura hidrométrica media diaria,39,,sat2,,,-45.9861111111111,-69.475,True,
33820,6583,Lago Mascardi - Central Frey,,precipitación horaria,31,,sat2,,,-41.3572222222222,-71.5633333333333,True,
33073,6588,Uruguay-S.Javier-P.de la Barca,,precipitación diaria 12Z,1,,sat2,,,-27.8938888888889,-55.1358333333333,True,
33074,6588,Uruguay-S.Javier-P.de la Barca,,precipitación horaria,31,,sat2,,,-27.8938888888889,-55.1358333333333,True,
37926,6591,Lago Vinter - Vinter,,Altura hidrométrica media diaria,39,,sat2,,,-43.9194444444444,-71.4283333333333,True,
33192,6592,A° Saltito - El Saltito,,Altura hidrométrica,2,,sat2,,,-27.4405555555556,-54.5766666666667,True,
38068,6593,Negro - Primera Angostura,,Altura hidrométrica media diaria,39,,sat2,,,-40.4555555555556,-63.7897222222222,True,
34145,6595,Lag. La Picasa-Inter. Can. A22,,Altura hidrométrica,2,,sat2,,,-34.4494444444444,-62.4133333333333,True,
33984,6597,Arenales - El Encon,,precipitación horaria,31,,sat2,,,-24.8422222222222,-65.5933333333333,True,
33386,6599,Aº Los Amores - Escuela 1256,,precipitación diaria 12Z,1,,sat2,,,-28.2275,-59.7155555555556,True,
33511,6602,Iruya - El Molino,,precipitación diaria 12Z,1,,sat2,,,-22.5988888888889,-65.1502777777778,True,
33512,6602,Iruya - El Molino,,precipitación horaria,31,,sat2,,,-22.5988888888889,-65.1502777777778,True,
34075,6603,Pavas - Las Mesadas,,precipitación diaria 12Z,1,,sat2,,,-27.2141666666667,-65.9288888888889,True,
32879,6604,Areco - Puente Quemado,,precipitación diaria 12Z,1,,sat2,,,-34.2880555555556,-59.7027777777778,True,
32880,6604,Areco - Puente Quemado,,precipitación horaria,31,,sat2,,,-34.2880555555556,-59.7027777777778,True,
37927,6604,Areco - Puente Quemado,,Altura hidrométrica media diaria,39,,sat2,,,-34.2880555555556,-59.7027777777778,True,
33064,6608,Chubut - Los Altares,,Altura hidrométrica,2,,sat2,,,-43.8886111111111,-68.3983333333333,True,
33055,6609,La Picasa - Obra Reg Nº1,,Altura hidrométrica,2,,sat2,,,-34.2619444444444,-63.3816666666667,True,
37949,6609,La Picasa - Obra Reg Nº1,,Altura hidrométrica media diaria,39,,sat2,,,-34.2619444444444,-63.3816666666667,True,
33987,6612,Niv. Cerro Polleras,,Altura hidrométrica,2,,sat2,,,-33.1475,-69.8519444444444,True,
38115,6612,Niv. Cerro Polleras,,Altura hidrométrica media diaria,39,,sat2,,,-33.1475,-69.8519444444444,True,
34079,6613,NIV - Picos de Barroso,,Altura hidrométrica,2,,sat2,,,-34.3075,-69.9483333333333,True,
38136,6613,NIV - Picos de Barroso,,Altura hidrométrica media diaria,39,,sat2,,,-34.3075,-69.9483333333333,True,
33389,6614,Cullén - Cullén 2,,Altura hidrométrica,2,,sat2,,,-52.8902777777778,-68.4511111111111,True,
33231,6615,Uruguay - Garruchos,,Altura hidrométrica,2,,sat2,,,-28.1772222222222,-55.6422222222222,True,
33056,6616,Dique Belén - Aguas Abajo,,Altura hidrométrica,2,,sat2,,,-27.6155555555556,-67.0163888888889,True,
37950,6616,Dique Belén - Aguas Abajo,,Altura hidrométrica media diaria,39,,sat2,,,-27.6155555555556,-67.0163888888889,True,
32883,6617,Aº Yabotí  Guazú,,Altura hidrométrica,2,,sat2,,,-27.0694444444444,-53.8938888888889,True,
37929,6617,Aº Yabotí  Guazú,,Altura hidrométrica media diaria,39,,sat2,,,-27.0694444444444,-53.8938888888889,True,
33835,6618,Yabebiry - Colonia Martires,,precipitación diaria 12Z,1,,sat2,,,-27.4011111111111,-55.335,True,
33836,6618,Yabebiry - Colonia Martires,,precipitación horaria,31,,sat2,,,-27.4011111111111,-55.335,True,
33767,6620,L. Menéndez-Cisne Pto. Sagrado,,Altura hidrométrica,2,,sat2,,,-42.6177777777778,-71.8880555555556,True,
33562,6620,L. Menéndez-Cisne Pto. Sagrado,,precipitación horaria,31,,sat2,,,-42.6177777777778,-71.8880555555556,True,
33988,6621,Uruguay - Paso de los Libres,,Altura hidrométrica,2,,sat2,,,-29.7219444444444,-57.0830555555556,True,
38296,6623,Quinto - Canal Devoto RP 4,,Altura hidrométrica media diaria,39,,sat2,,,-33.9330555555556,-63.4491666666667,True,
32887,6624,Aº El Aji - RN Nº35 y RN Nº7,,precipitación diaria 12Z,1,,sat2,,,-33.9311111111111,-64.3963888888889,True,
32888,6624,Aº El Aji - RN Nº35 y RN Nº7,,precipitación horaria,31,,sat2,,,-33.9311111111111,-64.3963888888889,True,
38295,6624,Aº El Aji - RN Nº35 y RN Nº7,,Altura hidrométrica media diaria,39,,sat2,,,-33.9311111111111,-64.3963888888889,True,
33059,6625,Chico - Chico 2,,Altura hidrométrica,2,,sat2,,,-53.5480555555556,-68.3769444444444,True,
34086,6626,Guayquiraró - RN 12 - A°Curupí,,Altura hidrométrica,2,,sat2,,,-30.3511111111111,-59.5147222222222,True,False
38040,6627,Compuerta Alternativa Norte AD,,Altura hidrométrica media diaria,39,,sat2,,,-34.2419444444444,-62.1211111111111,True,
34147,6631,Dique Sotomayor - Aguas abajo,,Altura hidrométrica,2,,sat2,,,-28.5911111111111,-65.2877777777778,True,
38158,6631,Dique Sotomayor - Aguas abajo,,Altura hidrométrica media diaria,39,,sat2,,,-28.5911111111111,-65.2877777777778,True,
38041,6633,Salado - RN Nº 11,,Altura hidrométrica media diaria,39,,sat2,,,-27.5413888888889,-59.1308333333333,True,
39445,6635,Nuevo - Ruta Nac. Nº 8,,precipitación diaria 12Z,1,,sat2,,,-33.6366666666667,-65.3636111111111,True,
33774,6635,Nuevo - Ruta Nac. Nº 8,,Altura hidrométrica,2,,sat2,,,-33.6366666666667,-65.3636111111111,True,
38072,6635,Nuevo - Ruta Nac. Nº 8,,Altura hidrométrica media diaria,39,,sat2,,,-33.6366666666667,-65.3636111111111,True,
33393,6637,Bermejo - Azud los Colorados,,Altura hidrométrica,2,,sat2,,,-29.2580555555556,-68.2525,True,
33927,6638,Dique Belén - Embalse,,Altura hidrométrica,2,,sat2,,,-27.615,-67.0163888888889,True,
33058,6639,Afluente Río Grande       ,,Altura hidrométrica,2,,sat2,,,-53.8416666666667,-68.5313888888889,True,
33208,6639,Afluente Río Grande       ,,precipitación horaria,31,,sat2,,,-53.8416666666667,-68.5313888888889,True,
37952,6639,Afluente Río Grande       ,,Altura hidrométrica media diaria,39,,sat2,,,-53.8416666666667,-68.5313888888889,True,
33516,6640,Ñorquinco - Ñorquinco,,Altura hidrométrica,2,,sat2,,,-41.8419444444444,-70.8913888888889,True,
38039,6640,Ñorquinco - Ñorquinco,,Altura hidrométrica media diaria,39,,sat2,,,-41.8419444444444,-70.8913888888889,True,
33770,6642,Niv-LagoDelDesierto-El Crestón,,precipitación diaria 12Z,1,,sat2,,,-49.08,-72.915,True,
34084,6643,Gob. Costa - Chubut MET-FRE,,precipitación horaria,31,,sat2,,,-44.0344444444444,-70.6458333333333,True,
33924,6645,Esc. Prov. 355 - Piedra Larga,,Altura hidrométrica,2,,sat2,,,-27.6022222222222,-67.1977777777778,True,
33394,6649,Lago Puelo - Lago Puelo,,Altura hidrométrica,2,,sat2,,,-42.0972222222222,-71.6194444444444,True,
33520,6650,Salí - RP Nº323,,Altura hidrométrica,2,,sat2,,,-27.1333333333333,-65.3155555555555,True,
38043,6650,Salí - RP Nº323,,Altura hidrométrica media diaria,39,,sat2,,,-27.1333333333333,-65.3155555555555,True,
38139,6651,Dulce - Tuhama,,Altura hidrométrica media diaria,39,,sat2,,,-28.0144444444444,-64.0980555555555,True,
33572,6652,Lipeo - Puente Colgante,,precipitación diaria 12Z,1,,sat2,,,-22.4311111111111,-64.7372222222222,True,
33573,6652,Lipeo - Puente Colgante,,precipitación horaria,31,,sat2,,,-22.4311111111111,-64.7372222222222,True,
38027,6652,Lipeo - Puente Colgante,,Altura hidrométrica media diaria,39,,sat2,,,-22.4311111111111,-64.7372222222222,True,
33395,6654,Carreras - Frontera,,Altura hidrométrica,2,,sat2,,,-48.2061111111111,-72.2838888888889,True,
34000,6655,Aº Azul - Seminario Diocesano,,Altura hidrométrica,2,,sat2,,,-36.8311111111111,-59.8938888888889,True,
38117,6655,Aº Azul - Seminario Diocesano,,Altura hidrométrica media diaria,39,,sat2,,,-36.8311111111111,-59.8938888888889,True,
33522,6656,Chico - Cerro Mesa,,Altura hidrométrica,2,,sat2,,,-41.7063888888889,-70.4825,True,
38044,6656,Chico - Cerro Mesa,,Altura hidrométrica media diaria,39,,sat2,,,-41.7063888888889,-70.4825,True,
34088,6657,Vinchina - Vinchina,,Altura hidrométrica,2,,sat2,,,-28.7436111111111,-68.2205555555556,True,
34001,6658,Paraguay - Puerto Dalmacia,,Altura hidrométrica,2,,sat2,,,-25.875,-57.8730555555556,True,
38118,6658,Paraguay - Puerto Dalmacia,,Altura hidrométrica media diaria,39,,sat2,,,-25.875,-57.8730555555556,True,
33061,6659,Riacho Salado - Tatané - RN 11,,Altura hidrométrica,2,,sat2,,,-26.4077777777778,-58.3591666666667,True,
37955,6659,Riacho Salado - Tatané - RN 11,,Altura hidrométrica media diaria,39,,sat2,,,-26.4077777777778,-58.3591666666667,True,
33396,6660,Pilcomayo - Villa Gral. Güemes,,Altura hidrométrica,2,,sat2,,,-24.7469444444444,-59.4997222222222,True,
33523,6661,Abaucán - Limite con La Rioja,,Altura hidrométrica,2,,sat2,,,-28.2613888888889,-67.0208333333333,True,
38045,6661,Abaucán - Limite con La Rioja,,Altura hidrométrica media diaria,39,,sat2,,,-28.2613888888889,-67.0208333333333,True,
33216,6664,Aº Mocoretá - RN Nº 14,,Altura hidrométrica,2,,sat2,,,-30.6275,-57.9827777777778,True,
33066,6667,Vizcachas - Limite con Chile,,Altura hidrométrica,2,,sat2,,,-51.0297222222222,-72.3111111111111,True,
33531,6669,San Javier - Cayastá,,Altura hidrométrica,2,,sat2,,,-31.1933333333333,-60.1530555555556,True,False
38047,6669,San Javier - Cayastá,,Altura hidrométrica media diaria,39,,sat2,,,-31.1933333333333,-60.1530555555556,True,
34148,6671,Vizcachas - Nacimiento,,Altura hidrométrica,2,,sat2,,,-50.87,-71.965,True,
33067,6672,Ona - Ona - RP B,,Altura hidrométrica,2,,sat2,,,-53.9288888888889,-68.1177777777778,True,
37959,6672,Ona - Ona - RP B,,Altura hidrométrica media diaria,39,,sat2,,,-53.9288888888889,-68.1177777777778,True,
34004,6676,PN Trinidad - Condorito ,,Altura hidrométrica,2,,sat2,,,-31.6911111111111,-64.8527777777778,True,
38120,6676,PN Trinidad - Condorito ,,Altura hidrométrica media diaria,39,,sat2,,,-31.6911111111111,-64.8527777777778,True,
33399,6678,Bermejo - Alarache,,Altura hidrométrica,2,,sat2,,,-22.1902777777778,-64.6527777777778,True,
34093,6685,Sis. Setúbal-Sta. Fé-La Guard.,,Altura hidrométrica,2,,sat2,,,-31.6302777777778,-60.6777777777778,True,
38144,6685,Sis. Setúbal-Sta. Fé-La Guard.,,Altura hidrométrica media diaria,39,,sat2,,,-31.6302777777778,-60.6777777777778,True,
33786,6691,Jáchal - Pachimoco,,precipitación diaria 12Z,1,,sat2,,,-30.2230555555556,-68.9477777777778,True,
33932,6691,Jáchal - Pachimoco,,Altura hidrométrica,2,,sat2,,,-30.2230555555556,-68.9477777777778,True,
33787,6691,Jáchal - Pachimoco,,precipitación horaria,31,,sat2,,,-30.2230555555556,-68.9477777777778,True,
38102,6691,Jáchal - Pachimoco,,Altura hidrométrica media diaria,39,,sat2,,,-30.2230555555556,-68.9477777777778,True,
34115,6698,Salado RP Nº 51 - Achupallas,,Altura hidrométrica,2,,sat2,,,-35.0880555555556,-60.1088888888889,True,
38145,6698,Salado RP Nº 51 - Achupallas,,Altura hidrométrica media diaria,39,,sat2,,,-35.0880555555556,-60.1088888888889,True,
39384,6701,Santa Rosa - Meteorológica,,precipitación diaria 12Z,1,,sat2,,,-36.6213888888889,-64.3219444444444,True,
38847,6701,Santa Rosa - Meteorológica,,precipitación horaria,31,,sat2,,,-36.6213888888889,-64.3219444444444,True,
37984,6701,Santa Rosa - Meteorológica,,Altura hidrométrica media diaria,39,,sat2,,,-36.6213888888889,-64.3219444444444,True,
39381,6702,Cuarto - La Carlota,,precipitación diaria 12Z,1,,sat2,,,-33.4155555555556,-63.3086111111111,True,
33790,6702,Cuarto - La Carlota,,Altura hidrométrica,2,,sat2,,,-33.4155555555556,-63.3086111111111,True,
38830,6702,Cuarto - La Carlota,,precipitación horaria,31,,sat2,,,-33.4155555555556,-63.3086111111111,True,
33400,6706,Los Antiguos - Los Antiguos,,Altura hidrométrica,2,,sat2,,,-46.5541666666667,-71.6397222222222,True,
33793,6707,Juramento - El Quebrachal,,Altura hidrométrica,2,,sat2,,,-25.3441666666667,-64.0461111111111,True,
33415,6708,Salto Chico - Concordia,,precipitación horaria,31,,sat2,,,-31.3147222222222,-57.9902777777778,True,
33554,6709,Esc. Mariano Moreno Nº232,,precipitación diaria 12Z,1,,sat2,,,-23.8619444444444,-65.0913888888889,True,
33555,6709,Esc. Mariano Moreno Nº232,,precipitación horaria,31,,sat2,,,-23.8619444444444,-65.0913888888889,True,
34216,6711,PN - Calilegua - La Mesada,,precipitación diaria 12Z,1,,sat2,,,-23.8663888888889,-64.8669444444444,True,
34217,6711,PN - Calilegua - La Mesada,,precipitación horaria,31,,sat2,,,-23.8663888888889,-64.8669444444444,True,
33796,6713,Salto Chico - Gualeguaychú,,precipitación diaria 12Z,1,,sat2,,,-32.9841666666667,-58.3491666666667,True,
33797,6713,Salto Chico - Gualeguaychú,,precipitación horaria,31,,sat2,,,-32.9841666666667,-58.3491666666667,True,
34112,6714,San José del Boquerón,,precipitación diaria 12Z,1,,sat2,,,-26.1144444444444,-63.7044444444444,True,
34113,6714,San José del Boquerón,,precipitación horaria,31,,sat2,,,-26.1144444444444,-63.7044444444444,True,
34194,6715,Carrileufú - Cholila MET,,precipitación diaria 12Z,1,,sat2,,,-42.4611111111111,-71.4419444444444,True,
33250,6718,Lago Fagnano – Puerto Tolhuin ,,Altura hidrométrica,2,,sat2,,,-54.5269444444444,-67.2327777777778,True,
37990,6718,Lago Fagnano – Puerto Tolhuin ,,Altura hidrométrica media diaria,39,,sat2,,,-54.5269444444444,-67.2327777777778,True,
33424,6719,Grande - Planta Potabilizadora,,Altura hidrométrica,2,,sat2,,,-53.8297222222222,-67.8422222222222,True,
38123,6721,Colorado - Pata Mora,,Altura hidrométrica media diaria,39,,sat2,,,-37.2083333333333,-69.1138888888889,True,
34219,6722,Laguna Melincué - RP Nº 90,,Altura hidrométrica,2,,sat2,,,-33.6680555555556,-61.4722222222222,True,
38175,6722,Laguna Melincué - RP Nº 90,,Altura hidrométrica media diaria,39,,sat2,,,-33.6680555555556,-61.4722222222222,True,
38146,6725,La Picasa - Obra Reg Nº5,,Altura hidrométrica media diaria,39,,sat2,,,-34.3044444444444,-62.8591666666667,True,
34118,6726,Bella Vista -  Radman,,Altura hidrométrica,2,,sat2,,,-53.9983333333333,-68.5947222222222,True,
33251,6730,Coronda - Puerto Gaboto,,Altura hidrométrica,2,,sat2,,,-32.4275,-60.8158333333333,True,
37991,6730,Coronda - Puerto Gaboto,,Altura hidrométrica media diaria,39,,sat2,,,-32.4275,-60.8158333333333,True,
39444,6735,Miriñay - San Roquito,,precipitación diaria 12Z,1,,sat2,,,-29.2969444444444,-57.5655555555556,True,
34121,6735,Miriñay - San Roquito,,Altura hidrométrica,2,,sat2,,,-29.2969444444444,-57.5655555555556,True,
38150,6735,Miriñay - San Roquito,,Altura hidrométrica media diaria,39,,sat2,,,-29.2969444444444,-57.5655555555556,True,
33426,6738,Miraflores - Sayate,,Altura hidrométrica,2,,sat2,,,-22.9008333333333,-65.8494444444444,True,
38026,6738,Miraflores - Sayate,,Altura hidrométrica media diaria,39,,sat2,,,-22.9008333333333,-65.8494444444444,True,
33811,6739,Mayo - Paso Río Mayo - HID,,Altura hidrométrica,2,,sat2,,,-45.6836111111111,-70.2480555555556,True,
33252,6740,Carrileufú - Cholila,,Altura hidrométrica,2,,sat2,,,-42.4955555555556,-71.5411111111111,True,
37992,6740,Carrileufú - Cholila,,Altura hidrométrica media diaria,39,,sat2,,,-42.4955555555556,-71.5411111111111,True,
33813,6741,Chico - Gregores,,Altura hidrométrica,2,,sat2,,,-48.7522222222222,-70.3216666666667,True,
33952,6744,Del Campo - Cabo San Miguel,,Altura hidrométrica,2,,sat2,,,-27.4333333333333,-65.9977777777778,True,
33948,6745,Guanasacate - Jesús Maria,,Altura hidrométrica,2,,sat2,,,-30.9702777777778,-64.0911111111111,True,
38105,6745,Guanasacate - Jesús Maria,,Altura hidrométrica media diaria,39,,sat2,,,-30.9702777777778,-64.0911111111111,True,
34178,6746,Canal San Antonio- RP Nº66,,Altura hidrométrica,2,,sat2,,,-31.9905555555556,-62.1688888888889,True,
38164,6746,Canal San Antonio- RP Nº66,,Altura hidrométrica media diaria,39,,sat2,,,-31.9905555555556,-62.1688888888889,True,
39380,6747,Areco - San Antonio de Areco,,precipitación diaria 12Z,1,,sat2,,,-34.2405555555556,-59.4994444444444,True,
38825,6747,Areco - San Antonio de Areco,,precipitación horaria,31,,sat2,,,-34.2405555555556,-59.4994444444444,True,
38177,6747,Areco - San Antonio de Areco,,Altura hidrométrica media diaria,39,,sat2,,,-34.2405555555556,-59.4994444444444,True,
38180,6748,Lag. La Picasa - Escollera FFC,,Altura hidrométrica media diaria,39,,sat2,,,-34.3372222222222,-62.3247222222222,True,
34206,6749,Sierra Grande - Aeródromo,,precipitación horaria,31,,sat2,,,-41.5916666666667,-65.3433333333333,True,
38124,6749,Sierra Grande - Aeródromo,,Altura hidrométrica media diaria,39,,sat2,,,-41.5916666666667,-65.3433333333333,True,False
34228,6750,Quinto - Malvin Reich,,precipitación diaria 12Z,1,,sat2,,,-33.4383333333333,-65.8830555555555,True,
38086,6763,Del Valle - Huaycama,,Altura hidrométrica media diaria,39,,sat2,,,-28.1202777777778,-65.7980555555555,True,
34847,6831,Arroyo Toro,Arroyo Toro,Altura hidrométrica,2,,ina_delta,,,-34.322529,-58.596012,True,
35405,6949,Finky,,Altura hidrométrica,2,,prevenir,,,-34.786209,-58.397766,True,
35407,6950,LP_Libano,Arroyo Las Piedras,Altura hidrométrica,2,,prevenir,,,-34.738069,-58.30934,True,
35406,6950,LP_Libano,Arroyo Las Piedras,Altura hidrométrica,2,,prevenir,,,-34.738069,-58.30934,True,
35408,6951,SF_Montevideo,Arroyo San Francisco,Altura hidrométrica,2,,prevenir,,,-34.728604,-58.319435,True,
35411,6952,SD_Olmos,Canal Santo Domingo,Altura hidrométrica,2,,prevenir,,,-34.687629,-58.323275,True,
35410,6952,SD_Olmos,Canal Santo Domingo,Altura hidrométrica,2,,prevenir,,,-34.687629,-58.323275,True,
36689,7162,Aº El Rey - RN Nº11,,Altura hidrométrica,2,,sat2,,,-29.1333333333333,-59.6547222222222,True,
38198,7162,Aº El Rey - RN Nº11,,Altura hidrométrica media diaria,39,,sat2,,,-29.1333333333333,-59.6547222222222,True,
38200,7164,Canal Soberanía - Obra Control,,Altura hidrométrica media diaria,39,,sat2,,,-27.5272222222222,-58.9427777777778,True,
36695,7168,San Javier - Alejandra,,Altura hidrométrica,2,,sat2,,,-29.9122222222222,-59.8169444444444,True,
38204,7168,San Javier - Alejandra,,Altura hidrométrica media diaria,39,,sat2,,,-29.9122222222222,-59.8169444444444,True,
38205,7184,CIRHBAS - LIM  Aº TAPENAGA - ESTANCIA TAPENAGA,,Altura hidrométrica media diaria,39,,sat2,,,-27.5672222222222,-59.6588888888889,True,
36724,7185,CIRHBAS - LIM  LAGUNA EL BONETE,,Altura hidrométrica,2,,sat2,,,-29.3880555555556,-60.5469444444444,True,
36725,7186,CIRHBAS - LIM RUTA PCIAL 40 - CL HIDROVIAL R920,,Altura hidrométrica,2,,sat2,,,-29.1247222222222,-60.8397222222222,True,
38207,7186,CIRHBAS - LIM RUTA PCIAL 40 - CL HIDROVIAL R920,,Altura hidrométrica media diaria,39,,sat2,,,-29.1247222222222,-60.8397222222222,True,
38208,7187,CIRHBAS - LIM Aº RETOBADO - CRESPO,,Altura hidrométrica media diaria,39,,sat2,,,-30.3375,-60.6288888888889,True,
36727,7188,CIRHBAS - LIM BAJO CHOROTIS-RN 95,,Altura hidrométrica,2,,sat2,,,-28.0886111111111,-61.3519444444444,True,
36728,7189,CIRHBAS - LIM CANAL INTERLAGOS-CANAL INTERLAGOS,,Altura hidrométrica,2,,sat2,,,-28.9947222222222,-60.5691666666667,True,
36729,7190,CIRHBAS - LIM CANAL LINEA PARANA TRAMO IV,,Altura hidrométrica,2,,sat2,,,-27.9977777777778,-60.7155555555556,True,
36730,7191,CIRHBAS - LIM LAGUNAS SALADAS- RP 77,,Altura hidrométrica,2,,sat2,,,-28.2908333333333,-61.1952777777778,True,
43897,7192,CIRHBAS - LIM LIMITE CHACO STA,,precipitación diaria 12Z,1,,sat2,,,-28.0011111111111,-60.1161111111111,True,
36732,7193,CIRHBAS - LIM LOS AMORES - CAN,,Altura hidrométrica,2,,sat2,,,-28.1102777777778,-59.9755555555556,True,False
36734,7195,CIRHBAS - LIM RUTA PCIAL 13 - CANAL EL BARRIDO,,Altura hidrométrica,2,,sat2,,,-28.8813888888889,-60.9477777777778,True,
36735,7196,CIRHBAS - LIM VILLA GUILLERMINA-ARROYO LOS AMORES,,Altura hidrométrica,2,,sat2,,,-28.2744444444444,-59.4216666666667,True,
39388,7200,CIRHBAS - MET LAS GAMAS,,precipitación diaria 12Z,1,,sat2,,,-29.425,-60.3794444444444,True,
39390,7202,CIRHBAS - MET SACHAYOJ,,precipitación diaria 12Z,1,,sat2,,,-27.0111111111111,-62.0580555555556,True,
39391,7203,CIRHBAS - MET VILLA MINETTI,,precipitación diaria 12Z,1,,sat2,,,-28.6219444444444,-61.6047222222222,True,
36786,7204,CIRHBAS - PF EL AGUARA,,Altura hidrométrica,2,,sat2,,,-27.0722222222222,-60.0758333333333,True,
38218,7204,CIRHBAS - PF EL AGUARA,,Altura hidrométrica media diaria,39,,sat2,,,-27.0722222222222,-60.0758333333333,True,
39395,7207,CIRHBAS - PF LAS GAMAS (LA IND,,precipitación diaria 12Z,1,,sat2,,,-28.6461111111111,-61.9780555555556,True,
39396,7208,CIRHBAS - PF LAS PIEDRITAS,,precipitación diaria 12Z,1,,sat2,,,-26.8241666666667,-61.5672222222222,True,
39397,7209,CIRHBAS - PF LOTE 48 (LA MONTENEGRINA),,precipitación diaria 12Z,1,,sat2,,,-26.9119444444444,-60.6766666666667,True,
39399,7211,CIRHBAS - PF PALMAR NORTE,,precipitación diaria 12Z,1,,sat2,,,-27.1652777777778,-61.4686111111111,True,
39401,7213,CIRHBAS - PF TRES MOJONES,,precipitación diaria 12Z,1,,sat2,,,-28.0283333333333,-62.0844444444444,True,
39402,7214,CIRHBAS - PLU A DENOMINAR 10,,precipitación diaria 12Z,1,,sat2,,,-26.9075,-61.7138888888889,True,
39403,7215,CIRHBAS - PLU CUATRO BOCAS,,precipitación diaria 12Z,1,,sat2,,,-28.8644444444444,-61.8583333333333,True,
39404,7216,CIRHBAS - PLU EL 38 NORTE,,precipitación diaria 12Z,1,,sat2,,,-27.7794444444444,-59.6066666666667,True,
39406,7218,CIRHBAS - PLU EL DESCANSO,,precipitación diaria 12Z,1,,sat2,,,-28.8472222222222,-61.3041666666667,True,
39409,7221,CIRHBAS - PLU LA HORQUETA,,precipitación diaria 12Z,1,,sat2,,,-27.8,-60.2316666666667,True,
39412,7224,CIRHBAS - PLU NOGUES,,precipitación diaria 12Z,1,,sat2,,,-28.0377777777778,-59.6966666666667,True,
39414,7226,CIRHBAS - PLU POZO LAS PIEDRAS,,precipitación diaria 12Z,1,,sat2,,,-27.1663888888889,-61.6869444444444,True,
39415,7227,CIRHBAS - PLU SACHAYOJ,,precipitación diaria 12Z,1,,sat2,,,-26.6805555555556,-61.8188888888889,True,
39508,7229,Salado Bs As -Lag. Salada Gde.,,precipitación diaria 12Z,1,,sat2,,,-36.6741666666667,-57.2061111111111,True,
36827,7230,Aguapey - Caá Caraí,,Altura hidrométrica,2,,sat2,,,-27.8244444444444,-56.2583333333333,True,False
38220,7231,Anizacate - Santa Ana,,Altura hidrométrica media diaria,39,,sat2,,,-31.6908333333333,-64.5375,True,
36832,7234,Aº Feliciano - Paso Correa RP2,,Altura hidrométrica,2,,sat2,,,-30.3930555555556,-58.7075,True,
38223,7234,Aº Feliciano - Paso Correa RP2,,Altura hidrométrica media diaria,39,,sat2,,,-30.3930555555556,-58.7075,True,
39418,7236,Aº Los Amores - RN Nº11,,precipitación diaria 12Z,1,,sat2,,,-28.5558333333333,-59.3558333333333,True,
36835,7236,Aº Los Amores - RN Nº11,,Altura hidrométrica,2,,sat2,,,-28.5558333333333,-59.3558333333333,True,
36837,7237,Aº Medrano Reser. - Tecnópolis,,Altura hidrométrica,2,,sat2,,,-34.5611111111111,-58.5077777777778,True,
38226,7237,Aº Medrano Reser. - Tecnópolis,,Altura hidrométrica media diaria,39,,sat2,,,-34.5611111111111,-58.5077777777778,True,
39419,7238,Aº Pavón - Cnel. Bogado,,precipitación diaria 12Z,1,,sat2,,,-33.36,-60.5766666666667,True,
36838,7238,Aº Pavón - Cnel. Bogado,,Altura hidrométrica,2,,sat2,,,-33.36,-60.5766666666667,True,
38227,7238,Aº Pavón - Cnel. Bogado,,Altura hidrométrica media diaria,39,,sat2,,,-33.36,-60.5766666666667,True,
38229,7240,Aº Saladillo Amargo - RP Nº 81,,Altura hidrométrica media diaria,39,,sat2,,,-30.8402777777778,-60.4127777777778,True,
38230,7241,Aº Saladillo Dulce - RP Nº 81,,Altura hidrométrica media diaria,39,,sat2,,,-30.8547222222222,-60.2822222222222,True,
36844,7242,Aº Tapalqué - Av de los Trabaj,,Altura hidrométrica,2,,sat2,,,-36.8791666666667,-60.3108333333333,True,
38231,7242,Aº Tapalqué - Av de los Trabaj,,Altura hidrométrica media diaria,39,,sat2,,,-36.8791666666667,-60.3108333333333,True,
36845,7243,Aº Vallimanca - RN 226,,Altura hidrométrica,2,,sat2,,,-36.3711111111111,-60.9555555555556,True,
36848,7245,Azul - Puesto 1,,Altura hidrométrica,2,,sat2,,,-41.9588888888889,-71.5661111111111,True,
38233,7245,Azul - Puesto 1,,Altura hidrométrica media diaria,39,,sat2,,,-41.9588888888889,-71.5661111111111,True,
36849,7246,Barrancas - Barrancas,,Altura hidrométrica,2,,sat2,,,-36.8136111111111,-69.8730555555556,True,
39423,7247,Bermejo - Balapuca MET,,precipitación diaria 12Z,1,,sat2,,,-22.4925,-64.4636111111111,True,
36858,7247,Bermejo - Balapuca MET,,Altura hidrométrica,2,,sat2,,,-22.4925,-64.4636111111111,True,
38235,7247,Bermejo - Balapuca MET,,Altura hidrométrica media diaria,39,,sat2,,,-22.4925,-64.4636111111111,True,
36859,7248,Bermejo - P. Sarmiento,,Altura hidrométrica,2,,sat2,,,-23.1438888888889,-64.1947222222222,True,
38236,7248,Bermejo - P. Sarmiento,,Altura hidrométrica media diaria,39,,sat2,,,-23.1438888888889,-64.1947222222222,True,
36860,7249,Bermejo - Santa Victoria Oeste,,Altura hidrométrica,2,,sat2,,,-22.2486111111111,-64.9613888888889,True,
36862,7250,Blanco - Angualasto,,Altura hidrométrica,2,,sat2,,,-30.0505555555556,-69.17,True,
36871,7252,Canal 9 - Autovia 2,,Altura hidrométrica,2,,sat2,,,-36.2811111111111,-57.7038888888889,True,False
38240,7252,Canal 9 - Autovia 2,,Altura hidrométrica media diaria,39,,sat2,,,-36.2811111111111,-57.7038888888889,True,
38241,7253,Canal San Antonio- RP Nº2,,Altura hidrométrica media diaria,39,,sat2,,,-32.4230555555555,-61.9569444444444,True,
39427,7256,Centro Regional Litoral - INA,,precipitación diaria 12Z,1,,sat2,,,-31.6158333333333,-60.6747222222222,True,
39428,7257,Chico - Ameghino,,precipitación diaria 12Z,1,,sat2,,,-44.4769444444444,-66.9116666666667,True,
38244,7257,Chico - Ameghino,,Altura hidrométrica media diaria,39,,sat2,,,-44.4769444444444,-66.9116666666667,True,
36886,7258,Chubut - Las Plumas,,Altura hidrométrica,2,,sat2,,,-43.7233333333333,-67.2866666666667,True,
38245,7258,Chubut - Las Plumas,,Altura hidrométrica media diaria,39,,sat2,,,-43.7233333333333,-67.2866666666667,True,
36905,7260,Diamante - Monte Comán,,Altura hidrométrica,2,,sat2,,,-34.5705555555556,-67.865,True,
36906,7261,Dique Paso de Las Carretas,,Altura hidrométrica,2,,sat2,,,-33.3336111111111,-65.8669444444444,True,
38248,7261,Dique Paso de Las Carretas,,Altura hidrométrica media diaria,39,,sat2,,,-33.3336111111111,-65.8669444444444,True,
36908,7262,Dulce – Los Quiroga Aa,,Altura hidrométrica,2,,sat2,,,-27.6580555555556,-64.3586111111111,True,
38249,7262,Dulce – Los Quiroga Aa,,Altura hidrométrica media diaria,39,,sat2,,,-27.6580555555556,-64.3586111111111,True,
38250,7263,Dulce - Paso de Oscares,,Altura hidrométrica media diaria,39,,sat2,,,-29.2533333333333,-63.2069444444444,True,
36917,7264,Dulce III – Los Quiroga,,Altura hidrométrica,2,,sat2,,,-27.6058333333333,-64.4075,True,
38251,7264,Dulce III – Los Quiroga,,Altura hidrométrica media diaria,39,,sat2,,,-27.6058333333333,-64.4075,True,
36920,7266,Empedrado-Ruta Provincial Nº6,,Altura hidrométrica,2,,sat2,,,-27.8013888888889,-58.5052777777778,True,
38253,7266,Empedrado-Ruta Provincial Nº6,,Altura hidrométrica media diaria,39,,sat2,,,-27.8013888888889,-58.5052777777778,True,
39434,7268,Esc Agr Nº3 Cnel.M.E.Arias-MET,,precipitación diaria 12Z,1,,sat2,,,-23.1969444444444,-65.34,True,
38255,7269,Foyel - RN 258,,Altura hidrométrica media diaria,39,,sat2,,,-41.7133333333333,-71.4413888888889,True,
36950,7270,Grande - Ume Pay,,Altura hidrométrica,2,,sat2,,,-32.2183333333333,-64.7513888888889,True,
38256,7270,Grande - Ume Pay,,Altura hidrométrica media diaria,39,,sat2,,,-32.2183333333333,-64.7513888888889,True,
36960,7274,Gualeguaychú - RN Nº 39,,Altura hidrométrica,2,,sat2,,,-32.445,-58.5547222222222,True,
38261,7276,Hielo - Confluencia,,Altura hidrométrica media diaria,39,,sat2,,,-43.5166666666667,-71.6091666666667,True,
36964,7277,Iguazú - Pto. Iguazú,,Altura hidrométrica,2,,sat2,,,-25.5933333333333,-54.58,True,
39437,7279,Iruya - San José,,precipitación diaria 12Z,1,,sat2,,,-22.8641666666667,-64.7052777777778,True,
36987,7282,Lago Gutierrez - Bariloche,,Altura hidrométrica,2,,sat2,,,-41.1644444444444,-71.4147222222222,True,
38265,7282,Lago Gutierrez - Bariloche,,Altura hidrométrica media diaria,39,,sat2,,,-41.1644444444444,-71.4147222222222,True,
37011,7285,Las Cañas - Potrero del Clavil,,Altura hidrométrica,2,,sat2,,,-27.4,-65.9747222222222,True,
38270,7288,Manso - Los Moscos,,Altura hidrométrica media diaria,39,,sat2,,,-41.3533333333333,-71.6413888888889,True,
37020,7289,Manso - Steffen,,Altura hidrométrica,2,,sat2,,,-41.5158333333333,-71.5361111111111,True,
38271,7289,Manso - Steffen,,Altura hidrométrica media diaria,39,,sat2,,,-41.5158333333333,-71.5361111111111,True,
39442,7290,Manso Superior - Pampa Linda,,precipitación diaria 12Z,1,,sat2,,,-41.2316666666667,-71.7713888888889,True,
37021,7290,Manso Superior - Pampa Linda,,Altura hidrométrica,2,,sat2,,,-41.2316666666667,-71.7713888888889,True,
38272,7290,Manso Superior - Pampa Linda,,Altura hidrométrica media diaria,39,,sat2,,,-41.2316666666667,-71.7713888888889,True,
37029,7291,Marapa - RN Nº 157 Lamadrid,,Altura hidrométrica,2,,sat2,,,-27.6572222222222,-65.2447222222222,True,
39443,7292,Met - FICH - UNL Santa Fe,,precipitación diaria 12Z,1,,sat2,,,-31.6402777777778,-60.6680555555556,True,
37038,7293,Negro - Isla Jordán,,Altura hidrométrica,2,,sat2,,,-38.9961111111111,-67.9733333333333,True,
38274,7293,Negro - Isla Jordán,,Altura hidrométrica media diaria,39,,sat2,,,-38.9961111111111,-67.9733333333333,True,
37040,7294,Negro - Paso Cordova,,Altura hidrométrica,2,,sat2,,,-39.1125,-67.6230555555556,True,
37041,7295,Negro - Philipon,,Altura hidrométrica,2,,sat2,,,-27.1741666666667,-59.2613888888889,True,
37042,7296,Negro - San Fernando,,Altura hidrométrica,2,,sat2,,,-27.4355555555556,-58.9822222222222,True,
38277,7296,Negro - San Fernando,,Altura hidrométrica media diaria,39,,sat2,,,-27.4355555555556,-58.9822222222222,True,
37043,7297,Neuquén - Dique Ballester,,Altura hidrométrica,2,,sat2,,,-38.7247222222222,-68.1705555555556,True,
37055,7301,Nogoya - RP Nº 11,,Altura hidrométrica,2,,sat2,,,-32.8419444444444,-59.8647222222222,True,
37064,7302,Paraná - HID Chapetón,,Altura hidrométrica,2,,sat2,,,-31.5741666666667,-60.2833333333333,True,
37065,7303,Paraná - Ita Cajón,,Altura hidrométrica,2,,sat2,,,-25.6047222222222,-54.5941666666667,True,
37066,7304,Paranay - El Alcázar,,Altura hidrométrica,2,,sat2,,,-26.7508333333333,-54.7558333333333,True,
37076,7306,Pico - Frontera,,Altura hidrométrica,2,,sat2,,,-44.2402777777778,-71.66,True,
39449,7307,PN - El Nogalar de Los Toldos,,precipitación diaria 12Z,1,,sat2,,,-22.2797222222222,-64.7030555555556,True,
39451,7309,PN El Palmar de Colón,,precipitación diaria 12Z,1,,sat2,,,-31.8638888888889,-58.2591666666667,True,
39455,7312,RMA02_QUI - Quilmes,,precipitación diaria 12Z,1,,sat2,,,-34.7058333333333,-58.2416666666667,True,
39456,7313,RMA02_SAG - San Andres de Gile,,precipitación diaria 12Z,1,,sat2,,,-34.4208333333333,-59.4494444444444,True,
39458,7315,RMA03_IBA - Ibarreta,,precipitación diaria 12Z,1,,sat2,,,-25.2041666666667,-59.8694444444444,True,
39463,7320,RMA04_COL - Cote Lai,,precipitación diaria 12Z,1,,sat2,,,-27.5327777777778,-59.5763888888889,True,
39464,7321,RMA04_LAE - La Escondida,,precipitación diaria 12Z,1,,sat2,,,-27.1333333333333,-59.4727777777778,True,
39467,7324,RMA05_ELD - Eldorado,,precipitación diaria 12Z,1,,sat2,,,-26.3933333333333,-54.5761111111111,True,
39470,7327,RMA05_URU - Paisaje Protegido ,,precipitación diaria 12Z,1,,sat2,,,-25.8738888888889,-54.5513888888889,True,
39472,7329,RMA06_LDP - Laguna de los Padres,,precipitación diaria 12Z,1,,sat2,,,-37.9311111111111,-57.7236111111111,True,
39473,7330,RMA06_NCO - Necochea,,precipitación diaria 12Z,1,,sat2,,,-38.4866666666667,-58.8116666666667,True,
39476,7333,RMA07_ECH - El Chocon,,precipitación diaria 12Z,1,,sat2,,,-39.2638888888889,-68.7683333333333,True,
39479,7336,RMA07_PHU - Plaza Huincul,,precipitación diaria 12Z,1,,sat2,,,-38.9383333333333,-69.1816666666667,True,
39482,7339,RMA08_BVI - Bella Vista,,precipitación diaria 12Z,1,,sat2,,,-28.5138888888889,-59.0275,True,False
39484,7341,RMA08_PIB - Parque Nacional Ib,,precipitación diaria 12Z,1,,sat2,,,-28.1280555555556,-57.4363888888889,True,
39485,7342,RMA09_CKR- Cerro Krund,,precipitación diaria 12Z,1,,sat2,,,-54.7088888888889,-67.9838888888889,True,
39486,7343,RMA09_RAD - Radman,,precipitación diaria 12Z,1,,sat2,,,-54.0002777777778,-68.5955555555555,True,
39487,7344,RMA09_SSE - San Sebastian,,precipitación diaria 12Z,1,,sat2,,,-53.3008333333333,-68.4588888888889,True,
39491,7348,RMA1_FDC - Falda del Carmen,,precipitación diaria 12Z,1,,sat2,,,-31.5213888888889,-64.4655555555556,True,
39493,7350,RMA1_PIL - Pilar,,precipitación diaria 12Z,1,,sat2,,,-31.6677777777778,-63.8816666666667,True,
39495,7352,RMA10_CP - Coronel Pringles,,precipitación diaria 12Z,1,,sat2,,,-38.0044444444444,-61.33,True,
39497,7354,RMA10_PA - Punta Alta,,precipitación diaria 12Z,1,,sat2,,,-38.965,-61.91,True,
39498,7355,RMA10_PG - Pigüe,,precipitación diaria 12Z,1,,sat2,,,-37.6083333333333,-62.3863888888889,True,
39500,7357,RMA11_CO - Concepción,,precipitación diaria 12Z,1,,sat2,,,-27.3438888888889,-65.6172222222222,True,
39502,7359,RMA11_LV - Lavalle,,precipitación diaria 12Z,1,,sat2,,,-27.6583333333333,-65.2430555555556,True,
39503,7360,RMA11_PH - Pozo Hondo,,precipitación diaria 12Z,1,,sat2,,,-27.1625,-64.4902777777778,True,
39504,7361,RMA11_SA - Sierra Ancasti,,precipitación diaria 12Z,1,,sat2,,,-28.4986111111111,-65.6083333333333,True,
39506,7363,RMA3_IJU - Ingeniero Juarez,,precipitación diaria 12Z,1,,sat2,,,-23.9025,-61.8408333333333,True,
37530,7378,Salí - Simoca,,Altura hidrométrica,2,,sat2,,,-27.3186111111111,-65.2277777777778,True,
37531,7379,Salto - Salto,,Altura hidrométrica,2,,sat2,,,-34.2861111111111,-60.2591666666667,True,
39509,7380,San Juan Km 101 - MET,,precipitación diaria 12Z,1,,sat2,,,-31.2530555555556,-69.1783333333333,True,
38286,7381,Santa Catalina - Catalina 630,,Altura hidrométrica media diaria,39,,sat2,,,-33.2844444444444,-64.3536111111111,True,
39510,7383,Santa Sabina MET,,precipitación diaria 12Z,1,,sat2,,,-30.8558333333333,-64.3086111111111,True,
38288,7384,Segundo - Despeñaderos RN Nº 3,,Altura hidrométrica media diaria,39,,sat2,,,-31.8033333333333,-64.3088888888889,True,
37577,7385,Tecka - Estancia Niedo,,Altura hidrométrica,2,,sat2,,,-43.3497222222222,-70.8797222222222,True,
38290,7386,Tercero - Villa María,,Altura hidrométrica media diaria,39,,sat2,,,-32.4219444444444,-63.2447222222222,True,
37580,7387,Ternero - Cuesta del Ternero,,Altura hidrométrica,2,,sat2,,,-41.9505555555556,-71.3752777777778,True,
37581,7388,Tunuyán - Las Catitas,,Altura hidrométrica,2,,sat2,,,-33.3072222222222,-68.0613888888889,True,
39718,7396,Puerto Belgrano,,Altura hidrométrica,2,,estaciones_shn,,,-38.89583333,-62.10138889,True,
43819,8247,RMET– Belgrano– Formosa,,precipitación diaria 12Z,1,,sat2,,,-24.9369444444444,-59.0188888888889,True,
43822,8250,RMET- El Acequión- San Juan ,,precipitación diaria 12Z,1,,sat2,,,-32.13,-68.8861111111111,True,
43867,8252,RMET –Guadalcazar –Formosa,,precipitación diaria 12Z,1,,sat2,,,-23.6747222222222,-61.1638888888889,True,
43869,8254,RMET- Las Lenguas- Tucumán,,precipitación diaria 12Z,1,,sat2,,,-27.3283333333333,-65.9319444444445,True,
43870,8255,RMET- Oberá - Misiones,,precipitación diaria 12Z,1,,sat2,,,-27.4736111111111,-55.1302777777778,True,
43824,8257,RMET- Río Muerto- Chaco,,precipitación diaria 12Z,1,,sat2,,,-26.3066666666667,-61.6602777777778,True,
43825,8258,RMET –Río Pico -Chubut,,precipitación diaria 12Z,1,,sat2,,,-44.1838888888889,-71.3697222222222,True,
43826,8259,RMET- San Gerónimo -San Luis,,precipitación diaria 12Z,1,,sat2,,,-33.1397222222222,-66.5219444444444,True,
43828,8261,RMET- Zapala - Neuquén,,precipitación diaria 12Z,1,,sat2,,,-38.9091666666667,-70.0538888888889,True,
43830,8263,RMET-Añatuya-Stgo. Del Estero,,precipitación diaria 12Z,1,,sat2,,,-28.4786111111111,-62.8588888888889,True,
43873,8265,RMET–Basavilbaso–E. Ríos,,precipitación diaria 12Z,1,,sat2,,,-32.3716666666667,-58.8783333333333,True,
43831,8267,RMET-Caá Cati- Ctes.-Soc.Rural,,precipitación diaria 12Z,1,,sat2,,,-27.7663888888889,-57.6377777777778,True,
43835,8271,RMET-Chilecito-Est.2 Cable Car,,precipitación diaria 12Z,1,,sat2,,,-29.1319444444444,-67.5627777777778,True,
43836,8272,RMET-Choya-Stgo. Del Estero,,precipitación diaria 12Z,1,,sat2,,,-28.5236111111111,-64.9025,True,
43876,8274,RMET-Com. Raco-Tucuman,,precipitación diaria 12Z,1,,sat2,,,-26.6872222222222,-65.4247222222222,True,
43877,8275,RMET-Com. Rams-Santa Fe,,precipitación diaria 12Z,1,,sat2,,,-29.7716666666667,-61.4919444444444,True,
43840,8280,RMET-Esc.Nº 6168- Sta. Fe,,precipitación diaria 12Z,1,,sat2,,,-29.6408333333333,-61.0805555555556,True,
43880,8282,RMET-Granadero Gatica-Stgo.Est,,precipitación diaria 12Z,1,,sat2,,,-26.8658333333333,-62.6675,True,
43882,8284,RMET-Infiernillo-Tucuman,,precipitación diaria 12Z,1,,sat2,,,-26.7372222222222,-65.7838888888889,True,
43842,8286,RMET-Las Plumas-Chubut,,precipitación diaria 12Z,1,,sat2,,,-43.7191666666667,-67.2891666666667,True,False
43843,8287,RMET-Los Menucos-Rio Negro-DPA,,precipitación diaria 12Z,1,,sat2,,,-40.845,-68.0811111111111,True,
43844,8288,RMET-Los Nacimientos-Esc.485,,precipitación diaria 12Z,1,,sat2,,,-25.8247222222222,-67.3719444444444,True,
43846,8290,RMET-Pacheco de Melo-Córdoba,,precipitación diaria 12Z,1,,sat2,,,-33.7575,-63.4916666666667,True,
43885,8293,RMET-Paso del Sapo-Chubut,,precipitación diaria 12Z,1,,sat2,,,-42.7344444444444,-69.6177777777778,True,
43886,8294,RMET-Piedra del Águila-Neuquén,,precipitación diaria 12Z,1,,sat2,,,-40.0533333333333,-70.0213888888889,True,
43887,8295,RMET-PN-El Rey-Salta,,precipitación diaria 12Z,1,,sat2,,,-24.7308333333333,-64.6458333333333,True,
43888,8300,RMET-San Basilio-Córdoba,,precipitación diaria 12Z,1,,sat2,,,-33.5019444444444,-64.3061111111111,True,
43889,8305,RMET-Uni Nac La Matanza-Bs.As.,,precipitación diaria 12Z,1,,sat2,,,-34.6661111111111,-58.5694444444444,True,
43891,8307,RMET-Vizcacheras-San Luis,,precipitación diaria 12Z,1,,sat2,,,-33.5988888888889,-65.1286111111111,True,
43892,8308,S. Salvador de Jujuy-El Carmen,,precipitación diaria 12Z,1,,sat2,,,-24.3852777777778,-65.2758333333333,True,
43855,8314,San Antonio Oeste - ET 132 KV,,precipitación diaria 12Z,1,,sat2,,,-40.7566666666667,-65.03,True,
43893,8315,San Martín N°2 - Formosa ,,precipitación diaria 12Z,1,,sat2,,,-24.4536111111111,-59.6691666666667,True,
43894,8316,San Pedro-Araucaria - Misiones,,precipitación diaria 12Z,1,,sat2,,,-26.6169444444444,-54.1238888888889,True,
43856,8317,Sausalito - Jujuy,,precipitación diaria 12Z,1,,sat2,,,-23.2861111111111,-65.9686111111111,True,
43581,8318,NIV -  Sierras Campo Negro,,Altura hidrométrica,2,,sat2,,,-27.4608333333333,-68.6133333333333,True,
43857,8319,Telén- La Pampa,,precipitación diaria 12Z,1,,sat2,,,-36.2705555555556,-65.5080555555556,True,
43925,8325,Lago Muster - Fortín,,Altura hidrométrica,2,,sat2,,,-45.4797222222222,-69.2588888888889,True,
